ISO-10303-21;
HEADER;
/* Generated by software containing ST-Developer
 * from STEP Tools, Inc. (www.steptools.com) 
 */
/* OPTION: using custom renumber hook */

FILE_DESCRIPTION(
/* description */ ('STEP AP242 Edition 2',
'CAx-IF Rec.Pracs.---Representation and Presentation of Product Manufa
cturing Information (PMI)---4.0---2014-10-13',
'CAx-IF Rec.Pracs.---3D Tessellated Geometry---0.4---2014-09-14','2;1',
'CAx-IF Rec.Pracs.---User Defined Attributes---1.5---2016-08-15'),
/* implementation_level */ '2;1');

FILE_NAME(
/* name */ '6a6feef546148d64a95ff186',
/* time_stamp */ '2026-08-03T01:29:25Z',
/* author */ (''),
/* organization */ (''),
/* preprocessor_version */ 'ST-DEVELOPER v20',
/* originating_system */ 'ONSHAPE BY PTC INC, 1.218',
/* authorisation */ '  ');

FILE_SCHEMA (('AP242_MANAGED_MODEL_BASED_3D_ENGINEERING_MIM_LF { 1 0 10303 442 3 1 4 }'));
ENDSEC;

DATA;
#10=TOROIDAL_SURFACE('',#946,0.0154447916682499,0.002286);
#11=TOROIDAL_SURFACE('',#947,0.0154447916682499,0.002286);
#12=TOROIDAL_SURFACE('',#948,0.0154447916682499,0.002286);
#13=B_SPLINE_CURVE_WITH_KNOTS('',3,(#2035,#2036,#2037,#2038,#2039),
 .UNSPECIFIED.,.F.,.F.,(4,1,4),(0.,0.00178685927782492,0.00357371855564985),
 .UNSPECIFIED.);
#14=B_SPLINE_CURVE_WITH_KNOTS('',3,(#2048,#2049,#2050,#2051,#2052),
 .UNSPECIFIED.,.F.,.F.,(4,1,4),(0.,0.00178686210944169,0.00357372421888338),
 .UNSPECIFIED.);
#15=B_SPLINE_CURVE_WITH_KNOTS('',3,(#2056,#2057,#2058,#2059,#2060),
 .UNSPECIFIED.,.F.,.F.,(4,1,4),(0.,0.00178685927782493,0.00357371855564986),
 .UNSPECIFIED.);
#16=B_SPLINE_CURVE_WITH_KNOTS('',3,(#2065,#2066,#2067,#2068,#2069),
 .UNSPECIFIED.,.F.,.F.,(4,1,4),(0.,0.00178686210944169,0.00357372421888337),
 .UNSPECIFIED.);
#17=B_SPLINE_CURVE_WITH_KNOTS('',3,(#2077,#2078,#2079,#2080,#2081),
 .UNSPECIFIED.,.F.,.F.,(4,1,4),(0.,0.00178686210944168,0.00357372421888337),
 .UNSPECIFIED.);
#18=B_SPLINE_CURVE_WITH_KNOTS('',3,(#2086,#2087,#2088,#2089,#2090),
 .UNSPECIFIED.,.F.,.F.,(4,1,4),(0.,0.00178685927782493,0.00357371855564986),
 .UNSPECIFIED.);
#19=VERTEX_LOOP('',#491);
#20=CONICAL_SURFACE('',#908,0.00838589016348124,0.413941392048712);
#21=CONICAL_SURFACE('',#910,0.00987470429390669,0.08857651298221);
#22=CIRCLE('',#897,0.00257577514275909);
#23=CIRCLE('',#898,0.00403534900397062);
#24=CIRCLE('',#899,0.00680595934498573);
#25=CIRCLE('',#900,0.00753169642168978);
#26=CIRCLE('',#901,0.00757726561278105);
#27=CIRCLE('',#902,0.00403534900397062);
#28=CIRCLE('',#905,0.0105931619182229);
#29=CIRCLE('',#907,0.0105931619182229);
#30=CIRCLE('',#909,0.00838589016348124);
#31=CIRCLE('',#911,0.00987470429390669);
#32=CIRCLE('',#913,0.00841272994875908);
#33=CIRCLE('',#914,0.00770265481637243);
#34=CIRCLE('',#919,0.0112850200384855);
#35=CIRCLE('',#920,0.0154447916682499);
#36=CIRCLE('',#921,0.0154447916682499);
#37=CIRCLE('',#922,0.0154447916682499);
#38=CIRCLE('',#924,0.0177307916682498);
#39=CIRCLE('',#925,0.0177307916682498);
#40=CIRCLE('',#926,0.0177307916682498);
#41=CIRCLE('',#927,0.0177307916682498);
#42=CIRCLE('',#928,0.0177307916682498);
#43=CIRCLE('',#929,0.0177307916682498);
#44=CIRCLE('',#930,0.0177307916682498);
#45=CIRCLE('',#932,0.0112850200384855);
#46=CONTEXT_DEPENDENT_SHAPE_REPRESENTATION(#56,#2115);
#47=CONTEXT_DEPENDENT_SHAPE_REPRESENTATION(#57,#2117);
#48=CONTEXT_DEPENDENT_SHAPE_REPRESENTATION(#58,#2118);
#49=CONTEXT_DEPENDENT_SHAPE_REPRESENTATION(#59,#2119);
#50=CONTEXT_DEPENDENT_SHAPE_REPRESENTATION(#60,#2121);
#51=NEXT_ASSEMBLY_USAGE_OCCURRENCE('NAUO1','Part 1','Part 1',#2122,#2123,
'');
#52=NEXT_ASSEMBLY_USAGE_OCCURRENCE('NAUO2','Part 1','Part 1',#2122,#2124,
'');
#53=NEXT_ASSEMBLY_USAGE_OCCURRENCE('NAUO3','Part 1','Part 1',#2122,#2123,
'');
#54=NEXT_ASSEMBLY_USAGE_OCCURRENCE('NAUO4','Part 1','Part 1',#2122,#2123,
'');
#55=NEXT_ASSEMBLY_USAGE_OCCURRENCE('NAUO5','Part 2','Part 2',#2122,#2125,
'');
#56=(
REPRESENTATION_RELATIONSHIP(' ',' ',#861,#860)
REPRESENTATION_RELATIONSHIP_WITH_TRANSFORMATION(#61)
SHAPE_REPRESENTATION_RELATIONSHIP()
);
#57=(
REPRESENTATION_RELATIONSHIP(' ',' ',#862,#860)
REPRESENTATION_RELATIONSHIP_WITH_TRANSFORMATION(#62)
SHAPE_REPRESENTATION_RELATIONSHIP()
);
#58=(
REPRESENTATION_RELATIONSHIP(' ',' ',#861,#860)
REPRESENTATION_RELATIONSHIP_WITH_TRANSFORMATION(#63)
SHAPE_REPRESENTATION_RELATIONSHIP()
);
#59=(
REPRESENTATION_RELATIONSHIP(' ',' ',#861,#860)
REPRESENTATION_RELATIONSHIP_WITH_TRANSFORMATION(#64)
SHAPE_REPRESENTATION_RELATIONSHIP()
);
#60=(
REPRESENTATION_RELATIONSHIP(' ',' ',#863,#860)
REPRESENTATION_RELATIONSHIP_WITH_TRANSFORMATION(#65)
SHAPE_REPRESENTATION_RELATIONSHIP()
);
#61=ITEM_DEFINED_TRANSFORMATION(' ',' ',#864,#896);
#62=ITEM_DEFINED_TRANSFORMATION(' ',' ',#864,#915);
#63=ITEM_DEFINED_TRANSFORMATION(' ',' ',#864,#916);
#64=ITEM_DEFINED_TRANSFORMATION(' ',' ',#864,#917);
#65=ITEM_DEFINED_TRANSFORMATION(' ',' ',#864,#949);
#66=SHAPE_REPRESENTATION_RELATIONSHIP('','',#861,#69);
#67=SHAPE_REPRESENTATION_RELATIONSHIP('','',#862,#70);
#68=SHAPE_REPRESENTATION_RELATIONSHIP('','',#863,#71);
#69=ADVANCED_BREP_SHAPE_REPRESENTATION('',(#853),#2103);
#70=ADVANCED_BREP_SHAPE_REPRESENTATION('',(#854),#2104);
#71=ADVANCED_BREP_SHAPE_REPRESENTATION('',(#855),#2105);
#72=B_SPLINE_SURFACE_WITH_KNOTS('',3,1,((#1265,#1266),(#1267,#1268),(#1269,
#1270),(#1271,#1272),(#1273,#1274)),.SURF_OF_LINEAR_EXTRUSION.,.F.,.F.,
 .F.,(4,1,4),(2,2),(4.71238898038469,5.49778714378214,6.28318530717959),
(0.,1.),.UNSPECIFIED.);
#73=B_SPLINE_SURFACE_WITH_KNOTS('',3,1,((#1276,#1277),(#1278,#1279),(#1280,
#1281),(#1282,#1283),(#1284,#1285)),.SURF_OF_LINEAR_EXTRUSION.,.F.,.F.,
 .F.,(4,1,4),(2,2),(0.,0.785398163397448,1.5707963267949),(0.,1.),
 .UNSPECIFIED.);
#74=B_SPLINE_SURFACE_WITH_KNOTS('',3,1,((#1287,#1288),(#1289,#1290),(#1291,
#1292),(#1293,#1294),(#1295,#1296)),.SURF_OF_LINEAR_EXTRUSION.,.F.,.F.,
 .F.,(4,1,4),(2,2),(1.5707963267949,2.35619449019234,3.14159265358979),
(0.,1.),.UNSPECIFIED.);
#75=B_SPLINE_SURFACE_WITH_KNOTS('',3,1,((#1298,#1299),(#1300,#1301),(#1302,
#1303),(#1304,#1305),(#1306,#1307)),.SURF_OF_LINEAR_EXTRUSION.,.F.,.F.,
 .F.,(4,1,4),(2,2),(3.14159265358979,3.92699081698724,4.71238898038469),
(0.,1.),.UNSPECIFIED.);
#76=B_SPLINE_SURFACE_WITH_KNOTS('',3,3,((#1311,#1312,#1313,#1314,#1315,
#1316,#1317,#1318,#1319,#1320,#1321),(#1322,#1323,#1324,#1325,#1326,#1327,
#1328,#1329,#1330,#1331,#1332),(#1333,#1334,#1335,#1336,#1337,#1338,#1339,
#1340,#1341,#1342,#1343),(#1344,#1345,#1346,#1347,#1348,#1349,#1350,#1351,
#1352,#1353,#1354),(#1355,#1356,#1357,#1358,#1359,#1360,#1361,#1362,#1363,
#1364,#1365),(#1366,#1367,#1368,#1369,#1370,#1371,#1372,#1373,#1374,#1375,
#1376),(#1377,#1378,#1379,#1380,#1381,#1382,#1383,#1384,#1385,#1386,#1387),
(#1388,#1389,#1390,#1391,#1392,#1393,#1394,#1395,#1396,#1397,#1398),(#1399,
#1400,#1401,#1402,#1403,#1404,#1405,#1406,#1407,#1408,#1409)),
 .UNSPECIFIED.,.F.,.T.,.F.,(4,1,1,1,1,1,4),(1,1,1,1,1,1,1,1,1,1,1,1,1,1,
1),(0.,0.25,0.375,0.5,0.625,0.75,1.),(-2.35619449019234,-1.5707963267949,
-0.785398163397448,0.,0.785398163397448,1.5707963267949,2.35619449019234,
3.14159265358979,3.92699081698724,4.71238898038469,5.49778714378214,6.28318530717959,
7.06858347057703,7.85398163397448,8.63937979737193),.UNSPECIFIED.);
#77=B_SPLINE_SURFACE_WITH_KNOTS('',3,3,((#1414,#1415,#1416,#1417,#1418,
#1419,#1420,#1421,#1422,#1423,#1424,#1425,#1426,#1427,#1428,#1429,#1430,
#1431,#1432),(#1433,#1434,#1435,#1436,#1437,#1438,#1439,#1440,#1441,#1442,
#1443,#1444,#1445,#1446,#1447,#1448,#1449,#1450,#1451),(#1452,#1453,#1454,
#1455,#1456,#1457,#1458,#1459,#1460,#1461,#1462,#1463,#1464,#1465,#1466,
#1467,#1468,#1469,#1470),(#1471,#1472,#1473,#1474,#1475,#1476,#1477,#1478,
#1479,#1480,#1481,#1482,#1483,#1484,#1485,#1486,#1487,#1488,#1489)),
 .UNSPECIFIED.,.F.,.T.,.F.,(4,4),(1,1,1,1,1,1,1,1,1,1,1,1,1,1,1,1,1,1,1,
1,1,1,1),(0.,0.620195424307381),(-1.17809724509617,-0.785398163397448,-0.392699081698725,
0.,0.392699081698724,0.785398163397448,1.17809724509617,1.5707963267949,
1.96349540849362,2.35619449019234,2.74889357189107,3.14159265358979,3.53429173528852,
3.92699081698724,4.31968989868597,4.71238898038469,5.10508806208341,5.49778714378214,
5.89048622548086,6.28318530717959,6.67588438887831,7.06858347057703,7.46128255227576),
 .UNSPECIFIED.);
#78=B_SPLINE_SURFACE_WITH_KNOTS('',3,3,((#1492,#1493,#1494,#1495,#1496,
#1497,#1498,#1499,#1500,#1501,#1502,#1503,#1504,#1505,#1506,#1507,#1508,
#1509,#1510),(#1511,#1512,#1513,#1514,#1515,#1516,#1517,#1518,#1519,#1520,
#1521,#1522,#1523,#1524,#1525,#1526,#1527,#1528,#1529),(#1530,#1531,#1532,
#1533,#1534,#1535,#1536,#1537,#1538,#1539,#1540,#1541,#1542,#1543,#1544,
#1545,#1546,#1547,#1548),(#1549,#1550,#1551,#1552,#1553,#1554,#1555,#1556,
#1557,#1558,#1559,#1560,#1561,#1562,#1563,#1564,#1565,#1566,#1567)),
 .UNSPECIFIED.,.F.,.T.,.F.,(4,4),(1,1,1,1,1,1,1,1,1,1,1,1,1,1,1,1,1,1,1,
1,1,1,1),(0.620195424307381,0.961964500824597),(-1.17809724509617,-0.785398163397448,
-0.392699081698725,0.,0.392699081698724,0.785398163397448,1.17809724509617,
1.5707963267949,1.96349540849362,2.35619449019234,2.74889357189107,3.14159265358979,
3.53429173528852,3.92699081698724,4.31968989868597,4.71238898038469,5.10508806208341,
5.49778714378214,5.89048622548086,6.28318530717959,6.67588438887831,7.06858347057703,
7.46128255227576),.UNSPECIFIED.);
#79=B_SPLINE_SURFACE_WITH_KNOTS('',3,3,((#1570,#1571,#1572,#1573,#1574,
#1575,#1576,#1577,#1578,#1579,#1580,#1581,#1582,#1583,#1584,#1585,#1586,
#1587,#1588),(#1589,#1590,#1591,#1592,#1593,#1594,#1595,#1596,#1597,#1598,
#1599,#1600,#1601,#1602,#1603,#1604,#1605,#1606,#1607),(#1608,#1609,#1610,
#1611,#1612,#1613,#1614,#1615,#1616,#1617,#1618,#1619,#1620,#1621,#1622,
#1623,#1624,#1625,#1626),(#1627,#1628,#1629,#1630,#1631,#1632,#1633,#1634,
#1635,#1636,#1637,#1638,#1639,#1640,#1641,#1642,#1643,#1644,#1645)),
 .UNSPECIFIED.,.F.,.T.,.F.,(4,4),(1,1,1,1,1,1,1,1,1,1,1,1,1,1,1,1,1,1,1,
1,1,1,1),(0.117915497548529,1.),(-1.17809724509617,-0.785398163397448,-0.392699081698725,
0.,0.392699081698724,0.785398163397448,1.17809724509617,1.5707963267949,
1.96349540849362,2.35619449019234,2.74889357189107,3.14159265358979,3.53429173528852,
3.92699081698724,4.31968989868597,4.71238898038469,5.10508806208341,5.49778714378214,
5.89048622548086,6.28318530717959,6.67588438887831,7.06858347057703,7.46128255227576),
 .UNSPECIFIED.);
#80=B_SPLINE_SURFACE_WITH_KNOTS('',3,3,((#1648,#1649,#1650,#1651,#1652,
#1653,#1654,#1655,#1656,#1657,#1658,#1659,#1660,#1661,#1662,#1663,#1664,
#1665,#1666),(#1667,#1668,#1669,#1670,#1671,#1672,#1673,#1674,#1675,#1676,
#1677,#1678,#1679,#1680,#1681,#1682,#1683,#1684,#1685),(#1686,#1687,#1688,
#1689,#1690,#1691,#1692,#1693,#1694,#1695,#1696,#1697,#1698,#1699,#1700,
#1701,#1702,#1703,#1704),(#1705,#1706,#1707,#1708,#1709,#1710,#1711,#1712,
#1713,#1714,#1715,#1716,#1717,#1718,#1719,#1720,#1721,#1722,#1723)),
 .UNSPECIFIED.,.F.,.T.,.F.,(4,4),(1,1,1,1,1,1,1,1,1,1,1,1,1,1,1,1,1,1,1,
1,1,1,1),(0.,1.),(-1.17809724509617,-0.785398163397448,-0.392699081698725,
0.,0.392699081698724,0.785398163397448,1.17809724509617,1.5707963267949,
1.96349540849362,2.35619449019234,2.74889357189107,3.14159265358979,3.53429173528852,
3.92699081698724,4.31968989868597,4.71238898038469,5.10508806208341,5.49778714378214,
5.89048622548086,6.28318530717959,6.67588438887831,7.06858347057703,7.46128255227576),
 .UNSPECIFIED.);
#81=B_SPLINE_SURFACE_WITH_KNOTS('',3,3,((#1742,#1743,#1744,#1745,#1746,
#1747,#1748,#1749,#1750,#1751,#1752,#1753,#1754,#1755,#1756,#1757,#1758,
#1759,#1760),(#1761,#1762,#1763,#1764,#1765,#1766,#1767,#1768,#1769,#1770,
#1771,#1772,#1773,#1774,#1775,#1776,#1777,#1778,#1779),(#1780,#1781,#1782,
#1783,#1784,#1785,#1786,#1787,#1788,#1789,#1790,#1791,#1792,#1793,#1794,
#1795,#1796,#1797,#1798),(#1799,#1800,#1801,#1802,#1803,#1804,#1805,#1806,
#1807,#1808,#1809,#1810,#1811,#1812,#1813,#1814,#1815,#1816,#1817)),
 .UNSPECIFIED.,.F.,.T.,.F.,(4,4),(1,1,1,1,1,1,1,1,1,1,1,1,1,1,1,1,1,1,1,
1,1,1,1),(0.,1.),(-1.17809724509617,-0.785398163397448,-0.392699081698725,
0.,0.392699081698724,0.785398163397448,1.17809724509617,1.5707963267949,
1.96349540849362,2.35619449019234,2.74889357189107,3.14159265358979,3.53429173528852,
3.92699081698724,4.31968989868597,4.71238898038469,5.10508806208341,5.49778714378214,
5.89048622548086,6.28318530717959,6.67588438887831,7.06858347057703,7.46128255227576),
 .UNSPECIFIED.);
#82=B_SPLINE_SURFACE_WITH_KNOTS('',3,3,((#1820,#1821,#1822,#1823,#1824,
#1825,#1826,#1827,#1828,#1829,#1830,#1831,#1832,#1833,#1834,#1835,#1836,
#1837,#1838),(#1839,#1840,#1841,#1842,#1843,#1844,#1845,#1846,#1847,#1848,
#1849,#1850,#1851,#1852,#1853,#1854,#1855,#1856,#1857),(#1858,#1859,#1860,
#1861,#1862,#1863,#1864,#1865,#1866,#1867,#1868,#1869,#1870,#1871,#1872,
#1873,#1874,#1875,#1876),(#1877,#1878,#1879,#1880,#1881,#1882,#1883,#1884,
#1885,#1886,#1887,#1888,#1889,#1890,#1891,#1892,#1893,#1894,#1895)),
 .UNSPECIFIED.,.F.,.T.,.F.,(4,4),(1,1,1,1,1,1,1,1,1,1,1,1,1,1,1,1,1,1,1,
1,1,1,1),(0.,1.),(-1.17809724509617,-0.785398163397448,-0.392699081698725,
0.,0.392699081698724,0.785398163397448,1.17809724509617,1.5707963267949,
1.96349540849362,2.35619449019234,2.74889357189107,3.14159265358979,3.53429173528852,
3.92699081698724,4.31968989868597,4.71238898038469,5.10508806208341,5.49778714378214,
5.89048622548086,6.28318530717959,6.67588438887831,7.06858347057703,7.46128255227576),
 .UNSPECIFIED.);
#83=B_SPLINE_SURFACE_WITH_KNOTS('',3,3,((#1956,#1957,#1958,#1959,#1960,
#1961,#1962,#1963,#1964,#1965,#1966,#1967,#1968,#1969,#1970,#1971,#1972,
#1973,#1974),(#1975,#1976,#1977,#1978,#1979,#1980,#1981,#1982,#1983,#1984,
#1985,#1986,#1987,#1988,#1989,#1990,#1991,#1992,#1993),(#1994,#1995,#1996,
#1997,#1998,#1999,#2000,#2001,#2002,#2003,#2004,#2005,#2006,#2007,#2008,
#2009,#2010,#2011,#2012),(#2013,#2014,#2015,#2016,#2017,#2018,#2019,#2020,
#2021,#2022,#2023,#2024,#2025,#2026,#2027,#2028,#2029,#2030,#2031)),
 .UNSPECIFIED.,.F.,.T.,.F.,(4,4),(1,1,1,1,1,1,1,1,1,1,1,1,1,1,1,1,1,1,1,
1,1,1,1),(0.,1.),(-1.17809724509617,-0.785398163397448,-0.392699081698725,
0.,0.392699081698724,0.785398163397448,1.17809724509617,1.5707963267949,
1.96349540849362,2.35619449019234,2.74889357189107,3.14159265358979,3.53429173528852,
3.92699081698724,4.31968989868597,4.71238898038469,5.10508806208341,5.49778714378214,
5.89048622548086,6.28318530717959,6.67588438887831,7.06858347057703,7.46128255227576),
 .UNSPECIFIED.);
#84=CYLINDRICAL_SURFACE('',#876,0.000762);
#85=CYLINDRICAL_SURFACE('',#879,0.000762);
#86=CYLINDRICAL_SURFACE('',#881,0.000762);
#87=CYLINDRICAL_SURFACE('',#883,0.000762);
#88=CYLINDRICAL_SURFACE('',#886,0.000762);
#89=CYLINDRICAL_SURFACE('',#888,0.000762);
#90=CYLINDRICAL_SURFACE('',#906,0.0105931619182229);
#91=CYLINDRICAL_SURFACE('',#923,0.0177307916682498);
#92=CYLINDRICAL_SURFACE('',#931,0.0112850200384855);
#93=ELLIPSE('',#866,0.00291444360102735,0.000762);
#94=ELLIPSE('',#867,0.00291444360102735,0.000762);
#95=ELLIPSE('',#872,0.000789461185494959,0.000762);
#96=ELLIPSE('',#873,0.000789461185494959,0.000762);
#97=ELLIPSE('',#877,0.000789461185494959,0.000762);
#98=ELLIPSE('',#878,0.00125395487018901,0.000762);
#99=ELLIPSE('',#880,0.000825821095839476,0.000762);
#100=ELLIPSE('',#882,0.00107117157046289,0.000762);
#101=ELLIPSE('',#884,0.00125395487018901,0.000762);
#102=ELLIPSE('',#885,0.000789461185494959,0.000762);
#103=ELLIPSE('',#887,0.000825821095839476,0.000762);
#104=ELLIPSE('',#889,0.00107117157046289,0.000762);
#105=ELLIPSE('',#891,0.00107117157046289,0.000762);
#106=ELLIPSE('',#892,0.000789461185494959,0.000762);
#107=ELLIPSE('',#893,0.000789461185494959,0.000762);
#108=ELLIPSE('',#894,0.00107117157046289,0.000762);
#109=ORIENTED_EDGE('',*,*,#319,.T.);
#110=ORIENTED_EDGE('',*,*,#320,.T.);
#111=ORIENTED_EDGE('',*,*,#321,.F.);
#112=ORIENTED_EDGE('',*,*,#322,.F.);
#113=ORIENTED_EDGE('',*,*,#323,.T.);
#114=ORIENTED_EDGE('',*,*,#324,.T.);
#115=ORIENTED_EDGE('',*,*,#325,.F.);
#116=ORIENTED_EDGE('',*,*,#326,.T.);
#117=ORIENTED_EDGE('',*,*,#327,.T.);
#118=ORIENTED_EDGE('',*,*,#328,.T.);
#119=ORIENTED_EDGE('',*,*,#329,.F.);
#120=ORIENTED_EDGE('',*,*,#330,.T.);
#121=ORIENTED_EDGE('',*,*,#325,.T.);
#122=ORIENTED_EDGE('',*,*,#331,.T.);
#123=ORIENTED_EDGE('',*,*,#329,.T.);
#124=ORIENTED_EDGE('',*,*,#332,.T.);
#125=ORIENTED_EDGE('',*,*,#333,.F.);
#126=ORIENTED_EDGE('',*,*,#334,.T.);
#127=ORIENTED_EDGE('',*,*,#333,.T.);
#128=ORIENTED_EDGE('',*,*,#335,.T.);
#129=ORIENTED_EDGE('',*,*,#319,.F.);
#130=ORIENTED_EDGE('',*,*,#336,.T.);
#131=ORIENTED_EDGE('',*,*,#337,.T.);
#132=ORIENTED_EDGE('',*,*,#338,.F.);
#133=ORIENTED_EDGE('',*,*,#339,.T.);
#134=ORIENTED_EDGE('',*,*,#340,.T.);
#135=ORIENTED_EDGE('',*,*,#341,.T.);
#136=ORIENTED_EDGE('',*,*,#342,.T.);
#137=ORIENTED_EDGE('',*,*,#343,.T.);
#138=ORIENTED_EDGE('',*,*,#344,.T.);
#139=ORIENTED_EDGE('',*,*,#345,.F.);
#140=ORIENTED_EDGE('',*,*,#346,.F.);
#141=ORIENTED_EDGE('',*,*,#347,.T.);
#142=ORIENTED_EDGE('',*,*,#348,.T.);
#143=ORIENTED_EDGE('',*,*,#349,.F.);
#144=ORIENTED_EDGE('',*,*,#337,.F.);
#145=ORIENTED_EDGE('',*,*,#350,.F.);
#146=ORIENTED_EDGE('',*,*,#334,.F.);
#147=ORIENTED_EDGE('',*,*,#336,.F.);
#148=ORIENTED_EDGE('',*,*,#324,.F.);
#149=ORIENTED_EDGE('',*,*,#350,.T.);
#150=ORIENTED_EDGE('',*,*,#342,.F.);
#151=ORIENTED_EDGE('',*,*,#351,.F.);
#152=ORIENTED_EDGE('',*,*,#330,.F.);
#153=ORIENTED_EDGE('',*,*,#352,.F.);
#154=ORIENTED_EDGE('',*,*,#326,.F.);
#155=ORIENTED_EDGE('',*,*,#351,.T.);
#156=ORIENTED_EDGE('',*,*,#341,.F.);
#157=ORIENTED_EDGE('',*,*,#335,.F.);
#158=ORIENTED_EDGE('',*,*,#332,.F.);
#159=ORIENTED_EDGE('',*,*,#353,.F.);
#160=ORIENTED_EDGE('',*,*,#348,.F.);
#161=ORIENTED_EDGE('',*,*,#354,.F.);
#162=ORIENTED_EDGE('',*,*,#320,.F.);
#163=ORIENTED_EDGE('',*,*,#353,.T.);
#164=ORIENTED_EDGE('',*,*,#331,.F.);
#165=ORIENTED_EDGE('',*,*,#355,.F.);
#166=ORIENTED_EDGE('',*,*,#343,.F.);
#167=ORIENTED_EDGE('',*,*,#356,.F.);
#168=ORIENTED_EDGE('',*,*,#344,.F.);
#169=ORIENTED_EDGE('',*,*,#355,.T.);
#170=ORIENTED_EDGE('',*,*,#328,.F.);
#171=ORIENTED_EDGE('',*,*,#327,.F.);
#172=ORIENTED_EDGE('',*,*,#357,.F.);
#173=ORIENTED_EDGE('',*,*,#358,.T.);
#174=ORIENTED_EDGE('',*,*,#359,.T.);
#175=ORIENTED_EDGE('',*,*,#352,.T.);
#176=ORIENTED_EDGE('',*,*,#340,.F.);
#177=ORIENTED_EDGE('',*,*,#360,.F.);
#178=ORIENTED_EDGE('',*,*,#357,.T.);
#179=ORIENTED_EDGE('',*,*,#349,.T.);
#180=ORIENTED_EDGE('',*,*,#323,.F.);
#181=ORIENTED_EDGE('',*,*,#361,.F.);
#182=ORIENTED_EDGE('',*,*,#338,.T.);
#183=ORIENTED_EDGE('',*,*,#354,.T.);
#184=ORIENTED_EDGE('',*,*,#347,.F.);
#185=ORIENTED_EDGE('',*,*,#362,.F.);
#186=ORIENTED_EDGE('',*,*,#321,.T.);
#187=ORIENTED_EDGE('',*,*,#356,.T.);
#188=ORIENTED_EDGE('',*,*,#359,.F.);
#189=ORIENTED_EDGE('',*,*,#363,.F.);
#190=ORIENTED_EDGE('',*,*,#345,.T.);
#191=ORIENTED_EDGE('',*,*,#358,.F.);
#192=ORIENTED_EDGE('',*,*,#360,.T.);
#193=ORIENTED_EDGE('',*,*,#339,.F.);
#194=ORIENTED_EDGE('',*,*,#361,.T.);
#195=ORIENTED_EDGE('',*,*,#322,.T.);
#196=ORIENTED_EDGE('',*,*,#362,.T.);
#197=ORIENTED_EDGE('',*,*,#346,.T.);
#198=ORIENTED_EDGE('',*,*,#363,.T.);
#199=ORIENTED_EDGE('',*,*,#364,.T.);
#200=ORIENTED_EDGE('',*,*,#365,.F.);
#201=ORIENTED_EDGE('',*,*,#366,.F.);
#202=ORIENTED_EDGE('',*,*,#365,.T.);
#203=ORIENTED_EDGE('',*,*,#367,.F.);
#204=ORIENTED_EDGE('',*,*,#366,.T.);
#205=ORIENTED_EDGE('',*,*,#368,.F.);
#206=ORIENTED_EDGE('',*,*,#367,.T.);
#207=ORIENTED_EDGE('',*,*,#369,.F.);
#208=ORIENTED_EDGE('',*,*,#368,.T.);
#209=ORIENTED_EDGE('',*,*,#369,.T.);
#210=ORIENTED_EDGE('',*,*,#370,.F.);
#211=ORIENTED_EDGE('',*,*,#370,.T.);
#212=ORIENTED_EDGE('',*,*,#371,.F.);
#213=ORIENTED_EDGE('',*,*,#371,.T.);
#214=ORIENTED_EDGE('',*,*,#372,.F.);
#215=ORIENTED_EDGE('',*,*,#372,.T.);
#216=ORIENTED_EDGE('',*,*,#373,.F.);
#217=ORIENTED_EDGE('',*,*,#373,.T.);
#218=ORIENTED_EDGE('',*,*,#374,.F.);
#219=ORIENTED_EDGE('',*,*,#374,.T.);
#220=ORIENTED_EDGE('',*,*,#375,.F.);
#221=ORIENTED_EDGE('',*,*,#375,.T.);
#222=ORIENTED_EDGE('',*,*,#364,.F.);
#223=ORIENTED_EDGE('',*,*,#376,.F.);
#224=ORIENTED_EDGE('',*,*,#377,.F.);
#225=ORIENTED_EDGE('',*,*,#378,.T.);
#226=ORIENTED_EDGE('',*,*,#379,.T.);
#227=ORIENTED_EDGE('',*,*,#380,.T.);
#228=ORIENTED_EDGE('',*,*,#381,.F.);
#229=ORIENTED_EDGE('',*,*,#382,.T.);
#230=ORIENTED_EDGE('',*,*,#383,.T.);
#231=ORIENTED_EDGE('',*,*,#384,.T.);
#232=ORIENTED_EDGE('',*,*,#385,.F.);
#233=ORIENTED_EDGE('',*,*,#386,.T.);
#234=ORIENTED_EDGE('',*,*,#387,.T.);
#235=ORIENTED_EDGE('',*,*,#388,.T.);
#236=ORIENTED_EDGE('',*,*,#389,.T.);
#237=ORIENTED_EDGE('',*,*,#390,.F.);
#238=ORIENTED_EDGE('',*,*,#391,.T.);
#239=ORIENTED_EDGE('',*,*,#392,.F.);
#240=ORIENTED_EDGE('',*,*,#393,.F.);
#241=ORIENTED_EDGE('',*,*,#394,.T.);
#242=ORIENTED_EDGE('',*,*,#395,.T.);
#243=ORIENTED_EDGE('',*,*,#396,.T.);
#244=ORIENTED_EDGE('',*,*,#397,.F.);
#245=ORIENTED_EDGE('',*,*,#398,.F.);
#246=ORIENTED_EDGE('',*,*,#399,.T.);
#247=ORIENTED_EDGE('',*,*,#400,.T.);
#248=ORIENTED_EDGE('',*,*,#401,.F.);
#249=ORIENTED_EDGE('',*,*,#402,.F.);
#250=ORIENTED_EDGE('',*,*,#376,.T.);
#251=ORIENTED_EDGE('',*,*,#389,.F.);
#252=ORIENTED_EDGE('',*,*,#402,.T.);
#253=ORIENTED_EDGE('',*,*,#392,.T.);
#254=ORIENTED_EDGE('',*,*,#403,.T.);
#255=ORIENTED_EDGE('',*,*,#377,.T.);
#256=ORIENTED_EDGE('',*,*,#404,.F.);
#257=ORIENTED_EDGE('',*,*,#405,.F.);
#258=ORIENTED_EDGE('',*,*,#388,.F.);
#259=ORIENTED_EDGE('',*,*,#406,.F.);
#260=ORIENTED_EDGE('',*,*,#407,.T.);
#261=ORIENTED_EDGE('',*,*,#404,.T.);
#262=ORIENTED_EDGE('',*,*,#387,.F.);
#263=ORIENTED_EDGE('',*,*,#408,.T.);
#264=ORIENTED_EDGE('',*,*,#394,.F.);
#265=ORIENTED_EDGE('',*,*,#409,.T.);
#266=ORIENTED_EDGE('',*,*,#406,.T.);
#267=ORIENTED_EDGE('',*,*,#393,.T.);
#268=ORIENTED_EDGE('',*,*,#405,.T.);
#269=ORIENTED_EDGE('',*,*,#407,.F.);
#270=ORIENTED_EDGE('',*,*,#409,.F.);
#271=ORIENTED_EDGE('',*,*,#400,.F.);
#272=ORIENTED_EDGE('',*,*,#410,.T.);
#273=ORIENTED_EDGE('',*,*,#381,.T.);
#274=ORIENTED_EDGE('',*,*,#411,.F.);
#275=ORIENTED_EDGE('',*,*,#412,.F.);
#276=ORIENTED_EDGE('',*,*,#379,.F.);
#277=ORIENTED_EDGE('',*,*,#413,.T.);
#278=ORIENTED_EDGE('',*,*,#390,.T.);
#279=ORIENTED_EDGE('',*,*,#414,.T.);
#280=ORIENTED_EDGE('',*,*,#415,.T.);
#281=ORIENTED_EDGE('',*,*,#401,.T.);
#282=ORIENTED_EDGE('',*,*,#412,.T.);
#283=ORIENTED_EDGE('',*,*,#416,.F.);
#284=ORIENTED_EDGE('',*,*,#414,.F.);
#285=ORIENTED_EDGE('',*,*,#380,.F.);
#286=ORIENTED_EDGE('',*,*,#415,.F.);
#287=ORIENTED_EDGE('',*,*,#416,.T.);
#288=ORIENTED_EDGE('',*,*,#411,.T.);
#289=ORIENTED_EDGE('',*,*,#383,.F.);
#290=ORIENTED_EDGE('',*,*,#417,.T.);
#291=ORIENTED_EDGE('',*,*,#398,.T.);
#292=ORIENTED_EDGE('',*,*,#418,.T.);
#293=ORIENTED_EDGE('',*,*,#419,.T.);
#294=ORIENTED_EDGE('',*,*,#396,.F.);
#295=ORIENTED_EDGE('',*,*,#420,.T.);
#296=ORIENTED_EDGE('',*,*,#385,.T.);
#297=ORIENTED_EDGE('',*,*,#421,.F.);
#298=ORIENTED_EDGE('',*,*,#422,.F.);
#299=ORIENTED_EDGE('',*,*,#397,.T.);
#300=ORIENTED_EDGE('',*,*,#422,.T.);
#301=ORIENTED_EDGE('',*,*,#423,.F.);
#302=ORIENTED_EDGE('',*,*,#418,.F.);
#303=ORIENTED_EDGE('',*,*,#384,.F.);
#304=ORIENTED_EDGE('',*,*,#419,.F.);
#305=ORIENTED_EDGE('',*,*,#423,.T.);
#306=ORIENTED_EDGE('',*,*,#421,.T.);
#307=ORIENTED_EDGE('',*,*,#403,.F.);
#308=ORIENTED_EDGE('',*,*,#391,.F.);
#309=ORIENTED_EDGE('',*,*,#413,.F.);
#310=ORIENTED_EDGE('',*,*,#378,.F.);
#311=ORIENTED_EDGE('',*,*,#410,.F.);
#312=ORIENTED_EDGE('',*,*,#399,.F.);
#313=ORIENTED_EDGE('',*,*,#417,.F.);
#314=ORIENTED_EDGE('',*,*,#382,.F.);
#315=ORIENTED_EDGE('',*,*,#420,.F.);
#316=ORIENTED_EDGE('',*,*,#395,.F.);
#317=ORIENTED_EDGE('',*,*,#408,.F.);
#318=ORIENTED_EDGE('',*,*,#386,.F.);
#319=EDGE_CURVE('',#424,#425,#498,.T.);
#320=EDGE_CURVE('',#425,#426,#93,.F.);
#321=EDGE_CURVE('',#427,#426,#499,.T.);
#322=EDGE_CURVE('',#428,#427,#500,.T.);
#323=EDGE_CURVE('',#428,#429,#501,.T.);
#324=EDGE_CURVE('',#429,#424,#94,.F.);
#325=EDGE_CURVE('',#430,#431,#502,.T.);
#326=EDGE_CURVE('',#430,#432,#503,.F.);
#327=EDGE_CURVE('',#432,#433,#504,.T.);
#328=EDGE_CURVE('',#433,#431,#505,.T.);
#329=EDGE_CURVE('',#434,#435,#506,.T.);
#330=EDGE_CURVE('',#434,#430,#507,.F.);
#331=EDGE_CURVE('',#431,#435,#508,.T.);
#332=EDGE_CURVE('',#435,#436,#509,.F.);
#333=EDGE_CURVE('',#437,#436,#510,.T.);
#334=EDGE_CURVE('',#437,#434,#511,.T.);
#335=EDGE_CURVE('',#436,#425,#95,.T.);
#336=EDGE_CURVE('',#424,#437,#96,.T.);
#337=EDGE_CURVE('',#438,#439,#512,.F.);
#338=EDGE_CURVE('',#440,#439,#513,.T.);
#339=EDGE_CURVE('',#440,#441,#514,.T.);
#340=EDGE_CURVE('',#441,#442,#515,.T.);
#341=EDGE_CURVE('',#442,#443,#516,.T.);
#342=EDGE_CURVE('',#443,#438,#517,.T.);
#343=EDGE_CURVE('',#444,#445,#518,.F.);
#344=EDGE_CURVE('',#445,#446,#519,.F.);
#345=EDGE_CURVE('',#447,#446,#520,.T.);
#346=EDGE_CURVE('',#448,#447,#521,.T.);
#347=EDGE_CURVE('',#448,#449,#522,.T.);
#348=EDGE_CURVE('',#449,#444,#523,.T.);
#349=EDGE_CURVE('',#439,#429,#97,.F.);
#350=EDGE_CURVE('',#434,#438,#98,.T.);
#351=EDGE_CURVE('',#430,#443,#99,.T.);
#352=EDGE_CURVE('',#432,#442,#100,.F.);
#353=EDGE_CURVE('',#444,#435,#101,.F.);
#354=EDGE_CURVE('',#426,#449,#102,.F.);
#355=EDGE_CURVE('',#445,#431,#103,.F.);
#356=EDGE_CURVE('',#446,#433,#104,.F.);
#357=EDGE_CURVE('',#450,#432,#524,.T.);
#358=EDGE_CURVE('',#450,#451,#525,.T.);
#359=EDGE_CURVE('',#451,#433,#526,.T.);
#360=EDGE_CURVE('',#450,#441,#105,.F.);
#361=EDGE_CURVE('',#440,#428,#106,.F.);
#362=EDGE_CURVE('',#427,#448,#107,.F.);
#363=EDGE_CURVE('',#447,#451,#108,.F.);
#364=EDGE_CURVE('',#452,#452,#22,.T.);
#365=EDGE_CURVE('',#453,#453,#23,.T.);
#366=EDGE_CURVE('',#454,#454,#24,.T.);
#367=EDGE_CURVE('',#455,#455,#25,.T.);
#368=EDGE_CURVE('',#456,#456,#26,.T.);
#369=EDGE_CURVE('',#457,#457,#27,.T.);
#370=EDGE_CURVE('',#458,#458,#28,.T.);
#371=EDGE_CURVE('',#459,#459,#29,.T.);
#372=EDGE_CURVE('',#460,#460,#30,.T.);
#373=EDGE_CURVE('',#461,#461,#31,.T.);
#374=EDGE_CURVE('',#462,#462,#32,.T.);
#375=EDGE_CURVE('',#463,#463,#33,.T.);
#376=EDGE_CURVE('',#464,#464,#34,.T.);
#377=EDGE_CURVE('',#465,#466,#527,.T.);
#378=EDGE_CURVE('',#465,#467,#35,.F.);
#379=EDGE_CURVE('',#467,#468,#528,.T.);
#380=EDGE_CURVE('',#468,#469,#529,.T.);
#381=EDGE_CURVE('',#470,#469,#530,.T.);
#382=EDGE_CURVE('',#470,#471,#36,.F.);
#383=EDGE_CURVE('',#471,#472,#531,.T.);
#384=EDGE_CURVE('',#472,#473,#532,.T.);
#385=EDGE_CURVE('',#474,#473,#533,.T.);
#386=EDGE_CURVE('',#474,#475,#37,.F.);
#387=EDGE_CURVE('',#475,#476,#534,.T.);
#388=EDGE_CURVE('',#476,#466,#535,.T.);
#389=EDGE_CURVE('',#477,#477,#38,.T.);
#390=EDGE_CURVE('',#478,#479,#536,.F.);
#391=EDGE_CURVE('',#478,#480,#39,.T.);
#392=EDGE_CURVE('',#481,#480,#537,.T.);
#393=EDGE_CURVE('',#482,#481,#40,.T.);
#394=EDGE_CURVE('',#482,#483,#538,.T.);
#395=EDGE_CURVE('',#483,#484,#41,.T.);
#396=EDGE_CURVE('',#484,#485,#539,.F.);
#397=EDGE_CURVE('',#486,#485,#42,.T.);
#398=EDGE_CURVE('',#487,#486,#540,.F.);
#399=EDGE_CURVE('',#487,#488,#43,.T.);
#400=EDGE_CURVE('',#488,#489,#541,.F.);
#401=EDGE_CURVE('',#479,#489,#44,.T.);
#402=EDGE_CURVE('',#490,#490,#45,.T.);
#403=EDGE_CURVE('',#480,#465,#13,.T.);
#404=EDGE_CURVE('',#492,#466,#542,.T.);
#405=EDGE_CURVE('',#481,#492,#543,.T.);
#406=EDGE_CURVE('',#493,#476,#544,.T.);
#407=EDGE_CURVE('',#493,#492,#545,.T.);
#408=EDGE_CURVE('',#475,#483,#14,.T.);
#409=EDGE_CURVE('',#482,#493,#546,.T.);
#410=EDGE_CURVE('',#488,#470,#15,.T.);
#411=EDGE_CURVE('',#494,#469,#547,.T.);
#412=EDGE_CURVE('',#489,#494,#548,.T.);
#413=EDGE_CURVE('',#467,#478,#16,.T.);
#414=EDGE_CURVE('',#479,#495,#549,.T.);
#415=EDGE_CURVE('',#495,#468,#550,.T.);
#416=EDGE_CURVE('',#495,#494,#551,.T.);
#417=EDGE_CURVE('',#471,#487,#17,.T.);
#418=EDGE_CURVE('',#486,#496,#552,.T.);
#419=EDGE_CURVE('',#496,#472,#553,.T.);
#420=EDGE_CURVE('',#484,#474,#18,.T.);
#421=EDGE_CURVE('',#497,#473,#554,.T.);
#422=EDGE_CURVE('',#485,#497,#555,.T.);
#423=EDGE_CURVE('',#496,#497,#556,.T.);
#424=VERTEX_POINT('',#1184);
#425=VERTEX_POINT('',#1185);
#426=VERTEX_POINT('',#1187);
#427=VERTEX_POINT('',#1189);
#428=VERTEX_POINT('',#1191);
#429=VERTEX_POINT('',#1193);
#430=VERTEX_POINT('',#1197);
#431=VERTEX_POINT('',#1198);
#432=VERTEX_POINT('',#1200);
#433=VERTEX_POINT('',#1202);
#434=VERTEX_POINT('',#1206);
#435=VERTEX_POINT('',#1207);
#436=VERTEX_POINT('',#1212);
#437=VERTEX_POINT('',#1214);
#438=VERTEX_POINT('',#1221);
#439=VERTEX_POINT('',#1222);
#440=VERTEX_POINT('',#1224);
#441=VERTEX_POINT('',#1226);
#442=VERTEX_POINT('',#1228);
#443=VERTEX_POINT('',#1230);
#444=VERTEX_POINT('',#1234);
#445=VERTEX_POINT('',#1235);
#446=VERTEX_POINT('',#1237);
#447=VERTEX_POINT('',#1239);
#448=VERTEX_POINT('',#1241);
#449=VERTEX_POINT('',#1243);
#450=VERTEX_POINT('',#1261);
#451=VERTEX_POINT('',#1263);
#452=VERTEX_POINT('',#1411);
#453=VERTEX_POINT('',#1413);
#454=VERTEX_POINT('',#1491);
#455=VERTEX_POINT('',#1569);
#456=VERTEX_POINT('',#1647);
#457=VERTEX_POINT('',#1725);
#458=VERTEX_POINT('',#1729);
#459=VERTEX_POINT('',#1732);
#460=VERTEX_POINT('',#1735);
#461=VERTEX_POINT('',#1738);
#462=VERTEX_POINT('',#1741);
#463=VERTEX_POINT('',#1819);
#464=VERTEX_POINT('',#1901);
#465=VERTEX_POINT('',#1903);
#466=VERTEX_POINT('',#1904);
#467=VERTEX_POINT('',#1906);
#468=VERTEX_POINT('',#1908);
#469=VERTEX_POINT('',#1910);
#470=VERTEX_POINT('',#1912);
#471=VERTEX_POINT('',#1914);
#472=VERTEX_POINT('',#1916);
#473=VERTEX_POINT('',#1918);
#474=VERTEX_POINT('',#1920);
#475=VERTEX_POINT('',#1922);
#476=VERTEX_POINT('',#1924);
#477=VERTEX_POINT('',#1928);
#478=VERTEX_POINT('',#1930);
#479=VERTEX_POINT('',#1931);
#480=VERTEX_POINT('',#1933);
#481=VERTEX_POINT('',#1935);
#482=VERTEX_POINT('',#1937);
#483=VERTEX_POINT('',#1939);
#484=VERTEX_POINT('',#1941);
#485=VERTEX_POINT('',#1943);
#486=VERTEX_POINT('',#1945);
#487=VERTEX_POINT('',#1947);
#488=VERTEX_POINT('',#1949);
#489=VERTEX_POINT('',#1951);
#490=VERTEX_POINT('',#1955);
#491=VERTEX_POINT('',#2032);
#492=VERTEX_POINT('',#2041);
#493=VERTEX_POINT('',#2045);
#494=VERTEX_POINT('',#2062);
#495=VERTEX_POINT('',#2071);
#496=VERTEX_POINT('',#2083);
#497=VERTEX_POINT('',#2092);
#498=LINE('',#1183,#557);
#499=LINE('',#1188,#558);
#500=LINE('',#1190,#559);
#501=LINE('',#1192,#560);
#502=LINE('',#1196,#561);
#503=LINE('',#1199,#562);
#504=LINE('',#1201,#563);
#505=LINE('',#1203,#564);
#506=LINE('',#1205,#565);
#507=LINE('',#1208,#566);
#508=LINE('',#1209,#567);
#509=LINE('',#1211,#568);
#510=LINE('',#1213,#569);
#511=LINE('',#1215,#570);
#512=LINE('',#1220,#571);
#513=LINE('',#1223,#572);
#514=LINE('',#1225,#573);
#515=LINE('',#1227,#574);
#516=LINE('',#1229,#575);
#517=LINE('',#1231,#576);
#518=LINE('',#1233,#577);
#519=LINE('',#1236,#578);
#520=LINE('',#1238,#579);
#521=LINE('',#1240,#580);
#522=LINE('',#1242,#581);
#523=LINE('',#1244,#582);
#524=LINE('',#1260,#583);
#525=LINE('',#1262,#584);
#526=LINE('',#1264,#585);
#527=LINE('',#1902,#586);
#528=LINE('',#1907,#587);
#529=LINE('',#1909,#588);
#530=LINE('',#1911,#589);
#531=LINE('',#1915,#590);
#532=LINE('',#1917,#591);
#533=LINE('',#1919,#592);
#534=LINE('',#1923,#593);
#535=LINE('',#1925,#594);
#536=LINE('',#1929,#595);
#537=LINE('',#1934,#596);
#538=LINE('',#1938,#597);
#539=LINE('',#1942,#598);
#540=LINE('',#1946,#599);
#541=LINE('',#1950,#600);
#542=LINE('',#2040,#601);
#543=LINE('',#2042,#602);
#544=LINE('',#2044,#603);
#545=LINE('',#2046,#604);
#546=LINE('',#2053,#605);
#547=LINE('',#2061,#606);
#548=LINE('',#2063,#607);
#549=LINE('',#2070,#608);
#550=LINE('',#2072,#609);
#551=LINE('',#2074,#610);
#552=LINE('',#2082,#611);
#553=LINE('',#2084,#612);
#554=LINE('',#2091,#613);
#555=LINE('',#2093,#614);
#556=LINE('',#2095,#615);
#557=VECTOR('',#954,1.);
#558=VECTOR('',#957,1.);
#559=VECTOR('',#958,1.);
#560=VECTOR('',#959,1.);
#561=VECTOR('',#964,1.);
#562=VECTOR('',#965,1.);
#563=VECTOR('',#966,1.);
#564=VECTOR('',#967,1.);
#565=VECTOR('',#970,1.);
#566=VECTOR('',#971,1.);
#567=VECTOR('',#972,1.);
#568=VECTOR('',#975,1.);
#569=VECTOR('',#976,1.);
#570=VECTOR('',#977,1.);
#571=VECTOR('',#986,1.);
#572=VECTOR('',#987,1.);
#573=VECTOR('',#988,1.);
#574=VECTOR('',#989,1.);
#575=VECTOR('',#990,1.);
#576=VECTOR('',#991,1.);
#577=VECTOR('',#994,1.);
#578=VECTOR('',#995,1.);
#579=VECTOR('',#996,1.);
#580=VECTOR('',#997,1.);
#581=VECTOR('',#998,1.);
#582=VECTOR('',#999,1.);
#583=VECTOR('',#1030,1.);
#584=VECTOR('',#1031,1.);
#585=VECTOR('',#1032,1.);
#586=VECTOR('',#1091,1.);
#587=VECTOR('',#1094,1.);
#588=VECTOR('',#1095,1.);
#589=VECTOR('',#1096,1.);
#590=VECTOR('',#1099,1.);
#591=VECTOR('',#1100,1.);
#592=VECTOR('',#1101,1.);
#593=VECTOR('',#1104,1.);
#594=VECTOR('',#1105,1.);
#595=VECTOR('',#1110,1.);
#596=VECTOR('',#1113,1.);
#597=VECTOR('',#1116,1.);
#598=VECTOR('',#1119,1.);
#599=VECTOR('',#1122,1.);
#600=VECTOR('',#1125,1.);
#601=VECTOR('',#1136,1.);
#602=VECTOR('',#1137,1.);
#603=VECTOR('',#1140,1.);
#604=VECTOR('',#1141,1.);
#605=VECTOR('',#1144,1.);
#606=VECTOR('',#1149,1.);
#607=VECTOR('',#1150,1.);
#608=VECTOR('',#1153,1.);
#609=VECTOR('',#1154,1.);
#610=VECTOR('',#1157,1.);
#611=VECTOR('',#1162,1.);
#612=VECTOR('',#1163,1.);
#613=VECTOR('',#1166,1.);
#614=VECTOR('',#1167,1.);
#615=VECTOR('',#1170,1.);
#616=EDGE_LOOP('',(#109,#110,#111,#112,#113,#114));
#617=EDGE_LOOP('',(#115,#116,#117,#118));
#618=EDGE_LOOP('',(#119,#120,#121,#122));
#619=EDGE_LOOP('',(#123,#124,#125,#126));
#620=EDGE_LOOP('',(#127,#128,#129,#130));
#621=EDGE_LOOP('',(#131,#132,#133,#134,#135,#136));
#622=EDGE_LOOP('',(#137,#138,#139,#140,#141,#142));
#623=EDGE_LOOP('',(#143,#144,#145,#146,#147,#148));
#624=EDGE_LOOP('',(#149,#150,#151,#152));
#625=EDGE_LOOP('',(#153,#154,#155,#156));
#626=EDGE_LOOP('',(#157,#158,#159,#160,#161,#162));
#627=EDGE_LOOP('',(#163,#164,#165,#166));
#628=EDGE_LOOP('',(#167,#168,#169,#170));
#629=EDGE_LOOP('',(#171,#172,#173,#174));
#630=EDGE_LOOP('',(#175,#176,#177,#178));
#631=EDGE_LOOP('',(#179,#180,#181,#182));
#632=EDGE_LOOP('',(#183,#184,#185,#186));
#633=EDGE_LOOP('',(#187,#188,#189,#190));
#634=EDGE_LOOP('',(#191,#192,#193,#194,#195,#196,#197,#198));
#635=EDGE_LOOP('',(#199));
#636=EDGE_LOOP('',(#200));
#637=EDGE_LOOP('',(#201));
#638=EDGE_LOOP('',(#202));
#639=EDGE_LOOP('',(#203));
#640=EDGE_LOOP('',(#204));
#641=EDGE_LOOP('',(#205));
#642=EDGE_LOOP('',(#206));
#643=EDGE_LOOP('',(#207));
#644=EDGE_LOOP('',(#208));
#645=EDGE_LOOP('',(#209));
#646=EDGE_LOOP('',(#210));
#647=EDGE_LOOP('',(#211));
#648=EDGE_LOOP('',(#212));
#649=EDGE_LOOP('',(#213));
#650=EDGE_LOOP('',(#214));
#651=EDGE_LOOP('',(#215));
#652=EDGE_LOOP('',(#216));
#653=EDGE_LOOP('',(#217));
#654=EDGE_LOOP('',(#218));
#655=EDGE_LOOP('',(#219));
#656=EDGE_LOOP('',(#220));
#657=EDGE_LOOP('',(#221));
#658=EDGE_LOOP('',(#222));
#659=EDGE_LOOP('',(#223));
#660=EDGE_LOOP('',(#224,#225,#226,#227,#228,#229,#230,#231,#232,#233,#234,
#235));
#661=EDGE_LOOP('',(#236));
#662=EDGE_LOOP('',(#237,#238,#239,#240,#241,#242,#243,#244,#245,#246,#247,
#248));
#663=EDGE_LOOP('',(#249));
#664=EDGE_LOOP('',(#250));
#665=EDGE_LOOP('',(#251));
#666=EDGE_LOOP('',(#252));
#667=EDGE_LOOP('',(#253,#254,#255,#256,#257));
#668=EDGE_LOOP('',(#258,#259,#260,#261));
#669=EDGE_LOOP('',(#262,#263,#264,#265,#266));
#670=EDGE_LOOP('',(#267,#268,#269,#270));
#671=EDGE_LOOP('',(#271,#272,#273,#274,#275));
#672=EDGE_LOOP('',(#276,#277,#278,#279,#280));
#673=EDGE_LOOP('',(#281,#282,#283,#284));
#674=EDGE_LOOP('',(#285,#286,#287,#288));
#675=EDGE_LOOP('',(#289,#290,#291,#292,#293));
#676=EDGE_LOOP('',(#294,#295,#296,#297,#298));
#677=EDGE_LOOP('',(#299,#300,#301,#302));
#678=EDGE_LOOP('',(#303,#304,#305,#306));
#679=EDGE_LOOP('',(#307,#308,#309,#310));
#680=EDGE_LOOP('',(#311,#312,#313,#314));
#681=EDGE_LOOP('',(#315,#316,#317,#318));
#682=FACE_BOUND('',#616,.T.);
#683=FACE_BOUND('',#617,.T.);
#684=FACE_BOUND('',#618,.T.);
#685=FACE_BOUND('',#619,.T.);
#686=FACE_BOUND('',#620,.T.);
#687=FACE_BOUND('',#621,.T.);
#688=FACE_BOUND('',#622,.T.);
#689=FACE_BOUND('',#623,.T.);
#690=FACE_BOUND('',#624,.T.);
#691=FACE_BOUND('',#625,.T.);
#692=FACE_BOUND('',#626,.T.);
#693=FACE_BOUND('',#627,.T.);
#694=FACE_BOUND('',#628,.T.);
#695=FACE_BOUND('',#629,.T.);
#696=FACE_BOUND('',#630,.T.);
#697=FACE_BOUND('',#631,.T.);
#698=FACE_BOUND('',#632,.T.);
#699=FACE_BOUND('',#633,.T.);
#700=FACE_BOUND('',#634,.T.);
#701=FACE_BOUND('',#635,.T.);
#702=FACE_BOUND('',#636,.T.);
#703=FACE_BOUND('',#637,.T.);
#704=FACE_BOUND('',#638,.T.);
#705=FACE_BOUND('',#639,.T.);
#706=FACE_BOUND('',#640,.T.);
#707=FACE_BOUND('',#641,.T.);
#708=FACE_BOUND('',#642,.T.);
#709=FACE_BOUND('',#643,.T.);
#710=FACE_BOUND('',#644,.T.);
#711=FACE_BOUND('',#645,.T.);
#712=FACE_BOUND('',#646,.T.);
#713=FACE_BOUND('',#647,.T.);
#714=FACE_BOUND('',#648,.T.);
#715=FACE_BOUND('',#649,.T.);
#716=FACE_BOUND('',#650,.T.);
#717=FACE_BOUND('',#651,.T.);
#718=FACE_BOUND('',#652,.T.);
#719=FACE_BOUND('',#653,.T.);
#720=FACE_BOUND('',#654,.T.);
#721=FACE_BOUND('',#655,.T.);
#722=FACE_BOUND('',#656,.T.);
#723=FACE_BOUND('',#657,.T.);
#724=FACE_BOUND('',#658,.T.);
#725=FACE_BOUND('',#659,.T.);
#726=FACE_BOUND('',#660,.T.);
#727=FACE_BOUND('',#661,.T.);
#728=FACE_BOUND('',#662,.T.);
#729=FACE_BOUND('',#663,.T.);
#730=FACE_BOUND('',#664,.T.);
#731=FACE_BOUND('',#665,.T.);
#732=FACE_BOUND('',#19,.T.);
#733=FACE_BOUND('',#666,.T.);
#734=FACE_BOUND('',#667,.T.);
#735=FACE_BOUND('',#668,.T.);
#736=FACE_BOUND('',#669,.T.);
#737=FACE_BOUND('',#670,.T.);
#738=FACE_BOUND('',#671,.T.);
#739=FACE_BOUND('',#672,.T.);
#740=FACE_BOUND('',#673,.T.);
#741=FACE_BOUND('',#674,.T.);
#742=FACE_BOUND('',#675,.T.);
#743=FACE_BOUND('',#676,.T.);
#744=FACE_BOUND('',#677,.T.);
#745=FACE_BOUND('',#678,.T.);
#746=FACE_BOUND('',#679,.T.);
#747=FACE_BOUND('',#680,.T.);
#748=FACE_BOUND('',#681,.T.);
#749=PLANE('',#865);
#750=PLANE('',#868);
#751=PLANE('',#869);
#752=PLANE('',#870);
#753=PLANE('',#871);
#754=PLANE('',#874);
#755=PLANE('',#875);
#756=PLANE('',#890);
#757=PLANE('',#895);
#758=PLANE('',#903);
#759=PLANE('',#904);
#760=PLANE('',#912);
#761=PLANE('',#918);
#762=PLANE('',#933);
#763=PLANE('',#934);
#764=PLANE('',#935);
#765=PLANE('',#936);
#766=PLANE('',#937);
#767=PLANE('',#938);
#768=PLANE('',#939);
#769=PLANE('',#940);
#770=PLANE('',#941);
#771=PLANE('',#942);
#772=PLANE('',#943);
#773=PLANE('',#944);
#774=PLANE('',#945);
#775=ADVANCED_FACE('',(#682),#749,.F.);
#776=ADVANCED_FACE('',(#683),#750,.F.);
#777=ADVANCED_FACE('',(#684),#751,.F.);
#778=ADVANCED_FACE('',(#685),#752,.T.);
#779=ADVANCED_FACE('',(#686),#753,.T.);
#780=ADVANCED_FACE('',(#687),#754,.T.);
#781=ADVANCED_FACE('',(#688),#755,.F.);
#782=ADVANCED_FACE('',(#689),#84,.T.);
#783=ADVANCED_FACE('',(#690),#85,.T.);
#784=ADVANCED_FACE('',(#691),#86,.T.);
#785=ADVANCED_FACE('',(#692),#87,.T.);
#786=ADVANCED_FACE('',(#693),#88,.T.);
#787=ADVANCED_FACE('',(#694),#89,.T.);
#788=ADVANCED_FACE('',(#695),#756,.T.);
#789=ADVANCED_FACE('',(#696),#72,.T.);
#790=ADVANCED_FACE('',(#697),#73,.T.);
#791=ADVANCED_FACE('',(#698),#74,.T.);
#792=ADVANCED_FACE('',(#699),#75,.T.);
#793=ADVANCED_FACE('',(#700),#757,.F.);
#794=ADVANCED_FACE('',(#701,#702),#76,.T.);
#795=ADVANCED_FACE('',(#703,#704),#77,.F.);
#796=ADVANCED_FACE('',(#705,#706),#78,.F.);
#797=ADVANCED_FACE('',(#707,#708),#79,.F.);
#798=ADVANCED_FACE('',(#709,#710),#80,.F.);
#799=ADVANCED_FACE('',(#711),#758,.F.);
#800=ADVANCED_FACE('',(#712),#759,.T.);
#801=ADVANCED_FACE('',(#713,#714),#90,.T.);
#802=ADVANCED_FACE('',(#715,#716),#20,.T.);
#803=ADVANCED_FACE('',(#717,#718),#21,.T.);
#804=ADVANCED_FACE('',(#719,#720),#760,.T.);
#805=ADVANCED_FACE('',(#721,#722),#81,.T.);
#806=ADVANCED_FACE('',(#723,#724),#82,.T.);
#807=ADVANCED_FACE('',(#725,#726),#761,.F.);
#808=ADVANCED_FACE('',(#727,#728),#91,.T.);
#809=ADVANCED_FACE('',(#729,#730),#92,.F.);
#810=ADVANCED_FACE('',(#731,#732),#83,.F.);
#811=ADVANCED_FACE('',(#733),#762,.F.);
#812=ADVANCED_FACE('',(#734),#763,.F.);
#813=ADVANCED_FACE('',(#735),#764,.T.);
#814=ADVANCED_FACE('',(#736),#765,.T.);
#815=ADVANCED_FACE('',(#737),#766,.T.);
#816=ADVANCED_FACE('',(#738),#767,.F.);
#817=ADVANCED_FACE('',(#739),#768,.T.);
#818=ADVANCED_FACE('',(#740),#769,.T.);
#819=ADVANCED_FACE('',(#741),#770,.T.);
#820=ADVANCED_FACE('',(#742),#771,.T.);
#821=ADVANCED_FACE('',(#743),#772,.F.);
#822=ADVANCED_FACE('',(#744),#773,.T.);
#823=ADVANCED_FACE('',(#745),#774,.T.);
#824=ADVANCED_FACE('',(#746),#10,.T.);
#825=ADVANCED_FACE('',(#747),#11,.T.);
#826=ADVANCED_FACE('',(#748),#12,.T.);
#827=CLOSED_SHELL('',(#775,#776,#777,#778,#779,#780,#781,#782,#783,#784,
#785,#786,#787,#788,#789,#790,#791,#792,#793));
#828=CLOSED_SHELL('',(#794,#795,#796,#797,#798,#799,#800,#801,#802,#803,
#804,#805,#806));
#829=CLOSED_SHELL('',(#807,#808,#809,#810,#811,#812,#813,#814,#815,#816,
#817,#818,#819,#820,#821,#822,#823,#824,#825,#826));
#830=STYLED_ITEM('',(#833),#853);
#831=STYLED_ITEM('',(#834),#854);
#832=STYLED_ITEM('',(#835),#855);
#833=PRESENTATION_STYLE_ASSIGNMENT((#836));
#834=PRESENTATION_STYLE_ASSIGNMENT((#837));
#835=PRESENTATION_STYLE_ASSIGNMENT((#838));
#836=SURFACE_STYLE_USAGE(.BOTH.,#839);
#837=SURFACE_STYLE_USAGE(.BOTH.,#840);
#838=SURFACE_STYLE_USAGE(.BOTH.,#841);
#839=SURFACE_SIDE_STYLE('',(#842));
#840=SURFACE_SIDE_STYLE('',(#843));
#841=SURFACE_SIDE_STYLE('',(#844));
#842=SURFACE_STYLE_FILL_AREA(#845);
#843=SURFACE_STYLE_FILL_AREA(#846);
#844=SURFACE_STYLE_FILL_AREA(#847);
#845=FILL_AREA_STYLE('',(#848));
#846=FILL_AREA_STYLE('',(#849));
#847=FILL_AREA_STYLE('',(#850));
#848=FILL_AREA_STYLE_COLOUR('',#851);
#849=FILL_AREA_STYLE_COLOUR('',#851);
#850=FILL_AREA_STYLE_COLOUR('',#852);
#851=COLOUR_RGB('',0.615686274509804,0.811764705882353,0.929411764705882);
#852=COLOUR_RGB('',0.647058823529412,0.647058823529412,0.647058823529412);
#853=MANIFOLD_SOLID_BREP('Part 1',#827);
#854=MANIFOLD_SOLID_BREP('Part 1',#828);
#855=MANIFOLD_SOLID_BREP('Part 2',#829);
#856=SHAPE_DEFINITION_REPRESENTATION(#2113,#860);
#857=SHAPE_DEFINITION_REPRESENTATION(#2114,#861);
#858=SHAPE_DEFINITION_REPRESENTATION(#2116,#862);
#859=SHAPE_DEFINITION_REPRESENTATION(#2120,#863);
#860=SHAPE_REPRESENTATION('all mk2',(#864,#896,#915,#916,#917,#949),#2102);
#861=SHAPE_REPRESENTATION('Part 1',(#864),#2103);
#862=SHAPE_REPRESENTATION('Part 1',(#864),#2104);
#863=SHAPE_REPRESENTATION('Part 2',(#864),#2105);
#864=AXIS2_PLACEMENT_3D('',#1181,#950,#951);
#865=AXIS2_PLACEMENT_3D('',#1182,#952,#953);
#866=AXIS2_PLACEMENT_3D('',#1186,#955,#956);
#867=AXIS2_PLACEMENT_3D('',#1194,#960,#961);
#868=AXIS2_PLACEMENT_3D('',#1195,#962,#963);
#869=AXIS2_PLACEMENT_3D('',#1204,#968,#969);
#870=AXIS2_PLACEMENT_3D('',#1210,#973,#974);
#871=AXIS2_PLACEMENT_3D('',#1216,#978,#979);
#872=AXIS2_PLACEMENT_3D('',#1217,#980,#981);
#873=AXIS2_PLACEMENT_3D('',#1218,#982,#983);
#874=AXIS2_PLACEMENT_3D('',#1219,#984,#985);
#875=AXIS2_PLACEMENT_3D('',#1232,#992,#993);
#876=AXIS2_PLACEMENT_3D('',#1245,#1000,#1001);
#877=AXIS2_PLACEMENT_3D('',#1246,#1002,#1003);
#878=AXIS2_PLACEMENT_3D('',#1247,#1004,#1005);
#879=AXIS2_PLACEMENT_3D('',#1248,#1006,#1007);
#880=AXIS2_PLACEMENT_3D('',#1249,#1008,#1009);
#881=AXIS2_PLACEMENT_3D('',#1250,#1010,#1011);
#882=AXIS2_PLACEMENT_3D('',#1251,#1012,#1013);
#883=AXIS2_PLACEMENT_3D('',#1252,#1014,#1015);
#884=AXIS2_PLACEMENT_3D('',#1253,#1016,#1017);
#885=AXIS2_PLACEMENT_3D('',#1254,#1018,#1019);
#886=AXIS2_PLACEMENT_3D('',#1255,#1020,#1021);
#887=AXIS2_PLACEMENT_3D('',#1256,#1022,#1023);
#888=AXIS2_PLACEMENT_3D('',#1257,#1024,#1025);
#889=AXIS2_PLACEMENT_3D('',#1258,#1026,#1027);
#890=AXIS2_PLACEMENT_3D('',#1259,#1028,#1029);
#891=AXIS2_PLACEMENT_3D('',#1275,#1033,#1034);
#892=AXIS2_PLACEMENT_3D('',#1286,#1035,#1036);
#893=AXIS2_PLACEMENT_3D('',#1297,#1037,#1038);
#894=AXIS2_PLACEMENT_3D('',#1308,#1039,#1040);
#895=AXIS2_PLACEMENT_3D('',#1309,#1041,#1042);
#896=AXIS2_PLACEMENT_3D('',#1310,#1043,#1044);
#897=AXIS2_PLACEMENT_3D('',#1410,#1045,#1046);
#898=AXIS2_PLACEMENT_3D('',#1412,#1047,#1048);
#899=AXIS2_PLACEMENT_3D('',#1490,#1049,#1050);
#900=AXIS2_PLACEMENT_3D('',#1568,#1051,#1052);
#901=AXIS2_PLACEMENT_3D('',#1646,#1053,#1054);
#902=AXIS2_PLACEMENT_3D('',#1724,#1055,#1056);
#903=AXIS2_PLACEMENT_3D('',#1726,#1057,#1058);
#904=AXIS2_PLACEMENT_3D('',#1727,#1059,#1060);
#905=AXIS2_PLACEMENT_3D('',#1728,#1061,#1062);
#906=AXIS2_PLACEMENT_3D('',#1730,#1063,#1064);
#907=AXIS2_PLACEMENT_3D('',#1731,#1065,#1066);
#908=AXIS2_PLACEMENT_3D('',#1733,#1067,#1068);
#909=AXIS2_PLACEMENT_3D('',#1734,#1069,#1070);
#910=AXIS2_PLACEMENT_3D('',#1736,#1071,#1072);
#911=AXIS2_PLACEMENT_3D('',#1737,#1073,#1074);
#912=AXIS2_PLACEMENT_3D('',#1739,#1075,#1076);
#913=AXIS2_PLACEMENT_3D('',#1740,#1077,#1078);
#914=AXIS2_PLACEMENT_3D('',#1818,#1079,#1080);
#915=AXIS2_PLACEMENT_3D('',#1896,#1081,#1082);
#916=AXIS2_PLACEMENT_3D('',#1897,#1083,#1084);
#917=AXIS2_PLACEMENT_3D('',#1898,#1085,#1086);
#918=AXIS2_PLACEMENT_3D('',#1899,#1087,#1088);
#919=AXIS2_PLACEMENT_3D('',#1900,#1089,#1090);
#920=AXIS2_PLACEMENT_3D('',#1905,#1092,#1093);
#921=AXIS2_PLACEMENT_3D('',#1913,#1097,#1098);
#922=AXIS2_PLACEMENT_3D('',#1921,#1102,#1103);
#923=AXIS2_PLACEMENT_3D('',#1926,#1106,#1107);
#924=AXIS2_PLACEMENT_3D('',#1927,#1108,#1109);
#925=AXIS2_PLACEMENT_3D('',#1932,#1111,#1112);
#926=AXIS2_PLACEMENT_3D('',#1936,#1114,#1115);
#927=AXIS2_PLACEMENT_3D('',#1940,#1117,#1118);
#928=AXIS2_PLACEMENT_3D('',#1944,#1120,#1121);
#929=AXIS2_PLACEMENT_3D('',#1948,#1123,#1124);
#930=AXIS2_PLACEMENT_3D('',#1952,#1126,#1127);
#931=AXIS2_PLACEMENT_3D('',#1953,#1128,#1129);
#932=AXIS2_PLACEMENT_3D('',#1954,#1130,#1131);
#933=AXIS2_PLACEMENT_3D('',#2033,#1132,#1133);
#934=AXIS2_PLACEMENT_3D('',#2034,#1134,#1135);
#935=AXIS2_PLACEMENT_3D('',#2043,#1138,#1139);
#936=AXIS2_PLACEMENT_3D('',#2047,#1142,#1143);
#937=AXIS2_PLACEMENT_3D('',#2054,#1145,#1146);
#938=AXIS2_PLACEMENT_3D('',#2055,#1147,#1148);
#939=AXIS2_PLACEMENT_3D('',#2064,#1151,#1152);
#940=AXIS2_PLACEMENT_3D('',#2073,#1155,#1156);
#941=AXIS2_PLACEMENT_3D('',#2075,#1158,#1159);
#942=AXIS2_PLACEMENT_3D('',#2076,#1160,#1161);
#943=AXIS2_PLACEMENT_3D('',#2085,#1164,#1165);
#944=AXIS2_PLACEMENT_3D('',#2094,#1168,#1169);
#945=AXIS2_PLACEMENT_3D('',#2096,#1171,#1172);
#946=AXIS2_PLACEMENT_3D('',#2097,#1173,#1174);
#947=AXIS2_PLACEMENT_3D('',#2098,#1175,#1176);
#948=AXIS2_PLACEMENT_3D('',#2099,#1177,#1178);
#949=AXIS2_PLACEMENT_3D('',#2100,#1179,#1180);
#950=DIRECTION('',(0.,0.,1.));
#951=DIRECTION('',(1.,0.,0.));
#952=DIRECTION('',(1.41922114125819E-16,0.,1.));
#953=DIRECTION('',(1.,0.,-1.41922114125819E-16));
#954=DIRECTION('',(0.,1.,0.));
#955=DIRECTION('',(1.41922114125819E-16,0.,1.));
#956=DIRECTION('',(1.,0.,-1.41922114125819E-16));
#957=DIRECTION('',(-1.,0.,0.));
#958=DIRECTION('',(0.,1.,0.));
#959=DIRECTION('',(-1.,0.,0.));
#960=DIRECTION('',(1.41922114125819E-16,0.,1.));
#961=DIRECTION('',(-1.,0.,1.41922114125819E-16));
#962=DIRECTION('',(0.702817060139983,0.,-0.711370634744078));
#963=DIRECTION('',(-0.711370634744078,0.,-0.702817060139983));
#964=DIRECTION('',(0.,1.,0.));
#965=DIRECTION('',(-0.711370634744078,0.,-0.702817060139983));
#966=DIRECTION('',(0.,1.,0.));
#967=DIRECTION('',(-0.711370634744078,0.,-0.702817060139983));
#968=DIRECTION('',(1.,0.,0.));
#969=DIRECTION('',(0.,0.,-1.));
#970=DIRECTION('',(0.,1.,0.));
#971=DIRECTION('',(0.,0.,-1.));
#972=DIRECTION('',(0.,0.,-1.));
#973=DIRECTION('',(0.261456423356895,0.,-0.965215281004927));
#974=DIRECTION('',(-0.965215281004927,0.,-0.261456423356895));
#975=DIRECTION('',(-0.965215281004927,0.,-0.261456423356895));
#976=DIRECTION('',(0.,1.,0.));
#977=DIRECTION('',(-0.965215281004927,0.,-0.261456423356895));
#978=DIRECTION('',(1.,0.,0.));
#979=DIRECTION('',(0.,0.,-1.));
#980=DIRECTION('',(1.,0.,0.));
#981=DIRECTION('',(0.,0.,1.));
#982=DIRECTION('',(1.,0.,0.));
#983=DIRECTION('',(0.,0.,-1.));
#984=DIRECTION('',(0.,-1.,0.));
#985=DIRECTION('',(1.,0.,0.));
#986=DIRECTION('',(-0.965215281004927,0.,-0.261456423356895));
#987=DIRECTION('',(-1.,0.,0.));
#988=DIRECTION('',(0.,0.,1.));
#989=DIRECTION('',(-1.,0.,0.));
#990=DIRECTION('',(-0.711370634744078,0.,-0.702817060139983));
#991=DIRECTION('',(0.,0.,-1.));
#992=DIRECTION('',(0.,-1.,0.));
#993=DIRECTION('',(1.,0.,0.));
#994=DIRECTION('',(0.,0.,-1.));
#995=DIRECTION('',(-0.711370634744078,0.,-0.702817060139983));
#996=DIRECTION('',(-1.,0.,0.));
#997=DIRECTION('',(0.,0.,1.));
#998=DIRECTION('',(-1.,0.,0.));
#999=DIRECTION('',(-0.965215281004927,0.,-0.261456423356895));
#1000=DIRECTION('',(-0.965215281004927,0.,-0.261456423356895));
#1001=DIRECTION('',(-0.261456423356895,0.,0.965215281004927));
#1002=DIRECTION('',(-1.,0.,0.));
#1003=DIRECTION('',(0.,0.,-1.));
#1004=DIRECTION('',(-0.794183991074138,0.,0.607677371901861));
#1005=DIRECTION('',(-0.607677371901861,0.,-0.794183991074138));
#1006=DIRECTION('',(0.,0.,1.));
#1007=DIRECTION('',(1.,0.,0.));
#1008=DIRECTION('',(0.385475641162978,0.,0.922718012217162));
#1009=DIRECTION('',(-0.922718012217162,0.,0.385475641162978));
#1010=DIRECTION('',(0.711370634744078,0.,0.702817060139983));
#1011=DIRECTION('',(0.702817060139983,0.,-0.711370634744078));
#1012=DIRECTION('',(-1.,0.,0.));
#1013=DIRECTION('',(0.,0.,1.));
#1014=DIRECTION('',(0.965215281004927,0.,0.261456423356895));
#1015=DIRECTION('',(0.261456423356895,0.,-0.965215281004927));
#1016=DIRECTION('',(0.794183991074138,0.,-0.607677371901861));
#1017=DIRECTION('',(0.607677371901861,0.,0.794183991074138));
#1018=DIRECTION('',(-1.,0.,0.));
#1019=DIRECTION('',(0.,0.,1.));
#1020=DIRECTION('',(0.,0.,-1.));
#1021=DIRECTION('',(-1.,0.,0.));
#1022=DIRECTION('',(-0.385475641162978,0.,-0.922718012217162));
#1023=DIRECTION('',(0.922718012217162,0.,-0.385475641162978));
#1024=DIRECTION('',(-0.711370634744078,0.,-0.702817060139983));
#1025=DIRECTION('',(-0.702817060139983,0.,0.711370634744078));
#1026=DIRECTION('',(-1.,0.,0.));
#1027=DIRECTION('',(0.,0.,-1.));
#1028=DIRECTION('',(0.,0.,1.));
#1029=DIRECTION('',(1.,0.,0.));
#1030=DIRECTION('',(-1.,0.,0.));
#1031=DIRECTION('',(0.,1.,0.));
#1032=DIRECTION('',(-1.,0.,0.));
#1033=DIRECTION('',(-1.,0.,0.));
#1034=DIRECTION('',(0.,0.,1.));
#1035=DIRECTION('',(-1.,0.,0.));
#1036=DIRECTION('',(0.,0.,-1.));
#1037=DIRECTION('',(-1.,0.,0.));
#1038=DIRECTION('',(0.,0.,1.));
#1039=DIRECTION('',(-1.,0.,0.));
#1040=DIRECTION('',(0.,0.,-1.));
#1041=DIRECTION('',(-1.,0.,0.));
#1042=DIRECTION('',(0.,0.,1.));
#1043=DIRECTION('',(0.,0.,1.));
#1044=DIRECTION('',(0.,1.,0.));
#1045=DIRECTION('',(0.,0.,-1.));
#1046=DIRECTION('',(-1.,0.,0.));
#1047=DIRECTION('',(0.,0.,-1.));
#1048=DIRECTION('',(-1.,0.,0.));
#1049=DIRECTION('',(0.,0.,-1.));
#1050=DIRECTION('',(-1.,0.,0.));
#1051=DIRECTION('',(0.,0.,-1.));
#1052=DIRECTION('',(-1.,0.,0.));
#1053=DIRECTION('',(0.,0.,-1.));
#1054=DIRECTION('',(-1.,0.,0.));
#1055=DIRECTION('',(0.,0.,-1.));
#1056=DIRECTION('',(-1.,0.,0.));
#1057=DIRECTION('',(0.,0.,1.));
#1058=DIRECTION('',(1.,0.,0.));
#1059=DIRECTION('',(0.,0.,1.));
#1060=DIRECTION('',(1.,0.,0.));
#1061=DIRECTION('',(0.,0.,-1.));
#1062=DIRECTION('',(-1.,0.,0.));
#1063=DIRECTION('',(0.,0.,-1.));
#1064=DIRECTION('',(-1.,0.,0.));
#1065=DIRECTION('',(0.,0.,-1.));
#1066=DIRECTION('',(-1.,0.,0.));
#1067=DIRECTION('',(0.,0.,1.));
#1068=DIRECTION('',(1.,0.,0.));
#1069=DIRECTION('',(0.,0.,-1.));
#1070=DIRECTION('',(-1.,0.,0.));
#1071=DIRECTION('',(0.,0.,-1.));
#1072=DIRECTION('',(-1.,0.,0.));
#1073=DIRECTION('',(0.,0.,-1.));
#1074=DIRECTION('',(-1.,0.,0.));
#1075=DIRECTION('',(0.,0.,-1.));
#1076=DIRECTION('',(-1.,0.,0.));
#1077=DIRECTION('',(0.,0.,-1.));
#1078=DIRECTION('',(-1.,0.,0.));
#1079=DIRECTION('',(0.,0.,-1.));
#1080=DIRECTION('',(-1.,0.,0.));
#1081=DIRECTION('',(0.,0.,1.));
#1082=DIRECTION('',(1.,0.,0.));
#1083=DIRECTION('',(0.,0.,1.));
#1084=DIRECTION('',(0.866025403784439,-0.5,0.));
#1085=DIRECTION('',(3.60555503696918E-17,4.85722573273506E-17,1.));
#1086=DIRECTION('',(-0.866025403784439,-0.5,5.55111512312578E-17));
#1087=DIRECTION('',(0.,0.,1.));
#1088=DIRECTION('',(1.,0.,0.));
#1089=DIRECTION('',(0.,0.,-1.));
#1090=DIRECTION('',(-1.,0.,0.));
#1091=DIRECTION('',(0.866025403784439,-0.5,0.));
#1092=DIRECTION('',(0.,0.,1.));
#1093=DIRECTION('',(1.,0.,0.));
#1094=DIRECTION('',(-0.866025403784438,-0.5,0.));
#1095=DIRECTION('',(0.5,-0.866025403784439,0.));
#1096=DIRECTION('',(-0.866025403784438,-0.5,0.));
#1097=DIRECTION('',(0.,0.,1.));
#1098=DIRECTION('',(1.,0.,0.));
#1099=DIRECTION('',(6.40276873515061E-17,1.,0.));
#1100=DIRECTION('',(-1.,0.,0.));
#1101=DIRECTION('',(6.40276873515061E-17,1.,0.));
#1102=DIRECTION('',(0.,0.,1.));
#1103=DIRECTION('',(1.,0.,0.));
#1104=DIRECTION('',(0.866025403784439,-0.5,0.));
#1105=DIRECTION('',(0.5,0.866025403784439,0.));
#1106=DIRECTION('',(0.,0.,-1.));
#1107=DIRECTION('',(-1.,0.,0.));
#1108=DIRECTION('',(0.,0.,-1.));
#1109=DIRECTION('',(-1.,0.,0.));
#1110=DIRECTION('',(0.,0.,-1.));
#1111=DIRECTION('',(0.,0.,1.));
#1112=DIRECTION('',(1.,0.,0.));
#1113=DIRECTION('',(0.,0.,-1.));
#1114=DIRECTION('',(0.,0.,-1.));
#1115=DIRECTION('',(-1.,0.,0.));
#1116=DIRECTION('',(0.,0.,-1.));
#1117=DIRECTION('',(0.,0.,1.));
#1118=DIRECTION('',(1.,0.,0.));
#1119=DIRECTION('',(0.,0.,-1.));
#1120=DIRECTION('',(0.,0.,-1.));
#1121=DIRECTION('',(-1.,0.,0.));
#1122=DIRECTION('',(0.,0.,-1.));
#1123=DIRECTION('',(0.,0.,1.));
#1124=DIRECTION('',(1.,0.,0.));
#1125=DIRECTION('',(0.,0.,-1.));
#1126=DIRECTION('',(0.,0.,-1.));
#1127=DIRECTION('',(-1.,0.,0.));
#1128=DIRECTION('',(0.,0.,-1.));
#1129=DIRECTION('',(-1.,0.,0.));
#1130=DIRECTION('',(0.,0.,-1.));
#1131=DIRECTION('',(-1.,0.,0.));
#1132=DIRECTION('',(0.,0.,1.));
#1133=DIRECTION('',(1.,0.,0.));
#1134=DIRECTION('',(0.5,0.866025403784439,0.));
#1135=DIRECTION('',(-0.866025403784439,0.5,0.));
#1136=DIRECTION('',(0.,0.,-1.));
#1137=DIRECTION('',(0.866025403784439,-0.5,0.));
#1138=DIRECTION('',(-0.866025403784439,0.5,0.));
#1139=DIRECTION('',(-0.5,-0.866025403784439,0.));
#1140=DIRECTION('',(0.,0.,-1.));
#1141=DIRECTION('',(0.5,0.866025403784439,0.));
#1142=DIRECTION('',(0.5,0.866025403784439,0.));
#1143=DIRECTION('',(-0.866025403784439,0.5,0.));
#1144=DIRECTION('',(0.866025403784439,-0.5,0.));
#1145=DIRECTION('',(0.,0.,-1.));
#1146=DIRECTION('',(1.,0.,0.));
#1147=DIRECTION('',(0.5,-0.866025403784439,0.));
#1148=DIRECTION('',(0.866025403784439,0.5,0.));
#1149=DIRECTION('',(0.,0.,-1.));
#1150=DIRECTION('',(-0.866025403784438,-0.5,0.));
#1151=DIRECTION('',(0.5,-0.866025403784438,0.));
#1152=DIRECTION('',(0.866025403784439,0.5,0.));
#1153=DIRECTION('',(-0.866025403784438,-0.5,0.));
#1154=DIRECTION('',(0.,0.,-1.));
#1155=DIRECTION('',(0.,0.,-1.));
#1156=DIRECTION('',(1.,0.,0.));
#1157=DIRECTION('',(0.5,-0.866025403784439,0.));
#1158=DIRECTION('',(0.866025403784439,0.5,0.));
#1159=DIRECTION('',(-0.5,0.866025403784439,0.));
#1160=DIRECTION('',(-1.,6.40276873515061E-17,0.));
#1161=DIRECTION('',(-6.40276873515061E-17,-1.,0.));
#1162=DIRECTION('',(6.40276873515061E-17,1.,0.));
#1163=DIRECTION('',(0.,0.,-1.));
#1164=DIRECTION('',(-1.,6.40276873515061E-17,0.));
#1165=DIRECTION('',(-6.40276873515061E-17,-1.,0.));
#1166=DIRECTION('',(0.,0.,-1.));
#1167=DIRECTION('',(6.40276873515061E-17,1.,0.));
#1168=DIRECTION('',(0.,0.,-1.));
#1169=DIRECTION('',(1.,0.,0.));
#1170=DIRECTION('',(-1.,0.,0.));
#1171=DIRECTION('',(0.,-1.,0.));
#1172=DIRECTION('',(0.,0.,-1.));
#1173=DIRECTION('',(0.,0.,1.));
#1174=DIRECTION('',(1.,0.,0.));
#1175=DIRECTION('',(0.,0.,1.));
#1176=DIRECTION('',(1.,0.,0.));
#1177=DIRECTION('',(0.,0.,1.));
#1178=DIRECTION('',(1.,0.,0.));
#1179=DIRECTION('',(0.,0.,1.));
#1180=DIRECTION('',(1.,0.,0.));
#1181=CARTESIAN_POINT('',(0.,0.,0.));
#1182=CARTESIAN_POINT('',(-0.000890045540045152,-0.0008361045,1.26317144711465E-19));
#1183=CARTESIAN_POINT('',(-0.0017800910800903,-0.0008361045,0.));
#1184=CARTESIAN_POINT('',(-0.0017800910800903,-0.000776017655230793,0.));
#1185=CARTESIAN_POINT('',(-0.0017800910800903,0.000776017655230794,0.));
#1186=CARTESIAN_POINT('',(-0.00291444360102734,7.41045E-5,6.50521303491303E-19));
#1187=CARTESIAN_POINT('',(0.,7.41045E-5,0.));
#1188=CARTESIAN_POINT('',(0.00508,7.41045E-5,0.));
#1189=CARTESIAN_POINT('',(0.00508,7.41045E-5,0.));
#1190=CARTESIAN_POINT('',(0.00508,-0.0008361045,0.));
#1191=CARTESIAN_POINT('',(0.00508,-7.41045E-5,0.));
#1192=CARTESIAN_POINT('',(0.00508,-7.41045E-5,0.));
#1193=CARTESIAN_POINT('',(0.,-7.41045E-5,0.));
#1194=CARTESIAN_POINT('',(-0.00291444360102735,-7.41045E-5,4.33680868994202E-19));
#1195=CARTESIAN_POINT('',(-0.000890045540045146,-0.0008361045,0.0232728477910311));
#1196=CARTESIAN_POINT('',(-0.0206361335241794,-0.0008361045,0.00376418827029131));
#1197=CARTESIAN_POINT('',(-0.0206361335241794,-7.41045E-5,0.00376418827029131));
#1198=CARTESIAN_POINT('',(-0.0206361335241794,7.41045E-5,0.00376418827029131));
#1199=CARTESIAN_POINT('',(8.89045781438114E-18,-7.41045E-5,0.0241521913558245));
#1200=CARTESIAN_POINT('',(8.67361737988404E-18,-7.41045E-5,0.0241521913558245));
#1201=CARTESIAN_POINT('',(8.67361737988404E-18,-0.0008361045,0.0241521913558245));
#1202=CARTESIAN_POINT('',(8.67361737988404E-18,7.41045E-5,0.0241521913558245));
#1203=CARTESIAN_POINT('',(-0.000890045540045146,7.41045E-5,0.0232728477910311));
#1204=CARTESIAN_POINT('',(-0.0206361335241794,-0.0008361045,0.00188209413514566));
#1205=CARTESIAN_POINT('',(-0.0206361335241794,-0.0008361045,-0.00558989250307955));
#1206=CARTESIAN_POINT('',(-0.0206361335241794,-7.41045E-5,-0.00558989250307955));
#1207=CARTESIAN_POINT('',(-0.0206361335241794,7.41045E-5,-0.00558989250307955));
#1208=CARTESIAN_POINT('',(-0.0206361335241794,-7.41045E-5,0.00376418827029131));
#1209=CARTESIAN_POINT('',(-0.0206361335241794,7.41045E-5,0.00188209413514566));
#1210=CARTESIAN_POINT('',(-0.0112081123021349,-0.0008361045,-0.00303604078050608));
#1211=CARTESIAN_POINT('',(-0.0017800910800903,7.41045E-5,-0.000482189057932606));
#1212=CARTESIAN_POINT('',(-0.0017800910800903,7.41045E-5,-0.000482189057932606));
#1213=CARTESIAN_POINT('',(-0.0017800910800903,-0.0008361045,-0.000482189057932606));
#1214=CARTESIAN_POINT('',(-0.0017800910800903,-7.41045E-5,-0.000482189057932606));
#1215=CARTESIAN_POINT('',(-0.0112081123021349,-7.41045E-5,-0.00303604078050608));
#1216=CARTESIAN_POINT('',(-0.0017800910800903,-0.0008361045,-0.000241094528966303));
#1217=CARTESIAN_POINT('',(-0.0017800910800903,7.41045E-5,0.000307272127562351));
#1218=CARTESIAN_POINT('',(-0.0017800910800903,-7.41045E-5,0.000307272127562353));
#1219=CARTESIAN_POINT('',(-0.0122230667620897,-0.0008361045,0.00876512518152595));
#1220=CARTESIAN_POINT('',(-0.0093747520976814,-0.0008361045,-0.00174996105693513));
#1221=CARTESIAN_POINT('',(-0.0198741335241794,-0.0008361045,-0.00459402161964599));
#1222=CARTESIAN_POINT('',(0.,-0.0008361045,0.000789461185494958));
#1223=CARTESIAN_POINT('',(0.00508,-0.0008361045,0.000789461185494958));
#1224=CARTESIAN_POINT('',(0.00508,-0.0008361045,0.000789461185494958));
#1225=CARTESIAN_POINT('',(0.00508,-0.0008361045,0.0120760956779122));
#1226=CARTESIAN_POINT('',(0.00508,-0.0008361045,0.0230810197853616));
#1227=CARTESIAN_POINT('',(0.00508,-0.0008361045,0.0230810197853616));
#1228=CARTESIAN_POINT('',(0.,-0.0008361045,0.0230810197853616));
#1229=CARTESIAN_POINT('',(-0.0201005869243528,-0.0008361045,0.00322212384661632));
#1230=CARTESIAN_POINT('',(-0.0198741335241794,-0.0008361045,0.00344585435388667));
#1231=CARTESIAN_POINT('',(-0.0198741335241794,-0.0008361045,-0.00558989250307955));
#1232=CARTESIAN_POINT('',(-0.0122230667620897,0.0008361045,0.00876512518152595));
#1233=CARTESIAN_POINT('',(-0.0198741335241794,0.0008361045,0.00876512518152595));
#1234=CARTESIAN_POINT('',(-0.0198741335241794,0.0008361045,-0.00459402161964599));
#1235=CARTESIAN_POINT('',(-0.0198741335241794,0.0008361045,0.00344585435388667));
#1236=CARTESIAN_POINT('',(-0.013342884289132,0.0008361045,0.00989857135150211));
#1237=CARTESIAN_POINT('',(0.,0.0008361045,0.0230810197853616));
#1238=CARTESIAN_POINT('',(0.00508,0.0008361045,0.0230810197853616));
#1239=CARTESIAN_POINT('',(0.00508,0.0008361045,0.0230810197853616));
#1240=CARTESIAN_POINT('',(0.00508,0.0008361045,0.0120760956779122));
#1241=CARTESIAN_POINT('',(0.00508,0.0008361045,0.000789461185494958));
#1242=CARTESIAN_POINT('',(0.00508,0.0008361045,0.000789461185494958));
#1243=CARTESIAN_POINT('',(0.,0.0008361045,0.000789461185494958));
#1244=CARTESIAN_POINT('',(-0.0208353633187774,0.0008361045,-0.0048543984589538));
#1245=CARTESIAN_POINT('',(-0.0114073420967328,-7.41045E-5,-0.00230054673638032));
#1246=CARTESIAN_POINT('',(0.,-7.41045E-5,0.000789461185494958));
#1247=CARTESIAN_POINT('',(-0.0198741335241794,-7.41045E-5,-0.00459402161964598));
#1248=CARTESIAN_POINT('',(-0.0198741335241794,-7.41045E-5,0.00876512518152595));
#1249=CARTESIAN_POINT('',(-0.0198741335241794,-7.41045E-5,0.00344585435388667));
#1250=CARTESIAN_POINT('',(-0.0133428842891319,-7.41045E-5,0.00989857135150211));
#1251=CARTESIAN_POINT('',(0.,-7.41045E-5,0.0230810197853616));
#1252=CARTESIAN_POINT('',(-0.0093747520976814,7.41045E-5,-0.00174996105693513));
#1253=CARTESIAN_POINT('',(-0.0198741335241794,7.41045E-5,-0.00459402161964599));
#1254=CARTESIAN_POINT('',(0.,7.41045E-5,0.000789461185494957));
#1255=CARTESIAN_POINT('',(-0.0198741335241794,7.41045E-5,0.00188209413514566));
#1256=CARTESIAN_POINT('',(-0.0198741335241794,7.41045E-5,0.00344585435388666));
#1257=CARTESIAN_POINT('',(-0.000354498940218479,7.41045E-5,0.0227307833673561));
#1258=CARTESIAN_POINT('',(0.,7.41045E-5,0.0230810197853616));
#1259=CARTESIAN_POINT('',(0.00508,-0.0008361045,0.0241521913558245));
#1260=CARTESIAN_POINT('',(0.00508,-7.41045E-5,0.0241521913558245));
#1261=CARTESIAN_POINT('',(0.00508,-7.41045E-5,0.0241521913558245));
#1262=CARTESIAN_POINT('',(0.00508,-0.0008361045,0.0241521913558245));
#1263=CARTESIAN_POINT('',(0.00508,7.41045E-5,0.0241521913558245));
#1264=CARTESIAN_POINT('',(0.00508,7.41045E-5,0.0241521913558245));
#1265=CARTESIAN_POINT('',(0.00508,-0.0008361045,0.0230810197853616));
#1266=CARTESIAN_POINT('',(8.67361737988404E-18,-0.0008361045,0.0230810197853616));
#1267=CARTESIAN_POINT('',(0.00508,-0.0008361045,0.0233614518467366));
#1268=CARTESIAN_POINT('',(8.67361737988404E-18,-0.0008361045,0.0233614518467366));
#1269=CARTESIAN_POINT('',(0.00508,-0.000670989667776826,0.0239200833320197));
#1270=CARTESIAN_POINT('',(7.80625564189563E-18,-0.000670989667776826,0.0239200833320197));
#1271=CARTESIAN_POINT('',(0.00508,-0.000273595633502951,0.0241521913558245));
#1272=CARTESIAN_POINT('',(8.67361737988404E-18,-0.000273595633502951,0.0241521913558245));
#1273=CARTESIAN_POINT('',(0.00508,-7.41044999999986E-5,0.0241521913558245));
#1274=CARTESIAN_POINT('',(8.67361737988404E-18,-7.41044999999986E-5,0.0241521913558245));
#1275=CARTESIAN_POINT('',(0.00508,-7.41045E-5,0.0230810197853616));
#1276=CARTESIAN_POINT('',(0.00508,-7.41045E-5,-9.75781955236954E-19));
#1277=CARTESIAN_POINT('',(0.,-7.41045E-5,-9.75781955236954E-19));
#1278=CARTESIAN_POINT('',(0.00508,-0.000273595633502952,-9.75781955236954E-19));
#1279=CARTESIAN_POINT('',(0.,-0.000273595633502952,-9.75781955236954E-19));
#1280=CARTESIAN_POINT('',(0.00508,-0.000670989667776822,0.00017106529027521));
#1281=CARTESIAN_POINT('',(-8.67361737988404E-19,-0.000670989667776822,0.00017106529027521));
#1282=CARTESIAN_POINT('',(0.00508,-0.0008361045,0.000582780730441187));
#1283=CARTESIAN_POINT('',(0.,-0.0008361045,0.000582780730441187));
#1284=CARTESIAN_POINT('',(0.00508,-0.0008361045,0.000789461185494958));
#1285=CARTESIAN_POINT('',(0.,-0.0008361045,0.000789461185494958));
#1286=CARTESIAN_POINT('',(0.00508,-7.41045E-5,0.000789461185494958));
#1287=CARTESIAN_POINT('',(0.00508,0.0008361045,0.000789461185494958));
#1288=CARTESIAN_POINT('',(0.,0.0008361045,0.000789461185494958));
#1289=CARTESIAN_POINT('',(0.00508,0.0008361045,0.000582780730441187));
#1290=CARTESIAN_POINT('',(0.,0.0008361045,0.000582780730441187));
#1291=CARTESIAN_POINT('',(0.00508,0.000670989667776823,0.00017106529027521));
#1292=CARTESIAN_POINT('',(0.,0.000670989667776823,0.00017106529027521));
#1293=CARTESIAN_POINT('',(0.00508,0.000273595633502952,-2.0180374146774E-18));
#1294=CARTESIAN_POINT('',(0.,0.000273595633502952,-2.0180374146774E-18));
#1295=CARTESIAN_POINT('',(0.00508,7.41044999999998E-5,-1.95156391047391E-18));
#1296=CARTESIAN_POINT('',(0.,7.41044999999998E-5,-1.95156391047391E-18));
#1297=CARTESIAN_POINT('',(0.00508,7.41045E-5,0.000789461185494957));
#1298=CARTESIAN_POINT('',(0.00508,7.41044999999999E-5,0.0241521913558245));
#1299=CARTESIAN_POINT('',(0.,7.41044999999999E-5,0.0241521913558245));
#1300=CARTESIAN_POINT('',(0.00508,0.000273595633502952,0.0241521913558245));
#1301=CARTESIAN_POINT('',(0.,0.000273595633502952,0.0241521913558245));
#1302=CARTESIAN_POINT('',(0.00508,0.000670989667776823,0.0239200833320198));
#1303=CARTESIAN_POINT('',(-8.67361737988404E-19,0.000670989667776823,0.0239200833320198));
#1304=CARTESIAN_POINT('',(0.00508,0.0008361045,0.0233614518467366));
#1305=CARTESIAN_POINT('',(0.,0.0008361045,0.0233614518467366));
#1306=CARTESIAN_POINT('',(0.00508,0.0008361045,0.0230810197853616));
#1307=CARTESIAN_POINT('',(0.,0.0008361045,0.0230810197853616));
#1308=CARTESIAN_POINT('',(0.00508,7.41045E-5,0.0230810197853616));
#1309=CARTESIAN_POINT('',(0.00508,-0.0008361045,0.0120760956779122));
#1310=CARTESIAN_POINT('',(0.0369782632859894,0.0307175884145958,-0.030198418076375));
#1311=CARTESIAN_POINT('',(-0.00316214639000461,-0.0031621463900046,0.0446744598448277));
#1312=CARTESIAN_POINT('',(-0.00447195031095363,-1.02999206386123E-18,0.0446744598448277));
#1313=CARTESIAN_POINT('',(-0.0031621463900046,0.0031621463900046,0.0446744598448277));
#1314=CARTESIAN_POINT('',(-1.11130722679764E-18,0.00447195031095363,0.0446744598448277));
#1315=CARTESIAN_POINT('',(0.0031621463900046,0.0031621463900046,0.0446744598448276));
#1316=CARTESIAN_POINT('',(0.00447195031095363,5.68359107607636E-19,0.0446744598448277));
#1317=CARTESIAN_POINT('',(0.0031621463900046,-0.0031621463900046,0.0446744598448277));
#1318=CARTESIAN_POINT('',(2.33103467084383E-18,-0.00447195031095363,0.0446744598448277));
#1319=CARTESIAN_POINT('',(-0.00316214639000461,-0.0031621463900046,0.0446744598448277));
#1320=CARTESIAN_POINT('',(-0.00447195031095363,-1.02999206386123E-18,0.0446744598448277));
#1321=CARTESIAN_POINT('',(-0.0031621463900046,0.0031621463900046,0.0446744598448277));
#1322=CARTESIAN_POINT('',(-0.00301396788060145,-0.00301396788060145,0.0445861593001675));
#1323=CARTESIAN_POINT('',(-0.00426239425330346,-1.02999206386123E-18,0.0445861593001675));
#1324=CARTESIAN_POINT('',(-0.00301396788060145,0.00301396788060145,0.0445861593001675));
#1325=CARTESIAN_POINT('',(2.71050543121376E-19,0.00426239425330346,0.0445861593001675));
#1326=CARTESIAN_POINT('',(0.00301396788060145,0.00301396788060145,0.0445861593001675));
#1327=CARTESIAN_POINT('',(0.00426239425330346,6.01393392550553E-19,0.0445861593001675));
#1328=CARTESIAN_POINT('',(0.00301396788060145,-0.00301396788060145,0.0445861593001675));
#1329=CARTESIAN_POINT('',(2.22261445359528E-18,-0.00426239425330347,0.0445861593001675));
#1330=CARTESIAN_POINT('',(-0.00301396788060145,-0.00301396788060145,0.0445861593001675));
#1331=CARTESIAN_POINT('',(-0.00426239425330346,-1.02999206386123E-18,0.0445861593001675));
#1332=CARTESIAN_POINT('',(-0.00301396788060145,0.00301396788060145,0.0445861593001675));
#1333=CARTESIAN_POINT('',(-0.00273866573561955,-0.00273866573561955,0.0443101273673212));
#1334=CARTESIAN_POINT('',(-0.00387305822611966,-4.87890977618477E-19,0.0443101273673213));
#1335=CARTESIAN_POINT('',(-0.00273866573561955,0.00273866573561955,0.0443101273673212));
#1336=CARTESIAN_POINT('',(-2.43945488809238E-19,0.00387305822611966,0.0443101273673212));
#1337=CARTESIAN_POINT('',(0.00273866573561955,0.00273866573561955,0.0443101273673213));
#1338=CARTESIAN_POINT('',(0.00387305822611966,3.11708124589583E-19,0.0443101273673213));
#1339=CARTESIAN_POINT('',(0.00273866573561955,-0.00273866573561955,0.0443101273673212));
#1340=CARTESIAN_POINT('',(2.7376104855259E-18,-0.00387305822611966,0.0443101273673213));
#1341=CARTESIAN_POINT('',(-0.00273866573561955,-0.00273866573561955,0.0443101273673212));
#1342=CARTESIAN_POINT('',(-0.00387305822611966,-4.87890977618477E-19,0.0443101273673213));
#1343=CARTESIAN_POINT('',(-0.00273866573561955,0.00273866573561955,0.0443101273673212));
#1344=CARTESIAN_POINT('',(-0.00236141493934927,-0.00236141493934927,0.0435776295514072));
#1345=CARTESIAN_POINT('',(-0.00333954503361818,-5.96311194867027E-19,0.0435776295514071));
#1346=CARTESIAN_POINT('',(-0.00236141493934927,0.00236141493934927,0.0435776295514072));
#1347=CARTESIAN_POINT('',(-1.20617491689012E-18,0.00333954503361818,0.0435776295514071));
#1348=CARTESIAN_POINT('',(0.00236141493934927,0.00236141493934927,0.0435776295514071));
#1349=CARTESIAN_POINT('',(0.00333954503361818,6.91178884959509E-19,0.0435776295514072));
#1350=CARTESIAN_POINT('',(0.00236141493934927,-0.00236141493934927,0.0435776295514072));
#1351=CARTESIAN_POINT('',(2.33103467084383E-18,-0.00333954503361818,0.0435776295514072));
#1352=CARTESIAN_POINT('',(-0.00236141493934927,-0.00236141493934927,0.0435776295514072));
#1353=CARTESIAN_POINT('',(-0.00333954503361818,-5.96311194867027E-19,0.0435776295514071));
#1354=CARTESIAN_POINT('',(-0.00236141493934927,0.00236141493934927,0.0435776295514072));
#1355=CARTESIAN_POINT('',(-0.0021206409861253,-0.0021206409861253,0.0428942252584431));
#1356=CARTESIAN_POINT('',(-0.00299903924350265,-5.42101086242752E-19,0.0428942252584431));
#1357=CARTESIAN_POINT('',(-0.0021206409861253,0.0021206409861253,0.0428942252584431));
#1358=CARTESIAN_POINT('',(-1.76182853028894E-19,0.00299903924350266,0.0428942252584431));
#1359=CARTESIAN_POINT('',(0.0021206409861253,0.0021206409861253,0.0428942252584431));
#1360=CARTESIAN_POINT('',(0.00299903924350266,3.2102548700938E-19,0.0428942252584431));
#1361=CARTESIAN_POINT('',(0.0021206409861253,-0.0021206409861253,0.0428942252584431));
#1362=CARTESIAN_POINT('',(1.16551733542192E-18,-0.00299903924350266,0.0428942252584431));
#1363=CARTESIAN_POINT('',(-0.0021206409861253,-0.0021206409861253,0.0428942252584431));
#1364=CARTESIAN_POINT('',(-0.00299903924350265,-5.42101086242752E-19,0.0428942252584431));
#1365=CARTESIAN_POINT('',(-0.0021206409861253,0.0021206409861253,0.0428942252584431));
#1366=CARTESIAN_POINT('',(-0.00196145980613409,-0.00196145980613409,0.0421705818619631));
#1367=CARTESIAN_POINT('',(-0.00277392305988453,-5.42101086242752E-19,0.0421705818619631));
#1368=CARTESIAN_POINT('',(-0.00196145980613409,0.00196145980613409,0.0421705818619631));
#1369=CARTESIAN_POINT('',(-7.18283939271647E-19,0.00277392305988453,0.0421705818619631));
#1370=CARTESIAN_POINT('',(0.00196145980613409,0.00196145980613409,0.0421705818619631));
#1371=CARTESIAN_POINT('',(0.00277392305988453,1.89311863711336E-19,0.0421705818619631));
#1372=CARTESIAN_POINT('',(0.00196145980613409,-0.00196145980613409,0.0421705818619631));
#1373=CARTESIAN_POINT('',(8.67361737988404E-19,-0.00277392305988454,0.0421705818619631));
#1374=CARTESIAN_POINT('',(-0.00196145980613409,-0.00196145980613409,0.0421705818619631));
#1375=CARTESIAN_POINT('',(-0.00277392305988453,-5.42101086242752E-19,0.0421705818619631));
#1376=CARTESIAN_POINT('',(-0.00196145980613409,0.00196145980613409,0.0421705818619631));
#1377=CARTESIAN_POINT('',(-0.00188071783903404,-0.00188071783903404,0.0412918548029721));
#1378=CARTESIAN_POINT('',(-0.00265973667495896,-4.60785923306339E-19,0.0412918548029721));
#1379=CARTESIAN_POINT('',(-0.00188071783903404,0.00188071783903404,0.0412918548029721));
#1380=CARTESIAN_POINT('',(-3.25260651745651E-19,0.00265973667495896,0.0412918548029721));
#1381=CARTESIAN_POINT('',(0.00188071783903404,0.00188071783903404,0.0412918548029721));
#1382=CARTESIAN_POINT('',(0.00265973667495897,4.12081528839217E-19,0.0412918548029721));
#1383=CARTESIAN_POINT('',(0.00188071783903404,-0.00188071783903404,0.0412918548029721));
#1384=CARTESIAN_POINT('',(1.24683249835833E-18,-0.00265973667495897,0.0412918548029721));
#1385=CARTESIAN_POINT('',(-0.00188071783903404,-0.00188071783903404,0.0412918548029721));
#1386=CARTESIAN_POINT('',(-0.00265973667495896,-4.60785923306339E-19,0.0412918548029721));
#1387=CARTESIAN_POINT('',(-0.00188071783903404,0.00188071783903404,0.0412918548029721));
#1388=CARTESIAN_POINT('',(-0.00195069272909312,-0.00195069272909312,0.040845542613625));
#1389=CARTESIAN_POINT('',(-0.00275869611350608,-6.50521303491303E-19,0.040845542613625));
#1390=CARTESIAN_POINT('',(-0.00195069272909312,0.00195069272909312,0.040845542613625));
#1391=CARTESIAN_POINT('',(-8.13151629364128E-19,0.00275869611350608,0.040845542613625));
#1392=CARTESIAN_POINT('',(0.00195069272909312,0.00195069272909312,0.040845542613625));
#1393=CARTESIAN_POINT('',(0.00275869611350608,5.28548559086683E-19,0.040845542613625));
#1394=CARTESIAN_POINT('',(0.00195069272909312,-0.00195069272909312,0.040845542613625));
#1395=CARTESIAN_POINT('',(7.86046575051991E-19,-0.00275869611350608,0.040845542613625));
#1396=CARTESIAN_POINT('',(-0.00195069272909312,-0.00195069272909312,0.040845542613625));
#1397=CARTESIAN_POINT('',(-0.00275869611350608,-6.50521303491303E-19,0.040845542613625));
#1398=CARTESIAN_POINT('',(-0.00195069272909312,0.00195069272909312,0.040845542613625));
#1399=CARTESIAN_POINT('',(-0.00201840734497187,-0.00201840734497187,0.0406507700681686));
#1400=CARTESIAN_POINT('',(-0.00285445904165269,-5.96311194867027E-19,0.0406507700681687));
#1401=CARTESIAN_POINT('',(-0.00201840734497187,0.00201840734497187,0.0406507700681687));
#1402=CARTESIAN_POINT('',(-4.87890977618477E-19,0.00285445904165269,0.0406507700681687));
#1403=CARTESIAN_POINT('',(0.00201840734497187,0.00201840734497187,0.0406507700681687));
#1404=CARTESIAN_POINT('',(0.00285445904165269,4.00646584051284E-19,0.0406507700681687));
#1405=CARTESIAN_POINT('',(0.00201840734497187,-0.00201840734497187,0.0406507700681687));
#1406=CARTESIAN_POINT('',(1.24683249835833E-18,-0.00285445904165269,0.0406507700681687));
#1407=CARTESIAN_POINT('',(-0.00201840734497187,-0.00201840734497187,0.0406507700681686));
#1408=CARTESIAN_POINT('',(-0.00285445904165269,-5.96311194867027E-19,0.0406507700681687));
#1409=CARTESIAN_POINT('',(-0.00201840734497187,0.00201840734497187,0.0406507700681687));
#1410=CARTESIAN_POINT('',(0.,0.,0.0406507700681687));
#1411=CARTESIAN_POINT('',(-0.00257577514275909,0.,0.0406507700681687));
#1412=CARTESIAN_POINT('',(0.,0.,0.0446744598448277));
#1413=CARTESIAN_POINT('',(-0.00403534900397062,0.,0.0446744598448277));
#1414=CARTESIAN_POINT('',(-0.00382523593382062,-0.0015844646030654,0.0446744598448277));
#1415=CARTESIAN_POINT('',(-0.00414040553904562,-3.03576608295941E-18,0.0446744598448277));
#1416=CARTESIAN_POINT('',(-0.00382523593382061,0.00158446460306541,0.0446744598448276));
#1417=CARTESIAN_POINT('',(-0.0029277088335215,0.0029277088335215,0.0446744598448277));
#1418=CARTESIAN_POINT('',(-0.00158446460306541,0.00382523593382061,0.0446744598448276));
#1419=CARTESIAN_POINT('',(-1.08081404069649E-18,0.00414040553904562,0.0446744598448277));
#1420=CARTESIAN_POINT('',(0.00158446460306541,0.00382523593382061,0.0446744598448277));
#1421=CARTESIAN_POINT('',(0.0029277088335215,0.0029277088335215,0.0446744598448277));
#1422=CARTESIAN_POINT('',(0.00382523593382061,0.00158446460306541,0.0446744598448277));
#1423=CARTESIAN_POINT('',(0.00414040553904562,6.06707200805594E-19,0.0446744598448277));
#1424=CARTESIAN_POINT('',(0.00382523593382061,-0.00158446460306541,0.0446744598448277));
#1425=CARTESIAN_POINT('',(0.0029277088335215,-0.0029277088335215,0.0446744598448277));
#1426=CARTESIAN_POINT('',(0.00158446460306541,-0.00382523593382061,0.0446744598448277));
#1427=CARTESIAN_POINT('',(1.21633931225718E-18,-0.00414040553904562,0.0446744598448277));
#1428=CARTESIAN_POINT('',(-0.00158446460306541,-0.00382523593382061,0.0446744598448277));
#1429=CARTESIAN_POINT('',(-0.00292770883352151,-0.0029277088335215,0.0446744598448277));
#1430=CARTESIAN_POINT('',(-0.00382523593382062,-0.0015844646030654,0.0446744598448277));
#1431=CARTESIAN_POINT('',(-0.00414040553904562,-3.03576608295941E-18,0.0446744598448277));
#1432=CARTESIAN_POINT('',(-0.00382523593382061,0.00158446460306541,0.0446744598448276));
#1433=CARTESIAN_POINT('',(-0.00499681632912792,-0.00206974909221212,0.0452132054024594));
#1434=CARTESIAN_POINT('',(-0.00540851502094172,-3.57786716920216E-18,0.0452132054024593));
#1435=CARTESIAN_POINT('',(-0.00499681632912791,0.00206974909221213,0.0452132054024593));
#1436=CARTESIAN_POINT('',(-0.0038243976474572,0.00382439764745719,0.0452132054024594));
#1437=CARTESIAN_POINT('',(-0.00206974909221212,0.00499681632912791,0.0452132054024593));
#1438=CARTESIAN_POINT('',(-8.02987233997077E-19,0.00540851502094173,0.0452132054024594));
#1439=CARTESIAN_POINT('',(0.00206974909221212,0.00499681632912791,0.0452132054024594));
#1440=CARTESIAN_POINT('',(0.00382439764745719,0.0038243976474572,0.0452132054024594));
#1441=CARTESIAN_POINT('',(0.00499681632912791,0.00206974909221213,0.0452132054024594));
#1442=CARTESIAN_POINT('',(0.00540851502094172,6.32753463933664E-19,0.0452132054024594));
#1443=CARTESIAN_POINT('',(0.00499681632912792,-0.00206974909221212,0.0452132054024594));
#1444=CARTESIAN_POINT('',(0.00382439764745719,-0.00382439764745719,0.0452132054024594));
#1445=CARTESIAN_POINT('',(0.00206974909221213,-0.00499681632912791,0.0452132054024594));
#1446=CARTESIAN_POINT('',(-9.75781955236954E-19,-0.00540851502094172,0.0452132054024594));
#1447=CARTESIAN_POINT('',(-0.00206974909221212,-0.00499681632912792,0.0452132054024594));
#1448=CARTESIAN_POINT('',(-0.0038243976474572,-0.00382439764745719,0.0452132054024593));
#1449=CARTESIAN_POINT('',(-0.00499681632912792,-0.00206974909221212,0.0452132054024594));
#1450=CARTESIAN_POINT('',(-0.00540851502094172,-3.57786716920216E-18,0.0452132054024593));
#1451=CARTESIAN_POINT('',(-0.00499681632912791,0.00206974909221213,0.0452132054024593));
#1452=CARTESIAN_POINT('',(-0.00587226627778893,-0.00243237233412633,0.0460207819884529));
#1453=CARTESIAN_POINT('',(-0.00635609521711877,-4.93311988480905E-18,0.0460207819884529));
#1454=CARTESIAN_POINT('',(-0.00587226627778892,0.00243237233412634,0.0460207819884529));
#1455=CARTESIAN_POINT('',(-0.00449443802989207,0.00449443802989207,0.0460207819884529));
#1456=CARTESIAN_POINT('',(-0.00243237233412634,0.00587226627778892,0.0460207819884529));
#1457=CARTESIAN_POINT('',(-1.42809754907075E-18,0.00635609521711877,0.0460207819884529));
#1458=CARTESIAN_POINT('',(0.00243237233412634,0.00587226627778892,0.0460207819884529));
#1459=CARTESIAN_POINT('',(0.00449443802989207,0.00449443802989207,0.0460207819884529));
#1460=CARTESIAN_POINT('',(0.00587226627778892,0.00243237233412635,0.0460207819884529));
#1461=CARTESIAN_POINT('',(0.00635609521711878,6.46931339632823E-19,0.0460207819884529));
#1462=CARTESIAN_POINT('',(0.00587226627778892,-0.00243237233412634,0.0460207819884529));
#1463=CARTESIAN_POINT('',(0.00449443802989207,-0.00449443802989207,0.0460207819884529));
#1464=CARTESIAN_POINT('',(0.00243237233412634,-0.00587226627778892,0.0460207819884529));
#1465=CARTESIAN_POINT('',(4.23855286806052E-18,-0.00635609521711878,0.0460207819884529));
#1466=CARTESIAN_POINT('',(-0.00243237233412634,-0.00587226627778892,0.0460207819884529));
#1467=CARTESIAN_POINT('',(-0.00449443802989207,-0.00449443802989207,0.0460207819884529));
#1468=CARTESIAN_POINT('',(-0.00587226627778893,-0.00243237233412633,0.0460207819884529));
#1469=CARTESIAN_POINT('',(-0.00635609521711877,-4.93311988480905E-18,0.0460207819884529));
#1470=CARTESIAN_POINT('',(-0.00587226627778892,0.00243237233412634,0.0460207819884529));
#1471=CARTESIAN_POINT('',(-0.00645158577980364,-0.00267233432880805,0.0470971896028084));
#1472=CARTESIAN_POINT('',(-0.00698314612757677,-5.31259064517897E-18,0.0470971896028084));
#1473=CARTESIAN_POINT('',(-0.00645158577980364,0.00267233432880807,0.0470971896028084));
#1474=CARTESIAN_POINT('',(-0.00493782998082612,0.00493782998082612,0.0470971896028084));
#1475=CARTESIAN_POINT('',(-0.00267233432880807,0.00645158577980364,0.0470971896028084));
#1476=CARTESIAN_POINT('',(-8.92772726406033E-19,0.00698314612757678,0.0470971896028084));
#1477=CARTESIAN_POINT('',(0.00267233432880807,0.00645158577980364,0.0470971896028084));
#1478=CARTESIAN_POINT('',(0.00493782998082612,0.00493782998082612,0.0470971896028084));
#1479=CARTESIAN_POINT('',(0.00645158577980363,0.00267233432880807,0.0470971896028084));
#1480=CARTESIAN_POINT('',(0.00698314612757678,1.08519478922057E-18,0.0470971896028084));
#1481=CARTESIAN_POINT('',(0.00645158577980364,-0.00267233432880807,0.0470971896028084));
#1482=CARTESIAN_POINT('',(0.00493782998082612,-0.00493782998082612,0.0470971896028084));
#1483=CARTESIAN_POINT('',(0.00267233432880807,-0.00645158577980363,0.0470971896028084));
#1484=CARTESIAN_POINT('',(1.62630325872826E-18,-0.00698314612757678,0.0470971896028084));
#1485=CARTESIAN_POINT('',(-0.00267233432880807,-0.00645158577980364,0.0470971896028084));
#1486=CARTESIAN_POINT('',(-0.00493782998082612,-0.00493782998082612,0.0470971896028084));
#1487=CARTESIAN_POINT('',(-0.00645158577980364,-0.00267233432880805,0.0470971896028084));
#1488=CARTESIAN_POINT('',(-0.00698314612757677,-5.31259064517897E-18,0.0470971896028084));
#1489=CARTESIAN_POINT('',(-0.00645158577980364,0.00267233432880807,0.0470971896028084));
#1490=CARTESIAN_POINT('',(0.,0.,0.0470971896028084));
#1491=CARTESIAN_POINT('',(-0.00680595934498573,0.,0.0470971896028084));
#1492=CARTESIAN_POINT('',(-0.00645158577980364,-0.00267233432880805,0.0470971896028084));
#1493=CARTESIAN_POINT('',(-0.00698314612757678,-5.36680075380325E-18,0.0470971896028084));
#1494=CARTESIAN_POINT('',(-0.00645158577980364,0.00267233432880807,0.0470971896028084));
#1495=CARTESIAN_POINT('',(-0.00493782998082612,0.00493782998082612,0.0470971896028084));
#1496=CARTESIAN_POINT('',(-0.00267233432880807,0.00645158577980364,0.0470971896028084));
#1497=CARTESIAN_POINT('',(-8.97854924089558E-19,0.00698314612757678,0.0470971896028084));
#1498=CARTESIAN_POINT('',(0.00267233432880807,0.00645158577980364,0.0470971896028084));
#1499=CARTESIAN_POINT('',(0.00493782998082612,0.00493782998082612,0.0470971896028084));
#1500=CARTESIAN_POINT('',(0.00645158577980363,0.00267233432880807,0.0470971896028084));
#1501=CARTESIAN_POINT('',(0.00698314612757678,1.17235977344896E-18,0.0470971896028084));
#1502=CARTESIAN_POINT('',(0.00645158577980364,-0.00267233432880807,0.0470971896028084));
#1503=CARTESIAN_POINT('',(0.00493782998082612,-0.00493782998082612,0.0470971896028084));
#1504=CARTESIAN_POINT('',(0.00267233432880807,-0.00645158577980364,0.0470971896028084));
#1505=CARTESIAN_POINT('',(1.79570984817912E-18,-0.00698314612757678,0.0470971896028084));
#1506=CARTESIAN_POINT('',(-0.00267233432880807,-0.00645158577980364,0.0470971896028084));
#1507=CARTESIAN_POINT('',(-0.00493782998082612,-0.00493782998082612,0.0470971896028084));
#1508=CARTESIAN_POINT('',(-0.00645158577980364,-0.00267233432880805,0.0470971896028084));
#1509=CARTESIAN_POINT('',(-0.00698314612757678,-5.36680075380325E-18,0.0470971896028084));
#1510=CARTESIAN_POINT('',(-0.00645158577980364,0.00267233432880807,0.0470971896028084));
#1511=CARTESIAN_POINT('',(-0.00677082949469093,-0.00280456940521673,0.0476903620479698));
#1512=CARTESIAN_POINT('',(-0.00732869303456313,-4.87890977618477E-18,0.0476903620479698));
#1513=CARTESIAN_POINT('',(-0.00677082949469092,0.00280456940521675,0.0476903620479698));
#1514=CARTESIAN_POINT('',(-0.00518216854197421,0.00518216854197421,0.0476903620479698));
#1515=CARTESIAN_POINT('',(-0.00280456940521675,0.00677082949469092,0.0476903620479698));
#1516=CARTESIAN_POINT('',(-1.48061359180052E-18,0.00732869303456314,0.0476903620479698));
#1517=CARTESIAN_POINT('',(0.00280456940521675,0.00677082949469092,0.0476903620479698));
#1518=CARTESIAN_POINT('',(0.00518216854197421,0.00518216854197421,0.0476903620479698));
#1519=CARTESIAN_POINT('',(0.00677082949469092,0.00280456940521675,0.0476903620479698));
#1520=CARTESIAN_POINT('',(0.00732869303456314,8.01994617262013E-19,0.0476903620479698));
#1521=CARTESIAN_POINT('',(0.00677082949469092,-0.00280456940521675,0.0476903620479698));
#1522=CARTESIAN_POINT('',(0.00518216854197421,-0.00518216854197421,0.0476903620479698));
#1523=CARTESIAN_POINT('',(0.00280456940521675,-0.00677082949469091,0.0476903620479698));
#1524=CARTESIAN_POINT('',(1.0638733817514E-18,-0.00732869303456314,0.0476903620479698));
#1525=CARTESIAN_POINT('',(-0.00280456940521675,-0.00677082949469092,0.0476903620479698));
#1526=CARTESIAN_POINT('',(-0.00518216854197421,-0.00518216854197421,0.0476903620479698));
#1527=CARTESIAN_POINT('',(-0.00677082949469093,-0.00280456940521673,0.0476903620479698));
#1528=CARTESIAN_POINT('',(-0.00732869303456313,-4.87890977618477E-18,0.0476903620479698));
#1529=CARTESIAN_POINT('',(-0.00677082949469092,0.00280456940521675,0.0476903620479698));
#1530=CARTESIAN_POINT('',(-0.00700014592578383,-0.00289955538105041,0.0483651716380247));
#1531=CARTESIAN_POINT('',(-0.00757690335097699,-6.1257422745431E-18,0.0483651716380247));
#1532=CARTESIAN_POINT('',(-0.00700014592578382,0.00289955538105043,0.0483651716380247));
#1533=CARTESIAN_POINT('',(-0.0053576797398709,0.0053576797398709,0.0483651716380247));
#1534=CARTESIAN_POINT('',(-0.00289955538105043,0.00700014592578382,0.0483651716380247));
#1535=CARTESIAN_POINT('',(-1.24683249835833E-18,0.00757690335097699,0.0483651716380247));
#1536=CARTESIAN_POINT('',(0.00289955538105043,0.00700014592578382,0.0483651716380247));
#1537=CARTESIAN_POINT('',(0.00535767973987091,0.0053576797398709,0.0483651716380247));
#1538=CARTESIAN_POINT('',(0.00700014592578383,0.00289955538105042,0.0483651716380247));
#1539=CARTESIAN_POINT('',(0.00757690335097699,1.0989226786665E-18,0.0483651716380247));
#1540=CARTESIAN_POINT('',(0.00700014592578383,-0.00289955538105042,0.0483651716380247));
#1541=CARTESIAN_POINT('',(0.00535767973987091,-0.0053576797398709,0.0483651716380247));
#1542=CARTESIAN_POINT('',(0.00289955538105042,-0.00700014592578382,0.0483651716380247));
#1543=CARTESIAN_POINT('',(3.54398585131199E-18,-0.00757690335097699,0.0483651716380247));
#1544=CARTESIAN_POINT('',(-0.00289955538105043,-0.00700014592578383,0.0483651716380247));
#1545=CARTESIAN_POINT('',(-0.00535767973987091,-0.00535767973987091,0.0483651716380247));
#1546=CARTESIAN_POINT('',(-0.00700014592578383,-0.00289955538105041,0.0483651716380247));
#1547=CARTESIAN_POINT('',(-0.00757690335097699,-6.1257422745431E-18,0.0483651716380247));
#1548=CARTESIAN_POINT('',(-0.00700014592578382,0.00289955538105043,0.0483651716380247));
#1549=CARTESIAN_POINT('',(-0.00713953507308238,-0.00295729225630909,0.0491216183729731));
#1550=CARTESIAN_POINT('',(-0.00772777707681834,-5.4752209710518E-18,0.0491216183729731));
#1551=CARTESIAN_POINT('',(-0.00713953507308237,0.0029572922563091,0.0491216183729731));
#1552=CARTESIAN_POINT('',(-0.00546436357451621,0.0054643635745162,0.0491216183729731));
#1553=CARTESIAN_POINT('',(-0.0029572922563091,0.00713953507308237,0.0491216183729731));
#1554=CARTESIAN_POINT('',(-7.96210970419042E-19,0.00772777707681834,0.0491216183729731));
#1555=CARTESIAN_POINT('',(0.0029572922563091,0.00713953507308237,0.0491216183729731));
#1556=CARTESIAN_POINT('',(0.00546436357451621,0.00546436357451621,0.0491216183729731));
#1557=CARTESIAN_POINT('',(0.00713953507308237,0.0029572922563091,0.0491216183729731));
#1558=CARTESIAN_POINT('',(0.00772777707681834,1.45333979264342E-18,0.0491216183729731));
#1559=CARTESIAN_POINT('',(0.00713953507308237,-0.0029572922563091,0.0491216183729731));
#1560=CARTESIAN_POINT('',(0.00546436357451621,-0.0054643635745162,0.0491216183729731));
#1561=CARTESIAN_POINT('',(0.00295729225630911,-0.00713953507308237,0.0491216183729731));
#1562=CARTESIAN_POINT('',(2.19550939928315E-18,-0.00772777707681834,0.0491216183729731));
#1563=CARTESIAN_POINT('',(-0.0029572922563091,-0.00713953507308237,0.0491216183729731));
#1564=CARTESIAN_POINT('',(-0.00546436357451621,-0.0054643635745162,0.0491216183729731));
#1565=CARTESIAN_POINT('',(-0.00713953507308238,-0.00295729225630909,0.0491216183729731));
#1566=CARTESIAN_POINT('',(-0.00772777707681834,-5.4752209710518E-18,0.0491216183729731));
#1567=CARTESIAN_POINT('',(-0.00713953507308237,0.0029572922563091,0.0491216183729731));
#1568=CARTESIAN_POINT('',(0.,0.,0.0491216184387028));
#1569=CARTESIAN_POINT('',(-0.00753169642168978,0.,0.0491216184387028));
#1570=CARTESIAN_POINT('',(-0.0071395350852002,-0.00295729226132845,0.0491216184387028));
#1571=CARTESIAN_POINT('',(-0.00772777708993457,-5.80048162279745E-18,0.0491216184387028));
#1572=CARTESIAN_POINT('',(-0.00713953508520019,0.00295729226132847,0.0491216184387028));
#1573=CARTESIAN_POINT('',(-0.00546436358379078,0.00546436358379078,0.0491216184387028));
#1574=CARTESIAN_POINT('',(-0.00295729226132847,0.00713953508520019,0.0491216184387028));
#1575=CARTESIAN_POINT('',(-7.04731412115578E-19,0.00772777708993458,0.0491216184387028));
#1576=CARTESIAN_POINT('',(0.00295729226132847,0.00713953508520019,0.0491216184387028));
#1577=CARTESIAN_POINT('',(0.00546436358379078,0.00546436358379078,0.0491216184387028));
#1578=CARTESIAN_POINT('',(0.00713953508520019,0.00295729226132847,0.0491216184387028));
#1579=CARTESIAN_POINT('',(0.00772777708993458,1.14678996635372E-18,0.0491216184387028));
#1580=CARTESIAN_POINT('',(0.00713953508520019,-0.00295729226132847,0.0491216184387028));
#1581=CARTESIAN_POINT('',(0.00546436358379078,-0.00546436358379078,0.0491216184387028));
#1582=CARTESIAN_POINT('',(0.00295729226132847,-0.00713953508520019,0.0491216184387028));
#1583=CARTESIAN_POINT('',(2.17179247676003E-18,-0.00772777708993458,0.0491216184387028));
#1584=CARTESIAN_POINT('',(-0.00295729226132847,-0.00713953508520019,0.0491216184387028));
#1585=CARTESIAN_POINT('',(-0.00546436358379079,-0.00546436358379078,0.0491216184387028));
#1586=CARTESIAN_POINT('',(-0.0071395350852002,-0.00295729226132845,0.0491216184387028));
#1587=CARTESIAN_POINT('',(-0.00772777708993457,-5.80048162279745E-18,0.0491216184387028));
#1588=CARTESIAN_POINT('',(-0.00713953508520019,0.00295729226132847,0.0491216184387028));
#1589=CARTESIAN_POINT('',(-0.00865439232455005,-0.00358476667492622,0.0544207761196581));
#1590=CARTESIAN_POINT('',(-0.00936744675036332,-7.04731412115578E-18,0.0544207761196581));
#1591=CARTESIAN_POINT('',(-0.00865439232455003,0.00358476667492624,0.0544207761196581));
#1592=CARTESIAN_POINT('',(-0.00662378511958579,0.00662378511958579,0.0544207761196581));
#1593=CARTESIAN_POINT('',(-0.00358476667492624,0.00865439232455003,0.0544207761196581));
#1594=CARTESIAN_POINT('',(-3.08319992800565E-18,0.00936744675036333,0.0544207761196581));
#1595=CARTESIAN_POINT('',(0.00358476667492624,0.00865439232455003,0.0544207761196581));
#1596=CARTESIAN_POINT('',(0.0066237851195858,0.0066237851195858,0.0544207761196581));
#1597=CARTESIAN_POINT('',(0.00865439232455003,0.00358476667492624,0.0544207761196581));
#1598=CARTESIAN_POINT('',(0.00936744675036332,7.52350545619031E-19,0.0544207761196581));
#1599=CARTESIAN_POINT('',(0.00865439232455004,-0.00358476667492624,0.0544207761196581));
#1600=CARTESIAN_POINT('',(0.0066237851195858,-0.00662378511958579,0.0544207761196581));
#1601=CARTESIAN_POINT('',(0.00358476667492624,-0.00865439232455003,0.0544207761196581));
#1602=CARTESIAN_POINT('',(2.36491598873401E-18,-0.00936744675036333,0.0544207761196581));
#1603=CARTESIAN_POINT('',(-0.00358476667492624,-0.00865439232455003,0.0544207761196581));
#1604=CARTESIAN_POINT('',(-0.0066237851195858,-0.00662378511958579,0.0544207761196581));
#1605=CARTESIAN_POINT('',(-0.00865439232455005,-0.00358476667492622,0.0544207761196581));
#1606=CARTESIAN_POINT('',(-0.00936744675036332,-7.04731412115578E-18,0.0544207761196581));
#1607=CARTESIAN_POINT('',(-0.00865439232455003,0.00358476667492624,0.0544207761196581));
#1608=CARTESIAN_POINT('',(-0.0086687911540826,-0.0035907308654009,0.0615986504379478));
#1609=CARTESIAN_POINT('',(-0.00938303193114269,-6.9931040125315E-18,0.0615986504379478));
#1610=CARTESIAN_POINT('',(-0.00866879115408259,0.00359073086540092,0.0615986504379478));
#1611=CARTESIAN_POINT('',(-0.00663480550660091,0.0066348055066009,0.0615986504379478));
#1612=CARTESIAN_POINT('',(-0.00359073086540092,0.00866879115408259,0.0615986504379478));
#1613=CARTESIAN_POINT('',(-2.09047731382361E-18,0.00938303193114269,0.0615986504379478));
#1614=CARTESIAN_POINT('',(0.00359073086540092,0.00866879115408259,0.0615986504379478));
#1615=CARTESIAN_POINT('',(0.0066348055066009,0.0066348055066009,0.0615986504379478));
#1616=CARTESIAN_POINT('',(0.00866879115408259,0.00359073086540092,0.0615986504379478));
#1617=CARTESIAN_POINT('',(0.00938303193114269,1.46857645952665E-18,0.0615986504379478));
#1618=CARTESIAN_POINT('',(0.0086687911540826,-0.00359073086540092,0.0615986504379478));
#1619=CARTESIAN_POINT('',(0.0066348055066009,-0.0066348055066009,0.0615986504379478));
#1620=CARTESIAN_POINT('',(0.00359073086540093,-0.00866879115408258,0.0615986504379478));
#1621=CARTESIAN_POINT('',(7.65717784317888E-19,-0.0093830319311427,0.0615986504379478));
#1622=CARTESIAN_POINT('',(-0.00359073086540092,-0.00866879115408259,0.0615986504379478));
#1623=CARTESIAN_POINT('',(-0.00663480550660091,-0.0066348055066009,0.0615986504379478));
#1624=CARTESIAN_POINT('',(-0.0086687911540826,-0.0035907308654009,0.0615986504379478));
#1625=CARTESIAN_POINT('',(-0.00938303193114269,-6.9931040125315E-18,0.0615986504379478));
#1626=CARTESIAN_POINT('',(-0.00866879115408259,0.00359073086540092,0.0615986504379478));
#1627=CARTESIAN_POINT('',(-0.00718273157379782,-0.00297518483275248,0.0706552413935719));
#1628=CARTESIAN_POINT('',(-0.00777453263227267,-5.96311194867027E-18,0.0706552413935719));
#1629=CARTESIAN_POINT('',(-0.00718273157379781,0.0029751848327525,0.0706552413935719));
#1630=CARTESIAN_POINT('',(-0.0054974247448361,0.0054974247448361,0.0706552413935719));
#1631=CARTESIAN_POINT('',(-0.0029751848327525,0.00718273157379782,0.0706552413935719));
#1632=CARTESIAN_POINT('',(-8.19927892942163E-19,0.00777453263227267,0.0706552413935719));
#1633=CARTESIAN_POINT('',(0.0029751848327525,0.00718273157379781,0.0706552413935719));
#1634=CARTESIAN_POINT('',(0.0054974247448361,0.0054974247448361,0.0706552413935719));
#1635=CARTESIAN_POINT('',(0.00718273157379781,0.0029751848327525,0.0706552413935719));
#1636=CARTESIAN_POINT('',(0.00777453263227267,1.37798694756229E-18,0.0706552413935719));
#1637=CARTESIAN_POINT('',(0.00718273157379782,-0.0029751848327525,0.0706552413935719));
#1638=CARTESIAN_POINT('',(0.0054974247448361,-0.0054974247448361,0.0706552413935719));
#1639=CARTESIAN_POINT('',(0.0029751848327525,-0.00718273157379782,0.0706552413935719));
#1640=CARTESIAN_POINT('',(2.16501621318199E-18,-0.00777453263227267,0.0706552413935719));
#1641=CARTESIAN_POINT('',(-0.0029751848327525,-0.00718273157379782,0.0706552413935719));
#1642=CARTESIAN_POINT('',(-0.00549742474483611,-0.0054974247448361,0.0706552413935719));
#1643=CARTESIAN_POINT('',(-0.00718273157379782,-0.00297518483275248,0.0706552413935719));
#1644=CARTESIAN_POINT('',(-0.00777453263227267,-5.96311194867027E-18,0.0706552413935719));
#1645=CARTESIAN_POINT('',(-0.00718273157379781,0.0029751848327525,0.0706552413935719));
#1646=CARTESIAN_POINT('',(0.,0.,0.0706552413935719));
#1647=CARTESIAN_POINT('',(-0.00757726561278105,0.,0.0706552413935719));
#1648=CARTESIAN_POINT('',(-0.00718273157379782,-0.00297518483275248,0.0706552413935719));
#1649=CARTESIAN_POINT('',(-0.00777453263227267,-5.96311194867027E-18,0.0706552413935719));
#1650=CARTESIAN_POINT('',(-0.00718273157379781,0.0029751848327525,0.0706552413935719));
#1651=CARTESIAN_POINT('',(-0.0054974247448361,0.0054974247448361,0.0706552413935719));
#1652=CARTESIAN_POINT('',(-0.0029751848327525,0.00718273157379782,0.0706552413935719));
#1653=CARTESIAN_POINT('',(-8.19927892942163E-19,0.00777453263227267,0.0706552413935719));
#1654=CARTESIAN_POINT('',(0.0029751848327525,0.00718273157379781,0.0706552413935719));
#1655=CARTESIAN_POINT('',(0.0054974247448361,0.0054974247448361,0.0706552413935719));
#1656=CARTESIAN_POINT('',(0.00718273157379781,0.0029751848327525,0.0706552413935719));
#1657=CARTESIAN_POINT('',(0.00777453263227267,1.37798694756229E-18,0.0706552413935719));
#1658=CARTESIAN_POINT('',(0.00718273157379782,-0.0029751848327525,0.0706552413935719));
#1659=CARTESIAN_POINT('',(0.0054974247448361,-0.0054974247448361,0.0706552413935719));
#1660=CARTESIAN_POINT('',(0.0029751848327525,-0.00718273157379782,0.0706552413935719));
#1661=CARTESIAN_POINT('',(2.16501621318199E-18,-0.00777453263227267,0.0706552413935719));
#1662=CARTESIAN_POINT('',(-0.0029751848327525,-0.00718273157379782,0.0706552413935719));
#1663=CARTESIAN_POINT('',(-0.00549742474483611,-0.0054974247448361,0.0706552413935719));
#1664=CARTESIAN_POINT('',(-0.00718273157379782,-0.00297518483275248,0.0706552413935719));
#1665=CARTESIAN_POINT('',(-0.00777453263227267,-5.96311194867027E-18,0.0706552413935719));
#1666=CARTESIAN_POINT('',(-0.00718273157379781,0.0029751848327525,0.0706552413935719));
#1667=CARTESIAN_POINT('',(-0.00718273157379782,-0.00297518483275249,0.0722099939265271));
#1668=CARTESIAN_POINT('',(-0.00777453263227266,-5.0415401020576E-18,0.072209993926527));
#1669=CARTESIAN_POINT('',(-0.00718273157379782,0.0029751848327525,0.072209993926527));
#1670=CARTESIAN_POINT('',(-0.0054974247448361,0.0054974247448361,0.072209993926527));
#1671=CARTESIAN_POINT('',(-0.0029751848327525,0.00718273157379782,0.072209993926527));
#1672=CARTESIAN_POINT('',(7.58941520739853E-19,0.00777453263227266,0.072209993926527));
#1673=CARTESIAN_POINT('',(0.0029751848327525,0.00718273157379782,0.072209993926527));
#1674=CARTESIAN_POINT('',(0.00549742474483611,0.0054974247448361,0.072209993926527));
#1675=CARTESIAN_POINT('',(0.00718273157379781,0.0029751848327525,0.072209993926527));
#1676=CARTESIAN_POINT('',(0.00777453263227267,1.55233676835376E-18,0.072209993926527));
#1677=CARTESIAN_POINT('',(0.00718273157379782,-0.0029751848327525,0.072209993926527));
#1678=CARTESIAN_POINT('',(0.00549742474483611,-0.0054974247448361,0.072209993926527));
#1679=CARTESIAN_POINT('',(0.0029751848327525,-0.00718273157379781,0.072209993926527));
#1680=CARTESIAN_POINT('',(1.83636742964732E-18,-0.00777453263227267,0.072209993926527));
#1681=CARTESIAN_POINT('',(-0.0029751848327525,-0.00718273157379782,0.0722099939265271));
#1682=CARTESIAN_POINT('',(-0.00549742474483611,-0.0054974247448361,0.072209993926527));
#1683=CARTESIAN_POINT('',(-0.00718273157379782,-0.00297518483275249,0.0722099939265271));
#1684=CARTESIAN_POINT('',(-0.00777453263227266,-5.0415401020576E-18,0.072209993926527));
#1685=CARTESIAN_POINT('',(-0.00718273157379782,0.0029751848327525,0.072209993926527));
#1686=CARTESIAN_POINT('',(-0.00606356636047209,-0.00251161142285679,0.0732300529877345));
#1687=CARTESIAN_POINT('',(-0.00656315693453032,-5.31259064517897E-18,0.0732300529877344));
#1688=CARTESIAN_POINT('',(-0.00606356636047208,0.00251161142285681,0.0732300529877345));
#1689=CARTESIAN_POINT('',(-0.0046408527743979,0.00464085277439791,0.0732300529877345));
#1690=CARTESIAN_POINT('',(-0.0025116114228568,0.00606356636047208,0.0732300529877345));
#1691=CARTESIAN_POINT('',(-8.89384594617015E-19,0.00656315693453032,0.0732300529877345));
#1692=CARTESIAN_POINT('',(0.0025116114228568,0.00606356636047208,0.0732300529877345));
#1693=CARTESIAN_POINT('',(0.00464085277439791,0.0046408527743979,0.0732300529877345));
#1694=CARTESIAN_POINT('',(0.00606356636047208,0.00251161142285681,0.0732300529877344));
#1695=CARTESIAN_POINT('',(0.00656315693453032,3.0745641624106E-19,0.0732300529877345));
#1696=CARTESIAN_POINT('',(0.00606356636047209,-0.0025116114228568,0.0732300529877345));
#1697=CARTESIAN_POINT('',(0.00464085277439791,-0.00464085277439791,0.0732300529877345));
#1698=CARTESIAN_POINT('',(0.0025116114228568,-0.00606356636047208,0.0732300529877345));
#1699=CARTESIAN_POINT('',(4.41473572108941E-18,-0.00656315693453032,0.0732300529877345));
#1700=CARTESIAN_POINT('',(-0.00251161142285681,-0.00606356636047208,0.0732300529877345));
#1701=CARTESIAN_POINT('',(-0.00464085277439791,-0.0046408527743979,0.0732300529877345));
#1702=CARTESIAN_POINT('',(-0.00606356636047209,-0.00251161142285679,0.0732300529877345));
#1703=CARTESIAN_POINT('',(-0.00656315693453032,-5.31259064517897E-18,0.0732300529877344));
#1704=CARTESIAN_POINT('',(-0.00606356636047208,0.00251161142285681,0.0732300529877345));
#1705=CARTESIAN_POINT('',(-0.00382523593382062,-0.0015844646030654,0.0737154185771942));
#1706=CARTESIAN_POINT('',(-0.00414040553904563,-3.11708124589583E-18,0.0737154185771942));
#1707=CARTESIAN_POINT('',(-0.00382523593382062,0.00158446460306541,0.0737154185771942));
#1708=CARTESIAN_POINT('',(-0.00292770883352151,0.00292770883352151,0.0737154185771942));
#1709=CARTESIAN_POINT('',(-0.00158446460306541,0.00382523593382062,0.0737154185771942));
#1710=CARTESIAN_POINT('',(-1.26546722319792E-18,0.00414040553904563,0.0737154185771942));
#1711=CARTESIAN_POINT('',(0.00158446460306541,0.00382523593382062,0.0737154185771942));
#1712=CARTESIAN_POINT('',(0.00292770883352151,0.00292770883352151,0.0737154185771942));
#1713=CARTESIAN_POINT('',(0.00382523593382062,0.00158446460306541,0.0737154185771942));
#1714=CARTESIAN_POINT('',(0.00414040553904563,6.93878802478882E-19,0.0737154185771942));
#1715=CARTESIAN_POINT('',(0.00382523593382062,-0.00158446460306541,0.0737154185771942));
#1716=CARTESIAN_POINT('',(0.00292770883352151,-0.00292770883352151,0.0737154185771942));
#1717=CARTESIAN_POINT('',(0.00158446460306541,-0.00382523593382062,0.0737154185771942));
#1718=CARTESIAN_POINT('',(7.6232965252887E-19,-0.00414040553904563,0.0737154185771942));
#1719=CARTESIAN_POINT('',(-0.00158446460306541,-0.00382523593382062,0.0737154185771942));
#1720=CARTESIAN_POINT('',(-0.00292770883352151,-0.00292770883352151,0.0737154185771942));
#1721=CARTESIAN_POINT('',(-0.00382523593382062,-0.0015844646030654,0.0737154185771942));
#1722=CARTESIAN_POINT('',(-0.00414040553904563,-3.11708124589583E-18,0.0737154185771942));
#1723=CARTESIAN_POINT('',(-0.00382523593382062,0.00158446460306541,0.0737154185771942));
#1724=CARTESIAN_POINT('',(0.,0.,0.0737154185771942));
#1725=CARTESIAN_POINT('',(-0.00403534900397062,0.,0.0737154185771942));
#1726=CARTESIAN_POINT('',(-0.00201767450198531,0.,0.0737154185771942));
#1727=CARTESIAN_POINT('',(-0.00529658095911146,0.,0.0759612545371056));
#1728=CARTESIAN_POINT('',(0.,0.,0.0759612545371056));
#1729=CARTESIAN_POINT('',(-0.0105931619182229,0.,0.0759612545371056));
#1730=CARTESIAN_POINT('',(0.,0.,0.0379806272685528));
#1731=CARTESIAN_POINT('',(0.,0.,0.0456720888614655));
#1732=CARTESIAN_POINT('',(-0.0105931619182229,0.,0.0456720888614655));
#1733=CARTESIAN_POINT('',(0.,0.,0.0406478568911552));
#1734=CARTESIAN_POINT('',(0.,0.,0.0406478568911552));
#1735=CARTESIAN_POINT('',(-0.00838589016348124,0.,0.0406478568911552));
#1736=CARTESIAN_POINT('',(0.,0.,0.0238836109638214));
#1737=CARTESIAN_POINT('',(0.,0.,0.0238836109638214));
#1738=CARTESIAN_POINT('',(-0.00987470429390669,0.,0.0238836109638214));
#1739=CARTESIAN_POINT('',(-0.00914371712133288,0.,0.0238836109638214));
#1740=CARTESIAN_POINT('',(0.,0.,0.0238836109638214));
#1741=CARTESIAN_POINT('',(-0.00841272994875908,0.,0.0238836109638214));
#1742=CARTESIAN_POINT('',(-0.00730159199623438,-0.0030244184317551,0.0284990202635527));
#1743=CARTESIAN_POINT('',(-0.00790318622644146,-5.74627151417317E-18,0.0284990202635526));
#1744=CARTESIAN_POINT('',(-0.00730159199623437,0.00302441843175512,0.0284990202635527));
#1745=CARTESIAN_POINT('',(-0.00558839657369688,0.00558839657369688,0.0284990202635526));
#1746=CARTESIAN_POINT('',(-0.00302441843175512,0.00730159199623438,0.0284990202635527));
#1747=CARTESIAN_POINT('',(-7.96210970419042E-19,0.00790318622644146,0.0284990202635526));
#1748=CARTESIAN_POINT('',(0.00302441843175512,0.00730159199623438,0.0284990202635527));
#1749=CARTESIAN_POINT('',(0.00558839657369688,0.00558839657369688,0.0284990202635527));
#1750=CARTESIAN_POINT('',(0.00730159199623437,0.00302441843175512,0.0284990202635526));
#1751=CARTESIAN_POINT('',(0.00790318622644146,1.33826242582504E-18,0.0284990202635526));
#1752=CARTESIAN_POINT('',(0.00730159199623438,-0.00302441843175512,0.0284990202635527));
#1753=CARTESIAN_POINT('',(0.00558839657369688,-0.00558839657369688,0.0284990202635526));
#1754=CARTESIAN_POINT('',(0.00302441843175512,-0.00730159199623438,0.0284990202635527));
#1755=CARTESIAN_POINT('',(2.14807555423691E-18,-0.00790318622644146,0.0284990202635527));
#1756=CARTESIAN_POINT('',(-0.00302441843175512,-0.00730159199623438,0.0284990202635527));
#1757=CARTESIAN_POINT('',(-0.00558839657369688,-0.00558839657369687,0.0284990202635526));
#1758=CARTESIAN_POINT('',(-0.00730159199623438,-0.0030244184317551,0.0284990202635527));
#1759=CARTESIAN_POINT('',(-0.00790318622644146,-5.74627151417317E-18,0.0284990202635526));
#1760=CARTESIAN_POINT('',(-0.00730159199623437,0.00302441843175512,0.0284990202635527));
#1761=CARTESIAN_POINT('',(-0.00799962027505796,-0.00331355121176377,0.0268159080296755));
#1762=CARTESIAN_POINT('',(-0.00865872659102362,-7.2099444470286E-18,0.0268159080296755));
#1763=CARTESIAN_POINT('',(-0.00799962027505795,0.00331355121176379,0.0268159080296755));
#1764=CARTESIAN_POINT('',(-0.00612264428895308,0.00612264428895308,0.0268159080296755));
#1765=CARTESIAN_POINT('',(-0.00331355121176379,0.00799962027505795,0.0268159080296755));
#1766=CARTESIAN_POINT('',(-6.06814403412981E-18,0.00865872659102362,0.0268159080296755));
#1767=CARTESIAN_POINT('',(0.0033135512117638,0.00799962027505795,0.0268159080296755));
#1768=CARTESIAN_POINT('',(0.00612264428895307,0.00612264428895308,0.0268159080296755));
#1769=CARTESIAN_POINT('',(0.00799962027505795,0.00331355121176379,0.0268159080296755));
#1770=CARTESIAN_POINT('',(0.00865872659102362,2.32979059120255E-18,0.0268159080296755));
#1771=CARTESIAN_POINT('',(0.00799962027505794,-0.00331355121176379,0.0268159080296755));
#1772=CARTESIAN_POINT('',(0.00612264428895308,-0.00612264428895307,0.0268159080296755));
#1773=CARTESIAN_POINT('',(0.0033135512117638,-0.00799962027505795,0.0268159080296755));
#1774=CARTESIAN_POINT('',(-1.0842021724855E-19,-0.00865872659102362,0.0268159080296755));
#1775=CARTESIAN_POINT('',(-0.00331355121176379,-0.00799962027505795,0.0268159080296755));
#1776=CARTESIAN_POINT('',(-0.00612264428895309,-0.00612264428895308,0.0268159080296755));
#1777=CARTESIAN_POINT('',(-0.00799962027505796,-0.00331355121176377,0.0268159080296755));
#1778=CARTESIAN_POINT('',(-0.00865872659102362,-7.2099444470286E-18,0.0268159080296755));
#1779=CARTESIAN_POINT('',(-0.00799962027505795,0.00331355121176379,0.0268159080296755));
#1780=CARTESIAN_POINT('',(-0.00822398789146035,-0.00340648732143497,0.0252774382630984));
#1781=CARTESIAN_POINT('',(-0.00890158034901575,-6.17995238316738E-18,0.0252774382630984));
#1782=CARTESIAN_POINT('',(-0.00822398789146034,0.00340648732143498,0.0252774382630984));
#1783=CARTESIAN_POINT('',(-0.00629436782806595,0.00629436782806596,0.0252774382630984));
#1784=CARTESIAN_POINT('',(-0.00340648732143499,0.00822398789146033,0.0252774382630984));
#1785=CARTESIAN_POINT('',(1.18584612615602E-18,0.00890158034901575,0.0252774382630984));
#1786=CARTESIAN_POINT('',(0.00340648732143497,0.00822398789146033,0.0252774382630984));
#1787=CARTESIAN_POINT('',(0.00629436782806596,0.00629436782806595,0.0252774382630984));
#1788=CARTESIAN_POINT('',(0.00822398789146033,0.00340648732143499,0.0252774382630984));
#1789=CARTESIAN_POINT('',(0.00890158034901575,5.61013743768165E-19,0.0252774382630984));
#1790=CARTESIAN_POINT('',(0.00822398789146034,-0.00340648732143498,0.0252774382630984));
#1791=CARTESIAN_POINT('',(0.00629436782806596,-0.00629436782806596,0.0252774382630984));
#1792=CARTESIAN_POINT('',(0.00340648732143498,-0.00822398789146033,0.0252774382630984));
#1793=CARTESIAN_POINT('',(4.58753044232929E-18,-0.00890158034901576,0.0252774382630984));
#1794=CARTESIAN_POINT('',(-0.00340648732143499,-0.00822398789146034,0.0252774382630984));
#1795=CARTESIAN_POINT('',(-0.00629436782806595,-0.00629436782806595,0.0252774382630984));
#1796=CARTESIAN_POINT('',(-0.00822398789146035,-0.00340648732143497,0.0252774382630984));
#1797=CARTESIAN_POINT('',(-0.00890158034901575,-6.17995238316738E-18,0.0252774382630984));
#1798=CARTESIAN_POINT('',(-0.00822398789146034,0.00340648732143498,0.0252774382630984));
#1799=CARTESIAN_POINT('',(-0.00797469484544153,-0.00330322676076867,0.0238836109638214));
#1800=CARTESIAN_POINT('',(-0.00863174750041786,-6.1257422745431E-18,0.0238836109638214));
#1801=CARTESIAN_POINT('',(-0.00797469484544152,0.00330322676076869,0.0238836109638214));
#1802=CARTESIAN_POINT('',(-0.0061035671910355,0.0061035671910355,0.0238836109638214));
#1803=CARTESIAN_POINT('',(-0.00330322676076869,0.00797469484544152,0.0238836109638214));
#1804=CARTESIAN_POINT('',(-2.58514455502012E-18,0.00863174750041786,0.0238836109638214));
#1805=CARTESIAN_POINT('',(0.00330322676076869,0.00797469484544152,0.0238836109638214));
#1806=CARTESIAN_POINT('',(0.0061035671910355,0.0061035671910355,0.0238836109638214));
#1807=CARTESIAN_POINT('',(0.00797469484544152,0.00330322676076869,0.0238836109638214));
#1808=CARTESIAN_POINT('',(0.00863174750041786,1.26086809899213E-18,0.0238836109638214));
#1809=CARTESIAN_POINT('',(0.00797469484544152,-0.00330322676076869,0.0238836109638214));
#1810=CARTESIAN_POINT('',(0.0061035671910355,-0.0061035671910355,0.0238836109638214));
#1811=CARTESIAN_POINT('',(0.00330322676076869,-0.00797469484544152,0.0238836109638214));
#1812=CARTESIAN_POINT('',(2.05998412772246E-18,-0.00863174750041786,0.0238836109638214));
#1813=CARTESIAN_POINT('',(-0.00330322676076869,-0.00797469484544153,0.0238836109638214));
#1814=CARTESIAN_POINT('',(-0.00610356719103551,-0.0061035671910355,0.0238836109638214));
#1815=CARTESIAN_POINT('',(-0.00797469484544153,-0.00330322676076867,0.0238836109638214));
#1816=CARTESIAN_POINT('',(-0.00863174750041786,-6.1257422745431E-18,0.0238836109638214));
#1817=CARTESIAN_POINT('',(-0.00797469484544152,0.00330322676076869,0.0238836109638214));
#1818=CARTESIAN_POINT('',(0.,0.,0.0284990202635526));
#1819=CARTESIAN_POINT('',(-0.00770265481637243,0.,0.0284990202635526));
#1820=CARTESIAN_POINT('',(-0.00244165935185013,-0.00101136841823142,0.0406507700681687));
#1821=CARTESIAN_POINT('',(-0.00264283303821356,-1.95156391047391E-18,0.0406507700681687));
#1822=CARTESIAN_POINT('',(-0.00244165935185013,0.00101136841823143,0.0406507700681687));
#1823=CARTESIAN_POINT('',(-0.00186876516286466,0.00186876516286466,0.0406507700681686));
#1824=CARTESIAN_POINT('',(-0.00101136841823142,0.00244165935185013,0.0406507700681687));
#1825=CARTESIAN_POINT('',(-4.95514274143766E-19,0.00264283303821356,0.0406507700681687));
#1826=CARTESIAN_POINT('',(0.00101136841823142,0.00244165935185013,0.0406507700681687));
#1827=CARTESIAN_POINT('',(0.00186876516286466,0.00186876516286466,0.0406507700681687));
#1828=CARTESIAN_POINT('',(0.00244165935185013,0.00101136841823143,0.0406507700681686));
#1829=CARTESIAN_POINT('',(0.00264283303821356,3.26061362578603E-19,0.0406507700681686));
#1830=CARTESIAN_POINT('',(0.00244165935185013,-0.00101136841823142,0.0406507700681687));
#1831=CARTESIAN_POINT('',(0.00186876516286466,-0.00186876516286466,0.0406507700681687));
#1832=CARTESIAN_POINT('',(0.00101136841823142,-0.00244165935185013,0.0406507700681686));
#1833=CARTESIAN_POINT('',(5.28548559086683E-19,-0.00264283303821356,0.0406507700681687));
#1834=CARTESIAN_POINT('',(-0.00101136841823142,-0.00244165935185013,0.0406507700681687));
#1835=CARTESIAN_POINT('',(-0.00186876516286466,-0.00186876516286466,0.0406507700681687));
#1836=CARTESIAN_POINT('',(-0.00244165935185013,-0.00101136841823142,0.0406507700681687));
#1837=CARTESIAN_POINT('',(-0.00264283303821356,-1.95156391047391E-18,0.0406507700681687));
#1838=CARTESIAN_POINT('',(-0.00244165935185013,0.00101136841823143,0.0406507700681687));
#1839=CARTESIAN_POINT('',(-0.00495133680952379,-0.00205091085838187,0.0353349124391874));
#1840=CARTESIAN_POINT('',(-0.00535928834364917,-3.84891771232354E-18,0.0353349124391874));
#1841=CARTESIAN_POINT('',(-0.00495133680952379,0.00205091085838188,0.0353349124391874));
#1842=CARTESIAN_POINT('',(-0.00378958913012835,0.00378958913012835,0.0353349124391874));
#1843=CARTESIAN_POINT('',(-0.00205091085838188,0.00495133680952379,0.0353349124391874));
#1844=CARTESIAN_POINT('',(-1.93631731742333E-18,0.00535928834364917,0.0353349124391874));
#1845=CARTESIAN_POINT('',(0.00205091085838188,0.00495133680952379,0.0353349124391874));
#1846=CARTESIAN_POINT('',(0.00378958913012835,0.00378958913012835,0.0353349124391874));
#1847=CARTESIAN_POINT('',(0.00495133680952378,0.00205091085838188,0.0353349124391874));
#1848=CARTESIAN_POINT('',(0.00535928834364917,1.11792136297562E-18,0.0353349124391874));
#1849=CARTESIAN_POINT('',(0.00495133680952379,-0.00205091085838188,0.0353349124391874));
#1850=CARTESIAN_POINT('',(0.00378958913012835,-0.00378958913012835,0.0353349124391874));
#1851=CARTESIAN_POINT('',(0.00205091085838188,-0.00495133680952378,0.0353349124391874));
#1852=CARTESIAN_POINT('',(-1.42301535138722E-19,-0.00535928834364917,0.0353349124391874));
#1853=CARTESIAN_POINT('',(-0.00205091085838188,-0.00495133680952379,0.0353349124391874));
#1854=CARTESIAN_POINT('',(-0.00378958913012835,-0.00378958913012835,0.0353349124391874));
#1855=CARTESIAN_POINT('',(-0.00495133680952379,-0.00205091085838187,0.0353349124391874));
#1856=CARTESIAN_POINT('',(-0.00535928834364917,-3.84891771232354E-18,0.0353349124391874));
#1857=CARTESIAN_POINT('',(-0.00495133680952379,0.00205091085838188,0.0353349124391874));
#1858=CARTESIAN_POINT('',(-0.00657131435765188,-0.00272192752955643,0.0312843291709821));
#1859=CARTESIAN_POINT('',(-0.0071127394063918,-5.31259064517897E-18,0.031284329170982));
#1860=CARTESIAN_POINT('',(-0.00657131435765186,0.00272192752955645,0.0312843291709821));
#1861=CARTESIAN_POINT('',(-0.00502946626707242,0.00502946626707242,0.031284329170982));
#1862=CARTESIAN_POINT('',(-0.00272192752955645,0.00657131435765186,0.0312843291709821));
#1863=CARTESIAN_POINT('',(1.14518854468781E-18,0.00711273940639181,0.0312843291709821));
#1864=CARTESIAN_POINT('',(0.00272192752955644,0.00657131435765186,0.0312843291709821));
#1865=CARTESIAN_POINT('',(0.00502946626707242,0.00502946626707242,0.031284329170982));
#1866=CARTESIAN_POINT('',(0.00657131435765186,0.00272192752955645,0.031284329170982));
#1867=CARTESIAN_POINT('',(0.0071127394063918,7.29007508732784E-19,0.031284329170982));
#1868=CARTESIAN_POINT('',(0.00657131435765186,-0.00272192752955644,0.031284329170982));
#1869=CARTESIAN_POINT('',(0.00502946626707242,-0.00502946626707242,0.031284329170982));
#1870=CARTESIAN_POINT('',(0.00272192752955645,-0.00657131435765186,0.031284329170982));
#1871=CARTESIAN_POINT('',(3.5643146420461E-18,-0.0071127394063918,0.0312843291709821));
#1872=CARTESIAN_POINT('',(-0.00272192752955645,-0.00657131435765187,0.0312843291709821));
#1873=CARTESIAN_POINT('',(-0.00502946626707242,-0.00502946626707242,0.031284329170982));
#1874=CARTESIAN_POINT('',(-0.00657131435765188,-0.00272192752955643,0.0312843291709821));
#1875=CARTESIAN_POINT('',(-0.0071127394063918,-5.31259064517897E-18,0.031284329170982));
#1876=CARTESIAN_POINT('',(-0.00657131435765186,0.00272192752955645,0.0312843291709821));
#1877=CARTESIAN_POINT('',(-0.00730159199623438,-0.0030244184317551,0.0284990202635527));
#1878=CARTESIAN_POINT('',(-0.00790318622644146,-5.74627151417317E-18,0.0284990202635526));
#1879=CARTESIAN_POINT('',(-0.00730159199623437,0.00302441843175512,0.0284990202635527));
#1880=CARTESIAN_POINT('',(-0.00558839657369688,0.00558839657369688,0.0284990202635526));
#1881=CARTESIAN_POINT('',(-0.00302441843175512,0.00730159199623438,0.0284990202635527));
#1882=CARTESIAN_POINT('',(-7.96210970419042E-19,0.00790318622644146,0.0284990202635526));
#1883=CARTESIAN_POINT('',(0.00302441843175512,0.00730159199623438,0.0284990202635527));
#1884=CARTESIAN_POINT('',(0.00558839657369688,0.00558839657369688,0.0284990202635527));
#1885=CARTESIAN_POINT('',(0.00730159199623437,0.00302441843175512,0.0284990202635526));
#1886=CARTESIAN_POINT('',(0.00790318622644146,1.33826242582504E-18,0.0284990202635526));
#1887=CARTESIAN_POINT('',(0.00730159199623438,-0.00302441843175512,0.0284990202635527));
#1888=CARTESIAN_POINT('',(0.00558839657369688,-0.00558839657369688,0.0284990202635526));
#1889=CARTESIAN_POINT('',(0.00302441843175512,-0.00730159199623438,0.0284990202635527));
#1890=CARTESIAN_POINT('',(2.14807555423691E-18,-0.00790318622644146,0.0284990202635527));
#1891=CARTESIAN_POINT('',(-0.00302441843175512,-0.00730159199623438,0.0284990202635527));
#1892=CARTESIAN_POINT('',(-0.00558839657369688,-0.00558839657369687,0.0284990202635526));
#1893=CARTESIAN_POINT('',(-0.00730159199623438,-0.0030244184317551,0.0284990202635527));
#1894=CARTESIAN_POINT('',(-0.00790318622644146,-5.74627151417317E-18,0.0284990202635526));
#1895=CARTESIAN_POINT('',(-0.00730159199623437,0.00302441843175512,0.0284990202635527));
#1896=CARTESIAN_POINT('',(0.0369782634079457,0.0484483800828457,-0.0760991610586643));
#1897=CARTESIAN_POINT('',(0.0216229474550099,0.0573137760225878,-0.030198418076375));
#1898=CARTESIAN_POINT('',(0.0523335794828376,0.0573137758113534,-0.030198418076375));
#1899=CARTESIAN_POINT('',(0.0145079058533677,0.,0.0459864139556885));
#1900=CARTESIAN_POINT('',(0.,0.,0.0459864139556885));
#1901=CARTESIAN_POINT('',(-0.0112850200384855,0.,0.0459864139556885));
#1902=CARTESIAN_POINT('',(-0.0149118624927863,0.00963347986351316,0.0459864139556885));
#1903=CARTESIAN_POINT('',(-0.0129100568480798,0.00847773683567657,0.0459864139556885));
#1904=CARTESIAN_POINT('',(-0.0105124534415613,0.00709347986351316,0.0459864139556885));
#1905=CARTESIAN_POINT('',(0.,0.,0.0459864139556885));
#1906=CARTESIAN_POINT('',(0.0129100568480798,0.00847773683567659,0.0459864139556885));
#1907=CARTESIAN_POINT('',(0.0149118624927862,0.00963347986351318,0.0459864139556885));
#1908=CARTESIAN_POINT('',(0.0105124534415613,0.00709347986351318,0.0459864139556885));
#1909=CARTESIAN_POINT('',(0.0109559069626889,0.00632539583412492,0.0459864139556885));
#1910=CARTESIAN_POINT('',(0.0113993604838164,0.00555731180473667,0.0459864139556885));
#1911=CARTESIAN_POINT('',(0.0157987695350413,0.00809731180473668,0.0459864139556885));
#1912=CARTESIAN_POINT('',(0.0137969638903349,0.00694156877690008,0.0459864139556885));
#1913=CARTESIAN_POINT('',(0.,0.,0.0459864139556885));
#1914=CARTESIAN_POINT('',(0.000886907042255126,-0.0154193056125767,0.0459864139556885));
#1915=CARTESIAN_POINT('',(0.000886907042255126,-0.0177307916682498,0.0459864139556885));
#1916=CARTESIAN_POINT('',(0.000886907042255125,-0.0126507916682498,0.0459864139556885));
#1917=CARTESIAN_POINT('',(4.77048955893622E-18,-0.0126507916682498,0.0459864139556885));
#1918=CARTESIAN_POINT('',(-0.000886907042255115,-0.0126507916682498,0.0459864139556885));
#1919=CARTESIAN_POINT('',(-0.000886907042255115,-0.0177307916682498,0.0459864139556885));
#1920=CARTESIAN_POINT('',(-0.000886907042255115,-0.0154193056125767,0.0459864139556885));
#1921=CARTESIAN_POINT('',(0.,0.,0.0459864139556885));
#1922=CARTESIAN_POINT('',(-0.0137969638903349,0.00694156877690006,0.0459864139556885));
#1923=CARTESIAN_POINT('',(-0.0157987695350414,0.00809731180473665,0.0459864139556885));
#1924=CARTESIAN_POINT('',(-0.0113993604838164,0.00555731180473665,0.0459864139556885));
#1925=CARTESIAN_POINT('',(-0.0109559069626889,0.00632539583412491,0.0459864139556885));
#1926=CARTESIAN_POINT('',(0.,0.,0.172864913940429));
#1927=CARTESIAN_POINT('',(0.,0.,0.119004131772729));
#1928=CARTESIAN_POINT('',(-0.0177307916682498,0.,0.119004131772729));
#1929=CARTESIAN_POINT('',(0.0148926404017381,0.00962238198407213,0.172864913940429));
#1930=CARTESIAN_POINT('',(0.0148926404017381,0.00962238198407213,0.0482724139556885));
#1931=CARTESIAN_POINT('',(0.0148926404017381,0.00962238198407214,0.0713864139556885));
#1932=CARTESIAN_POINT('',(0.,0.,0.0482724139556885));
#1933=CARTESIAN_POINT('',(-0.0148926404017381,0.00962238198407211,0.0482724139556885));
#1934=CARTESIAN_POINT('',(-0.0148926404017381,0.00962238198407211,0.0713864139556885));
#1935=CARTESIAN_POINT('',(-0.0148926404017381,0.00962238198407211,0.0713864139556885));
#1936=CARTESIAN_POINT('',(0.,0.,0.0713864139556885));
#1937=CARTESIAN_POINT('',(-0.0157795474439932,0.00808621392529561,0.0713864139556885));
#1938=CARTESIAN_POINT('',(-0.0157795474439932,0.00808621392529561,0.0713864139556885));
#1939=CARTESIAN_POINT('',(-0.0157795474439932,0.00808621392529561,0.0482724139556885));
#1940=CARTESIAN_POINT('',(0.,0.,0.0482724139556885));
#1941=CARTESIAN_POINT('',(-0.000886907042255115,-0.0177085959093677,0.0482724139556885));
#1942=CARTESIAN_POINT('',(-0.000886907042255115,-0.0177085959093677,0.172864913940429));
#1943=CARTESIAN_POINT('',(-0.000886907042255115,-0.0177085959093677,0.0713864139556885));
#1944=CARTESIAN_POINT('',(0.,0.,0.0713864139556885));
#1945=CARTESIAN_POINT('',(0.000886907042255126,-0.0177085959093677,0.0713864139556885));
#1946=CARTESIAN_POINT('',(0.000886907042255126,-0.0177085959093677,0.172864913940429));
#1947=CARTESIAN_POINT('',(0.000886907042255126,-0.0177085959093677,0.0482724139556885));
#1948=CARTESIAN_POINT('',(0.,0.,0.0482724139556885));
#1949=CARTESIAN_POINT('',(0.0157795474439932,0.00808621392529563,0.0482724139556885));
#1950=CARTESIAN_POINT('',(0.0157795474439932,0.00808621392529563,0.172864913940429));
#1951=CARTESIAN_POINT('',(0.0157795474439932,0.00808621392529563,0.0713864139556885));
#1952=CARTESIAN_POINT('',(0.,0.,0.0713864139556885));
#1953=CARTESIAN_POINT('',(0.,0.,0.172864913940429));
#1954=CARTESIAN_POINT('',(0.,0.,0.0766978338360786));
#1955=CARTESIAN_POINT('',(-0.0112850200384855,0.,0.0766978338360786));
#1956=CARTESIAN_POINT('',(-8.11887782198755E-18,-3.36294930511736E-18,0.188981980085373));
#1957=CARTESIAN_POINT('',(-8.78781002964621E-18,-6.64445830813596E-33,0.188981980085373));
#1958=CARTESIAN_POINT('',(-8.11887782198754E-18,3.36294930511738E-18,0.188981980085373));
#1959=CARTESIAN_POINT('',(-6.21392006374199E-18,6.21392006374199E-18,0.188981980085373));
#1960=CARTESIAN_POINT('',(-3.36294930511737E-18,8.11887782198754E-18,0.188981980085373));
#1961=CARTESIAN_POINT('',(-1.55278101766221E-33,8.78781002964621E-18,0.188981980085373));
#1962=CARTESIAN_POINT('',(3.36294930511737E-18,8.11887782198754E-18,0.188981980085373));
#1963=CARTESIAN_POINT('',(6.21392006374199E-18,6.21392006374199E-18,0.188981980085373));
#1964=CARTESIAN_POINT('',(8.11887782198754E-18,3.36294930511737E-18,0.188981980085373));
#1965=CARTESIAN_POINT('',(8.78781002964621E-18,1.36341475521649E-33,0.188981980085373));
#1966=CARTESIAN_POINT('',(8.11887782198754E-18,-3.36294930511737E-18,0.188981980085373));
#1967=CARTESIAN_POINT('',(6.21392006374199E-18,-6.21392006374199E-18,0.188981980085373));
#1968=CARTESIAN_POINT('',(3.36294930511738E-18,-8.11887782198754E-18,0.188981980085373));
#1969=CARTESIAN_POINT('',(1.52870689335737E-33,-8.78781002964621E-18,0.188981980085373));
#1970=CARTESIAN_POINT('',(-3.36294930511737E-18,-8.11887782198754E-18,0.188981980085373));
#1971=CARTESIAN_POINT('',(-6.21392006374199E-18,-6.21392006374199E-18,0.188981980085373));
#1972=CARTESIAN_POINT('',(-8.11887782198755E-18,-3.36294930511736E-18,0.188981980085373));
#1973=CARTESIAN_POINT('',(-8.78781002964621E-18,-6.64445830813596E-33,0.188981980085373));
#1974=CARTESIAN_POINT('',(-8.11887782198754E-18,3.36294930511738E-18,0.188981980085373));
#1975=CARTESIAN_POINT('',(0.00703222282992674,0.00291284206978534,0.184652360152681));
#1976=CARTESIAN_POINT('',(0.0076116231418308,6.01732205729455E-18,0.184652360152681));
#1977=CARTESIAN_POINT('',(0.00703222282992673,-0.00291284206978536,0.184652360152681));
#1978=CARTESIAN_POINT('',(0.00538223033942501,-0.00538223033942501,0.184652360152681));
#1979=CARTESIAN_POINT('',(0.00291284206978535,-0.00703222282992673,0.184652360152681));
#1980=CARTESIAN_POINT('',(3.74388562686401E-18,-0.0076116231418308,0.184652360152681));
#1981=CARTESIAN_POINT('',(-0.00291284206978536,-0.00703222282992673,0.184652360152681));
#1982=CARTESIAN_POINT('',(-0.00538223033942501,-0.00538223033942501,0.184652360152681));
#1983=CARTESIAN_POINT('',(-0.00703222282992673,-0.00291284206978536,0.184652360152681));
#1984=CARTESIAN_POINT('',(-0.0076116231418308,-9.1644332681485E-19,0.184652360152681));
#1985=CARTESIAN_POINT('',(-0.00703222282992674,0.00291284206978536,0.184652360152681));
#1986=CARTESIAN_POINT('',(-0.00538223033942501,0.00538223033942501,0.184652360152681));
#1987=CARTESIAN_POINT('',(-0.00291284206978535,0.00703222282992673,0.184652360152681));
#1988=CARTESIAN_POINT('',(-2.61224960933226E-18,0.0076116231418308,0.184652360152681));
#1989=CARTESIAN_POINT('',(0.00291284206978536,0.00703222282992673,0.184652360152681));
#1990=CARTESIAN_POINT('',(0.00538223033942502,0.00538223033942501,0.184652360152681));
#1991=CARTESIAN_POINT('',(0.00703222282992674,0.00291284206978534,0.184652360152681));
#1992=CARTESIAN_POINT('',(0.0076116231418308,6.01732205729455E-18,0.184652360152681));
#1993=CARTESIAN_POINT('',(0.00703222282992673,-0.00291284206978536,0.184652360152681));
#1994=CARTESIAN_POINT('',(0.0126347503401652,0.00523348494809447,0.161326410715133));
#1995=CARTESIAN_POINT('',(0.0136757552208365,9.64939933512099E-18,0.161326410715133));
#1996=CARTESIAN_POINT('',(0.0126347503401652,-0.0052334849480945,0.161326410715133));
#1997=CARTESIAN_POINT('',(0.00967021925450079,-0.00967021925450079,0.161326410715133));
#1998=CARTESIAN_POINT('',(0.0052334849480945,-0.0126347503401652,0.161326410715133));
#1999=CARTESIAN_POINT('',(-2.61563774112128E-18,-0.0136757552208365,0.161326410715133));
#2000=CARTESIAN_POINT('',(-0.00523348494809448,-0.0126347503401652,0.161326410715133));
#2001=CARTESIAN_POINT('',(-0.00967021925450079,-0.00967021925450079,0.161326410715133));
#2002=CARTESIAN_POINT('',(-0.0126347503401652,-0.0052334849480945,0.161326410715133));
#2003=CARTESIAN_POINT('',(-0.0136757552208365,-2.19032132248121E-18,0.161326410715133));
#2004=CARTESIAN_POINT('',(-0.0126347503401652,0.00523348494809449,0.161326410715133));
#2005=CARTESIAN_POINT('',(-0.0096702192545008,0.00967021925450079,0.161326410715133));
#2006=CARTESIAN_POINT('',(-0.0052334849480945,0.0126347503401652,0.161326410715133));
#2007=CARTESIAN_POINT('',(-5.02121131132349E-18,0.0136757552208365,0.161326410715133));
#2008=CARTESIAN_POINT('',(0.00523348494809449,0.0126347503401652,0.161326410715133));
#2009=CARTESIAN_POINT('',(0.0096702192545008,0.00967021925450079,0.161326410715133));
#2010=CARTESIAN_POINT('',(0.0126347503401652,0.00523348494809447,0.161326410715133));
#2011=CARTESIAN_POINT('',(0.0136757552208365,9.64939933512099E-18,0.161326410715133));
#2012=CARTESIAN_POINT('',(0.0126347503401652,-0.0052334849480945,0.161326410715133));
#2013=CARTESIAN_POINT('',(0.0168075825307154,0.00696192863492738,0.119004131772729));
#2014=CARTESIAN_POINT('',(0.018192396237017,1.31188462870746E-17,0.119004131772729));
#2015=CARTESIAN_POINT('',(0.0168075825307154,-0.00696192863492742,0.119004131772729));
#2016=CARTESIAN_POINT('',(0.0128639667452274,-0.0128639667452274,0.119004131772729));
#2017=CARTESIAN_POINT('',(0.00696192863492741,-0.0168075825307154,0.119004131772729));
#2018=CARTESIAN_POINT('',(4.51976780654895E-18,-0.018192396237017,0.119004131772729));
#2019=CARTESIAN_POINT('',(-0.00696192863492741,-0.0168075825307154,0.119004131772729));
#2020=CARTESIAN_POINT('',(-0.0128639667452274,-0.0128639667452274,0.119004131772729));
#2021=CARTESIAN_POINT('',(-0.0168075825307154,-0.00696192863492742,0.119004131772729));
#2022=CARTESIAN_POINT('',(-0.018192396237017,-2.33992851679E-18,0.119004131772729));
#2023=CARTESIAN_POINT('',(-0.0168075825307154,0.00696192863492741,0.119004131772729));
#2024=CARTESIAN_POINT('',(-0.0128639667452274,0.0128639667452274,0.119004131772729));
#2025=CARTESIAN_POINT('',(-0.00696192863492742,0.0168075825307154,0.119004131772729));
#2026=CARTESIAN_POINT('',(-5.00088252058939E-18,0.018192396237017,0.119004131772729));
#2027=CARTESIAN_POINT('',(0.00696192863492742,0.0168075825307154,0.119004131772729));
#2028=CARTESIAN_POINT('',(0.0128639667452274,0.0128639667452274,0.119004131772729));
#2029=CARTESIAN_POINT('',(0.0168075825307154,0.00696192863492738,0.119004131772729));
#2030=CARTESIAN_POINT('',(0.018192396237017,1.31188462870746E-17,0.119004131772729));
#2031=CARTESIAN_POINT('',(0.0168075825307154,-0.00696192863492742,0.119004131772729));
#2032=CARTESIAN_POINT('',(-8.56483262709332E-18,0.,0.188981980085373));
#2033=CARTESIAN_POINT('',(0.00564251001924276,0.,0.0766978338360786));
#2034=CARTESIAN_POINT('',(-0.0149118624927863,0.00963347986351316,0.0713864139556885));
#2035=CARTESIAN_POINT('',(-0.0148926404017381,0.00962238198407211,0.0482724139556885));
#2036=CARTESIAN_POINT('',(-0.0148926404017381,0.00962238198407211,0.0476682145917821));
#2037=CARTESIAN_POINT('',(-0.0144610157930055,0.0093731834000315,0.0464845187750494));
#2038=CARTESIAN_POINT('',(-0.0134332873949889,0.00877982413278276,0.0459864139556885));
#2039=CARTESIAN_POINT('',(-0.0129100568480798,0.00847773683567656,0.0459864139556885));
#2040=CARTESIAN_POINT('',(-0.0105124534415613,0.00709347986351316,0.0713864139556885));
#2041=CARTESIAN_POINT('',(-0.0105124534415613,0.00709347986351316,0.0713864139556885));
#2042=CARTESIAN_POINT('',(-0.0149118624927863,0.00963347986351316,0.0713864139556885));
#2043=CARTESIAN_POINT('',(-0.0109559069626889,0.00632539583412491,0.0713864139556885));
#2044=CARTESIAN_POINT('',(-0.0113993604838164,0.00555731180473665,0.0713864139556885));
#2045=CARTESIAN_POINT('',(-0.0113993604838164,0.00555731180473665,0.0713864139556885));
#2046=CARTESIAN_POINT('',(-0.0109559069626889,0.00632539583412491,0.0713864139556885));
#2047=CARTESIAN_POINT('',(-0.0157987695350414,0.00809731180473665,0.0713864139556885));
#2048=CARTESIAN_POINT('',(-0.0137969638903349,0.00694156877690006,0.0459864139556885));
#2049=CARTESIAN_POINT('',(-0.0143202063303853,0.00724366294051457,0.0459864139556885));
#2050=CARTESIAN_POINT('',(-0.0153459068925902,0.0078358514362115,0.0464822103071649));
#2051=CARTESIAN_POINT('',(-0.0157795474439932,0.00808621392529561,0.0476681995321892));
#2052=CARTESIAN_POINT('',(-0.0157795474439932,0.00808621392529561,0.0482724139556885));
#2053=CARTESIAN_POINT('',(-0.0157987695350414,0.00809731180473665,0.0713864139556885));
#2054=CARTESIAN_POINT('',(-6.93889390390723E-18,-0.00254,0.0713864139556885));
#2055=CARTESIAN_POINT('',(0.0157987695350413,0.00809731180473668,0.0713864139556885));
#2056=CARTESIAN_POINT('',(0.0157795474439932,0.00808621392529563,0.0482724139556885));
#2057=CARTESIAN_POINT('',(0.0157795474439932,0.00808621392529563,0.0476682145917821));
#2058=CARTESIAN_POINT('',(0.0153479228352606,0.00783701534125503,0.0464845187750494));
#2059=CARTESIAN_POINT('',(0.014320194437244,0.00724365607400629,0.0459864139556885));
#2060=CARTESIAN_POINT('',(0.0137969638903349,0.00694156877690008,0.0459864139556885));
#2061=CARTESIAN_POINT('',(0.0113993604838164,0.00555731180473667,0.0713864139556885));
#2062=CARTESIAN_POINT('',(0.0113993604838164,0.00555731180473667,0.0713864139556885));
#2063=CARTESIAN_POINT('',(0.0157987695350413,0.00809731180473668,0.0713864139556885));
#2064=CARTESIAN_POINT('',(0.0149118624927862,0.00963347986351318,0.0713864139556885));
#2065=CARTESIAN_POINT('',(0.0129100568480798,0.00847773683567659,0.0459864139556885));
#2066=CARTESIAN_POINT('',(0.0134332992881301,0.0087798309992911,0.0459864139556885));
#2067=CARTESIAN_POINT('',(0.014458999850335,0.00937201949498806,0.0464822103071649));
#2068=CARTESIAN_POINT('',(0.0148926404017381,0.00962238198407213,0.0476681995321892));
#2069=CARTESIAN_POINT('',(0.0148926404017381,0.00962238198407213,0.0482724139556885));
#2070=CARTESIAN_POINT('',(0.0149118624927862,0.00963347986351318,0.0713864139556885));
#2071=CARTESIAN_POINT('',(0.0105124534415613,0.00709347986351318,0.0713864139556885));
#2072=CARTESIAN_POINT('',(0.0105124534415613,0.00709347986351318,0.0713864139556885));
#2073=CARTESIAN_POINT('',(-6.93889390390723E-18,-0.00254,0.0713864139556885));
#2074=CARTESIAN_POINT('',(0.0109559069626889,0.00632539583412492,0.0713864139556885));
#2075=CARTESIAN_POINT('',(0.0109559069626889,0.00632539583412492,0.0713864139556885));
#2076=CARTESIAN_POINT('',(0.000886907042255126,-0.0177307916682498,0.0713864139556885));
#2077=CARTESIAN_POINT('',(0.000886907042255126,-0.0154193056125767,0.0459864139556885));
#2078=CARTESIAN_POINT('',(0.000886907042255126,-0.0160234939398057,0.0459864139556885));
#2079=CARTESIAN_POINT('',(0.000886907042255126,-0.0172078709311996,0.0464822103071649));
#2080=CARTESIAN_POINT('',(0.000886907042255126,-0.0177085959093677,0.0476681995321892));
#2081=CARTESIAN_POINT('',(0.000886907042255126,-0.0177085959093677,0.0482724139556885));
#2082=CARTESIAN_POINT('',(0.000886907042255126,-0.0177307916682498,0.0713864139556885));
#2083=CARTESIAN_POINT('',(0.000886907042255125,-0.0126507916682498,0.0713864139556885));
#2084=CARTESIAN_POINT('',(0.000886907042255125,-0.0126507916682498,0.0713864139556885));
#2085=CARTESIAN_POINT('',(-0.000886907042255115,-0.0177307916682498,0.0713864139556885));
#2086=CARTESIAN_POINT('',(-0.000886907042255115,-0.0177085959093677,0.0482724139556885));
#2087=CARTESIAN_POINT('',(-0.000886907042255115,-0.0177085959093677,0.0476682145917821));
#2088=CARTESIAN_POINT('',(-0.000886907042255115,-0.0172101987412865,0.0464845187750494));
#2089=CARTESIAN_POINT('',(-0.000886907042255115,-0.0160234802067891,0.0459864139556885));
#2090=CARTESIAN_POINT('',(-0.000886907042255115,-0.0154193056125767,0.0459864139556885));
#2091=CARTESIAN_POINT('',(-0.000886907042255115,-0.0126507916682498,0.0713864139556885));
#2092=CARTESIAN_POINT('',(-0.000886907042255115,-0.0126507916682498,0.0713864139556885));
#2093=CARTESIAN_POINT('',(-0.000886907042255115,-0.0177307916682498,0.0713864139556885));
#2094=CARTESIAN_POINT('',(-6.93889390390723E-18,-0.00254,0.0713864139556885));
#2095=CARTESIAN_POINT('',(4.77048955893622E-18,-0.0126507916682498,0.0713864139556885));
#2096=CARTESIAN_POINT('',(4.77048955893622E-18,-0.0126507916682498,0.0713864139556885));
#2097=CARTESIAN_POINT('',(0.,0.,0.0482724139556885));
#2098=CARTESIAN_POINT('',(0.,0.,0.0482724139556885));
#2099=CARTESIAN_POINT('',(0.,0.,0.0482724139556885));
#2100=CARTESIAN_POINT('',(0.0369782634079457,0.0484483800828457,-0.0768357403576374));
#2101=MECHANICAL_DESIGN_GEOMETRIC_PRESENTATION_REPRESENTATION('',(#830,
#831,#832),#2102);
#2102=(
GEOMETRIC_REPRESENTATION_CONTEXT(3)
GLOBAL_UNCERTAINTY_ASSIGNED_CONTEXT((#2106))
GLOBAL_UNIT_ASSIGNED_CONTEXT((#2112,#2111,#2110))
REPRESENTATION_CONTEXT('all mk2','TOP_LEVEL_ASSEMBLY_PART')
);
#2103=(
GEOMETRIC_REPRESENTATION_CONTEXT(3)
GLOBAL_UNCERTAINTY_ASSIGNED_CONTEXT((#2107))
GLOBAL_UNIT_ASSIGNED_CONTEXT((#2112,#2111,#2110))
REPRESENTATION_CONTEXT('Part 1','COMPONENT_PART')
);
#2104=(
GEOMETRIC_REPRESENTATION_CONTEXT(3)
GLOBAL_UNCERTAINTY_ASSIGNED_CONTEXT((#2108))
GLOBAL_UNIT_ASSIGNED_CONTEXT((#2112,#2111,#2110))
REPRESENTATION_CONTEXT('Part 1','COMPONENT_PART')
);
#2105=(
GEOMETRIC_REPRESENTATION_CONTEXT(3)
GLOBAL_UNCERTAINTY_ASSIGNED_CONTEXT((#2109))
GLOBAL_UNIT_ASSIGNED_CONTEXT((#2112,#2111,#2110))
REPRESENTATION_CONTEXT('Part 2','COMPONENT_PART')
);
#2106=UNCERTAINTY_MEASURE_WITH_UNIT(LENGTH_MEASURE(1.E-8),#2112,
'DISTANCE_ACCURACY_VALUE','Maximum Tolerance applied to model');
#2107=UNCERTAINTY_MEASURE_WITH_UNIT(LENGTH_MEASURE(2.E-5),#2112,
'DISTANCE_ACCURACY_VALUE','Maximum Tolerance applied to model');
#2108=UNCERTAINTY_MEASURE_WITH_UNIT(LENGTH_MEASURE(2.E-5),#2112,
'DISTANCE_ACCURACY_VALUE','Maximum Tolerance applied to model');
#2109=UNCERTAINTY_MEASURE_WITH_UNIT(LENGTH_MEASURE(2.E-5),#2112,
'DISTANCE_ACCURACY_VALUE','Maximum Tolerance applied to model');
#2110=(
NAMED_UNIT(*)
SI_UNIT($,.STERADIAN.)
SOLID_ANGLE_UNIT()
);
#2111=(
NAMED_UNIT(*)
PLANE_ANGLE_UNIT()
SI_UNIT($,.RADIAN.)
);
#2112=(
LENGTH_UNIT()
NAMED_UNIT(*)
SI_UNIT($,.METRE.)
);
#2113=PRODUCT_DEFINITION_SHAPE('','',#2122);
#2114=PRODUCT_DEFINITION_SHAPE('','',#2123);
#2115=PRODUCT_DEFINITION_SHAPE(' ','NAUO PRDDFN',#51);
#2116=PRODUCT_DEFINITION_SHAPE('','',#2124);
#2117=PRODUCT_DEFINITION_SHAPE(' ','NAUO PRDDFN',#52);
#2118=PRODUCT_DEFINITION_SHAPE(' ','NAUO PRDDFN',#53);
#2119=PRODUCT_DEFINITION_SHAPE(' ','NAUO PRDDFN',#54);
#2120=PRODUCT_DEFINITION_SHAPE('','',#2125);
#2121=PRODUCT_DEFINITION_SHAPE(' ','NAUO PRDDFN',#55);
#2122=PRODUCT_DEFINITION('','',#2130,#2126);
#2123=PRODUCT_DEFINITION('','',#2131,#2127);
#2124=PRODUCT_DEFINITION('','',#2132,#2128);
#2125=PRODUCT_DEFINITION('','',#2133,#2129);
#2126=PRODUCT_DEFINITION_CONTEXT('',#2151,'design');
#2127=PRODUCT_DEFINITION_CONTEXT('',#2151,'design');
#2128=PRODUCT_DEFINITION_CONTEXT('',#2151,'design');
#2129=PRODUCT_DEFINITION_CONTEXT('',#2151,'design');
#2130=PRODUCT_DEFINITION_FORMATION_WITH_SPECIFIED_SOURCE('','',#2138,
 .NOT_KNOWN.);
#2131=PRODUCT_DEFINITION_FORMATION_WITH_SPECIFIED_SOURCE('','',#2139,
 .NOT_KNOWN.);
#2132=PRODUCT_DEFINITION_FORMATION_WITH_SPECIFIED_SOURCE('','',#2140,
 .NOT_KNOWN.);
#2133=PRODUCT_DEFINITION_FORMATION_WITH_SPECIFIED_SOURCE('','',#2141,
 .NOT_KNOWN.);
#2134=PRODUCT_RELATED_PRODUCT_CATEGORY('','',(#2138));
#2135=PRODUCT_RELATED_PRODUCT_CATEGORY('','',(#2139));
#2136=PRODUCT_RELATED_PRODUCT_CATEGORY('','',(#2140));
#2137=PRODUCT_RELATED_PRODUCT_CATEGORY('','',(#2141));
#2138=PRODUCT('all mk2','all mk2','all mk2',(#2146));
#2139=PRODUCT('Part 1','Part 1','Part 1',(#2147));
#2140=PRODUCT('Part 1','Part 1','Part 1',(#2148));
#2141=PRODUCT('Part 2','Part 2','Part 2',(#2149));
#2142=PRODUCT_CATEGORY('','');
#2143=PRODUCT_CATEGORY('','');
#2144=PRODUCT_CATEGORY('','');
#2145=PRODUCT_CATEGORY('','');
#2146=PRODUCT_CONTEXT('',#2151,'mechanical');
#2147=PRODUCT_CONTEXT('',#2151,'mechanical');
#2148=PRODUCT_CONTEXT('',#2151,'mechanical');
#2149=PRODUCT_CONTEXT('',#2151,'mechanical');
#2150=APPLICATION_PROTOCOL_DEFINITION('international standard',
'ap242_managed_model_based_3d_engineering',2020,#2151);
#2151=APPLICATION_CONTEXT('managed model based 3d engineering');
ENDSEC;
END-ISO-10303-21;
