ISO-10303-21;
HEADER;
/* Generated by software containing ST-Developer
 * from STEP Tools, Inc. (www.steptools.com) 
 */
/* OPTION: using custom renumber hook */

FILE_DESCRIPTION(
/* description */ ('STEP AP242 Edition 2',
'CAx-IF Rec.Pracs.---Representation and Presentation of Product Manufa
cturing Information (PMI)---4.0---2014-10-13',
'CAx-IF Rec.Pracs.---3D Tessellated Geometry---0.4---2014-09-14','2;1',
'CAx-IF Rec.Pracs.---User Defined Attributes---1.5---2016-08-15'),
/* implementation_level */ '2;1');

FILE_NAME(
/* name */ '6a6fef0246148d64a95ff1b1',
/* time_stamp */ '2026-08-03T01:29:38Z',
/* author */ (''),
/* organization */ (''),
/* preprocessor_version */ 'ST-DEVELOPER v20',
/* originating_system */ 'ONSHAPE BY PTC INC, 1.218',
/* authorisation */ '  ');

FILE_SCHEMA (('AP242_MANAGED_MODEL_BASED_3D_ENGINEERING_MIM_LF { 1 0 10303 442 3 1 4 }'));
ENDSEC;

DATA;
#10=CONTEXT_DEPENDENT_SHAPE_REPRESENTATION(#16,#4066);
#11=CONTEXT_DEPENDENT_SHAPE_REPRESENTATION(#17,#4068);
#12=CONTEXT_DEPENDENT_SHAPE_REPRESENTATION(#18,#4070);
#13=NEXT_ASSEMBLY_USAGE_OCCURRENCE('NAUO1','Part 1','Part 1',#4071,#4072,
'');
#14=NEXT_ASSEMBLY_USAGE_OCCURRENCE('NAUO2','Part 3','Part 3',#4071,#4073,
'');
#15=NEXT_ASSEMBLY_USAGE_OCCURRENCE('NAUO3','Part 2','Part 2',#4071,#4074,
'');
#16=(
REPRESENTATION_RELATIONSHIP(' ',' ',#2231,#2230)
REPRESENTATION_RELATIONSHIP_WITH_TRANSFORMATION(#19)
SHAPE_REPRESENTATION_RELATIONSHIP()
);
#17=(
REPRESENTATION_RELATIONSHIP(' ',' ',#2232,#2230)
REPRESENTATION_RELATIONSHIP_WITH_TRANSFORMATION(#20)
SHAPE_REPRESENTATION_RELATIONSHIP()
);
#18=(
REPRESENTATION_RELATIONSHIP(' ',' ',#2233,#2230)
REPRESENTATION_RELATIONSHIP_WITH_TRANSFORMATION(#21)
SHAPE_REPRESENTATION_RELATIONSHIP()
);
#19=ITEM_DEFINED_TRANSFORMATION(' ',' ',#2234,#2303);
#20=ITEM_DEFINED_TRANSFORMATION(' ',' ',#2234,#2316);
#21=ITEM_DEFINED_TRANSFORMATION(' ',' ',#2234,#2485);
#22=SHAPE_REPRESENTATION_RELATIONSHIP('','',#2231,#25);
#23=SHAPE_REPRESENTATION_RELATIONSHIP('','',#2232,#26);
#24=SHAPE_REPRESENTATION_RELATIONSHIP('','',#2233,#27);
#25=ADVANCED_BREP_SHAPE_REPRESENTATION('',(#2223),#4054);
#26=ADVANCED_BREP_SHAPE_REPRESENTATION('',(#2224),#4055);
#27=ADVANCED_BREP_SHAPE_REPRESENTATION('',(#2225),#4056);
#28=(
BOUNDED_SURFACE()
B_SPLINE_SURFACE(3,2,((#3413,#3414,#3415),(#3416,#3417,#3418),(#3419,#3420,
#3421),(#3422,#3423,#3424),(#3425,#3426,#3427),(#3428,#3429,#3430),(#3431,
#3432,#3433),(#3434,#3435,#3436)),.UNSPECIFIED.,.F.,.F.,.F.)
B_SPLINE_SURFACE_WITH_KNOTS((4,1,1,1,1,4),(3,3),(0.00858951697832058,0.00948903011767446,
0.0103885432570283,0.0112880563963822,0.0117378129660592,0.0121875695357361),
(0.,1.),.UNSPECIFIED.)
GEOMETRIC_REPRESENTATION_ITEM()
RATIONAL_B_SPLINE_SURFACE(((1.,0.755729389002843,1.),(1.,0.78070874280413,
1.),(1.,0.827233509727797,1.),(1.,0.889079851153678,1.),(1.,0.935135876350544,
1.),(1.,0.967636461892166,1.),(1.,0.981989212070562,1.),(1.,0.986733949303344,
1.)))
REPRESENTATION_ITEM('')
SURFACE()
);
#29=TOROIDAL_SURFACE('',#2296,0.001016,0.000508);
#30=TOROIDAL_SURFACE('',#2371,0.0111712362015667,0.000508);
#31=TOROIDAL_SURFACE('',#2374,0.0111712362015667,0.000508);
#32=TOROIDAL_SURFACE('',#2377,0.0111712362015667,0.000508);
#33=TOROIDAL_SURFACE('',#2407,0.0150936823179462,0.002286);
#34=TOROIDAL_SURFACE('',#2408,0.0111712362015667,0.000508);
#35=VERTEX_LOOP('',#1524);
#36=B_SPLINE_SURFACE_WITH_KNOTS('',3,3,((#3260,#3261,#3262,#3263,#3264,
#3265,#3266,#3267,#3268,#3269,#3270,#3271,#3272,#3273,#3274,#3275,#3276,
#3277,#3278),(#3279,#3280,#3281,#3282,#3283,#3284,#3285,#3286,#3287,#3288,
#3289,#3290,#3291,#3292,#3293,#3294,#3295,#3296,#3297),(#3298,#3299,#3300,
#3301,#3302,#3303,#3304,#3305,#3306,#3307,#3308,#3309,#3310,#3311,#3312,
#3313,#3314,#3315,#3316),(#3317,#3318,#3319,#3320,#3321,#3322,#3323,#3324,
#3325,#3326,#3327,#3328,#3329,#3330,#3331,#3332,#3333,#3334,#3335)),
 .UNSPECIFIED.,.F.,.T.,.F.,(4,4),(1,1,1,1,1,1,1,1,1,1,1,1,1,1,1,1,1,1,1,
1,1,1,1),(0.,1.),(-1.17809724509617,-0.785398163397448,-0.392699081698725,
0.,0.392699081698724,0.785398163397448,1.17809724509617,1.5707963267949,
1.96349540849362,2.35619449019234,2.74889357189107,3.14159265358979,3.53429173528852,
3.92699081698724,4.31968989868597,4.71238898038469,5.10508806208341,5.49778714378214,
5.89048622548086,6.28318530717959,6.67588438887831,7.06858347057703,7.46128255227576),
 .UNSPECIFIED.);
#37=CONICAL_SURFACE('',#2262,0.0073140268214047,0.0283092536841773);
#38=CONICAL_SURFACE('',#2362,0.0125365616947,0.785398163397448);
#39=PLANE('',#2249);
#40=PLANE('',#2253);
#41=PLANE('',#2264);
#42=PLANE('',#2265);
#43=PLANE('',#2266);
#44=PLANE('',#2267);
#45=PLANE('',#2268);
#46=PLANE('',#2269);
#47=PLANE('',#2270);
#48=PLANE('',#2271);
#49=PLANE('',#2272);
#50=PLANE('',#2274);
#51=PLANE('',#2276);
#52=PLANE('',#2278);
#53=PLANE('',#2280);
#54=PLANE('',#2282);
#55=PLANE('',#2284);
#56=PLANE('',#2286);
#57=PLANE('',#2307);
#58=PLANE('',#2309);
#59=PLANE('',#2315);
#60=PLANE('',#2317);
#61=PLANE('',#2320);
#62=PLANE('',#2323);
#63=PLANE('',#2326);
#64=PLANE('',#2329);
#65=PLANE('',#2332);
#66=PLANE('',#2335);
#67=PLANE('',#2339);
#68=PLANE('',#2340);
#69=PLANE('',#2341);
#70=PLANE('',#2343);
#71=PLANE('',#2344);
#72=PLANE('',#2345);
#73=PLANE('',#2348);
#74=PLANE('',#2349);
#75=PLANE('',#2350);
#76=PLANE('',#2352);
#77=PLANE('',#2353);
#78=PLANE('',#2357);
#79=PLANE('',#2358);
#80=PLANE('',#2360);
#81=PLANE('',#2363);
#82=PLANE('',#2365);
#83=PLANE('',#2367);
#84=PLANE('',#2369);
#85=PLANE('',#2388);
#86=PLANE('',#2409);
#87=PLANE('',#2412);
#88=PLANE('',#2413);
#89=PLANE('',#2416);
#90=PLANE('',#2417);
#91=PLANE('',#2422);
#92=PLANE('',#2423);
#93=PLANE('',#2428);
#94=PLANE('',#2431);
#95=PLANE('',#2432);
#96=PLANE('',#2435);
#97=PLANE('',#2436);
#98=PLANE('',#2441);
#99=PLANE('',#2442);
#100=PLANE('',#2447);
#101=PLANE('',#2450);
#102=PLANE('',#2451);
#103=PLANE('',#2454);
#104=PLANE('',#2455);
#105=PLANE('',#2460);
#106=PLANE('',#2461);
#107=PLANE('',#2466);
#108=PLANE('',#2469);
#109=PLANE('',#2470);
#110=PLANE('',#2473);
#111=PLANE('',#2474);
#112=PLANE('',#2479);
#113=PLANE('',#2480);
#114=B_SPLINE_CURVE_WITH_KNOTS('',3,(#3185,#3186,#3187,#3188),
 .UNSPECIFIED.,.F.,.F.,(4,4),(0.,0.00101521232552833),.UNSPECIFIED.);
#115=B_SPLINE_CURVE_WITH_KNOTS('',3,(#3192,#3193,#3194,#3195,#3196,#3197,
#3198,#3199),.UNSPECIFIED.,.F.,.F.,(4,1,1,1,1,4),(0.,0.000878948621006738,
0.00175789724201348,0.00263684586302021,0.00307632017352358,0.00351579448402695),
 .UNSPECIFIED.);
#116=B_SPLINE_CURVE_WITH_KNOTS('',3,(#3378,#3379,#3380,#3381),
 .UNSPECIFIED.,.F.,.F.,(4,4),(3.54775934322987E-16,0.000977107116340315),
 .UNSPECIFIED.);
#117=B_SPLINE_CURVE_WITH_KNOTS('',3,(#3407,#3408,#3409,#3410),
 .UNSPECIFIED.,.F.,.F.,(4,4),(0.,0.00244844755259394),.UNSPECIFIED.);
#118=B_SPLINE_CURVE_WITH_KNOTS('',3,(#3532,#3533,#3534,#3535),
 .UNSPECIFIED.,.F.,.F.,(4,4),(0.,0.00609954566141593),.UNSPECIFIED.);
#119=B_SPLINE_CURVE_WITH_KNOTS('',3,(#3541,#3542,#3543,#3544),
 .UNSPECIFIED.,.F.,.F.,(4,4),(0.,0.00177098205313087),.UNSPECIFIED.);
#120=B_SPLINE_CURVE_WITH_KNOTS('',3,(#3547,#3548,#3549,#3550),
 .UNSPECIFIED.,.F.,.F.,(4,4),(0.,0.00609954566141593),.UNSPECIFIED.);
#121=B_SPLINE_CURVE_WITH_KNOTS('',3,(#3559,#3560,#3561,#3562),
 .UNSPECIFIED.,.F.,.F.,(4,4),(0.,0.00609954566141593),.UNSPECIFIED.);
#122=B_SPLINE_CURVE_WITH_KNOTS('',3,(#3568,#3569,#3570,#3571),
 .UNSPECIFIED.,.F.,.F.,(4,4),(0.,0.00177098205313087),.UNSPECIFIED.);
#123=B_SPLINE_CURVE_WITH_KNOTS('',3,(#3577,#3578,#3579,#3580),
 .UNSPECIFIED.,.F.,.F.,(4,4),(0.,0.00609954566141593),.UNSPECIFIED.);
#124=B_SPLINE_CURVE_WITH_KNOTS('',3,(#3591,#3592,#3593,#3594),
 .UNSPECIFIED.,.F.,.F.,(4,4),(0.,0.00609954566141593),.UNSPECIFIED.);
#125=B_SPLINE_CURVE_WITH_KNOTS('',3,(#3602,#3603,#3604,#3605),
 .UNSPECIFIED.,.F.,.F.,(4,4),(0.,0.00177098205313087),.UNSPECIFIED.);
#126=B_SPLINE_CURVE_WITH_KNOTS('',3,(#3608,#3609,#3610,#3611),
 .UNSPECIFIED.,.F.,.F.,(4,4),(0.,0.00609954566141593),.UNSPECIFIED.);
#127=B_SPLINE_CURVE_WITH_KNOTS('',3,(#3620,#3621,#3622,#3623),
 .UNSPECIFIED.,.F.,.F.,(4,4),(0.,0.00609954566141593),.UNSPECIFIED.);
#128=B_SPLINE_CURVE_WITH_KNOTS('',3,(#3629,#3630,#3631,#3632),
 .UNSPECIFIED.,.F.,.F.,(4,4),(0.,0.00177098205313087),.UNSPECIFIED.);
#129=B_SPLINE_CURVE_WITH_KNOTS('',3,(#3640,#3641,#3642,#3643),
 .UNSPECIFIED.,.F.,.F.,(4,4),(0.,0.00609954566141593),.UNSPECIFIED.);
#130=B_SPLINE_CURVE_WITH_KNOTS('',3,(#3660,#3661,#3662,#3663,#3664,#3665,
#3666,#3667),.UNSPECIFIED.,.F.,.F.,(4,1,1,1,1,4),(7.16613605640398E-5,0.000530293854366932,
0.000644951977817655,0.000759610101268378,0.000874268224719101,0.000988926348169824),
 .UNSPECIFIED.);
#131=B_SPLINE_CURVE_WITH_KNOTS('',3,(#3672,#3673,#3674,#3675,#3676,#3677,
#3678,#3679),.UNSPECIFIED.,.F.,.F.,(4,1,1,1,1,4),(2.54392327504692E-7,0.000116560801240246,
0.000232867210152987,0.000349173619065728,0.000465480027978469,0.000930705663629434),
 .UNSPECIFIED.);
#132=B_SPLINE_CURVE_WITH_KNOTS('',3,(#3683,#3684,#3685,#3686,#3687,#3688,
#3689,#3690),.UNSPECIFIED.,.F.,.F.,(4,1,1,1,1,4),(7.1661360564049E-5,0.000530293854366934,
0.000644951977817656,0.000759610101268377,0.000874268224719098,0.000988926348169819),
 .UNSPECIFIED.);
#133=B_SPLINE_CURVE_WITH_KNOTS('',3,(#3695,#3696,#3697,#3698,#3699,#3700,
#3701,#3702),.UNSPECIFIED.,.F.,.F.,(4,1,1,1,1,4),(2.54392334149089E-7,0.000116560801246885,
0.000232867210159621,0.000349173619072357,0.000465480027985092,0.000930705663636036),
 .UNSPECIFIED.);
#134=B_SPLINE_CURVE_WITH_KNOTS('',3,(#3706,#3707,#3708,#3709,#3710,#3711,
#3712,#3713),.UNSPECIFIED.,.F.,.F.,(4,1,1,1,1,4),(2.54392327503436E-7,0.000116560801240245,
0.000232867210152986,0.000349173619065728,0.000465480027978469,0.000930705663629435),
 .UNSPECIFIED.);
#135=B_SPLINE_CURVE_WITH_KNOTS('',3,(#3718,#3719,#3720,#3721,#3722,#3723,
#3724,#3725),.UNSPECIFIED.,.F.,.F.,(4,1,1,1,1,4),(7.16613605640398E-5,0.000530293854366915,
0.000644951977817634,0.000759610101268353,0.000874268224719071,0.00098892634816979),
 .UNSPECIFIED.);
#136=B_SPLINE_CURVE_WITH_KNOTS('',3,(#3729,#3730,#3731,#3732,#3733,#3734),
 .UNSPECIFIED.,.F.,.F.,(4,1,1,4),(2.55247827119583E-15,0.000435497584761701,
0.00087099516952085,0.00174199033903915),.UNSPECIFIED.);
#137=B_SPLINE_CURVE_WITH_KNOTS('',3,(#3736,#3737,#3738,#3739,#3740,#3741),
 .UNSPECIFIED.,.F.,.F.,(4,1,1,4),(7.53696568782022E-5,0.000942514322250926,
0.00137608665493729,0.00180965898762365),.UNSPECIFIED.);
#138=B_SPLINE_CURVE_WITH_KNOTS('',3,(#3745,#3746,#3747,#3748,#3749,#3750),
 .UNSPECIFIED.,.F.,.F.,(4,1,1,4),(1.701295847849E-15,0.000435497584760857,
0.000870995169520014,0.00174199033903833),.UNSPECIFIED.);
#139=B_SPLINE_CURVE_WITH_KNOTS('',3,(#3751,#3752,#3753,#3754,#3755,#3756),
 .UNSPECIFIED.,.F.,.F.,(4,1,1,4),(7.53696568784966E-5,0.000942514322251056,
0.00137608665493734,0.00180965898762362),.UNSPECIFIED.);
#140=B_SPLINE_CURVE_WITH_KNOTS('',3,(#3760,#3761,#3762,#3763,#3764,#3765),
 .UNSPECIFIED.,.F.,.F.,(4,1,1,4),(0.,0.000435497584759168,0.000870995169518335,
0.00174199033903667),.UNSPECIFIED.);
#141=B_SPLINE_CURVE_WITH_KNOTS('',3,(#3769,#3770,#3771,#3772,#3773,#3774),
 .UNSPECIFIED.,.F.,.F.,(4,1,1,4),(7.53696568782022E-5,0.000942514322250917,
0.00137608665493728,0.00180965898762363),.UNSPECIFIED.);
#142=B_SPLINE_CURVE_WITH_KNOTS('',3,(#3778,#3779,#3780,#3781,#3782,#3783),
 .UNSPECIFIED.,.F.,.F.,(4,1,1,4),(8.53019539591291E-16,0.000435497584760013,
0.000870995169519173,0.00174199033903749),.UNSPECIFIED.);
#143=B_SPLINE_CURVE_WITH_KNOTS('',3,(#3784,#3785,#3786,#3787,#3788,#3789),
 .UNSPECIFIED.,.F.,.F.,(4,1,1,4),(7.53696568781974E-5,0.000942514322250928,
0.00137608665493729,0.00180965898762366),.UNSPECIFIED.);
#144=B_SPLINE_CURVE_WITH_KNOTS('',3,(#3855,#3856,#3857,#3858,#3859,#3860,
#3861,#3862),.UNSPECIFIED.,.F.,.F.,(4,1,1,1,1,4),(2.54392334149089E-7,0.000116560801246876,
0.000232867210159602,0.000349173619072329,0.000465480027985055,0.000930705663635961),
 .UNSPECIFIED.);
#145=B_SPLINE_CURVE_WITH_KNOTS('',3,(#3863,#3864,#3865,#3866,#3867,#3868,
#3869,#3870),.UNSPECIFIED.,.F.,.F.,(4,1,1,1,1,4),(7.16613605640398E-5,0.000530293854366907,
0.000644951977817624,0.000759610101268341,0.000874268224719058,0.000988926348169775),
 .UNSPECIFIED.);
#146=ELLIPSE('',#2238,0.0393079810376078,0.00752693368121982);
#147=ELLIPSE('',#2239,0.0393079810376078,0.00752693368121982);
#148=ELLIPSE('',#2241,0.0393079810376078,0.00752693368121982);
#149=ELLIPSE('',#2242,0.0393079810376078,0.00752693368121982);
#150=ELLIPSE('',#2244,0.0393079810376078,0.00752693368121982);
#151=ELLIPSE('',#2245,0.0393079810376078,0.00752693368121982);
#152=ELLIPSE('',#2247,0.0393079810376078,0.00752693368121982);
#153=ELLIPSE('',#2248,0.0393079810376078,0.00752693368121982);
#154=ELLIPSE('',#2273,0.00265293348032643,0.000508);
#155=ELLIPSE('',#2275,0.00265293348032643,0.000508);
#156=ELLIPSE('',#2277,0.00074630623342,0.000508);
#157=ELLIPSE('',#2279,0.00265293348032643,0.000508);
#158=ELLIPSE('',#2281,0.00265293348032643,0.000508);
#159=ELLIPSE('',#2283,0.00265293348032643,0.000508);
#160=ELLIPSE('',#2285,0.00265293348032643,0.000508);
#161=ELLIPSE('',#2287,0.00265293348032643,0.000508);
#162=ELLIPSE('',#2293,0.000841310027382113,0.000508);
#163=ELLIPSE('',#2389,0.000532172277596338,0.000508);
#164=ELLIPSE('',#2390,0.000537002132707883,0.000508);
#165=ELLIPSE('',#2391,0.000537002132707883,0.000508);
#166=ELLIPSE('',#2392,0.000532172277596338,0.000508);
#167=ELLIPSE('',#2393,0.000532172277596338,0.000508);
#168=ELLIPSE('',#2394,0.000537002132707883,0.000508);
#169=ELLIPSE('',#2395,0.000537002132707883,0.000508);
#170=ELLIPSE('',#2396,0.000532172277596338,0.000508);
#171=ELLIPSE('',#2398,0.000532172277596338,0.000508);
#172=ELLIPSE('',#2399,0.000537002132707883,0.000508);
#173=ELLIPSE('',#2400,0.000537002132707883,0.000508);
#174=ELLIPSE('',#2401,0.000532172277596338,0.000508);
#175=ELLIPSE('',#2402,0.000532172277596338,0.000508);
#176=ELLIPSE('',#2403,0.000537002132707883,0.000508);
#177=ELLIPSE('',#2404,0.000537002132707883,0.000508);
#178=ELLIPSE('',#2405,0.000532172277596338,0.000508);
#179=ELLIPSE('',#2410,0.000532172277596338,0.000508);
#180=ELLIPSE('',#2411,0.000532172277596338,0.000508);
#181=ELLIPSE('',#2414,0.00170492208081063,0.000508);
#182=ELLIPSE('',#2415,0.00170492208081063,0.000508);
#183=ELLIPSE('',#2418,0.000537002132707883,0.000508);
#184=ELLIPSE('',#2419,0.000532172277596338,0.000508);
#185=ELLIPSE('',#2420,0.000532172277596338,0.000508);
#186=ELLIPSE('',#2421,0.000537002132707883,0.000508);
#187=ELLIPSE('',#2429,0.000532172277596338,0.000508);
#188=ELLIPSE('',#2430,0.000532172277596338,0.000508);
#189=ELLIPSE('',#2433,0.00170492208081063,0.000508);
#190=ELLIPSE('',#2434,0.00170492208081063,0.000508);
#191=ELLIPSE('',#2437,0.000532172277596338,0.000508);
#192=ELLIPSE('',#2438,0.000532172277596338,0.000508);
#193=ELLIPSE('',#2439,0.000537002132707883,0.000508);
#194=ELLIPSE('',#2440,0.000537002132707883,0.000508);
#195=ELLIPSE('',#2448,0.000532172277596338,0.000508);
#196=ELLIPSE('',#2449,0.000532172277596338,0.000508);
#197=ELLIPSE('',#2452,0.00170492208081063,0.000508);
#198=ELLIPSE('',#2453,0.00170492208081063,0.000508);
#199=ELLIPSE('',#2456,0.000537002132707883,0.000508);
#200=ELLIPSE('',#2457,0.000532172277596338,0.000508);
#201=ELLIPSE('',#2458,0.000532172277596338,0.000508);
#202=ELLIPSE('',#2459,0.000537002132707883,0.000508);
#203=ELLIPSE('',#2467,0.000532172277596338,0.000508);
#204=ELLIPSE('',#2468,0.000532172277596338,0.000508);
#205=ELLIPSE('',#2471,0.00170492208081063,0.000508);
#206=ELLIPSE('',#2472,0.00170492208081063,0.000508);
#207=ELLIPSE('',#2475,0.000537002132707883,0.000508);
#208=ELLIPSE('',#2476,0.000532172277596338,0.000508);
#209=ELLIPSE('',#2477,0.000532172277596338,0.000508);
#210=ELLIPSE('',#2478,0.000537002132707883,0.000508);
#211=LINE('',#3155,#369);
#212=LINE('',#3161,#370);
#213=LINE('',#3165,#371);
#214=LINE('',#3171,#372);
#215=LINE('',#3175,#373);
#216=LINE('',#3181,#374);
#217=LINE('',#3190,#375);
#218=LINE('',#3205,#376);
#219=LINE('',#3213,#377);
#220=LINE('',#3216,#378);
#221=LINE('',#3218,#379);
#222=LINE('',#3220,#380);
#223=LINE('',#3225,#381);
#224=LINE('',#3227,#382);
#225=LINE('',#3229,#383);
#226=LINE('',#3231,#384);
#227=LINE('',#3236,#385);
#228=LINE('',#3238,#386);
#229=LINE('',#3240,#387);
#230=LINE('',#3242,#388);
#231=LINE('',#3247,#389);
#232=LINE('',#3249,#390);
#233=LINE('',#3251,#391);
#234=LINE('',#3253,#392);
#235=LINE('',#3338,#393);
#236=LINE('',#3340,#394);
#237=LINE('',#3342,#395);
#238=LINE('',#3344,#396);
#239=LINE('',#3346,#397);
#240=LINE('',#3348,#398);
#241=LINE('',#3350,#399);
#242=LINE('',#3352,#400);
#243=LINE('',#3354,#401);
#244=LINE('',#3356,#402);
#245=LINE('',#3358,#403);
#246=LINE('',#3361,#404);
#247=LINE('',#3363,#405);
#248=LINE('',#3365,#406);
#249=LINE('',#3367,#407);
#250=LINE('',#3369,#408);
#251=LINE('',#3371,#409);
#252=LINE('',#3373,#410);
#253=LINE('',#3383,#411);
#254=LINE('',#3386,#412);
#255=LINE('',#3390,#413);
#256=LINE('',#3395,#414);
#257=LINE('',#3463,#415);
#258=LINE('',#3468,#416);
#259=LINE('',#3472,#417);
#260=LINE('',#3477,#418);
#261=LINE('',#3481,#419);
#262=LINE('',#3486,#420);
#263=LINE('',#3490,#421);
#264=LINE('',#3495,#422);
#265=LINE('',#3499,#423);
#266=LINE('',#3504,#424);
#267=LINE('',#3508,#425);
#268=LINE('',#3513,#426);
#269=LINE('',#3517,#427);
#270=LINE('',#3522,#428);
#271=LINE('',#3526,#429);
#272=LINE('',#3527,#430);
#273=LINE('',#3529,#431);
#274=LINE('',#3536,#432);
#275=LINE('',#3538,#433);
#276=LINE('',#3545,#434);
#277=LINE('',#3551,#435);
#278=LINE('',#3552,#436);
#279=LINE('',#3554,#437);
#280=LINE('',#3556,#438);
#281=LINE('',#3563,#439);
#282=LINE('',#3565,#440);
#283=LINE('',#3572,#441);
#284=LINE('',#3574,#442);
#285=LINE('',#3581,#443);
#286=LINE('',#3582,#444);
#287=LINE('',#3584,#445);
#288=LINE('',#3588,#446);
#289=LINE('',#3596,#447);
#290=LINE('',#3597,#448);
#291=LINE('',#3599,#449);
#292=LINE('',#3606,#450);
#293=LINE('',#3612,#451);
#294=LINE('',#3613,#452);
#295=LINE('',#3615,#453);
#296=LINE('',#3617,#454);
#297=LINE('',#3624,#455);
#298=LINE('',#3626,#456);
#299=LINE('',#3633,#457);
#300=LINE('',#3644,#458);
#301=LINE('',#3798,#459);
#302=LINE('',#3802,#460);
#303=LINE('',#3806,#461);
#304=LINE('',#3811,#462);
#305=LINE('',#3815,#463);
#306=LINE('',#3819,#464);
#307=LINE('',#3827,#465);
#308=LINE('',#3831,#466);
#309=LINE('',#3835,#467);
#310=LINE('',#3840,#468);
#311=LINE('',#3844,#469);
#312=LINE('',#3848,#470);
#313=LINE('',#3876,#471);
#314=LINE('',#3878,#472);
#315=LINE('',#3881,#473);
#316=LINE('',#3883,#474);
#317=LINE('',#3885,#475);
#318=LINE('',#3890,#476);
#319=LINE('',#3892,#477);
#320=LINE('',#3894,#478);
#321=LINE('',#3898,#479);
#322=LINE('',#3903,#480);
#323=LINE('',#3907,#481);
#324=LINE('',#3908,#482);
#325=LINE('',#3910,#483);
#326=LINE('',#3911,#484);
#327=LINE('',#3921,#485);
#328=LINE('',#3923,#486);
#329=LINE('',#3926,#487);
#330=LINE('',#3928,#488);
#331=LINE('',#3930,#489);
#332=LINE('',#3935,#490);
#333=LINE('',#3937,#491);
#334=LINE('',#3939,#492);
#335=LINE('',#3941,#493);
#336=LINE('',#3947,#494);
#337=LINE('',#3952,#495);
#338=LINE('',#3953,#496);
#339=LINE('',#3955,#497);
#340=LINE('',#3956,#498);
#341=LINE('',#3966,#499);
#342=LINE('',#3968,#500);
#343=LINE('',#3971,#501);
#344=LINE('',#3973,#502);
#345=LINE('',#3975,#503);
#346=LINE('',#3980,#504);
#347=LINE('',#3982,#505);
#348=LINE('',#3984,#506);
#349=LINE('',#3988,#507);
#350=LINE('',#3993,#508);
#351=LINE('',#3997,#509);
#352=LINE('',#3998,#510);
#353=LINE('',#4000,#511);
#354=LINE('',#4001,#512);
#355=LINE('',#4011,#513);
#356=LINE('',#4013,#514);
#357=LINE('',#4016,#515);
#358=LINE('',#4018,#516);
#359=LINE('',#4020,#517);
#360=LINE('',#4025,#518);
#361=LINE('',#4027,#519);
#362=LINE('',#4029,#520);
#363=LINE('',#4033,#521);
#364=LINE('',#4038,#522);
#365=LINE('',#4042,#523);
#366=LINE('',#4043,#524);
#367=LINE('',#4045,#525);
#368=LINE('',#4046,#526);
#369=VECTOR('',#2494,1.);
#370=VECTOR('',#2499,1.);
#371=VECTOR('',#2502,1.);
#372=VECTOR('',#2507,1.);
#373=VECTOR('',#2510,1.);
#374=VECTOR('',#2515,1.);
#375=VECTOR('',#2518,1.);
#376=VECTOR('',#2523,1.);
#377=VECTOR('',#2534,1.);
#378=VECTOR('',#2535,1.);
#379=VECTOR('',#2536,1.);
#380=VECTOR('',#2537,1.);
#381=VECTOR('',#2542,1.);
#382=VECTOR('',#2543,1.);
#383=VECTOR('',#2544,1.);
#384=VECTOR('',#2545,1.);
#385=VECTOR('',#2550,1.);
#386=VECTOR('',#2551,1.);
#387=VECTOR('',#2552,1.);
#388=VECTOR('',#2553,1.);
#389=VECTOR('',#2558,1.);
#390=VECTOR('',#2559,1.);
#391=VECTOR('',#2560,1.);
#392=VECTOR('',#2561,1.);
#393=VECTOR('',#2572,1.);
#394=VECTOR('',#2573,1.);
#395=VECTOR('',#2576,1.);
#396=VECTOR('',#2577,1.);
#397=VECTOR('',#2580,1.);
#398=VECTOR('',#2581,1.);
#399=VECTOR('',#2584,1.);
#400=VECTOR('',#2585,1.);
#401=VECTOR('',#2588,1.);
#402=VECTOR('',#2589,1.);
#403=VECTOR('',#2592,1.);
#404=VECTOR('',#2593,1.);
#405=VECTOR('',#2594,1.);
#406=VECTOR('',#2597,1.);
#407=VECTOR('',#2598,1.);
#408=VECTOR('',#2601,1.);
#409=VECTOR('',#2602,1.);
#410=VECTOR('',#2605,1.);
#411=VECTOR('',#2614,1.);
#412=VECTOR('',#2617,1.);
#413=VECTOR('',#2624,1.);
#414=VECTOR('',#2633,1.);
#415=VECTOR('',#2700,1.);
#416=VECTOR('',#2703,1.);
#417=VECTOR('',#2708,1.);
#418=VECTOR('',#2711,1.);
#419=VECTOR('',#2716,1.);
#420=VECTOR('',#2719,1.);
#421=VECTOR('',#2724,1.);
#422=VECTOR('',#2727,1.);
#423=VECTOR('',#2732,1.);
#424=VECTOR('',#2735,1.);
#425=VECTOR('',#2740,1.);
#426=VECTOR('',#2743,1.);
#427=VECTOR('',#2748,1.);
#428=VECTOR('',#2751,1.);
#429=VECTOR('',#2756,1.);
#430=VECTOR('',#2757,1.);
#431=VECTOR('',#2760,1.);
#432=VECTOR('',#2761,1.);
#433=VECTOR('',#2764,1.);
#434=VECTOR('',#2765,1.);
#435=VECTOR('',#2768,1.);
#436=VECTOR('',#2769,1.);
#437=VECTOR('',#2772,1.);
#438=VECTOR('',#2775,1.);
#439=VECTOR('',#2776,1.);
#440=VECTOR('',#2779,1.);
#441=VECTOR('',#2780,1.);
#442=VECTOR('',#2783,1.);
#443=VECTOR('',#2784,1.);
#444=VECTOR('',#2785,1.);
#445=VECTOR('',#2788,1.);
#446=VECTOR('',#2793,1.);
#447=VECTOR('',#2794,1.);
#448=VECTOR('',#2795,1.);
#449=VECTOR('',#2798,1.);
#450=VECTOR('',#2799,1.);
#451=VECTOR('',#2802,1.);
#452=VECTOR('',#2803,1.);
#453=VECTOR('',#2806,1.);
#454=VECTOR('',#2809,1.);
#455=VECTOR('',#2810,1.);
#456=VECTOR('',#2813,1.);
#457=VECTOR('',#2814,1.);
#458=VECTOR('',#2823,1.);
#459=VECTOR('',#2888,1.);
#460=VECTOR('',#2891,1.);
#461=VECTOR('',#2894,1.);
#462=VECTOR('',#2899,1.);
#463=VECTOR('',#2902,1.);
#464=VECTOR('',#2905,1.);
#465=VECTOR('',#2912,1.);
#466=VECTOR('',#2915,1.);
#467=VECTOR('',#2918,1.);
#468=VECTOR('',#2923,1.);
#469=VECTOR('',#2926,1.);
#470=VECTOR('',#2929,1.);
#471=VECTOR('',#2944,1.);
#472=VECTOR('',#2947,1.);
#473=VECTOR('',#2948,1.);
#474=VECTOR('',#2949,1.);
#475=VECTOR('',#2950,1.);
#476=VECTOR('',#2959,1.);
#477=VECTOR('',#2960,1.);
#478=VECTOR('',#2961,1.);
#479=VECTOR('',#2966,1.);
#480=VECTOR('',#2971,1.);
#481=VECTOR('',#2976,1.);
#482=VECTOR('',#2977,1.);
#483=VECTOR('',#2980,1.);
#484=VECTOR('',#2981,1.);
#485=VECTOR('',#2996,1.);
#486=VECTOR('',#2999,1.);
#487=VECTOR('',#3000,1.);
#488=VECTOR('',#3001,1.);
#489=VECTOR('',#3002,1.);
#490=VECTOR('',#3011,1.);
#491=VECTOR('',#3012,1.);
#492=VECTOR('',#3013,1.);
#493=VECTOR('',#3016,1.);
#494=VECTOR('',#3021,1.);
#495=VECTOR('',#3028,1.);
#496=VECTOR('',#3029,1.);
#497=VECTOR('',#3032,1.);
#498=VECTOR('',#3033,1.);
#499=VECTOR('',#3048,1.);
#500=VECTOR('',#3051,1.);
#501=VECTOR('',#3052,1.);
#502=VECTOR('',#3053,1.);
#503=VECTOR('',#3054,1.);
#504=VECTOR('',#3063,1.);
#505=VECTOR('',#3064,1.);
#506=VECTOR('',#3065,1.);
#507=VECTOR('',#3070,1.);
#508=VECTOR('',#3075,1.);
#509=VECTOR('',#3080,1.);
#510=VECTOR('',#3081,1.);
#511=VECTOR('',#3084,1.);
#512=VECTOR('',#3085,1.);
#513=VECTOR('',#3100,1.);
#514=VECTOR('',#3103,1.);
#515=VECTOR('',#3104,1.);
#516=VECTOR('',#3105,1.);
#517=VECTOR('',#3106,1.);
#518=VECTOR('',#3115,1.);
#519=VECTOR('',#3116,1.);
#520=VECTOR('',#3117,1.);
#521=VECTOR('',#3122,1.);
#522=VECTOR('',#3127,1.);
#523=VECTOR('',#3132,1.);
#524=VECTOR('',#3133,1.);
#525=VECTOR('',#3136,1.);
#526=VECTOR('',#3137,1.);
#527=ORIENTED_EDGE('',*,*,#1161,.T.);
#528=ORIENTED_EDGE('',*,*,#1162,.F.);
#529=ORIENTED_EDGE('',*,*,#1163,.T.);
#530=ORIENTED_EDGE('',*,*,#1164,.T.);
#531=ORIENTED_EDGE('',*,*,#1165,.T.);
#532=ORIENTED_EDGE('',*,*,#1166,.T.);
#533=ORIENTED_EDGE('',*,*,#1167,.F.);
#534=ORIENTED_EDGE('',*,*,#1168,.T.);
#535=ORIENTED_EDGE('',*,*,#1169,.T.);
#536=ORIENTED_EDGE('',*,*,#1170,.T.);
#537=ORIENTED_EDGE('',*,*,#1171,.T.);
#538=ORIENTED_EDGE('',*,*,#1172,.F.);
#539=ORIENTED_EDGE('',*,*,#1173,.T.);
#540=ORIENTED_EDGE('',*,*,#1174,.T.);
#541=ORIENTED_EDGE('',*,*,#1175,.T.);
#542=ORIENTED_EDGE('',*,*,#1176,.T.);
#543=ORIENTED_EDGE('',*,*,#1177,.F.);
#544=ORIENTED_EDGE('',*,*,#1178,.T.);
#545=ORIENTED_EDGE('',*,*,#1179,.T.);
#546=ORIENTED_EDGE('',*,*,#1180,.T.);
#547=ORIENTED_EDGE('',*,*,#1181,.T.);
#548=ORIENTED_EDGE('',*,*,#1182,.T.);
#549=ORIENTED_EDGE('',*,*,#1183,.T.);
#550=ORIENTED_EDGE('',*,*,#1184,.T.);
#551=ORIENTED_EDGE('',*,*,#1184,.F.);
#552=ORIENTED_EDGE('',*,*,#1185,.T.);
#553=ORIENTED_EDGE('',*,*,#1186,.F.);
#554=ORIENTED_EDGE('',*,*,#1187,.T.);
#555=ORIENTED_EDGE('',*,*,#1188,.T.);
#556=ORIENTED_EDGE('',*,*,#1189,.T.);
#557=ORIENTED_EDGE('',*,*,#1190,.T.);
#558=ORIENTED_EDGE('',*,*,#1172,.T.);
#559=ORIENTED_EDGE('',*,*,#1191,.T.);
#560=ORIENTED_EDGE('',*,*,#1192,.F.);
#561=ORIENTED_EDGE('',*,*,#1193,.T.);
#562=ORIENTED_EDGE('',*,*,#1194,.T.);
#563=ORIENTED_EDGE('',*,*,#1195,.T.);
#564=ORIENTED_EDGE('',*,*,#1196,.T.);
#565=ORIENTED_EDGE('',*,*,#1167,.T.);
#566=ORIENTED_EDGE('',*,*,#1197,.T.);
#567=ORIENTED_EDGE('',*,*,#1198,.F.);
#568=ORIENTED_EDGE('',*,*,#1199,.T.);
#569=ORIENTED_EDGE('',*,*,#1200,.T.);
#570=ORIENTED_EDGE('',*,*,#1201,.T.);
#571=ORIENTED_EDGE('',*,*,#1202,.T.);
#572=ORIENTED_EDGE('',*,*,#1162,.T.);
#573=ORIENTED_EDGE('',*,*,#1203,.T.);
#574=ORIENTED_EDGE('',*,*,#1204,.F.);
#575=ORIENTED_EDGE('',*,*,#1205,.T.);
#576=ORIENTED_EDGE('',*,*,#1206,.T.);
#577=ORIENTED_EDGE('',*,*,#1207,.T.);
#578=ORIENTED_EDGE('',*,*,#1208,.T.);
#579=ORIENTED_EDGE('',*,*,#1177,.T.);
#580=ORIENTED_EDGE('',*,*,#1209,.T.);
#581=ORIENTED_EDGE('',*,*,#1185,.F.);
#582=ORIENTED_EDGE('',*,*,#1161,.F.);
#583=ORIENTED_EDGE('',*,*,#1210,.T.);
#584=ORIENTED_EDGE('',*,*,#1210,.F.);
#585=ORIENTED_EDGE('',*,*,#1198,.T.);
#586=ORIENTED_EDGE('',*,*,#1211,.T.);
#587=ORIENTED_EDGE('',*,*,#1212,.T.);
#588=ORIENTED_EDGE('',*,*,#1213,.T.);
#589=ORIENTED_EDGE('',*,*,#1214,.T.);
#590=ORIENTED_EDGE('',*,*,#1201,.F.);
#591=ORIENTED_EDGE('',*,*,#1186,.T.);
#592=ORIENTED_EDGE('',*,*,#1215,.T.);
#593=ORIENTED_EDGE('',*,*,#1216,.T.);
#594=ORIENTED_EDGE('',*,*,#1217,.T.);
#595=ORIENTED_EDGE('',*,*,#1218,.T.);
#596=ORIENTED_EDGE('',*,*,#1189,.F.);
#597=ORIENTED_EDGE('',*,*,#1204,.T.);
#598=ORIENTED_EDGE('',*,*,#1219,.T.);
#599=ORIENTED_EDGE('',*,*,#1220,.T.);
#600=ORIENTED_EDGE('',*,*,#1221,.T.);
#601=ORIENTED_EDGE('',*,*,#1222,.T.);
#602=ORIENTED_EDGE('',*,*,#1223,.T.);
#603=ORIENTED_EDGE('',*,*,#1192,.T.);
#604=ORIENTED_EDGE('',*,*,#1224,.T.);
#605=ORIENTED_EDGE('',*,*,#1225,.T.);
#606=ORIENTED_EDGE('',*,*,#1226,.T.);
#607=ORIENTED_EDGE('',*,*,#1227,.T.);
#608=ORIENTED_EDGE('',*,*,#1195,.F.);
#609=ORIENTED_EDGE('',*,*,#1228,.F.);
#610=ORIENTED_EDGE('',*,*,#1174,.F.);
#611=ORIENTED_EDGE('',*,*,#1229,.T.);
#612=ORIENTED_EDGE('',*,*,#1217,.F.);
#613=ORIENTED_EDGE('',*,*,#1188,.F.);
#614=ORIENTED_EDGE('',*,*,#1175,.F.);
#615=ORIENTED_EDGE('',*,*,#1228,.T.);
#616=ORIENTED_EDGE('',*,*,#1187,.F.);
#617=ORIENTED_EDGE('',*,*,#1216,.F.);
#618=ORIENTED_EDGE('',*,*,#1230,.T.);
#619=ORIENTED_EDGE('',*,*,#1181,.F.);
#620=ORIENTED_EDGE('',*,*,#1231,.T.);
#621=ORIENTED_EDGE('',*,*,#1232,.T.);
#622=ORIENTED_EDGE('',*,*,#1233,.T.);
#623=ORIENTED_EDGE('',*,*,#1206,.F.);
#624=ORIENTED_EDGE('',*,*,#1234,.F.);
#625=ORIENTED_EDGE('',*,*,#1182,.F.);
#626=ORIENTED_EDGE('',*,*,#1234,.T.);
#627=ORIENTED_EDGE('',*,*,#1205,.F.);
#628=ORIENTED_EDGE('',*,*,#1220,.F.);
#629=ORIENTED_EDGE('',*,*,#1235,.T.);
#630=ORIENTED_EDGE('',*,*,#1236,.F.);
#631=ORIENTED_EDGE('',*,*,#1164,.F.);
#632=ORIENTED_EDGE('',*,*,#1237,.T.);
#633=ORIENTED_EDGE('',*,*,#1213,.F.);
#634=ORIENTED_EDGE('',*,*,#1200,.F.);
#635=ORIENTED_EDGE('',*,*,#1165,.F.);
#636=ORIENTED_EDGE('',*,*,#1236,.T.);
#637=ORIENTED_EDGE('',*,*,#1199,.F.);
#638=ORIENTED_EDGE('',*,*,#1212,.F.);
#639=ORIENTED_EDGE('',*,*,#1238,.T.);
#640=ORIENTED_EDGE('',*,*,#1239,.F.);
#641=ORIENTED_EDGE('',*,*,#1169,.F.);
#642=ORIENTED_EDGE('',*,*,#1240,.T.);
#643=ORIENTED_EDGE('',*,*,#1226,.F.);
#644=ORIENTED_EDGE('',*,*,#1194,.F.);
#645=ORIENTED_EDGE('',*,*,#1170,.F.);
#646=ORIENTED_EDGE('',*,*,#1239,.T.);
#647=ORIENTED_EDGE('',*,*,#1193,.F.);
#648=ORIENTED_EDGE('',*,*,#1225,.F.);
#649=ORIENTED_EDGE('',*,*,#1241,.T.);
#650=ORIENTED_EDGE('',*,*,#1202,.F.);
#651=ORIENTED_EDGE('',*,*,#1214,.F.);
#652=ORIENTED_EDGE('',*,*,#1237,.F.);
#653=ORIENTED_EDGE('',*,*,#1163,.F.);
#654=ORIENTED_EDGE('',*,*,#1197,.F.);
#655=ORIENTED_EDGE('',*,*,#1166,.F.);
#656=ORIENTED_EDGE('',*,*,#1238,.F.);
#657=ORIENTED_EDGE('',*,*,#1211,.F.);
#658=ORIENTED_EDGE('',*,*,#1190,.F.);
#659=ORIENTED_EDGE('',*,*,#1218,.F.);
#660=ORIENTED_EDGE('',*,*,#1229,.F.);
#661=ORIENTED_EDGE('',*,*,#1173,.F.);
#662=ORIENTED_EDGE('',*,*,#1203,.F.);
#663=ORIENTED_EDGE('',*,*,#1183,.F.);
#664=ORIENTED_EDGE('',*,*,#1235,.F.);
#665=ORIENTED_EDGE('',*,*,#1219,.F.);
#666=ORIENTED_EDGE('',*,*,#1207,.F.);
#667=ORIENTED_EDGE('',*,*,#1233,.F.);
#668=ORIENTED_EDGE('',*,*,#1242,.F.);
#669=ORIENTED_EDGE('',*,*,#1223,.F.);
#670=ORIENTED_EDGE('',*,*,#1243,.F.);
#671=ORIENTED_EDGE('',*,*,#1242,.T.);
#672=ORIENTED_EDGE('',*,*,#1232,.F.);
#673=ORIENTED_EDGE('',*,*,#1244,.F.);
#674=ORIENTED_EDGE('',*,*,#1221,.F.);
#675=ORIENTED_EDGE('',*,*,#1208,.F.);
#676=ORIENTED_EDGE('',*,*,#1243,.T.);
#677=ORIENTED_EDGE('',*,*,#1245,.F.);
#678=ORIENTED_EDGE('',*,*,#1178,.F.);
#679=ORIENTED_EDGE('',*,*,#1231,.F.);
#680=ORIENTED_EDGE('',*,*,#1180,.F.);
#681=ORIENTED_EDGE('',*,*,#1246,.F.);
#682=ORIENTED_EDGE('',*,*,#1244,.T.);
#683=ORIENTED_EDGE('',*,*,#1245,.T.);
#684=ORIENTED_EDGE('',*,*,#1222,.F.);
#685=ORIENTED_EDGE('',*,*,#1246,.T.);
#686=ORIENTED_EDGE('',*,*,#1179,.F.);
#687=ORIENTED_EDGE('',*,*,#1209,.F.);
#688=ORIENTED_EDGE('',*,*,#1176,.F.);
#689=ORIENTED_EDGE('',*,*,#1230,.F.);
#690=ORIENTED_EDGE('',*,*,#1215,.F.);
#691=ORIENTED_EDGE('',*,*,#1196,.F.);
#692=ORIENTED_EDGE('',*,*,#1227,.F.);
#693=ORIENTED_EDGE('',*,*,#1240,.F.);
#694=ORIENTED_EDGE('',*,*,#1168,.F.);
#695=ORIENTED_EDGE('',*,*,#1191,.F.);
#696=ORIENTED_EDGE('',*,*,#1171,.F.);
#697=ORIENTED_EDGE('',*,*,#1241,.F.);
#698=ORIENTED_EDGE('',*,*,#1224,.F.);
#699=ORIENTED_EDGE('',*,*,#1247,.T.);
#700=ORIENTED_EDGE('',*,*,#1248,.F.);
#701=ORIENTED_EDGE('',*,*,#1247,.F.);
#702=ORIENTED_EDGE('',*,*,#1249,.T.);
#703=ORIENTED_EDGE('',*,*,#1250,.F.);
#704=ORIENTED_EDGE('',*,*,#1248,.T.);
#705=ORIENTED_EDGE('',*,*,#1251,.T.);
#706=ORIENTED_EDGE('',*,*,#1249,.F.);
#707=ORIENTED_EDGE('',*,*,#1250,.T.);
#708=ORIENTED_EDGE('',*,*,#1252,.F.);
#709=ORIENTED_EDGE('',*,*,#1251,.F.);
#710=ORIENTED_EDGE('',*,*,#1252,.T.);
#711=ORIENTED_EDGE('',*,*,#1253,.T.);
#712=ORIENTED_EDGE('',*,*,#1254,.T.);
#713=ORIENTED_EDGE('',*,*,#1255,.F.);
#714=ORIENTED_EDGE('',*,*,#1256,.T.);
#715=ORIENTED_EDGE('',*,*,#1257,.T.);
#716=ORIENTED_EDGE('',*,*,#1258,.T.);
#717=ORIENTED_EDGE('',*,*,#1259,.F.);
#718=ORIENTED_EDGE('',*,*,#1260,.T.);
#719=ORIENTED_EDGE('',*,*,#1261,.T.);
#720=ORIENTED_EDGE('',*,*,#1262,.T.);
#721=ORIENTED_EDGE('',*,*,#1263,.F.);
#722=ORIENTED_EDGE('',*,*,#1264,.T.);
#723=ORIENTED_EDGE('',*,*,#1265,.T.);
#724=ORIENTED_EDGE('',*,*,#1266,.T.);
#725=ORIENTED_EDGE('',*,*,#1267,.F.);
#726=ORIENTED_EDGE('',*,*,#1268,.T.);
#727=ORIENTED_EDGE('',*,*,#1269,.T.);
#728=ORIENTED_EDGE('',*,*,#1270,.T.);
#729=ORIENTED_EDGE('',*,*,#1271,.F.);
#730=ORIENTED_EDGE('',*,*,#1272,.F.);
#731=ORIENTED_EDGE('',*,*,#1273,.T.);
#732=ORIENTED_EDGE('',*,*,#1274,.T.);
#733=ORIENTED_EDGE('',*,*,#1275,.F.);
#734=ORIENTED_EDGE('',*,*,#1276,.F.);
#735=ORIENTED_EDGE('',*,*,#1277,.T.);
#736=ORIENTED_EDGE('',*,*,#1278,.T.);
#737=ORIENTED_EDGE('',*,*,#1279,.F.);
#738=ORIENTED_EDGE('',*,*,#1280,.F.);
#739=ORIENTED_EDGE('',*,*,#1268,.F.);
#740=ORIENTED_EDGE('',*,*,#1281,.F.);
#741=ORIENTED_EDGE('',*,*,#1276,.T.);
#742=ORIENTED_EDGE('',*,*,#1282,.T.);
#743=ORIENTED_EDGE('',*,*,#1283,.F.);
#744=ORIENTED_EDGE('',*,*,#1284,.T.);
#745=ORIENTED_EDGE('',*,*,#1273,.F.);
#746=ORIENTED_EDGE('',*,*,#1281,.T.);
#747=ORIENTED_EDGE('',*,*,#1267,.T.);
#748=ORIENTED_EDGE('',*,*,#1285,.T.);
#749=ORIENTED_EDGE('',*,*,#1286,.F.);
#750=ORIENTED_EDGE('',*,*,#1287,.T.);
#751=ORIENTED_EDGE('',*,*,#1283,.T.);
#752=ORIENTED_EDGE('',*,*,#1288,.T.);
#753=ORIENTED_EDGE('',*,*,#1271,.T.);
#754=ORIENTED_EDGE('',*,*,#1289,.T.);
#755=ORIENTED_EDGE('',*,*,#1286,.T.);
#756=ORIENTED_EDGE('',*,*,#1290,.F.);
#757=ORIENTED_EDGE('',*,*,#1253,.F.);
#758=ORIENTED_EDGE('',*,*,#1291,.F.);
#759=ORIENTED_EDGE('',*,*,#1256,.F.);
#760=ORIENTED_EDGE('',*,*,#1292,.F.);
#761=ORIENTED_EDGE('',*,*,#1272,.T.);
#762=ORIENTED_EDGE('',*,*,#1291,.T.);
#763=ORIENTED_EDGE('',*,*,#1293,.F.);
#764=ORIENTED_EDGE('',*,*,#1294,.T.);
#765=ORIENTED_EDGE('',*,*,#1269,.F.);
#766=ORIENTED_EDGE('',*,*,#1292,.T.);
#767=ORIENTED_EDGE('',*,*,#1255,.T.);
#768=ORIENTED_EDGE('',*,*,#1295,.T.);
#769=ORIENTED_EDGE('',*,*,#1296,.F.);
#770=ORIENTED_EDGE('',*,*,#1297,.T.);
#771=ORIENTED_EDGE('',*,*,#1293,.T.);
#772=ORIENTED_EDGE('',*,*,#1298,.T.);
#773=ORIENTED_EDGE('',*,*,#1299,.T.);
#774=ORIENTED_EDGE('',*,*,#1300,.T.);
#775=ORIENTED_EDGE('',*,*,#1296,.T.);
#776=ORIENTED_EDGE('',*,*,#1301,.F.);
#777=ORIENTED_EDGE('',*,*,#1257,.F.);
#778=ORIENTED_EDGE('',*,*,#1302,.F.);
#779=ORIENTED_EDGE('',*,*,#1260,.F.);
#780=ORIENTED_EDGE('',*,*,#1303,.F.);
#781=ORIENTED_EDGE('',*,*,#1304,.T.);
#782=ORIENTED_EDGE('',*,*,#1302,.T.);
#783=ORIENTED_EDGE('',*,*,#1305,.F.);
#784=ORIENTED_EDGE('',*,*,#1306,.T.);
#785=ORIENTED_EDGE('',*,*,#1307,.F.);
#786=ORIENTED_EDGE('',*,*,#1303,.T.);
#787=ORIENTED_EDGE('',*,*,#1259,.T.);
#788=ORIENTED_EDGE('',*,*,#1308,.T.);
#789=ORIENTED_EDGE('',*,*,#1309,.F.);
#790=ORIENTED_EDGE('',*,*,#1310,.T.);
#791=ORIENTED_EDGE('',*,*,#1305,.T.);
#792=ORIENTED_EDGE('',*,*,#1311,.T.);
#793=ORIENTED_EDGE('',*,*,#1279,.T.);
#794=ORIENTED_EDGE('',*,*,#1312,.T.);
#795=ORIENTED_EDGE('',*,*,#1309,.T.);
#796=ORIENTED_EDGE('',*,*,#1313,.F.);
#797=ORIENTED_EDGE('',*,*,#1261,.F.);
#798=ORIENTED_EDGE('',*,*,#1314,.F.);
#799=ORIENTED_EDGE('',*,*,#1264,.F.);
#800=ORIENTED_EDGE('',*,*,#1315,.F.);
#801=ORIENTED_EDGE('',*,*,#1280,.T.);
#802=ORIENTED_EDGE('',*,*,#1314,.T.);
#803=ORIENTED_EDGE('',*,*,#1316,.F.);
#804=ORIENTED_EDGE('',*,*,#1317,.T.);
#805=ORIENTED_EDGE('',*,*,#1277,.F.);
#806=ORIENTED_EDGE('',*,*,#1315,.T.);
#807=ORIENTED_EDGE('',*,*,#1263,.T.);
#808=ORIENTED_EDGE('',*,*,#1318,.T.);
#809=ORIENTED_EDGE('',*,*,#1319,.F.);
#810=ORIENTED_EDGE('',*,*,#1320,.T.);
#811=ORIENTED_EDGE('',*,*,#1316,.T.);
#812=ORIENTED_EDGE('',*,*,#1321,.T.);
#813=ORIENTED_EDGE('',*,*,#1322,.T.);
#814=ORIENTED_EDGE('',*,*,#1323,.T.);
#815=ORIENTED_EDGE('',*,*,#1275,.T.);
#816=ORIENTED_EDGE('',*,*,#1324,.T.);
#817=ORIENTED_EDGE('',*,*,#1319,.T.);
#818=ORIENTED_EDGE('',*,*,#1325,.F.);
#819=ORIENTED_EDGE('',*,*,#1265,.F.);
#820=ORIENTED_EDGE('',*,*,#1282,.F.);
#821=ORIENTED_EDGE('',*,*,#1307,.T.);
#822=ORIENTED_EDGE('',*,*,#1326,.T.);
#823=ORIENTED_EDGE('',*,*,#1299,.F.);
#824=ORIENTED_EDGE('',*,*,#1304,.F.);
#825=ORIENTED_EDGE('',*,*,#1327,.F.);
#826=ORIENTED_EDGE('',*,*,#1323,.F.);
#827=ORIENTED_EDGE('',*,*,#1322,.F.);
#828=ORIENTED_EDGE('',*,*,#1289,.F.);
#829=ORIENTED_EDGE('',*,*,#1270,.F.);
#830=ORIENTED_EDGE('',*,*,#1294,.F.);
#831=ORIENTED_EDGE('',*,*,#1297,.F.);
#832=ORIENTED_EDGE('',*,*,#1300,.F.);
#833=ORIENTED_EDGE('',*,*,#1326,.F.);
#834=ORIENTED_EDGE('',*,*,#1306,.F.);
#835=ORIENTED_EDGE('',*,*,#1310,.F.);
#836=ORIENTED_EDGE('',*,*,#1312,.F.);
#837=ORIENTED_EDGE('',*,*,#1278,.F.);
#838=ORIENTED_EDGE('',*,*,#1317,.F.);
#839=ORIENTED_EDGE('',*,*,#1320,.F.);
#840=ORIENTED_EDGE('',*,*,#1324,.F.);
#841=ORIENTED_EDGE('',*,*,#1274,.F.);
#842=ORIENTED_EDGE('',*,*,#1284,.F.);
#843=ORIENTED_EDGE('',*,*,#1287,.F.);
#844=ORIENTED_EDGE('',*,*,#1328,.T.);
#845=ORIENTED_EDGE('',*,*,#1325,.T.);
#846=ORIENTED_EDGE('',*,*,#1321,.F.);
#847=ORIENTED_EDGE('',*,*,#1318,.F.);
#848=ORIENTED_EDGE('',*,*,#1329,.T.);
#849=ORIENTED_EDGE('',*,*,#1313,.T.);
#850=ORIENTED_EDGE('',*,*,#1311,.F.);
#851=ORIENTED_EDGE('',*,*,#1308,.F.);
#852=ORIENTED_EDGE('',*,*,#1330,.T.);
#853=ORIENTED_EDGE('',*,*,#1301,.T.);
#854=ORIENTED_EDGE('',*,*,#1298,.F.);
#855=ORIENTED_EDGE('',*,*,#1295,.F.);
#856=ORIENTED_EDGE('',*,*,#1331,.T.);
#857=ORIENTED_EDGE('',*,*,#1290,.T.);
#858=ORIENTED_EDGE('',*,*,#1288,.F.);
#859=ORIENTED_EDGE('',*,*,#1285,.F.);
#860=ORIENTED_EDGE('',*,*,#1332,.F.);
#861=ORIENTED_EDGE('',*,*,#1333,.F.);
#862=ORIENTED_EDGE('',*,*,#1334,.F.);
#863=ORIENTED_EDGE('',*,*,#1335,.F.);
#864=ORIENTED_EDGE('',*,*,#1336,.F.);
#865=ORIENTED_EDGE('',*,*,#1337,.F.);
#866=ORIENTED_EDGE('',*,*,#1338,.F.);
#867=ORIENTED_EDGE('',*,*,#1339,.F.);
#868=ORIENTED_EDGE('',*,*,#1340,.F.);
#869=ORIENTED_EDGE('',*,*,#1341,.F.);
#870=ORIENTED_EDGE('',*,*,#1342,.F.);
#871=ORIENTED_EDGE('',*,*,#1343,.F.);
#872=ORIENTED_EDGE('',*,*,#1344,.F.);
#873=ORIENTED_EDGE('',*,*,#1335,.T.);
#874=ORIENTED_EDGE('',*,*,#1345,.F.);
#875=ORIENTED_EDGE('',*,*,#1346,.F.);
#876=ORIENTED_EDGE('',*,*,#1347,.F.);
#877=ORIENTED_EDGE('',*,*,#1339,.T.);
#878=ORIENTED_EDGE('',*,*,#1348,.F.);
#879=ORIENTED_EDGE('',*,*,#1349,.F.);
#880=ORIENTED_EDGE('',*,*,#1350,.F.);
#881=ORIENTED_EDGE('',*,*,#1351,.T.);
#882=ORIENTED_EDGE('',*,*,#1352,.F.);
#883=ORIENTED_EDGE('',*,*,#1353,.F.);
#884=ORIENTED_EDGE('',*,*,#1354,.F.);
#885=ORIENTED_EDGE('',*,*,#1341,.T.);
#886=ORIENTED_EDGE('',*,*,#1355,.F.);
#887=ORIENTED_EDGE('',*,*,#1356,.F.);
#888=ORIENTED_EDGE('',*,*,#1254,.F.);
#889=ORIENTED_EDGE('',*,*,#1331,.F.);
#890=ORIENTED_EDGE('',*,*,#1266,.F.);
#891=ORIENTED_EDGE('',*,*,#1328,.F.);
#892=ORIENTED_EDGE('',*,*,#1262,.F.);
#893=ORIENTED_EDGE('',*,*,#1329,.F.);
#894=ORIENTED_EDGE('',*,*,#1258,.F.);
#895=ORIENTED_EDGE('',*,*,#1330,.F.);
#896=ORIENTED_EDGE('',*,*,#1357,.T.);
#897=ORIENTED_EDGE('',*,*,#1327,.T.);
#898=ORIENTED_EDGE('',*,*,#1358,.F.);
#899=ORIENTED_EDGE('',*,*,#1359,.T.);
#900=ORIENTED_EDGE('',*,*,#1360,.F.);
#901=ORIENTED_EDGE('',*,*,#1361,.F.);
#902=ORIENTED_EDGE('',*,*,#1362,.F.);
#903=ORIENTED_EDGE('',*,*,#1363,.F.);
#904=ORIENTED_EDGE('',*,*,#1364,.F.);
#905=ORIENTED_EDGE('',*,*,#1343,.T.);
#906=ORIENTED_EDGE('',*,*,#1365,.F.);
#907=ORIENTED_EDGE('',*,*,#1366,.T.);
#908=ORIENTED_EDGE('',*,*,#1367,.F.);
#909=ORIENTED_EDGE('',*,*,#1368,.F.);
#910=ORIENTED_EDGE('',*,*,#1369,.F.);
#911=ORIENTED_EDGE('',*,*,#1370,.F.);
#912=ORIENTED_EDGE('',*,*,#1371,.F.);
#913=ORIENTED_EDGE('',*,*,#1372,.T.);
#914=ORIENTED_EDGE('',*,*,#1373,.F.);
#915=ORIENTED_EDGE('',*,*,#1374,.T.);
#916=ORIENTED_EDGE('',*,*,#1375,.F.);
#917=ORIENTED_EDGE('',*,*,#1376,.F.);
#918=ORIENTED_EDGE('',*,*,#1377,.F.);
#919=ORIENTED_EDGE('',*,*,#1378,.F.);
#920=ORIENTED_EDGE('',*,*,#1379,.F.);
#921=ORIENTED_EDGE('',*,*,#1337,.T.);
#922=ORIENTED_EDGE('',*,*,#1380,.F.);
#923=ORIENTED_EDGE('',*,*,#1381,.T.);
#924=ORIENTED_EDGE('',*,*,#1382,.F.);
#925=ORIENTED_EDGE('',*,*,#1383,.F.);
#926=ORIENTED_EDGE('',*,*,#1384,.F.);
#927=ORIENTED_EDGE('',*,*,#1385,.F.);
#928=ORIENTED_EDGE('',*,*,#1386,.F.);
#929=ORIENTED_EDGE('',*,*,#1333,.T.);
#930=ORIENTED_EDGE('',*,*,#1387,.T.);
#931=ORIENTED_EDGE('',*,*,#1357,.F.);
#932=ORIENTED_EDGE('',*,*,#1387,.F.);
#933=ORIENTED_EDGE('',*,*,#1388,.F.);
#934=ORIENTED_EDGE('',*,*,#1351,.F.);
#935=ORIENTED_EDGE('',*,*,#1389,.F.);
#936=ORIENTED_EDGE('',*,*,#1372,.F.);
#937=ORIENTED_EDGE('',*,*,#1390,.T.);
#938=ORIENTED_EDGE('',*,*,#1349,.T.);
#939=ORIENTED_EDGE('',*,*,#1391,.T.);
#940=ORIENTED_EDGE('',*,*,#1392,.T.);
#941=ORIENTED_EDGE('',*,*,#1393,.F.);
#942=ORIENTED_EDGE('',*,*,#1394,.T.);
#943=ORIENTED_EDGE('',*,*,#1395,.T.);
#944=ORIENTED_EDGE('',*,*,#1396,.T.);
#945=ORIENTED_EDGE('',*,*,#1392,.F.);
#946=ORIENTED_EDGE('',*,*,#1397,.T.);
#947=ORIENTED_EDGE('',*,*,#1393,.T.);
#948=ORIENTED_EDGE('',*,*,#1398,.T.);
#949=ORIENTED_EDGE('',*,*,#1399,.T.);
#950=ORIENTED_EDGE('',*,*,#1376,.T.);
#951=ORIENTED_EDGE('',*,*,#1400,.T.);
#952=ORIENTED_EDGE('',*,*,#1401,.F.);
#953=ORIENTED_EDGE('',*,*,#1401,.T.);
#954=ORIENTED_EDGE('',*,*,#1402,.T.);
#955=ORIENTED_EDGE('',*,*,#1403,.F.);
#956=ORIENTED_EDGE('',*,*,#1404,.T.);
#957=ORIENTED_EDGE('',*,*,#1395,.F.);
#958=ORIENTED_EDGE('',*,*,#1405,.T.);
#959=ORIENTED_EDGE('',*,*,#1406,.T.);
#960=ORIENTED_EDGE('',*,*,#1407,.T.);
#961=ORIENTED_EDGE('',*,*,#1408,.T.);
#962=ORIENTED_EDGE('',*,*,#1378,.T.);
#963=ORIENTED_EDGE('',*,*,#1409,.T.);
#964=ORIENTED_EDGE('',*,*,#1406,.F.);
#965=ORIENTED_EDGE('',*,*,#1374,.F.);
#966=ORIENTED_EDGE('',*,*,#1410,.T.);
#967=ORIENTED_EDGE('',*,*,#1403,.T.);
#968=ORIENTED_EDGE('',*,*,#1411,.T.);
#969=ORIENTED_EDGE('',*,*,#1400,.F.);
#970=ORIENTED_EDGE('',*,*,#1375,.T.);
#971=ORIENTED_EDGE('',*,*,#1411,.F.);
#972=ORIENTED_EDGE('',*,*,#1402,.F.);
#973=ORIENTED_EDGE('',*,*,#1409,.F.);
#974=ORIENTED_EDGE('',*,*,#1377,.T.);
#975=ORIENTED_EDGE('',*,*,#1399,.F.);
#976=ORIENTED_EDGE('',*,*,#1407,.F.);
#977=ORIENTED_EDGE('',*,*,#1391,.F.);
#978=ORIENTED_EDGE('',*,*,#1348,.T.);
#979=ORIENTED_EDGE('',*,*,#1338,.T.);
#980=ORIENTED_EDGE('',*,*,#1379,.T.);
#981=ORIENTED_EDGE('',*,*,#1408,.F.);
#982=ORIENTED_EDGE('',*,*,#1405,.F.);
#983=ORIENTED_EDGE('',*,*,#1394,.F.);
#984=ORIENTED_EDGE('',*,*,#1397,.F.);
#985=ORIENTED_EDGE('',*,*,#1389,.T.);
#986=ORIENTED_EDGE('',*,*,#1350,.T.);
#987=ORIENTED_EDGE('',*,*,#1390,.F.);
#988=ORIENTED_EDGE('',*,*,#1398,.F.);
#989=ORIENTED_EDGE('',*,*,#1396,.F.);
#990=ORIENTED_EDGE('',*,*,#1404,.F.);
#991=ORIENTED_EDGE('',*,*,#1410,.F.);
#992=ORIENTED_EDGE('',*,*,#1373,.T.);
#993=ORIENTED_EDGE('',*,*,#1412,.T.);
#994=ORIENTED_EDGE('',*,*,#1353,.T.);
#995=ORIENTED_EDGE('',*,*,#1413,.T.);
#996=ORIENTED_EDGE('',*,*,#1414,.T.);
#997=ORIENTED_EDGE('',*,*,#1415,.T.);
#998=ORIENTED_EDGE('',*,*,#1416,.T.);
#999=ORIENTED_EDGE('',*,*,#1417,.F.);
#1000=ORIENTED_EDGE('',*,*,#1418,.T.);
#1001=ORIENTED_EDGE('',*,*,#1417,.T.);
#1002=ORIENTED_EDGE('',*,*,#1419,.T.);
#1003=ORIENTED_EDGE('',*,*,#1414,.F.);
#1004=ORIENTED_EDGE('',*,*,#1420,.T.);
#1005=ORIENTED_EDGE('',*,*,#1421,.T.);
#1006=ORIENTED_EDGE('',*,*,#1368,.T.);
#1007=ORIENTED_EDGE('',*,*,#1422,.T.);
#1008=ORIENTED_EDGE('',*,*,#1423,.F.);
#1009=ORIENTED_EDGE('',*,*,#1424,.F.);
#1010=ORIENTED_EDGE('',*,*,#1425,.T.);
#1011=ORIENTED_EDGE('',*,*,#1415,.F.);
#1012=ORIENTED_EDGE('',*,*,#1426,.T.);
#1013=ORIENTED_EDGE('',*,*,#1427,.T.);
#1014=ORIENTED_EDGE('',*,*,#1428,.T.);
#1015=ORIENTED_EDGE('',*,*,#1423,.T.);
#1016=ORIENTED_EDGE('',*,*,#1429,.T.);
#1017=ORIENTED_EDGE('',*,*,#1430,.T.);
#1018=ORIENTED_EDGE('',*,*,#1370,.T.);
#1019=ORIENTED_EDGE('',*,*,#1431,.T.);
#1020=ORIENTED_EDGE('',*,*,#1427,.F.);
#1021=ORIENTED_EDGE('',*,*,#1366,.F.);
#1022=ORIENTED_EDGE('',*,*,#1432,.T.);
#1023=ORIENTED_EDGE('',*,*,#1424,.T.);
#1024=ORIENTED_EDGE('',*,*,#1433,.T.);
#1025=ORIENTED_EDGE('',*,*,#1342,.T.);
#1026=ORIENTED_EDGE('',*,*,#1354,.T.);
#1027=ORIENTED_EDGE('',*,*,#1412,.F.);
#1028=ORIENTED_EDGE('',*,*,#1419,.F.);
#1029=ORIENTED_EDGE('',*,*,#1416,.F.);
#1030=ORIENTED_EDGE('',*,*,#1425,.F.);
#1031=ORIENTED_EDGE('',*,*,#1432,.F.);
#1032=ORIENTED_EDGE('',*,*,#1365,.T.);
#1033=ORIENTED_EDGE('',*,*,#1422,.F.);
#1034=ORIENTED_EDGE('',*,*,#1367,.T.);
#1035=ORIENTED_EDGE('',*,*,#1433,.F.);
#1036=ORIENTED_EDGE('',*,*,#1429,.F.);
#1037=ORIENTED_EDGE('',*,*,#1431,.F.);
#1038=ORIENTED_EDGE('',*,*,#1369,.T.);
#1039=ORIENTED_EDGE('',*,*,#1421,.F.);
#1040=ORIENTED_EDGE('',*,*,#1428,.F.);
#1041=ORIENTED_EDGE('',*,*,#1413,.F.);
#1042=ORIENTED_EDGE('',*,*,#1352,.T.);
#1043=ORIENTED_EDGE('',*,*,#1388,.T.);
#1044=ORIENTED_EDGE('',*,*,#1371,.T.);
#1045=ORIENTED_EDGE('',*,*,#1430,.F.);
#1046=ORIENTED_EDGE('',*,*,#1426,.F.);
#1047=ORIENTED_EDGE('',*,*,#1418,.F.);
#1048=ORIENTED_EDGE('',*,*,#1420,.F.);
#1049=ORIENTED_EDGE('',*,*,#1434,.T.);
#1050=ORIENTED_EDGE('',*,*,#1346,.T.);
#1051=ORIENTED_EDGE('',*,*,#1435,.T.);
#1052=ORIENTED_EDGE('',*,*,#1436,.T.);
#1053=ORIENTED_EDGE('',*,*,#1437,.T.);
#1054=ORIENTED_EDGE('',*,*,#1438,.T.);
#1055=ORIENTED_EDGE('',*,*,#1439,.F.);
#1056=ORIENTED_EDGE('',*,*,#1440,.T.);
#1057=ORIENTED_EDGE('',*,*,#1439,.T.);
#1058=ORIENTED_EDGE('',*,*,#1441,.T.);
#1059=ORIENTED_EDGE('',*,*,#1436,.F.);
#1060=ORIENTED_EDGE('',*,*,#1442,.T.);
#1061=ORIENTED_EDGE('',*,*,#1443,.T.);
#1062=ORIENTED_EDGE('',*,*,#1383,.T.);
#1063=ORIENTED_EDGE('',*,*,#1444,.T.);
#1064=ORIENTED_EDGE('',*,*,#1445,.F.);
#1065=ORIENTED_EDGE('',*,*,#1445,.T.);
#1066=ORIENTED_EDGE('',*,*,#1446,.T.);
#1067=ORIENTED_EDGE('',*,*,#1447,.F.);
#1068=ORIENTED_EDGE('',*,*,#1448,.T.);
#1069=ORIENTED_EDGE('',*,*,#1437,.F.);
#1070=ORIENTED_EDGE('',*,*,#1449,.T.);
#1071=ORIENTED_EDGE('',*,*,#1450,.T.);
#1072=ORIENTED_EDGE('',*,*,#1451,.T.);
#1073=ORIENTED_EDGE('',*,*,#1452,.T.);
#1074=ORIENTED_EDGE('',*,*,#1385,.T.);
#1075=ORIENTED_EDGE('',*,*,#1453,.T.);
#1076=ORIENTED_EDGE('',*,*,#1450,.F.);
#1077=ORIENTED_EDGE('',*,*,#1381,.F.);
#1078=ORIENTED_EDGE('',*,*,#1454,.T.);
#1079=ORIENTED_EDGE('',*,*,#1447,.T.);
#1080=ORIENTED_EDGE('',*,*,#1455,.T.);
#1081=ORIENTED_EDGE('',*,*,#1444,.F.);
#1082=ORIENTED_EDGE('',*,*,#1382,.T.);
#1083=ORIENTED_EDGE('',*,*,#1455,.F.);
#1084=ORIENTED_EDGE('',*,*,#1446,.F.);
#1085=ORIENTED_EDGE('',*,*,#1453,.F.);
#1086=ORIENTED_EDGE('',*,*,#1384,.T.);
#1087=ORIENTED_EDGE('',*,*,#1443,.F.);
#1088=ORIENTED_EDGE('',*,*,#1451,.F.);
#1089=ORIENTED_EDGE('',*,*,#1336,.T.);
#1090=ORIENTED_EDGE('',*,*,#1347,.T.);
#1091=ORIENTED_EDGE('',*,*,#1434,.F.);
#1092=ORIENTED_EDGE('',*,*,#1441,.F.);
#1093=ORIENTED_EDGE('',*,*,#1438,.F.);
#1094=ORIENTED_EDGE('',*,*,#1448,.F.);
#1095=ORIENTED_EDGE('',*,*,#1454,.F.);
#1096=ORIENTED_EDGE('',*,*,#1380,.T.);
#1097=ORIENTED_EDGE('',*,*,#1435,.F.);
#1098=ORIENTED_EDGE('',*,*,#1345,.T.);
#1099=ORIENTED_EDGE('',*,*,#1334,.T.);
#1100=ORIENTED_EDGE('',*,*,#1386,.T.);
#1101=ORIENTED_EDGE('',*,*,#1452,.F.);
#1102=ORIENTED_EDGE('',*,*,#1449,.F.);
#1103=ORIENTED_EDGE('',*,*,#1440,.F.);
#1104=ORIENTED_EDGE('',*,*,#1442,.F.);
#1105=ORIENTED_EDGE('',*,*,#1456,.T.);
#1106=ORIENTED_EDGE('',*,*,#1356,.T.);
#1107=ORIENTED_EDGE('',*,*,#1457,.T.);
#1108=ORIENTED_EDGE('',*,*,#1458,.T.);
#1109=ORIENTED_EDGE('',*,*,#1459,.T.);
#1110=ORIENTED_EDGE('',*,*,#1460,.T.);
#1111=ORIENTED_EDGE('',*,*,#1461,.F.);
#1112=ORIENTED_EDGE('',*,*,#1462,.T.);
#1113=ORIENTED_EDGE('',*,*,#1461,.T.);
#1114=ORIENTED_EDGE('',*,*,#1463,.T.);
#1115=ORIENTED_EDGE('',*,*,#1458,.F.);
#1116=ORIENTED_EDGE('',*,*,#1464,.T.);
#1117=ORIENTED_EDGE('',*,*,#1465,.T.);
#1118=ORIENTED_EDGE('',*,*,#1361,.T.);
#1119=ORIENTED_EDGE('',*,*,#1466,.T.);
#1120=ORIENTED_EDGE('',*,*,#1467,.F.);
#1121=ORIENTED_EDGE('',*,*,#1467,.T.);
#1122=ORIENTED_EDGE('',*,*,#1468,.T.);
#1123=ORIENTED_EDGE('',*,*,#1469,.F.);
#1124=ORIENTED_EDGE('',*,*,#1470,.T.);
#1125=ORIENTED_EDGE('',*,*,#1459,.F.);
#1126=ORIENTED_EDGE('',*,*,#1471,.T.);
#1127=ORIENTED_EDGE('',*,*,#1472,.T.);
#1128=ORIENTED_EDGE('',*,*,#1473,.T.);
#1129=ORIENTED_EDGE('',*,*,#1474,.T.);
#1130=ORIENTED_EDGE('',*,*,#1363,.T.);
#1131=ORIENTED_EDGE('',*,*,#1475,.T.);
#1132=ORIENTED_EDGE('',*,*,#1472,.F.);
#1133=ORIENTED_EDGE('',*,*,#1359,.F.);
#1134=ORIENTED_EDGE('',*,*,#1476,.T.);
#1135=ORIENTED_EDGE('',*,*,#1469,.T.);
#1136=ORIENTED_EDGE('',*,*,#1477,.T.);
#1137=ORIENTED_EDGE('',*,*,#1466,.F.);
#1138=ORIENTED_EDGE('',*,*,#1360,.T.);
#1139=ORIENTED_EDGE('',*,*,#1477,.F.);
#1140=ORIENTED_EDGE('',*,*,#1468,.F.);
#1141=ORIENTED_EDGE('',*,*,#1332,.T.);
#1142=ORIENTED_EDGE('',*,*,#1344,.T.);
#1143=ORIENTED_EDGE('',*,*,#1456,.F.);
#1144=ORIENTED_EDGE('',*,*,#1463,.F.);
#1145=ORIENTED_EDGE('',*,*,#1460,.F.);
#1146=ORIENTED_EDGE('',*,*,#1470,.F.);
#1147=ORIENTED_EDGE('',*,*,#1476,.F.);
#1148=ORIENTED_EDGE('',*,*,#1358,.T.);
#1149=ORIENTED_EDGE('',*,*,#1475,.F.);
#1150=ORIENTED_EDGE('',*,*,#1362,.T.);
#1151=ORIENTED_EDGE('',*,*,#1465,.F.);
#1152=ORIENTED_EDGE('',*,*,#1473,.F.);
#1153=ORIENTED_EDGE('',*,*,#1457,.F.);
#1154=ORIENTED_EDGE('',*,*,#1355,.T.);
#1155=ORIENTED_EDGE('',*,*,#1340,.T.);
#1156=ORIENTED_EDGE('',*,*,#1364,.T.);
#1157=ORIENTED_EDGE('',*,*,#1474,.F.);
#1158=ORIENTED_EDGE('',*,*,#1471,.F.);
#1159=ORIENTED_EDGE('',*,*,#1462,.F.);
#1160=ORIENTED_EDGE('',*,*,#1464,.F.);
#1161=EDGE_CURVE('',#1478,#1478,#1692,.T.);
#1162=EDGE_CURVE('',#1479,#1480,#1693,.T.);
#1163=EDGE_CURVE('',#1479,#1481,#211,.F.);
#1164=EDGE_CURVE('',#1481,#1482,#146,.F.);
#1165=EDGE_CURVE('',#1482,#1483,#147,.T.);
#1166=EDGE_CURVE('',#1483,#1484,#212,.T.);
#1167=EDGE_CURVE('',#1485,#1484,#1694,.T.);
#1168=EDGE_CURVE('',#1485,#1486,#213,.F.);
#1169=EDGE_CURVE('',#1486,#1487,#148,.F.);
#1170=EDGE_CURVE('',#1487,#1488,#149,.T.);
#1171=EDGE_CURVE('',#1488,#1489,#214,.T.);
#1172=EDGE_CURVE('',#1490,#1489,#1695,.T.);
#1173=EDGE_CURVE('',#1490,#1491,#215,.F.);
#1174=EDGE_CURVE('',#1491,#1492,#150,.F.);
#1175=EDGE_CURVE('',#1492,#1493,#151,.T.);
#1176=EDGE_CURVE('',#1493,#1494,#216,.T.);
#1177=EDGE_CURVE('',#1495,#1494,#1696,.T.);
#1178=EDGE_CURVE('',#1495,#1496,#114,.T.);
#1179=EDGE_CURVE('',#1496,#1497,#217,.F.);
#1180=EDGE_CURVE('',#1497,#1498,#115,.T.);
#1181=EDGE_CURVE('',#1498,#1499,#152,.F.);
#1182=EDGE_CURVE('',#1499,#1500,#153,.T.);
#1183=EDGE_CURVE('',#1500,#1480,#218,.T.);
#1184=EDGE_CURVE('',#1501,#1501,#1697,.T.);
#1185=EDGE_CURVE('',#1502,#1502,#1698,.T.);
#1186=EDGE_CURVE('',#1503,#1504,#219,.T.);
#1187=EDGE_CURVE('',#1503,#1505,#220,.T.);
#1188=EDGE_CURVE('',#1505,#1506,#221,.F.);
#1189=EDGE_CURVE('',#1506,#1507,#222,.T.);
#1190=EDGE_CURVE('',#1507,#1490,#1699,.T.);
#1191=EDGE_CURVE('',#1489,#1508,#1700,.T.);
#1192=EDGE_CURVE('',#1509,#1508,#223,.T.);
#1193=EDGE_CURVE('',#1509,#1510,#224,.T.);
#1194=EDGE_CURVE('',#1510,#1511,#225,.F.);
#1195=EDGE_CURVE('',#1511,#1512,#226,.T.);
#1196=EDGE_CURVE('',#1512,#1485,#1701,.T.);
#1197=EDGE_CURVE('',#1484,#1513,#1702,.T.);
#1198=EDGE_CURVE('',#1514,#1513,#227,.T.);
#1199=EDGE_CURVE('',#1514,#1515,#228,.T.);
#1200=EDGE_CURVE('',#1515,#1516,#229,.F.);
#1201=EDGE_CURVE('',#1516,#1517,#230,.T.);
#1202=EDGE_CURVE('',#1517,#1479,#1703,.T.);
#1203=EDGE_CURVE('',#1480,#1518,#1704,.T.);
#1204=EDGE_CURVE('',#1519,#1518,#231,.T.);
#1205=EDGE_CURVE('',#1519,#1520,#232,.T.);
#1206=EDGE_CURVE('',#1520,#1521,#233,.F.);
#1207=EDGE_CURVE('',#1521,#1522,#234,.T.);
#1208=EDGE_CURVE('',#1522,#1495,#1705,.T.);
#1209=EDGE_CURVE('',#1494,#1504,#1706,.T.);
#1210=EDGE_CURVE('',#1523,#1523,#1707,.T.);
#1211=EDGE_CURVE('',#1513,#1525,#235,.T.);
#1212=EDGE_CURVE('',#1525,#1514,#236,.T.);
#1213=EDGE_CURVE('',#1516,#1526,#237,.T.);
#1214=EDGE_CURVE('',#1526,#1517,#238,.T.);
#1215=EDGE_CURVE('',#1504,#1527,#239,.T.);
#1216=EDGE_CURVE('',#1527,#1503,#240,.T.);
#1217=EDGE_CURVE('',#1506,#1528,#241,.T.);
#1218=EDGE_CURVE('',#1528,#1507,#242,.T.);
#1219=EDGE_CURVE('',#1518,#1529,#243,.T.);
#1220=EDGE_CURVE('',#1529,#1519,#244,.T.);
#1221=EDGE_CURVE('',#1530,#1531,#245,.F.);
#1222=EDGE_CURVE('',#1531,#1532,#246,.T.);
#1223=EDGE_CURVE('',#1532,#1530,#247,.F.);
#1224=EDGE_CURVE('',#1508,#1533,#248,.T.);
#1225=EDGE_CURVE('',#1533,#1509,#249,.T.);
#1226=EDGE_CURVE('',#1511,#1534,#250,.T.);
#1227=EDGE_CURVE('',#1534,#1512,#251,.T.);
#1228=EDGE_CURVE('',#1492,#1505,#252,.F.);
#1229=EDGE_CURVE('',#1491,#1528,#154,.T.);
#1230=EDGE_CURVE('',#1527,#1493,#155,.F.);
#1231=EDGE_CURVE('',#1498,#1535,#116,.T.);
#1232=EDGE_CURVE('',#1535,#1536,#253,.F.);
#1233=EDGE_CURVE('',#1536,#1521,#156,.F.);
#1234=EDGE_CURVE('',#1499,#1520,#254,.F.);
#1235=EDGE_CURVE('',#1529,#1500,#157,.F.);
#1236=EDGE_CURVE('',#1482,#1515,#255,.F.);
#1237=EDGE_CURVE('',#1481,#1526,#158,.T.);
#1238=EDGE_CURVE('',#1525,#1483,#159,.F.);
#1239=EDGE_CURVE('',#1487,#1510,#256,.F.);
#1240=EDGE_CURVE('',#1486,#1534,#160,.T.);
#1241=EDGE_CURVE('',#1533,#1488,#161,.F.);
#1242=EDGE_CURVE('',#1530,#1536,#162,.T.);
#1243=EDGE_CURVE('',#1522,#1532,#1708,.T.);
#1244=EDGE_CURVE('',#1531,#1535,#117,.T.);
#1245=EDGE_CURVE('',#1496,#1532,#1709,.F.);
#1246=EDGE_CURVE('',#1531,#1497,#1710,.T.);
#1247=EDGE_CURVE('',#1537,#1537,#1711,.T.);
#1248=EDGE_CURVE('',#1538,#1538,#1712,.T.);
#1249=EDGE_CURVE('',#1539,#1539,#1713,.T.);
#1250=EDGE_CURVE('',#1540,#1540,#1714,.T.);
#1251=EDGE_CURVE('',#1541,#1541,#1715,.T.);
#1252=EDGE_CURVE('',#1542,#1542,#1716,.T.);
#1253=EDGE_CURVE('',#1543,#1544,#257,.T.);
#1254=EDGE_CURVE('',#1544,#1545,#1717,.T.);
#1255=EDGE_CURVE('',#1546,#1545,#258,.T.);
#1256=EDGE_CURVE('',#1546,#1543,#1718,.T.);
#1257=EDGE_CURVE('',#1547,#1548,#259,.T.);
#1258=EDGE_CURVE('',#1548,#1549,#1719,.T.);
#1259=EDGE_CURVE('',#1550,#1549,#260,.T.);
#1260=EDGE_CURVE('',#1550,#1547,#1720,.T.);
#1261=EDGE_CURVE('',#1551,#1552,#261,.T.);
#1262=EDGE_CURVE('',#1552,#1553,#1721,.T.);
#1263=EDGE_CURVE('',#1554,#1553,#262,.T.);
#1264=EDGE_CURVE('',#1554,#1551,#1722,.T.);
#1265=EDGE_CURVE('',#1555,#1556,#263,.T.);
#1266=EDGE_CURVE('',#1556,#1557,#1723,.T.);
#1267=EDGE_CURVE('',#1558,#1557,#264,.T.);
#1268=EDGE_CURVE('',#1558,#1555,#1724,.T.);
#1269=EDGE_CURVE('',#1559,#1560,#265,.T.);
#1270=EDGE_CURVE('',#1560,#1561,#1725,.T.);
#1271=EDGE_CURVE('',#1562,#1561,#266,.T.);
#1272=EDGE_CURVE('',#1559,#1562,#1726,.T.);
#1273=EDGE_CURVE('',#1563,#1564,#267,.T.);
#1274=EDGE_CURVE('',#1564,#1565,#1727,.T.);
#1275=EDGE_CURVE('',#1566,#1565,#268,.T.);
#1276=EDGE_CURVE('',#1563,#1566,#1728,.T.);
#1277=EDGE_CURVE('',#1567,#1568,#269,.T.);
#1278=EDGE_CURVE('',#1568,#1569,#1729,.T.);
#1279=EDGE_CURVE('',#1570,#1569,#270,.T.);
#1280=EDGE_CURVE('',#1567,#1570,#1730,.T.);
#1281=EDGE_CURVE('',#1563,#1558,#271,.T.);
#1282=EDGE_CURVE('',#1566,#1555,#272,.T.);
#1283=EDGE_CURVE('',#1571,#1572,#273,.T.);
#1284=EDGE_CURVE('',#1571,#1564,#118,.T.);
#1285=EDGE_CURVE('',#1557,#1572,#274,.T.);
#1286=EDGE_CURVE('',#1573,#1574,#275,.T.);
#1287=EDGE_CURVE('',#1573,#1571,#119,.T.);
#1288=EDGE_CURVE('',#1572,#1574,#276,.T.);
#1289=EDGE_CURVE('',#1561,#1573,#120,.T.);
#1290=EDGE_CURVE('',#1544,#1574,#277,.T.);
#1291=EDGE_CURVE('',#1562,#1543,#278,.T.);
#1292=EDGE_CURVE('',#1559,#1546,#279,.T.);
#1293=EDGE_CURVE('',#1575,#1576,#280,.T.);
#1294=EDGE_CURVE('',#1575,#1560,#121,.T.);
#1295=EDGE_CURVE('',#1545,#1576,#281,.T.);
#1296=EDGE_CURVE('',#1577,#1578,#282,.T.);
#1297=EDGE_CURVE('',#1577,#1575,#122,.T.);
#1298=EDGE_CURVE('',#1576,#1578,#283,.T.);
#1299=EDGE_CURVE('',#1579,#1580,#284,.T.);
#1300=EDGE_CURVE('',#1580,#1577,#123,.T.);
#1301=EDGE_CURVE('',#1548,#1578,#285,.T.);
#1302=EDGE_CURVE('',#1579,#1547,#286,.T.);
#1303=EDGE_CURVE('',#1581,#1550,#287,.T.);
#1304=EDGE_CURVE('',#1581,#1579,#1731,.T.);
#1305=EDGE_CURVE('',#1582,#1583,#288,.T.);
#1306=EDGE_CURVE('',#1582,#1584,#124,.T.);
#1307=EDGE_CURVE('',#1581,#1584,#289,.T.);
#1308=EDGE_CURVE('',#1549,#1583,#290,.T.);
#1309=EDGE_CURVE('',#1585,#1586,#291,.T.);
#1310=EDGE_CURVE('',#1585,#1582,#125,.T.);
#1311=EDGE_CURVE('',#1583,#1586,#292,.T.);
#1312=EDGE_CURVE('',#1569,#1585,#126,.T.);
#1313=EDGE_CURVE('',#1552,#1586,#293,.T.);
#1314=EDGE_CURVE('',#1570,#1551,#294,.T.);
#1315=EDGE_CURVE('',#1567,#1554,#295,.T.);
#1316=EDGE_CURVE('',#1587,#1588,#296,.T.);
#1317=EDGE_CURVE('',#1587,#1568,#127,.T.);
#1318=EDGE_CURVE('',#1553,#1588,#297,.T.);
#1319=EDGE_CURVE('',#1589,#1590,#298,.T.);
#1320=EDGE_CURVE('',#1589,#1587,#128,.T.);
#1321=EDGE_CURVE('',#1588,#1590,#299,.T.);
#1322=EDGE_CURVE('',#1591,#1591,#1732,.F.);
#1323=EDGE_CURVE('',#1592,#1592,#1733,.T.);
#1324=EDGE_CURVE('',#1565,#1589,#129,.T.);
#1325=EDGE_CURVE('',#1556,#1590,#300,.T.);
#1326=EDGE_CURVE('',#1584,#1580,#1734,.T.);
#1327=EDGE_CURVE('',#1593,#1593,#1735,.T.);
#1328=EDGE_CURVE('',#1553,#1556,#1736,.T.);
#1329=EDGE_CURVE('',#1549,#1552,#1737,.T.);
#1330=EDGE_CURVE('',#1545,#1548,#1738,.T.);
#1331=EDGE_CURVE('',#1557,#1544,#1739,.T.);
#1332=EDGE_CURVE('',#1594,#1595,#130,.T.);
#1333=EDGE_CURVE('',#1596,#1594,#1740,.F.);
#1334=EDGE_CURVE('',#1597,#1596,#131,.T.);
#1335=EDGE_CURVE('',#1595,#1597,#1741,.T.);
#1336=EDGE_CURVE('',#1598,#1599,#132,.T.);
#1337=EDGE_CURVE('',#1600,#1598,#1742,.F.);
#1338=EDGE_CURVE('',#1601,#1600,#133,.T.);
#1339=EDGE_CURVE('',#1599,#1601,#1743,.T.);
#1340=EDGE_CURVE('',#1602,#1603,#134,.T.);
#1341=EDGE_CURVE('',#1604,#1602,#1744,.T.);
#1342=EDGE_CURVE('',#1605,#1604,#135,.T.);
#1343=EDGE_CURVE('',#1603,#1605,#1745,.F.);
#1344=EDGE_CURVE('',#1595,#1606,#136,.T.);
#1345=EDGE_CURVE('',#1607,#1597,#137,.T.);
#1346=EDGE_CURVE('',#1608,#1607,#1746,.T.);
#1347=EDGE_CURVE('',#1599,#1608,#138,.T.);
#1348=EDGE_CURVE('',#1609,#1601,#139,.T.);
#1349=EDGE_CURVE('',#1610,#1609,#1747,.T.);
#1350=EDGE_CURVE('',#1611,#1610,#140,.T.);
#1351=EDGE_CURVE('',#1611,#1612,#1748,.T.);
#1352=EDGE_CURVE('',#1613,#1612,#141,.T.);
#1353=EDGE_CURVE('',#1614,#1613,#1749,.T.);
#1354=EDGE_CURVE('',#1604,#1614,#142,.T.);
#1355=EDGE_CURVE('',#1615,#1602,#143,.T.);
#1356=EDGE_CURVE('',#1606,#1615,#1750,.T.);
#1357=EDGE_CURVE('',#1616,#1616,#1751,.F.);
#1358=EDGE_CURVE('',#1617,#1594,#163,.T.);
#1359=EDGE_CURVE('',#1617,#1618,#301,.T.);
#1360=EDGE_CURVE('',#1619,#1618,#164,.T.);
#1361=EDGE_CURVE('',#1620,#1619,#302,.T.);
#1362=EDGE_CURVE('',#1621,#1620,#165,.T.);
#1363=EDGE_CURVE('',#1622,#1621,#303,.T.);
#1364=EDGE_CURVE('',#1603,#1622,#166,.T.);
#1365=EDGE_CURVE('',#1623,#1605,#167,.T.);
#1366=EDGE_CURVE('',#1623,#1624,#304,.T.);
#1367=EDGE_CURVE('',#1625,#1624,#168,.T.);
#1368=EDGE_CURVE('',#1626,#1625,#305,.T.);
#1369=EDGE_CURVE('',#1627,#1626,#169,.T.);
#1370=EDGE_CURVE('',#1628,#1627,#306,.T.);
#1371=EDGE_CURVE('',#1629,#1628,#170,.T.);
#1372=EDGE_CURVE('',#1629,#1630,#1752,.F.);
#1373=EDGE_CURVE('',#1631,#1630,#171,.T.);
#1374=EDGE_CURVE('',#1631,#1632,#307,.T.);
#1375=EDGE_CURVE('',#1633,#1632,#172,.T.);
#1376=EDGE_CURVE('',#1634,#1633,#308,.T.);
#1377=EDGE_CURVE('',#1635,#1634,#173,.T.);
#1378=EDGE_CURVE('',#1636,#1635,#309,.T.);
#1379=EDGE_CURVE('',#1600,#1636,#174,.T.);
#1380=EDGE_CURVE('',#1637,#1598,#175,.T.);
#1381=EDGE_CURVE('',#1637,#1638,#310,.T.);
#1382=EDGE_CURVE('',#1639,#1638,#176,.T.);
#1383=EDGE_CURVE('',#1640,#1639,#311,.T.);
#1384=EDGE_CURVE('',#1641,#1640,#177,.T.);
#1385=EDGE_CURVE('',#1642,#1641,#312,.T.);
#1386=EDGE_CURVE('',#1596,#1642,#178,.T.);
#1387=EDGE_CURVE('',#1643,#1643,#1753,.T.);
#1388=EDGE_CURVE('',#1612,#1629,#144,.T.);
#1389=EDGE_CURVE('',#1630,#1611,#145,.T.);
#1390=EDGE_CURVE('',#1644,#1610,#179,.T.);
#1391=EDGE_CURVE('',#1609,#1645,#180,.T.);
#1392=EDGE_CURVE('',#1645,#1644,#313,.T.);
#1393=EDGE_CURVE('',#1646,#1647,#314,.T.);
#1394=EDGE_CURVE('',#1646,#1648,#315,.T.);
#1395=EDGE_CURVE('',#1648,#1649,#316,.T.);
#1396=EDGE_CURVE('',#1649,#1647,#317,.F.);
#1397=EDGE_CURVE('',#1645,#1646,#181,.T.);
#1398=EDGE_CURVE('',#1647,#1644,#182,.T.);
#1399=EDGE_CURVE('',#1650,#1634,#318,.T.);
#1400=EDGE_CURVE('',#1633,#1651,#319,.F.);
#1401=EDGE_CURVE('',#1650,#1651,#320,.T.);
#1402=EDGE_CURVE('',#1651,#1652,#183,.T.);
#1403=EDGE_CURVE('',#1653,#1652,#321,.T.);
#1404=EDGE_CURVE('',#1653,#1649,#184,.T.);
#1405=EDGE_CURVE('',#1648,#1654,#185,.T.);
#1406=EDGE_CURVE('',#1654,#1655,#322,.T.);
#1407=EDGE_CURVE('',#1655,#1650,#186,.T.);
#1408=EDGE_CURVE('',#1654,#1636,#323,.F.);
#1409=EDGE_CURVE('',#1635,#1655,#324,.F.);
#1410=EDGE_CURVE('',#1631,#1653,#325,.T.);
#1411=EDGE_CURVE('',#1652,#1632,#326,.T.);
#1412=EDGE_CURVE('',#1656,#1614,#187,.T.);
#1413=EDGE_CURVE('',#1613,#1657,#188,.T.);
#1414=EDGE_CURVE('',#1657,#1656,#327,.T.);
#1415=EDGE_CURVE('',#1658,#1659,#328,.T.);
#1416=EDGE_CURVE('',#1659,#1660,#329,.F.);
#1417=EDGE_CURVE('',#1661,#1660,#330,.T.);
#1418=EDGE_CURVE('',#1661,#1658,#331,.T.);
#1419=EDGE_CURVE('',#1660,#1656,#189,.T.);
#1420=EDGE_CURVE('',#1657,#1661,#190,.T.);
#1421=EDGE_CURVE('',#1662,#1626,#332,.T.);
#1422=EDGE_CURVE('',#1625,#1663,#333,.F.);
#1423=EDGE_CURVE('',#1662,#1663,#334,.T.);
#1424=EDGE_CURVE('',#1664,#1665,#335,.T.);
#1425=EDGE_CURVE('',#1664,#1659,#191,.T.);
#1426=EDGE_CURVE('',#1658,#1666,#192,.T.);
#1427=EDGE_CURVE('',#1666,#1667,#336,.T.);
#1428=EDGE_CURVE('',#1667,#1662,#193,.T.);
#1429=EDGE_CURVE('',#1663,#1665,#194,.T.);
#1430=EDGE_CURVE('',#1666,#1628,#337,.F.);
#1431=EDGE_CURVE('',#1627,#1667,#338,.F.);
#1432=EDGE_CURVE('',#1623,#1664,#339,.T.);
#1433=EDGE_CURVE('',#1665,#1624,#340,.T.);
#1434=EDGE_CURVE('',#1668,#1608,#195,.T.);
#1435=EDGE_CURVE('',#1607,#1669,#196,.T.);
#1436=EDGE_CURVE('',#1669,#1668,#341,.T.);
#1437=EDGE_CURVE('',#1670,#1671,#342,.T.);
#1438=EDGE_CURVE('',#1671,#1672,#343,.F.);
#1439=EDGE_CURVE('',#1673,#1672,#344,.T.);
#1440=EDGE_CURVE('',#1673,#1670,#345,.T.);
#1441=EDGE_CURVE('',#1672,#1668,#197,.T.);
#1442=EDGE_CURVE('',#1669,#1673,#198,.T.);
#1443=EDGE_CURVE('',#1674,#1640,#346,.T.);
#1444=EDGE_CURVE('',#1639,#1675,#347,.F.);
#1445=EDGE_CURVE('',#1674,#1675,#348,.T.);
#1446=EDGE_CURVE('',#1675,#1676,#199,.T.);
#1447=EDGE_CURVE('',#1677,#1676,#349,.T.);
#1448=EDGE_CURVE('',#1677,#1671,#200,.T.);
#1449=EDGE_CURVE('',#1670,#1678,#201,.T.);
#1450=EDGE_CURVE('',#1678,#1679,#350,.T.);
#1451=EDGE_CURVE('',#1679,#1674,#202,.T.);
#1452=EDGE_CURVE('',#1678,#1642,#351,.F.);
#1453=EDGE_CURVE('',#1641,#1679,#352,.F.);
#1454=EDGE_CURVE('',#1637,#1677,#353,.T.);
#1455=EDGE_CURVE('',#1676,#1638,#354,.T.);
#1456=EDGE_CURVE('',#1680,#1606,#203,.T.);
#1457=EDGE_CURVE('',#1615,#1681,#204,.T.);
#1458=EDGE_CURVE('',#1681,#1680,#355,.T.);
#1459=EDGE_CURVE('',#1682,#1683,#356,.T.);
#1460=EDGE_CURVE('',#1683,#1684,#357,.F.);
#1461=EDGE_CURVE('',#1685,#1684,#358,.T.);
#1462=EDGE_CURVE('',#1685,#1682,#359,.T.);
#1463=EDGE_CURVE('',#1684,#1680,#205,.T.);
#1464=EDGE_CURVE('',#1681,#1685,#206,.T.);
#1465=EDGE_CURVE('',#1686,#1620,#360,.T.);
#1466=EDGE_CURVE('',#1619,#1687,#361,.F.);
#1467=EDGE_CURVE('',#1686,#1687,#362,.T.);
#1468=EDGE_CURVE('',#1687,#1688,#207,.T.);
#1469=EDGE_CURVE('',#1689,#1688,#363,.T.);
#1470=EDGE_CURVE('',#1689,#1683,#208,.T.);
#1471=EDGE_CURVE('',#1682,#1690,#209,.T.);
#1472=EDGE_CURVE('',#1690,#1691,#364,.T.);
#1473=EDGE_CURVE('',#1691,#1686,#210,.T.);
#1474=EDGE_CURVE('',#1690,#1622,#365,.F.);
#1475=EDGE_CURVE('',#1621,#1691,#366,.F.);
#1476=EDGE_CURVE('',#1617,#1689,#367,.T.);
#1477=EDGE_CURVE('',#1688,#1618,#368,.T.);
#1478=VERTEX_POINT('',#3151);
#1479=VERTEX_POINT('',#3153);
#1480=VERTEX_POINT('',#3154);
#1481=VERTEX_POINT('',#3156);
#1482=VERTEX_POINT('',#3158);
#1483=VERTEX_POINT('',#3160);
#1484=VERTEX_POINT('',#3162);
#1485=VERTEX_POINT('',#3164);
#1486=VERTEX_POINT('',#3166);
#1487=VERTEX_POINT('',#3168);
#1488=VERTEX_POINT('',#3170);
#1489=VERTEX_POINT('',#3172);
#1490=VERTEX_POINT('',#3174);
#1491=VERTEX_POINT('',#3176);
#1492=VERTEX_POINT('',#3178);
#1493=VERTEX_POINT('',#3180);
#1494=VERTEX_POINT('',#3182);
#1495=VERTEX_POINT('',#3184);
#1496=VERTEX_POINT('',#3189);
#1497=VERTEX_POINT('',#3191);
#1498=VERTEX_POINT('',#3200);
#1499=VERTEX_POINT('',#3202);
#1500=VERTEX_POINT('',#3204);
#1501=VERTEX_POINT('',#3208);
#1502=VERTEX_POINT('',#3211);
#1503=VERTEX_POINT('',#3214);
#1504=VERTEX_POINT('',#3215);
#1505=VERTEX_POINT('',#3217);
#1506=VERTEX_POINT('',#3219);
#1507=VERTEX_POINT('',#3221);
#1508=VERTEX_POINT('',#3224);
#1509=VERTEX_POINT('',#3226);
#1510=VERTEX_POINT('',#3228);
#1511=VERTEX_POINT('',#3230);
#1512=VERTEX_POINT('',#3232);
#1513=VERTEX_POINT('',#3235);
#1514=VERTEX_POINT('',#3237);
#1515=VERTEX_POINT('',#3239);
#1516=VERTEX_POINT('',#3241);
#1517=VERTEX_POINT('',#3243);
#1518=VERTEX_POINT('',#3246);
#1519=VERTEX_POINT('',#3248);
#1520=VERTEX_POINT('',#3250);
#1521=VERTEX_POINT('',#3252);
#1522=VERTEX_POINT('',#3254);
#1523=VERTEX_POINT('',#3259);
#1524=VERTEX_POINT('',#3336);
#1525=VERTEX_POINT('',#3339);
#1526=VERTEX_POINT('',#3343);
#1527=VERTEX_POINT('',#3347);
#1528=VERTEX_POINT('',#3351);
#1529=VERTEX_POINT('',#3355);
#1530=VERTEX_POINT('',#3359);
#1531=VERTEX_POINT('',#3360);
#1532=VERTEX_POINT('',#3362);
#1533=VERTEX_POINT('',#3366);
#1534=VERTEX_POINT('',#3370);
#1535=VERTEX_POINT('',#3382);
#1536=VERTEX_POINT('',#3384);
#1537=VERTEX_POINT('',#3445);
#1538=VERTEX_POINT('',#3447);
#1539=VERTEX_POINT('',#3450);
#1540=VERTEX_POINT('',#3453);
#1541=VERTEX_POINT('',#3456);
#1542=VERTEX_POINT('',#3459);
#1543=VERTEX_POINT('',#3464);
#1544=VERTEX_POINT('',#3465);
#1545=VERTEX_POINT('',#3467);
#1546=VERTEX_POINT('',#3469);
#1547=VERTEX_POINT('',#3473);
#1548=VERTEX_POINT('',#3474);
#1549=VERTEX_POINT('',#3476);
#1550=VERTEX_POINT('',#3478);
#1551=VERTEX_POINT('',#3482);
#1552=VERTEX_POINT('',#3483);
#1553=VERTEX_POINT('',#3485);
#1554=VERTEX_POINT('',#3487);
#1555=VERTEX_POINT('',#3491);
#1556=VERTEX_POINT('',#3492);
#1557=VERTEX_POINT('',#3494);
#1558=VERTEX_POINT('',#3496);
#1559=VERTEX_POINT('',#3500);
#1560=VERTEX_POINT('',#3501);
#1561=VERTEX_POINT('',#3503);
#1562=VERTEX_POINT('',#3505);
#1563=VERTEX_POINT('',#3509);
#1564=VERTEX_POINT('',#3510);
#1565=VERTEX_POINT('',#3512);
#1566=VERTEX_POINT('',#3514);
#1567=VERTEX_POINT('',#3518);
#1568=VERTEX_POINT('',#3519);
#1569=VERTEX_POINT('',#3521);
#1570=VERTEX_POINT('',#3523);
#1571=VERTEX_POINT('',#3530);
#1572=VERTEX_POINT('',#3531);
#1573=VERTEX_POINT('',#3539);
#1574=VERTEX_POINT('',#3540);
#1575=VERTEX_POINT('',#3557);
#1576=VERTEX_POINT('',#3558);
#1577=VERTEX_POINT('',#3566);
#1578=VERTEX_POINT('',#3567);
#1579=VERTEX_POINT('',#3575);
#1580=VERTEX_POINT('',#3576);
#1581=VERTEX_POINT('',#3585);
#1582=VERTEX_POINT('',#3589);
#1583=VERTEX_POINT('',#3590);
#1584=VERTEX_POINT('',#3595);
#1585=VERTEX_POINT('',#3600);
#1586=VERTEX_POINT('',#3601);
#1587=VERTEX_POINT('',#3618);
#1588=VERTEX_POINT('',#3619);
#1589=VERTEX_POINT('',#3627);
#1590=VERTEX_POINT('',#3628);
#1591=VERTEX_POINT('',#3636);
#1592=VERTEX_POINT('',#3638);
#1593=VERTEX_POINT('',#3649);
#1594=VERTEX_POINT('',#3668);
#1595=VERTEX_POINT('',#3669);
#1596=VERTEX_POINT('',#3671);
#1597=VERTEX_POINT('',#3680);
#1598=VERTEX_POINT('',#3691);
#1599=VERTEX_POINT('',#3692);
#1600=VERTEX_POINT('',#3694);
#1601=VERTEX_POINT('',#3703);
#1602=VERTEX_POINT('',#3714);
#1603=VERTEX_POINT('',#3715);
#1604=VERTEX_POINT('',#3717);
#1605=VERTEX_POINT('',#3726);
#1606=VERTEX_POINT('',#3735);
#1607=VERTEX_POINT('',#3742);
#1608=VERTEX_POINT('',#3744);
#1609=VERTEX_POINT('',#3757);
#1610=VERTEX_POINT('',#3759);
#1611=VERTEX_POINT('',#3766);
#1612=VERTEX_POINT('',#3768);
#1613=VERTEX_POINT('',#3775);
#1614=VERTEX_POINT('',#3777);
#1615=VERTEX_POINT('',#3790);
#1616=VERTEX_POINT('',#3794);
#1617=VERTEX_POINT('',#3797);
#1618=VERTEX_POINT('',#3799);
#1619=VERTEX_POINT('',#3801);
#1620=VERTEX_POINT('',#3803);
#1621=VERTEX_POINT('',#3805);
#1622=VERTEX_POINT('',#3807);
#1623=VERTEX_POINT('',#3810);
#1624=VERTEX_POINT('',#3812);
#1625=VERTEX_POINT('',#3814);
#1626=VERTEX_POINT('',#3816);
#1627=VERTEX_POINT('',#3818);
#1628=VERTEX_POINT('',#3820);
#1629=VERTEX_POINT('',#3822);
#1630=VERTEX_POINT('',#3824);
#1631=VERTEX_POINT('',#3826);
#1632=VERTEX_POINT('',#3828);
#1633=VERTEX_POINT('',#3830);
#1634=VERTEX_POINT('',#3832);
#1635=VERTEX_POINT('',#3834);
#1636=VERTEX_POINT('',#3836);
#1637=VERTEX_POINT('',#3839);
#1638=VERTEX_POINT('',#3841);
#1639=VERTEX_POINT('',#3843);
#1640=VERTEX_POINT('',#3845);
#1641=VERTEX_POINT('',#3847);
#1642=VERTEX_POINT('',#3849);
#1643=VERTEX_POINT('',#3852);
#1644=VERTEX_POINT('',#3873);
#1645=VERTEX_POINT('',#3875);
#1646=VERTEX_POINT('',#3879);
#1647=VERTEX_POINT('',#3880);
#1648=VERTEX_POINT('',#3882);
#1649=VERTEX_POINT('',#3884);
#1650=VERTEX_POINT('',#3891);
#1651=VERTEX_POINT('',#3893);
#1652=VERTEX_POINT('',#3897);
#1653=VERTEX_POINT('',#3899);
#1654=VERTEX_POINT('',#3902);
#1655=VERTEX_POINT('',#3904);
#1656=VERTEX_POINT('',#3918);
#1657=VERTEX_POINT('',#3920);
#1658=VERTEX_POINT('',#3924);
#1659=VERTEX_POINT('',#3925);
#1660=VERTEX_POINT('',#3927);
#1661=VERTEX_POINT('',#3929);
#1662=VERTEX_POINT('',#3936);
#1663=VERTEX_POINT('',#3938);
#1664=VERTEX_POINT('',#3942);
#1665=VERTEX_POINT('',#3943);
#1666=VERTEX_POINT('',#3946);
#1667=VERTEX_POINT('',#3948);
#1668=VERTEX_POINT('',#3963);
#1669=VERTEX_POINT('',#3965);
#1670=VERTEX_POINT('',#3969);
#1671=VERTEX_POINT('',#3970);
#1672=VERTEX_POINT('',#3972);
#1673=VERTEX_POINT('',#3974);
#1674=VERTEX_POINT('',#3981);
#1675=VERTEX_POINT('',#3983);
#1676=VERTEX_POINT('',#3987);
#1677=VERTEX_POINT('',#3989);
#1678=VERTEX_POINT('',#3992);
#1679=VERTEX_POINT('',#3994);
#1680=VERTEX_POINT('',#4008);
#1681=VERTEX_POINT('',#4010);
#1682=VERTEX_POINT('',#4014);
#1683=VERTEX_POINT('',#4015);
#1684=VERTEX_POINT('',#4017);
#1685=VERTEX_POINT('',#4019);
#1686=VERTEX_POINT('',#4026);
#1687=VERTEX_POINT('',#4028);
#1688=VERTEX_POINT('',#4032);
#1689=VERTEX_POINT('',#4034);
#1690=VERTEX_POINT('',#4037);
#1691=VERTEX_POINT('',#4039);
#1692=CIRCLE('',#2236,0.00752693368121982);
#1693=CIRCLE('',#2237,0.00752693368121982);
#1694=CIRCLE('',#2240,0.00752693368121982);
#1695=CIRCLE('',#2243,0.00752693368121982);
#1696=CIRCLE('',#2246,0.00752693368121982);
#1697=CIRCLE('',#2250,0.00603472953662276);
#1698=CIRCLE('',#2252,0.00603472953662276);
#1699=CIRCLE('',#2254,0.000508);
#1700=CIRCLE('',#2255,0.000508);
#1701=CIRCLE('',#2256,0.000508);
#1702=CIRCLE('',#2257,0.000508);
#1703=CIRCLE('',#2258,0.000508);
#1704=CIRCLE('',#2259,0.000508);
#1705=CIRCLE('',#2260,0.001016);
#1706=CIRCLE('',#2261,0.000508);
#1707=CIRCLE('',#2263,0.0073140268214047);
#1708=CIRCLE('',#2294,0.000508);
#1709=CIRCLE('',#2297,0.000508);
#1710=CIRCLE('',#2298,0.000508);
#1711=CIRCLE('',#2305,0.00690459409388781);
#1712=CIRCLE('',#2306,0.00690459409388781);
#1713=CIRCLE('',#2308,0.00282777465164858);
#1714=CIRCLE('',#2310,0.0060174840105954);
#1715=CIRCLE('',#2312,0.00282777465164858);
#1716=CIRCLE('',#2314,0.0060174840105954);
#1717=CIRCLE('',#2318,0.0106632362015667);
#1718=CIRCLE('',#2319,0.0077978);
#1719=CIRCLE('',#2321,0.0106632362015667);
#1720=CIRCLE('',#2322,0.0077978);
#1721=CIRCLE('',#2324,0.0106632362015667);
#1722=CIRCLE('',#2325,0.0077978);
#1723=CIRCLE('',#2327,0.0106632362015667);
#1724=CIRCLE('',#2328,0.0077978);
#1725=CIRCLE('',#2330,0.0125365616947);
#1726=CIRCLE('',#2331,0.0077978);
#1727=CIRCLE('',#2333,0.0125365616947);
#1728=CIRCLE('',#2334,0.0077978);
#1729=CIRCLE('',#2336,0.0125365616947);
#1730=CIRCLE('',#2337,0.0077978);
#1731=CIRCLE('',#2347,0.0077978);
#1732=CIRCLE('',#2355,0.0176165616947001);
#1733=CIRCLE('',#2356,0.0176165616947001);
#1734=CIRCLE('',#2359,0.0125365616947);
#1735=CIRCLE('',#2361,0.0173796823179462);
#1736=CIRCLE('',#2364,0.0106632362015667);
#1737=CIRCLE('',#2366,0.0106632362015667);
#1738=CIRCLE('',#2368,0.0106632362015667);
#1739=CIRCLE('',#2370,0.0106632362015667);
#1740=CIRCLE('',#2372,0.0111712362015667);
#1741=CIRCLE('',#2373,0.0106632362015667);
#1742=CIRCLE('',#2375,0.0111712362015667);
#1743=CIRCLE('',#2376,0.0106632362015667);
#1744=CIRCLE('',#2378,0.0106632362015667);
#1745=CIRCLE('',#2379,0.0111712362015667);
#1746=CIRCLE('',#2381,0.0106632362015667);
#1747=CIRCLE('',#2382,0.0106632362015667);
#1748=CIRCLE('',#2383,0.0106632362015667);
#1749=CIRCLE('',#2384,0.0106632362015667);
#1750=CIRCLE('',#2385,0.0106632362015667);
#1751=CIRCLE('',#2387,0.0173796823179462);
#1752=CIRCLE('',#2397,0.0111712362015667);
#1753=CIRCLE('',#2406,0.0150936823179462);
#1754=EDGE_LOOP('',(#527));
#1755=EDGE_LOOP('',(#528,#529,#530,#531,#532,#533,#534,#535,#536,#537,#538,
#539,#540,#541,#542,#543,#544,#545,#546,#547,#548,#549));
#1756=EDGE_LOOP('',(#550));
#1757=EDGE_LOOP('',(#551));
#1758=EDGE_LOOP('',(#552));
#1759=EDGE_LOOP('',(#553,#554,#555,#556,#557,#558,#559,#560,#561,#562,#563,
#564,#565,#566,#567,#568,#569,#570,#571,#572,#573,#574,#575,#576,#577,#578,
#579,#580));
#1760=EDGE_LOOP('',(#581));
#1761=EDGE_LOOP('',(#582));
#1762=EDGE_LOOP('',(#583));
#1763=EDGE_LOOP('',(#584));
#1764=EDGE_LOOP('',(#585,#586,#587));
#1765=EDGE_LOOP('',(#588,#589,#590));
#1766=EDGE_LOOP('',(#591,#592,#593));
#1767=EDGE_LOOP('',(#594,#595,#596));
#1768=EDGE_LOOP('',(#597,#598,#599));
#1769=EDGE_LOOP('',(#600,#601,#602));
#1770=EDGE_LOOP('',(#603,#604,#605));
#1771=EDGE_LOOP('',(#606,#607,#608));
#1772=EDGE_LOOP('',(#609,#610,#611,#612,#613));
#1773=EDGE_LOOP('',(#614,#615,#616,#617,#618));
#1774=EDGE_LOOP('',(#619,#620,#621,#622,#623,#624));
#1775=EDGE_LOOP('',(#625,#626,#627,#628,#629));
#1776=EDGE_LOOP('',(#630,#631,#632,#633,#634));
#1777=EDGE_LOOP('',(#635,#636,#637,#638,#639));
#1778=EDGE_LOOP('',(#640,#641,#642,#643,#644));
#1779=EDGE_LOOP('',(#645,#646,#647,#648,#649));
#1780=EDGE_LOOP('',(#650,#651,#652,#653));
#1781=EDGE_LOOP('',(#654,#655,#656,#657));
#1782=EDGE_LOOP('',(#658,#659,#660,#661));
#1783=EDGE_LOOP('',(#662,#663,#664,#665));
#1784=EDGE_LOOP('',(#666,#667,#668,#669,#670));
#1785=EDGE_LOOP('',(#671,#672,#673,#674));
#1786=EDGE_LOOP('',(#675,#676,#677,#678));
#1787=EDGE_LOOP('',(#679,#680,#681,#682));
#1788=EDGE_LOOP('',(#683,#684,#685,#686));
#1789=EDGE_LOOP('',(#687,#688,#689,#690));
#1790=EDGE_LOOP('',(#691,#692,#693,#694));
#1791=EDGE_LOOP('',(#695,#696,#697,#698));
#1792=EDGE_LOOP('',(#699));
#1793=EDGE_LOOP('',(#700));
#1794=EDGE_LOOP('',(#701));
#1795=EDGE_LOOP('',(#702));
#1796=EDGE_LOOP('',(#703));
#1797=EDGE_LOOP('',(#704));
#1798=EDGE_LOOP('',(#705));
#1799=EDGE_LOOP('',(#706));
#1800=EDGE_LOOP('',(#707));
#1801=EDGE_LOOP('',(#708));
#1802=EDGE_LOOP('',(#709));
#1803=EDGE_LOOP('',(#710));
#1804=EDGE_LOOP('',(#711,#712,#713,#714));
#1805=EDGE_LOOP('',(#715,#716,#717,#718));
#1806=EDGE_LOOP('',(#719,#720,#721,#722));
#1807=EDGE_LOOP('',(#723,#724,#725,#726));
#1808=EDGE_LOOP('',(#727,#728,#729,#730));
#1809=EDGE_LOOP('',(#731,#732,#733,#734));
#1810=EDGE_LOOP('',(#735,#736,#737,#738));
#1811=EDGE_LOOP('',(#739,#740,#741,#742));
#1812=EDGE_LOOP('',(#743,#744,#745,#746,#747,#748));
#1813=EDGE_LOOP('',(#749,#750,#751,#752));
#1814=EDGE_LOOP('',(#753,#754,#755,#756,#757,#758));
#1815=EDGE_LOOP('',(#759,#760,#761,#762));
#1816=EDGE_LOOP('',(#763,#764,#765,#766,#767,#768));
#1817=EDGE_LOOP('',(#769,#770,#771,#772));
#1818=EDGE_LOOP('',(#773,#774,#775,#776,#777,#778));
#1819=EDGE_LOOP('',(#779,#780,#781,#782));
#1820=EDGE_LOOP('',(#783,#784,#785,#786,#787,#788));
#1821=EDGE_LOOP('',(#789,#790,#791,#792));
#1822=EDGE_LOOP('',(#793,#794,#795,#796,#797,#798));
#1823=EDGE_LOOP('',(#799,#800,#801,#802));
#1824=EDGE_LOOP('',(#803,#804,#805,#806,#807,#808));
#1825=EDGE_LOOP('',(#809,#810,#811,#812));
#1826=EDGE_LOOP('',(#813));
#1827=EDGE_LOOP('',(#814));
#1828=EDGE_LOOP('',(#815,#816,#817,#818,#819,#820));
#1829=EDGE_LOOP('',(#821,#822,#823,#824));
#1830=EDGE_LOOP('',(#825));
#1831=EDGE_LOOP('',(#826));
#1832=EDGE_LOOP('',(#827));
#1833=EDGE_LOOP('',(#828,#829,#830,#831,#832,#833,#834,#835,#836,#837,#838,
#839,#840,#841,#842,#843));
#1834=EDGE_LOOP('',(#844,#845,#846,#847));
#1835=EDGE_LOOP('',(#848,#849,#850,#851));
#1836=EDGE_LOOP('',(#852,#853,#854,#855));
#1837=EDGE_LOOP('',(#856,#857,#858,#859));
#1838=EDGE_LOOP('',(#860,#861,#862,#863));
#1839=EDGE_LOOP('',(#864,#865,#866,#867));
#1840=EDGE_LOOP('',(#868,#869,#870,#871));
#1841=EDGE_LOOP('',(#872,#873,#874,#875,#876,#877,#878,#879,#880,#881,#882,
#883,#884,#885,#886,#887));
#1842=EDGE_LOOP('',(#888,#889,#890,#891,#892,#893,#894,#895));
#1843=EDGE_LOOP('',(#896));
#1844=EDGE_LOOP('',(#897));
#1845=EDGE_LOOP('',(#898,#899,#900,#901,#902,#903,#904,#905,#906,#907,#908,
#909,#910,#911,#912,#913,#914,#915,#916,#917,#918,#919,#920,#921,#922,#923,
#924,#925,#926,#927,#928,#929));
#1846=EDGE_LOOP('',(#930));
#1847=EDGE_LOOP('',(#931));
#1848=EDGE_LOOP('',(#932));
#1849=EDGE_LOOP('',(#933,#934,#935,#936));
#1850=EDGE_LOOP('',(#937,#938,#939,#940));
#1851=EDGE_LOOP('',(#941,#942,#943,#944));
#1852=EDGE_LOOP('',(#945,#946,#947,#948));
#1853=EDGE_LOOP('',(#949,#950,#951,#952));
#1854=EDGE_LOOP('',(#953,#954,#955,#956,#957,#958,#959,#960));
#1855=EDGE_LOOP('',(#961,#962,#963,#964));
#1856=EDGE_LOOP('',(#965,#966,#967,#968));
#1857=EDGE_LOOP('',(#969,#970,#971,#972));
#1858=EDGE_LOOP('',(#973,#974,#975,#976));
#1859=EDGE_LOOP('',(#977,#978,#979,#980,#981,#982,#983,#984));
#1860=EDGE_LOOP('',(#985,#986,#987,#988,#989,#990,#991,#992));
#1861=EDGE_LOOP('',(#993,#994,#995,#996));
#1862=EDGE_LOOP('',(#997,#998,#999,#1000));
#1863=EDGE_LOOP('',(#1001,#1002,#1003,#1004));
#1864=EDGE_LOOP('',(#1005,#1006,#1007,#1008));
#1865=EDGE_LOOP('',(#1009,#1010,#1011,#1012,#1013,#1014,#1015,#1016));
#1866=EDGE_LOOP('',(#1017,#1018,#1019,#1020));
#1867=EDGE_LOOP('',(#1021,#1022,#1023,#1024));
#1868=EDGE_LOOP('',(#1025,#1026,#1027,#1028,#1029,#1030,#1031,#1032));
#1869=EDGE_LOOP('',(#1033,#1034,#1035,#1036));
#1870=EDGE_LOOP('',(#1037,#1038,#1039,#1040));
#1871=EDGE_LOOP('',(#1041,#1042,#1043,#1044,#1045,#1046,#1047,#1048));
#1872=EDGE_LOOP('',(#1049,#1050,#1051,#1052));
#1873=EDGE_LOOP('',(#1053,#1054,#1055,#1056));
#1874=EDGE_LOOP('',(#1057,#1058,#1059,#1060));
#1875=EDGE_LOOP('',(#1061,#1062,#1063,#1064));
#1876=EDGE_LOOP('',(#1065,#1066,#1067,#1068,#1069,#1070,#1071,#1072));
#1877=EDGE_LOOP('',(#1073,#1074,#1075,#1076));
#1878=EDGE_LOOP('',(#1077,#1078,#1079,#1080));
#1879=EDGE_LOOP('',(#1081,#1082,#1083,#1084));
#1880=EDGE_LOOP('',(#1085,#1086,#1087,#1088));
#1881=EDGE_LOOP('',(#1089,#1090,#1091,#1092,#1093,#1094,#1095,#1096));
#1882=EDGE_LOOP('',(#1097,#1098,#1099,#1100,#1101,#1102,#1103,#1104));
#1883=EDGE_LOOP('',(#1105,#1106,#1107,#1108));
#1884=EDGE_LOOP('',(#1109,#1110,#1111,#1112));
#1885=EDGE_LOOP('',(#1113,#1114,#1115,#1116));
#1886=EDGE_LOOP('',(#1117,#1118,#1119,#1120));
#1887=EDGE_LOOP('',(#1121,#1122,#1123,#1124,#1125,#1126,#1127,#1128));
#1888=EDGE_LOOP('',(#1129,#1130,#1131,#1132));
#1889=EDGE_LOOP('',(#1133,#1134,#1135,#1136));
#1890=EDGE_LOOP('',(#1137,#1138,#1139,#1140));
#1891=EDGE_LOOP('',(#1141,#1142,#1143,#1144,#1145,#1146,#1147,#1148));
#1892=EDGE_LOOP('',(#1149,#1150,#1151,#1152));
#1893=EDGE_LOOP('',(#1153,#1154,#1155,#1156,#1157,#1158,#1159,#1160));
#1894=FACE_BOUND('',#1754,.T.);
#1895=FACE_BOUND('',#1755,.T.);
#1896=FACE_BOUND('',#1756,.T.);
#1897=FACE_BOUND('',#1757,.T.);
#1898=FACE_BOUND('',#1758,.T.);
#1899=FACE_BOUND('',#1759,.T.);
#1900=FACE_BOUND('',#1760,.T.);
#1901=FACE_BOUND('',#1761,.T.);
#1902=FACE_BOUND('',#1762,.T.);
#1903=FACE_BOUND('',#1763,.T.);
#1904=FACE_BOUND('',#35,.T.);
#1905=FACE_BOUND('',#1764,.T.);
#1906=FACE_BOUND('',#1765,.T.);
#1907=FACE_BOUND('',#1766,.T.);
#1908=FACE_BOUND('',#1767,.T.);
#1909=FACE_BOUND('',#1768,.T.);
#1910=FACE_BOUND('',#1769,.T.);
#1911=FACE_BOUND('',#1770,.T.);
#1912=FACE_BOUND('',#1771,.T.);
#1913=FACE_BOUND('',#1772,.T.);
#1914=FACE_BOUND('',#1773,.T.);
#1915=FACE_BOUND('',#1774,.T.);
#1916=FACE_BOUND('',#1775,.T.);
#1917=FACE_BOUND('',#1776,.T.);
#1918=FACE_BOUND('',#1777,.T.);
#1919=FACE_BOUND('',#1778,.T.);
#1920=FACE_BOUND('',#1779,.T.);
#1921=FACE_BOUND('',#1780,.T.);
#1922=FACE_BOUND('',#1781,.T.);
#1923=FACE_BOUND('',#1782,.T.);
#1924=FACE_BOUND('',#1783,.T.);
#1925=FACE_BOUND('',#1784,.T.);
#1926=FACE_BOUND('',#1785,.T.);
#1927=FACE_BOUND('',#1786,.T.);
#1928=FACE_BOUND('',#1787,.T.);
#1929=FACE_BOUND('',#1788,.T.);
#1930=FACE_BOUND('',#1789,.T.);
#1931=FACE_BOUND('',#1790,.T.);
#1932=FACE_BOUND('',#1791,.T.);
#1933=FACE_BOUND('',#1792,.T.);
#1934=FACE_BOUND('',#1793,.T.);
#1935=FACE_BOUND('',#1794,.T.);
#1936=FACE_BOUND('',#1795,.T.);
#1937=FACE_BOUND('',#1796,.T.);
#1938=FACE_BOUND('',#1797,.T.);
#1939=FACE_BOUND('',#1798,.T.);
#1940=FACE_BOUND('',#1799,.T.);
#1941=FACE_BOUND('',#1800,.T.);
#1942=FACE_BOUND('',#1801,.T.);
#1943=FACE_BOUND('',#1802,.T.);
#1944=FACE_BOUND('',#1803,.T.);
#1945=FACE_BOUND('',#1804,.T.);
#1946=FACE_BOUND('',#1805,.T.);
#1947=FACE_BOUND('',#1806,.T.);
#1948=FACE_BOUND('',#1807,.T.);
#1949=FACE_BOUND('',#1808,.T.);
#1950=FACE_BOUND('',#1809,.T.);
#1951=FACE_BOUND('',#1810,.T.);
#1952=FACE_BOUND('',#1811,.T.);
#1953=FACE_BOUND('',#1812,.T.);
#1954=FACE_BOUND('',#1813,.T.);
#1955=FACE_BOUND('',#1814,.T.);
#1956=FACE_BOUND('',#1815,.T.);
#1957=FACE_BOUND('',#1816,.T.);
#1958=FACE_BOUND('',#1817,.T.);
#1959=FACE_BOUND('',#1818,.T.);
#1960=FACE_BOUND('',#1819,.T.);
#1961=FACE_BOUND('',#1820,.T.);
#1962=FACE_BOUND('',#1821,.T.);
#1963=FACE_BOUND('',#1822,.T.);
#1964=FACE_BOUND('',#1823,.T.);
#1965=FACE_BOUND('',#1824,.T.);
#1966=FACE_BOUND('',#1825,.T.);
#1967=FACE_BOUND('',#1826,.T.);
#1968=FACE_BOUND('',#1827,.T.);
#1969=FACE_BOUND('',#1828,.T.);
#1970=FACE_BOUND('',#1829,.T.);
#1971=FACE_BOUND('',#1830,.T.);
#1972=FACE_BOUND('',#1831,.T.);
#1973=FACE_BOUND('',#1832,.T.);
#1974=FACE_BOUND('',#1833,.T.);
#1975=FACE_BOUND('',#1834,.T.);
#1976=FACE_BOUND('',#1835,.T.);
#1977=FACE_BOUND('',#1836,.T.);
#1978=FACE_BOUND('',#1837,.T.);
#1979=FACE_BOUND('',#1838,.T.);
#1980=FACE_BOUND('',#1839,.T.);
#1981=FACE_BOUND('',#1840,.T.);
#1982=FACE_BOUND('',#1841,.T.);
#1983=FACE_BOUND('',#1842,.T.);
#1984=FACE_BOUND('',#1843,.T.);
#1985=FACE_BOUND('',#1844,.T.);
#1986=FACE_BOUND('',#1845,.T.);
#1987=FACE_BOUND('',#1846,.T.);
#1988=FACE_BOUND('',#1847,.T.);
#1989=FACE_BOUND('',#1848,.T.);
#1990=FACE_BOUND('',#1849,.T.);
#1991=FACE_BOUND('',#1850,.T.);
#1992=FACE_BOUND('',#1851,.T.);
#1993=FACE_BOUND('',#1852,.T.);
#1994=FACE_BOUND('',#1853,.T.);
#1995=FACE_BOUND('',#1854,.T.);
#1996=FACE_BOUND('',#1855,.T.);
#1997=FACE_BOUND('',#1856,.T.);
#1998=FACE_BOUND('',#1857,.T.);
#1999=FACE_BOUND('',#1858,.T.);
#2000=FACE_BOUND('',#1859,.T.);
#2001=FACE_BOUND('',#1860,.T.);
#2002=FACE_BOUND('',#1861,.T.);
#2003=FACE_BOUND('',#1862,.T.);
#2004=FACE_BOUND('',#1863,.T.);
#2005=FACE_BOUND('',#1864,.T.);
#2006=FACE_BOUND('',#1865,.T.);
#2007=FACE_BOUND('',#1866,.T.);
#2008=FACE_BOUND('',#1867,.T.);
#2009=FACE_BOUND('',#1868,.T.);
#2010=FACE_BOUND('',#1869,.T.);
#2011=FACE_BOUND('',#1870,.T.);
#2012=FACE_BOUND('',#1871,.T.);
#2013=FACE_BOUND('',#1872,.T.);
#2014=FACE_BOUND('',#1873,.T.);
#2015=FACE_BOUND('',#1874,.T.);
#2016=FACE_BOUND('',#1875,.T.);
#2017=FACE_BOUND('',#1876,.T.);
#2018=FACE_BOUND('',#1877,.T.);
#2019=FACE_BOUND('',#1878,.T.);
#2020=FACE_BOUND('',#1879,.T.);
#2021=FACE_BOUND('',#1880,.T.);
#2022=FACE_BOUND('',#1881,.T.);
#2023=FACE_BOUND('',#1882,.T.);
#2024=FACE_BOUND('',#1883,.T.);
#2025=FACE_BOUND('',#1884,.T.);
#2026=FACE_BOUND('',#1885,.T.);
#2027=FACE_BOUND('',#1886,.T.);
#2028=FACE_BOUND('',#1887,.T.);
#2029=FACE_BOUND('',#1888,.T.);
#2030=FACE_BOUND('',#1889,.T.);
#2031=FACE_BOUND('',#1890,.T.);
#2032=FACE_BOUND('',#1891,.T.);
#2033=FACE_BOUND('',#1892,.T.);
#2034=FACE_BOUND('',#1893,.T.);
#2035=CYLINDRICAL_SURFACE('',#2235,0.00752693368121982);
#2036=CYLINDRICAL_SURFACE('',#2251,0.00603472953662276);
#2037=CYLINDRICAL_SURFACE('',#2288,0.000508);
#2038=CYLINDRICAL_SURFACE('',#2289,0.000508);
#2039=CYLINDRICAL_SURFACE('',#2290,0.000508);
#2040=CYLINDRICAL_SURFACE('',#2291,0.000508);
#2041=CYLINDRICAL_SURFACE('',#2292,0.000508);
#2042=CYLINDRICAL_SURFACE('',#2295,0.000508);
#2043=CYLINDRICAL_SURFACE('',#2299,0.000508);
#2044=CYLINDRICAL_SURFACE('',#2300,0.000508);
#2045=CYLINDRICAL_SURFACE('',#2301,0.000508);
#2046=CYLINDRICAL_SURFACE('',#2302,0.000508);
#2047=CYLINDRICAL_SURFACE('',#2304,0.00690459409388781);
#2048=CYLINDRICAL_SURFACE('',#2311,0.00282777465164858);
#2049=CYLINDRICAL_SURFACE('',#2313,0.0060174840105954);
#2050=CYLINDRICAL_SURFACE('',#2338,0.0077978);
#2051=CYLINDRICAL_SURFACE('',#2342,0.0077978);
#2052=CYLINDRICAL_SURFACE('',#2346,0.0077978);
#2053=CYLINDRICAL_SURFACE('',#2351,0.0077978);
#2054=CYLINDRICAL_SURFACE('',#2354,0.0176165616947001);
#2055=CYLINDRICAL_SURFACE('',#2380,0.0106632362015667);
#2056=CYLINDRICAL_SURFACE('',#2386,0.0173796823179462);
#2057=CYLINDRICAL_SURFACE('',#2424,0.000508);
#2058=CYLINDRICAL_SURFACE('',#2425,0.000508);
#2059=CYLINDRICAL_SURFACE('',#2426,0.000508);
#2060=CYLINDRICAL_SURFACE('',#2427,0.000508);
#2061=CYLINDRICAL_SURFACE('',#2443,0.000508);
#2062=CYLINDRICAL_SURFACE('',#2444,0.000508);
#2063=CYLINDRICAL_SURFACE('',#2445,0.000508);
#2064=CYLINDRICAL_SURFACE('',#2446,0.000508);
#2065=CYLINDRICAL_SURFACE('',#2462,0.000508);
#2066=CYLINDRICAL_SURFACE('',#2463,0.000508);
#2067=CYLINDRICAL_SURFACE('',#2464,0.000508);
#2068=CYLINDRICAL_SURFACE('',#2465,0.000508);
#2069=CYLINDRICAL_SURFACE('',#2481,0.000508);
#2070=CYLINDRICAL_SURFACE('',#2482,0.000508);
#2071=CYLINDRICAL_SURFACE('',#2483,0.000508);
#2072=CYLINDRICAL_SURFACE('',#2484,0.000508);
#2073=ADVANCED_FACE('',(#1894,#1895),#2035,.T.);
#2074=ADVANCED_FACE('',(#1896),#39,.F.);
#2075=ADVANCED_FACE('',(#1897,#1898),#2036,.F.);
#2076=ADVANCED_FACE('',(#1899,#1900),#40,.F.);
#2077=ADVANCED_FACE('',(#1901,#1902),#37,.T.);
#2078=ADVANCED_FACE('',(#1903,#1904),#36,.F.);
#2079=ADVANCED_FACE('',(#1905),#41,.T.);
#2080=ADVANCED_FACE('',(#1906),#42,.F.);
#2081=ADVANCED_FACE('',(#1907),#43,.T.);
#2082=ADVANCED_FACE('',(#1908),#44,.F.);
#2083=ADVANCED_FACE('',(#1909),#45,.T.);
#2084=ADVANCED_FACE('',(#1910),#46,.F.);
#2085=ADVANCED_FACE('',(#1911),#47,.T.);
#2086=ADVANCED_FACE('',(#1912),#48,.F.);
#2087=ADVANCED_FACE('',(#1913),#49,.F.);
#2088=ADVANCED_FACE('',(#1914),#50,.T.);
#2089=ADVANCED_FACE('',(#1915),#51,.F.);
#2090=ADVANCED_FACE('',(#1916),#52,.T.);
#2091=ADVANCED_FACE('',(#1917),#53,.F.);
#2092=ADVANCED_FACE('',(#1918),#54,.T.);
#2093=ADVANCED_FACE('',(#1919),#55,.F.);
#2094=ADVANCED_FACE('',(#1920),#56,.T.);
#2095=ADVANCED_FACE('',(#1921),#2037,.F.);
#2096=ADVANCED_FACE('',(#1922),#2038,.F.);
#2097=ADVANCED_FACE('',(#1923),#2039,.F.);
#2098=ADVANCED_FACE('',(#1924),#2040,.F.);
#2099=ADVANCED_FACE('',(#1925),#2041,.T.);
#2100=ADVANCED_FACE('',(#1926),#2042,.T.);
#2101=ADVANCED_FACE('',(#1927),#29,.T.);
#2102=ADVANCED_FACE('',(#1928),#28,.F.);
#2103=ADVANCED_FACE('',(#1929),#2043,.F.);
#2104=ADVANCED_FACE('',(#1930),#2044,.F.);
#2105=ADVANCED_FACE('',(#1931),#2045,.F.);
#2106=ADVANCED_FACE('',(#1932),#2046,.F.);
#2107=ADVANCED_FACE('',(#1933,#1934),#2047,.T.);
#2108=ADVANCED_FACE('',(#1935,#1936),#57,.F.);
#2109=ADVANCED_FACE('',(#1937,#1938),#58,.T.);
#2110=ADVANCED_FACE('',(#1939,#1940),#2048,.F.);
#2111=ADVANCED_FACE('',(#1941,#1942),#2049,.T.);
#2112=ADVANCED_FACE('',(#1943,#1944),#59,.T.);
#2113=ADVANCED_FACE('',(#1945),#60,.F.);
#2114=ADVANCED_FACE('',(#1946),#61,.F.);
#2115=ADVANCED_FACE('',(#1947),#62,.F.);
#2116=ADVANCED_FACE('',(#1948),#63,.F.);
#2117=ADVANCED_FACE('',(#1949),#64,.T.);
#2118=ADVANCED_FACE('',(#1950),#65,.T.);
#2119=ADVANCED_FACE('',(#1951),#66,.T.);
#2120=ADVANCED_FACE('',(#1952),#2050,.F.);
#2121=ADVANCED_FACE('',(#1953),#67,.F.);
#2122=ADVANCED_FACE('',(#1954),#68,.F.);
#2123=ADVANCED_FACE('',(#1955),#69,.T.);
#2124=ADVANCED_FACE('',(#1956),#2051,.F.);
#2125=ADVANCED_FACE('',(#1957),#70,.F.);
#2126=ADVANCED_FACE('',(#1958),#71,.F.);
#2127=ADVANCED_FACE('',(#1959),#72,.T.);
#2128=ADVANCED_FACE('',(#1960),#2052,.F.);
#2129=ADVANCED_FACE('',(#1961),#73,.F.);
#2130=ADVANCED_FACE('',(#1962),#74,.F.);
#2131=ADVANCED_FACE('',(#1963),#75,.T.);
#2132=ADVANCED_FACE('',(#1964),#2053,.F.);
#2133=ADVANCED_FACE('',(#1965),#76,.F.);
#2134=ADVANCED_FACE('',(#1966),#77,.F.);
#2135=ADVANCED_FACE('',(#1967,#1968),#2054,.T.);
#2136=ADVANCED_FACE('',(#1969),#78,.T.);
#2137=ADVANCED_FACE('',(#1970),#79,.T.);
#2138=ADVANCED_FACE('',(#1971,#1972),#80,.F.);
#2139=ADVANCED_FACE('',(#1973,#1974),#38,.T.);
#2140=ADVANCED_FACE('',(#1975),#81,.F.);
#2141=ADVANCED_FACE('',(#1976),#82,.F.);
#2142=ADVANCED_FACE('',(#1977),#83,.F.);
#2143=ADVANCED_FACE('',(#1978),#84,.F.);
#2144=ADVANCED_FACE('',(#1979),#30,.T.);
#2145=ADVANCED_FACE('',(#1980),#31,.T.);
#2146=ADVANCED_FACE('',(#1981),#32,.T.);
#2147=ADVANCED_FACE('',(#1982,#1983),#2055,.F.);
#2148=ADVANCED_FACE('',(#1984,#1985),#2056,.T.);
#2149=ADVANCED_FACE('',(#1986,#1987),#85,.T.);
#2150=ADVANCED_FACE('',(#1988,#1989),#33,.T.);
#2151=ADVANCED_FACE('',(#1990),#34,.T.);
#2152=ADVANCED_FACE('',(#1991),#86,.T.);
#2153=ADVANCED_FACE('',(#1992),#87,.T.);
#2154=ADVANCED_FACE('',(#1993),#88,.T.);
#2155=ADVANCED_FACE('',(#1994),#89,.T.);
#2156=ADVANCED_FACE('',(#1995),#90,.T.);
#2157=ADVANCED_FACE('',(#1996),#91,.T.);
#2158=ADVANCED_FACE('',(#1997),#92,.F.);
#2159=ADVANCED_FACE('',(#1998),#2057,.T.);
#2160=ADVANCED_FACE('',(#1999),#2058,.T.);
#2161=ADVANCED_FACE('',(#2000),#2059,.T.);
#2162=ADVANCED_FACE('',(#2001),#2060,.T.);
#2163=ADVANCED_FACE('',(#2002),#93,.T.);
#2164=ADVANCED_FACE('',(#2003),#94,.T.);
#2165=ADVANCED_FACE('',(#2004),#95,.T.);
#2166=ADVANCED_FACE('',(#2005),#96,.T.);
#2167=ADVANCED_FACE('',(#2006),#97,.T.);
#2168=ADVANCED_FACE('',(#2007),#98,.T.);
#2169=ADVANCED_FACE('',(#2008),#99,.F.);
#2170=ADVANCED_FACE('',(#2009),#2061,.T.);
#2171=ADVANCED_FACE('',(#2010),#2062,.T.);
#2172=ADVANCED_FACE('',(#2011),#2063,.T.);
#2173=ADVANCED_FACE('',(#2012),#2064,.T.);
#2174=ADVANCED_FACE('',(#2013),#100,.T.);
#2175=ADVANCED_FACE('',(#2014),#101,.T.);
#2176=ADVANCED_FACE('',(#2015),#102,.T.);
#2177=ADVANCED_FACE('',(#2016),#103,.T.);
#2178=ADVANCED_FACE('',(#2017),#104,.T.);
#2179=ADVANCED_FACE('',(#2018),#105,.T.);
#2180=ADVANCED_FACE('',(#2019),#106,.F.);
#2181=ADVANCED_FACE('',(#2020),#2065,.T.);
#2182=ADVANCED_FACE('',(#2021),#2066,.T.);
#2183=ADVANCED_FACE('',(#2022),#2067,.T.);
#2184=ADVANCED_FACE('',(#2023),#2068,.T.);
#2185=ADVANCED_FACE('',(#2024),#107,.T.);
#2186=ADVANCED_FACE('',(#2025),#108,.T.);
#2187=ADVANCED_FACE('',(#2026),#109,.T.);
#2188=ADVANCED_FACE('',(#2027),#110,.T.);
#2189=ADVANCED_FACE('',(#2028),#111,.T.);
#2190=ADVANCED_FACE('',(#2029),#112,.T.);
#2191=ADVANCED_FACE('',(#2030),#113,.F.);
#2192=ADVANCED_FACE('',(#2031),#2069,.T.);
#2193=ADVANCED_FACE('',(#2032),#2070,.T.);
#2194=ADVANCED_FACE('',(#2033),#2071,.T.);
#2195=ADVANCED_FACE('',(#2034),#2072,.T.);
#2196=CLOSED_SHELL('',(#2073,#2074,#2075,#2076,#2077,#2078,#2079,#2080,
#2081,#2082,#2083,#2084,#2085,#2086,#2087,#2088,#2089,#2090,#2091,#2092,
#2093,#2094,#2095,#2096,#2097,#2098,#2099,#2100,#2101,#2102,#2103,#2104,
#2105,#2106));
#2197=CLOSED_SHELL('',(#2107,#2108,#2109,#2110,#2111,#2112));
#2198=CLOSED_SHELL('',(#2113,#2114,#2115,#2116,#2117,#2118,#2119,#2120,
#2121,#2122,#2123,#2124,#2125,#2126,#2127,#2128,#2129,#2130,#2131,#2132,
#2133,#2134,#2135,#2136,#2137,#2138,#2139,#2140,#2141,#2142,#2143,#2144,
#2145,#2146,#2147,#2148,#2149,#2150,#2151,#2152,#2153,#2154,#2155,#2156,
#2157,#2158,#2159,#2160,#2161,#2162,#2163,#2164,#2165,#2166,#2167,#2168,
#2169,#2170,#2171,#2172,#2173,#2174,#2175,#2176,#2177,#2178,#2179,#2180,
#2181,#2182,#2183,#2184,#2185,#2186,#2187,#2188,#2189,#2190,#2191,#2192,
#2193,#2194,#2195));
#2199=STYLED_ITEM('',(#2202),#2223);
#2200=STYLED_ITEM('',(#2203),#2224);
#2201=STYLED_ITEM('',(#2204),#2225);
#2202=PRESENTATION_STYLE_ASSIGNMENT((#2205));
#2203=PRESENTATION_STYLE_ASSIGNMENT((#2206));
#2204=PRESENTATION_STYLE_ASSIGNMENT((#2207));
#2205=SURFACE_STYLE_USAGE(.BOTH.,#2208);
#2206=SURFACE_STYLE_USAGE(.BOTH.,#2209);
#2207=SURFACE_STYLE_USAGE(.BOTH.,#2210);
#2208=SURFACE_SIDE_STYLE('',(#2211));
#2209=SURFACE_SIDE_STYLE('',(#2212));
#2210=SURFACE_SIDE_STYLE('',(#2213));
#2211=SURFACE_STYLE_FILL_AREA(#2214);
#2212=SURFACE_STYLE_FILL_AREA(#2215);
#2213=SURFACE_STYLE_FILL_AREA(#2216);
#2214=FILL_AREA_STYLE('',(#2217));
#2215=FILL_AREA_STYLE('',(#2218));
#2216=FILL_AREA_STYLE('',(#2219));
#2217=FILL_AREA_STYLE_COLOUR('',#2220);
#2218=FILL_AREA_STYLE_COLOUR('',#2221);
#2219=FILL_AREA_STYLE_COLOUR('',#2222);
#2220=COLOUR_RGB('',0.615686274509804,0.811764705882353,0.929411764705882);
#2221=COLOUR_RGB('',0.231372549019608,0.380392156862745,0.705882352941177);
#2222=COLOUR_RGB('',0.647058823529412,0.647058823529412,0.647058823529412);
#2223=MANIFOLD_SOLID_BREP('Part 1',#2196);
#2224=MANIFOLD_SOLID_BREP('Part 3',#2197);
#2225=MANIFOLD_SOLID_BREP('Part 2',#2198);
#2226=SHAPE_DEFINITION_REPRESENTATION(#4064,#2230);
#2227=SHAPE_DEFINITION_REPRESENTATION(#4065,#2231);
#2228=SHAPE_DEFINITION_REPRESENTATION(#4067,#2232);
#2229=SHAPE_DEFINITION_REPRESENTATION(#4069,#2233);
#2230=SHAPE_REPRESENTATION('minirocket build',(#2234,#2303,#2316,#2485),
#4053);
#2231=SHAPE_REPRESENTATION('Part 1',(#2234),#4054);
#2232=SHAPE_REPRESENTATION('Part 3',(#2234),#4055);
#2233=SHAPE_REPRESENTATION('Part 2',(#2234),#4056);
#2234=AXIS2_PLACEMENT_3D('',#3148,#2486,#2487);
#2235=AXIS2_PLACEMENT_3D('',#3149,#2488,#2489);
#2236=AXIS2_PLACEMENT_3D('',#3150,#2490,#2491);
#2237=AXIS2_PLACEMENT_3D('',#3152,#2492,#2493);
#2238=AXIS2_PLACEMENT_3D('',#3157,#2495,#2496);
#2239=AXIS2_PLACEMENT_3D('',#3159,#2497,#2498);
#2240=AXIS2_PLACEMENT_3D('',#3163,#2500,#2501);
#2241=AXIS2_PLACEMENT_3D('',#3167,#2503,#2504);
#2242=AXIS2_PLACEMENT_3D('',#3169,#2505,#2506);
#2243=AXIS2_PLACEMENT_3D('',#3173,#2508,#2509);
#2244=AXIS2_PLACEMENT_3D('',#3177,#2511,#2512);
#2245=AXIS2_PLACEMENT_3D('',#3179,#2513,#2514);
#2246=AXIS2_PLACEMENT_3D('',#3183,#2516,#2517);
#2247=AXIS2_PLACEMENT_3D('',#3201,#2519,#2520);
#2248=AXIS2_PLACEMENT_3D('',#3203,#2521,#2522);
#2249=AXIS2_PLACEMENT_3D('',#3206,#2524,#2525);
#2250=AXIS2_PLACEMENT_3D('',#3207,#2526,#2527);
#2251=AXIS2_PLACEMENT_3D('',#3209,#2528,#2529);
#2252=AXIS2_PLACEMENT_3D('',#3210,#2530,#2531);
#2253=AXIS2_PLACEMENT_3D('',#3212,#2532,#2533);
#2254=AXIS2_PLACEMENT_3D('',#3222,#2538,#2539);
#2255=AXIS2_PLACEMENT_3D('',#3223,#2540,#2541);
#2256=AXIS2_PLACEMENT_3D('',#3233,#2546,#2547);
#2257=AXIS2_PLACEMENT_3D('',#3234,#2548,#2549);
#2258=AXIS2_PLACEMENT_3D('',#3244,#2554,#2555);
#2259=AXIS2_PLACEMENT_3D('',#3245,#2556,#2557);
#2260=AXIS2_PLACEMENT_3D('',#3255,#2562,#2563);
#2261=AXIS2_PLACEMENT_3D('',#3256,#2564,#2565);
#2262=AXIS2_PLACEMENT_3D('',#3257,#2566,#2567);
#2263=AXIS2_PLACEMENT_3D('',#3258,#2568,#2569);
#2264=AXIS2_PLACEMENT_3D('',#3337,#2570,#2571);
#2265=AXIS2_PLACEMENT_3D('',#3341,#2574,#2575);
#2266=AXIS2_PLACEMENT_3D('',#3345,#2578,#2579);
#2267=AXIS2_PLACEMENT_3D('',#3349,#2582,#2583);
#2268=AXIS2_PLACEMENT_3D('',#3353,#2586,#2587);
#2269=AXIS2_PLACEMENT_3D('',#3357,#2590,#2591);
#2270=AXIS2_PLACEMENT_3D('',#3364,#2595,#2596);
#2271=AXIS2_PLACEMENT_3D('',#3368,#2599,#2600);
#2272=AXIS2_PLACEMENT_3D('',#3372,#2603,#2604);
#2273=AXIS2_PLACEMENT_3D('',#3374,#2606,#2607);
#2274=AXIS2_PLACEMENT_3D('',#3375,#2608,#2609);
#2275=AXIS2_PLACEMENT_3D('',#3376,#2610,#2611);
#2276=AXIS2_PLACEMENT_3D('',#3377,#2612,#2613);
#2277=AXIS2_PLACEMENT_3D('',#3385,#2615,#2616);
#2278=AXIS2_PLACEMENT_3D('',#3387,#2618,#2619);
#2279=AXIS2_PLACEMENT_3D('',#3388,#2620,#2621);
#2280=AXIS2_PLACEMENT_3D('',#3389,#2622,#2623);
#2281=AXIS2_PLACEMENT_3D('',#3391,#2625,#2626);
#2282=AXIS2_PLACEMENT_3D('',#3392,#2627,#2628);
#2283=AXIS2_PLACEMENT_3D('',#3393,#2629,#2630);
#2284=AXIS2_PLACEMENT_3D('',#3394,#2631,#2632);
#2285=AXIS2_PLACEMENT_3D('',#3396,#2634,#2635);
#2286=AXIS2_PLACEMENT_3D('',#3397,#2636,#2637);
#2287=AXIS2_PLACEMENT_3D('',#3398,#2638,#2639);
#2288=AXIS2_PLACEMENT_3D('',#3399,#2640,#2641);
#2289=AXIS2_PLACEMENT_3D('',#3400,#2642,#2643);
#2290=AXIS2_PLACEMENT_3D('',#3401,#2644,#2645);
#2291=AXIS2_PLACEMENT_3D('',#3402,#2646,#2647);
#2292=AXIS2_PLACEMENT_3D('',#3403,#2648,#2649);
#2293=AXIS2_PLACEMENT_3D('',#3404,#2650,#2651);
#2294=AXIS2_PLACEMENT_3D('',#3405,#2652,#2653);
#2295=AXIS2_PLACEMENT_3D('',#3406,#2654,#2655);
#2296=AXIS2_PLACEMENT_3D('',#3411,#2656,#2657);
#2297=AXIS2_PLACEMENT_3D('',#3412,#2658,#2659);
#2298=AXIS2_PLACEMENT_3D('',#3437,#2660,#2661);
#2299=AXIS2_PLACEMENT_3D('',#3438,#2662,#2663);
#2300=AXIS2_PLACEMENT_3D('',#3439,#2664,#2665);
#2301=AXIS2_PLACEMENT_3D('',#3440,#2666,#2667);
#2302=AXIS2_PLACEMENT_3D('',#3441,#2668,#2669);
#2303=AXIS2_PLACEMENT_3D('',#3442,#2670,#2671);
#2304=AXIS2_PLACEMENT_3D('',#3443,#2672,#2673);
#2305=AXIS2_PLACEMENT_3D('',#3444,#2674,#2675);
#2306=AXIS2_PLACEMENT_3D('',#3446,#2676,#2677);
#2307=AXIS2_PLACEMENT_3D('',#3448,#2678,#2679);
#2308=AXIS2_PLACEMENT_3D('',#3449,#2680,#2681);
#2309=AXIS2_PLACEMENT_3D('',#3451,#2682,#2683);
#2310=AXIS2_PLACEMENT_3D('',#3452,#2684,#2685);
#2311=AXIS2_PLACEMENT_3D('',#3454,#2686,#2687);
#2312=AXIS2_PLACEMENT_3D('',#3455,#2688,#2689);
#2313=AXIS2_PLACEMENT_3D('',#3457,#2690,#2691);
#2314=AXIS2_PLACEMENT_3D('',#3458,#2692,#2693);
#2315=AXIS2_PLACEMENT_3D('',#3460,#2694,#2695);
#2316=AXIS2_PLACEMENT_3D('',#3461,#2696,#2697);
#2317=AXIS2_PLACEMENT_3D('',#3462,#2698,#2699);
#2318=AXIS2_PLACEMENT_3D('',#3466,#2701,#2702);
#2319=AXIS2_PLACEMENT_3D('',#3470,#2704,#2705);
#2320=AXIS2_PLACEMENT_3D('',#3471,#2706,#2707);
#2321=AXIS2_PLACEMENT_3D('',#3475,#2709,#2710);
#2322=AXIS2_PLACEMENT_3D('',#3479,#2712,#2713);
#2323=AXIS2_PLACEMENT_3D('',#3480,#2714,#2715);
#2324=AXIS2_PLACEMENT_3D('',#3484,#2717,#2718);
#2325=AXIS2_PLACEMENT_3D('',#3488,#2720,#2721);
#2326=AXIS2_PLACEMENT_3D('',#3489,#2722,#2723);
#2327=AXIS2_PLACEMENT_3D('',#3493,#2725,#2726);
#2328=AXIS2_PLACEMENT_3D('',#3497,#2728,#2729);
#2329=AXIS2_PLACEMENT_3D('',#3498,#2730,#2731);
#2330=AXIS2_PLACEMENT_3D('',#3502,#2733,#2734);
#2331=AXIS2_PLACEMENT_3D('',#3506,#2736,#2737);
#2332=AXIS2_PLACEMENT_3D('',#3507,#2738,#2739);
#2333=AXIS2_PLACEMENT_3D('',#3511,#2741,#2742);
#2334=AXIS2_PLACEMENT_3D('',#3515,#2744,#2745);
#2335=AXIS2_PLACEMENT_3D('',#3516,#2746,#2747);
#2336=AXIS2_PLACEMENT_3D('',#3520,#2749,#2750);
#2337=AXIS2_PLACEMENT_3D('',#3524,#2752,#2753);
#2338=AXIS2_PLACEMENT_3D('',#3525,#2754,#2755);
#2339=AXIS2_PLACEMENT_3D('',#3528,#2758,#2759);
#2340=AXIS2_PLACEMENT_3D('',#3537,#2762,#2763);
#2341=AXIS2_PLACEMENT_3D('',#3546,#2766,#2767);
#2342=AXIS2_PLACEMENT_3D('',#3553,#2770,#2771);
#2343=AXIS2_PLACEMENT_3D('',#3555,#2773,#2774);
#2344=AXIS2_PLACEMENT_3D('',#3564,#2777,#2778);
#2345=AXIS2_PLACEMENT_3D('',#3573,#2781,#2782);
#2346=AXIS2_PLACEMENT_3D('',#3583,#2786,#2787);
#2347=AXIS2_PLACEMENT_3D('',#3586,#2789,#2790);
#2348=AXIS2_PLACEMENT_3D('',#3587,#2791,#2792);
#2349=AXIS2_PLACEMENT_3D('',#3598,#2796,#2797);
#2350=AXIS2_PLACEMENT_3D('',#3607,#2800,#2801);
#2351=AXIS2_PLACEMENT_3D('',#3614,#2804,#2805);
#2352=AXIS2_PLACEMENT_3D('',#3616,#2807,#2808);
#2353=AXIS2_PLACEMENT_3D('',#3625,#2811,#2812);
#2354=AXIS2_PLACEMENT_3D('',#3634,#2815,#2816);
#2355=AXIS2_PLACEMENT_3D('',#3635,#2817,#2818);
#2356=AXIS2_PLACEMENT_3D('',#3637,#2819,#2820);
#2357=AXIS2_PLACEMENT_3D('',#3639,#2821,#2822);
#2358=AXIS2_PLACEMENT_3D('',#3645,#2824,#2825);
#2359=AXIS2_PLACEMENT_3D('',#3646,#2826,#2827);
#2360=AXIS2_PLACEMENT_3D('',#3647,#2828,#2829);
#2361=AXIS2_PLACEMENT_3D('',#3648,#2830,#2831);
#2362=AXIS2_PLACEMENT_3D('',#3650,#2832,#2833);
#2363=AXIS2_PLACEMENT_3D('',#3651,#2834,#2835);
#2364=AXIS2_PLACEMENT_3D('',#3652,#2836,#2837);
#2365=AXIS2_PLACEMENT_3D('',#3653,#2838,#2839);
#2366=AXIS2_PLACEMENT_3D('',#3654,#2840,#2841);
#2367=AXIS2_PLACEMENT_3D('',#3655,#2842,#2843);
#2368=AXIS2_PLACEMENT_3D('',#3656,#2844,#2845);
#2369=AXIS2_PLACEMENT_3D('',#3657,#2846,#2847);
#2370=AXIS2_PLACEMENT_3D('',#3658,#2848,#2849);
#2371=AXIS2_PLACEMENT_3D('',#3659,#2850,#2851);
#2372=AXIS2_PLACEMENT_3D('',#3670,#2852,#2853);
#2373=AXIS2_PLACEMENT_3D('',#3681,#2854,#2855);
#2374=AXIS2_PLACEMENT_3D('',#3682,#2856,#2857);
#2375=AXIS2_PLACEMENT_3D('',#3693,#2858,#2859);
#2376=AXIS2_PLACEMENT_3D('',#3704,#2860,#2861);
#2377=AXIS2_PLACEMENT_3D('',#3705,#2862,#2863);
#2378=AXIS2_PLACEMENT_3D('',#3716,#2864,#2865);
#2379=AXIS2_PLACEMENT_3D('',#3727,#2866,#2867);
#2380=AXIS2_PLACEMENT_3D('',#3728,#2868,#2869);
#2381=AXIS2_PLACEMENT_3D('',#3743,#2870,#2871);
#2382=AXIS2_PLACEMENT_3D('',#3758,#2872,#2873);
#2383=AXIS2_PLACEMENT_3D('',#3767,#2874,#2875);
#2384=AXIS2_PLACEMENT_3D('',#3776,#2876,#2877);
#2385=AXIS2_PLACEMENT_3D('',#3791,#2878,#2879);
#2386=AXIS2_PLACEMENT_3D('',#3792,#2880,#2881);
#2387=AXIS2_PLACEMENT_3D('',#3793,#2882,#2883);
#2388=AXIS2_PLACEMENT_3D('',#3795,#2884,#2885);
#2389=AXIS2_PLACEMENT_3D('',#3796,#2886,#2887);
#2390=AXIS2_PLACEMENT_3D('',#3800,#2889,#2890);
#2391=AXIS2_PLACEMENT_3D('',#3804,#2892,#2893);
#2392=AXIS2_PLACEMENT_3D('',#3808,#2895,#2896);
#2393=AXIS2_PLACEMENT_3D('',#3809,#2897,#2898);
#2394=AXIS2_PLACEMENT_3D('',#3813,#2900,#2901);
#2395=AXIS2_PLACEMENT_3D('',#3817,#2903,#2904);
#2396=AXIS2_PLACEMENT_3D('',#3821,#2906,#2907);
#2397=AXIS2_PLACEMENT_3D('',#3823,#2908,#2909);
#2398=AXIS2_PLACEMENT_3D('',#3825,#2910,#2911);
#2399=AXIS2_PLACEMENT_3D('',#3829,#2913,#2914);
#2400=AXIS2_PLACEMENT_3D('',#3833,#2916,#2917);
#2401=AXIS2_PLACEMENT_3D('',#3837,#2919,#2920);
#2402=AXIS2_PLACEMENT_3D('',#3838,#2921,#2922);
#2403=AXIS2_PLACEMENT_3D('',#3842,#2924,#2925);
#2404=AXIS2_PLACEMENT_3D('',#3846,#2927,#2928);
#2405=AXIS2_PLACEMENT_3D('',#3850,#2930,#2931);
#2406=AXIS2_PLACEMENT_3D('',#3851,#2932,#2933);
#2407=AXIS2_PLACEMENT_3D('',#3853,#2934,#2935);
#2408=AXIS2_PLACEMENT_3D('',#3854,#2936,#2937);
#2409=AXIS2_PLACEMENT_3D('',#3871,#2938,#2939);
#2410=AXIS2_PLACEMENT_3D('',#3872,#2940,#2941);
#2411=AXIS2_PLACEMENT_3D('',#3874,#2942,#2943);
#2412=AXIS2_PLACEMENT_3D('',#3877,#2945,#2946);
#2413=AXIS2_PLACEMENT_3D('',#3886,#2951,#2952);
#2414=AXIS2_PLACEMENT_3D('',#3887,#2953,#2954);
#2415=AXIS2_PLACEMENT_3D('',#3888,#2955,#2956);
#2416=AXIS2_PLACEMENT_3D('',#3889,#2957,#2958);
#2417=AXIS2_PLACEMENT_3D('',#3895,#2962,#2963);
#2418=AXIS2_PLACEMENT_3D('',#3896,#2964,#2965);
#2419=AXIS2_PLACEMENT_3D('',#3900,#2967,#2968);
#2420=AXIS2_PLACEMENT_3D('',#3901,#2969,#2970);
#2421=AXIS2_PLACEMENT_3D('',#3905,#2972,#2973);
#2422=AXIS2_PLACEMENT_3D('',#3906,#2974,#2975);
#2423=AXIS2_PLACEMENT_3D('',#3909,#2978,#2979);
#2424=AXIS2_PLACEMENT_3D('',#3912,#2982,#2983);
#2425=AXIS2_PLACEMENT_3D('',#3913,#2984,#2985);
#2426=AXIS2_PLACEMENT_3D('',#3914,#2986,#2987);
#2427=AXIS2_PLACEMENT_3D('',#3915,#2988,#2989);
#2428=AXIS2_PLACEMENT_3D('',#3916,#2990,#2991);
#2429=AXIS2_PLACEMENT_3D('',#3917,#2992,#2993);
#2430=AXIS2_PLACEMENT_3D('',#3919,#2994,#2995);
#2431=AXIS2_PLACEMENT_3D('',#3922,#2997,#2998);
#2432=AXIS2_PLACEMENT_3D('',#3931,#3003,#3004);
#2433=AXIS2_PLACEMENT_3D('',#3932,#3005,#3006);
#2434=AXIS2_PLACEMENT_3D('',#3933,#3007,#3008);
#2435=AXIS2_PLACEMENT_3D('',#3934,#3009,#3010);
#2436=AXIS2_PLACEMENT_3D('',#3940,#3014,#3015);
#2437=AXIS2_PLACEMENT_3D('',#3944,#3017,#3018);
#2438=AXIS2_PLACEMENT_3D('',#3945,#3019,#3020);
#2439=AXIS2_PLACEMENT_3D('',#3949,#3022,#3023);
#2440=AXIS2_PLACEMENT_3D('',#3950,#3024,#3025);
#2441=AXIS2_PLACEMENT_3D('',#3951,#3026,#3027);
#2442=AXIS2_PLACEMENT_3D('',#3954,#3030,#3031);
#2443=AXIS2_PLACEMENT_3D('',#3957,#3034,#3035);
#2444=AXIS2_PLACEMENT_3D('',#3958,#3036,#3037);
#2445=AXIS2_PLACEMENT_3D('',#3959,#3038,#3039);
#2446=AXIS2_PLACEMENT_3D('',#3960,#3040,#3041);
#2447=AXIS2_PLACEMENT_3D('',#3961,#3042,#3043);
#2448=AXIS2_PLACEMENT_3D('',#3962,#3044,#3045);
#2449=AXIS2_PLACEMENT_3D('',#3964,#3046,#3047);
#2450=AXIS2_PLACEMENT_3D('',#3967,#3049,#3050);
#2451=AXIS2_PLACEMENT_3D('',#3976,#3055,#3056);
#2452=AXIS2_PLACEMENT_3D('',#3977,#3057,#3058);
#2453=AXIS2_PLACEMENT_3D('',#3978,#3059,#3060);
#2454=AXIS2_PLACEMENT_3D('',#3979,#3061,#3062);
#2455=AXIS2_PLACEMENT_3D('',#3985,#3066,#3067);
#2456=AXIS2_PLACEMENT_3D('',#3986,#3068,#3069);
#2457=AXIS2_PLACEMENT_3D('',#3990,#3071,#3072);
#2458=AXIS2_PLACEMENT_3D('',#3991,#3073,#3074);
#2459=AXIS2_PLACEMENT_3D('',#3995,#3076,#3077);
#2460=AXIS2_PLACEMENT_3D('',#3996,#3078,#3079);
#2461=AXIS2_PLACEMENT_3D('',#3999,#3082,#3083);
#2462=AXIS2_PLACEMENT_3D('',#4002,#3086,#3087);
#2463=AXIS2_PLACEMENT_3D('',#4003,#3088,#3089);
#2464=AXIS2_PLACEMENT_3D('',#4004,#3090,#3091);
#2465=AXIS2_PLACEMENT_3D('',#4005,#3092,#3093);
#2466=AXIS2_PLACEMENT_3D('',#4006,#3094,#3095);
#2467=AXIS2_PLACEMENT_3D('',#4007,#3096,#3097);
#2468=AXIS2_PLACEMENT_3D('',#4009,#3098,#3099);
#2469=AXIS2_PLACEMENT_3D('',#4012,#3101,#3102);
#2470=AXIS2_PLACEMENT_3D('',#4021,#3107,#3108);
#2471=AXIS2_PLACEMENT_3D('',#4022,#3109,#3110);
#2472=AXIS2_PLACEMENT_3D('',#4023,#3111,#3112);
#2473=AXIS2_PLACEMENT_3D('',#4024,#3113,#3114);
#2474=AXIS2_PLACEMENT_3D('',#4030,#3118,#3119);
#2475=AXIS2_PLACEMENT_3D('',#4031,#3120,#3121);
#2476=AXIS2_PLACEMENT_3D('',#4035,#3123,#3124);
#2477=AXIS2_PLACEMENT_3D('',#4036,#3125,#3126);
#2478=AXIS2_PLACEMENT_3D('',#4040,#3128,#3129);
#2479=AXIS2_PLACEMENT_3D('',#4041,#3130,#3131);
#2480=AXIS2_PLACEMENT_3D('',#4044,#3134,#3135);
#2481=AXIS2_PLACEMENT_3D('',#4047,#3138,#3139);
#2482=AXIS2_PLACEMENT_3D('',#4048,#3140,#3141);
#2483=AXIS2_PLACEMENT_3D('',#4049,#3142,#3143);
#2484=AXIS2_PLACEMENT_3D('',#4050,#3144,#3145);
#2485=AXIS2_PLACEMENT_3D('',#4051,#3146,#3147);
#2486=DIRECTION('',(0.,0.,1.));
#2487=DIRECTION('',(1.,0.,0.));
#2488=DIRECTION('',(0.,0.,-1.));
#2489=DIRECTION('',(-6.12323399573677E-17,1.,0.));
#2490=DIRECTION('',(0.,0.,-1.));
#2491=DIRECTION('',(-6.12323399573677E-17,1.,0.));
#2492=DIRECTION('',(0.,0.,-1.));
#2493=DIRECTION('',(-6.12323399573677E-17,1.,0.));
#2494=DIRECTION('',(0.,0.,-1.));
#2495=DIRECTION('',(0.680685725579505,-0.707106781186548,-0.191486143081693));
#2496=DIRECTION('',(-0.132799293082393,0.137953944304319,-0.981495316854695));
#2497=DIRECTION('',(-0.680685725579505,-0.707106781186548,0.191486143081693));
#2498=DIRECTION('',(-0.132799293082393,-0.137953944304319,-0.981495316854695));
#2499=DIRECTION('',(0.,0.,-1.));
#2500=DIRECTION('',(0.,0.,-1.));
#2501=DIRECTION('',(-6.12323399573677E-17,1.,0.));
#2502=DIRECTION('',(0.,0.,-1.));
#2503=DIRECTION('',(0.707106781186548,0.680685725579505,-0.191486143081693));
#2504=DIRECTION('',(-0.137953944304319,-0.132799293082393,-0.981495316854695));
#2505=DIRECTION('',(0.707106781186548,-0.680685725579505,0.191486143081693));
#2506=DIRECTION('',(0.137953944304319,-0.132799293082393,-0.981495316854695));
#2507=DIRECTION('',(0.,0.,-1.));
#2508=DIRECTION('',(0.,0.,-1.));
#2509=DIRECTION('',(-6.12323399573677E-17,1.,0.));
#2510=DIRECTION('',(0.,0.,-1.));
#2511=DIRECTION('',(-0.680685725579506,0.707106781186548,-0.191486143081693));
#2512=DIRECTION('',(0.132799293082393,-0.137953944304319,-0.981495316854695));
#2513=DIRECTION('',(0.680685725579505,0.707106781186548,0.191486143081693));
#2514=DIRECTION('',(0.132799293082393,0.137953944304319,-0.981495316854695));
#2515=DIRECTION('',(0.,0.,-1.));
#2516=DIRECTION('',(0.,0.,-1.));
#2517=DIRECTION('',(-6.12323399573677E-17,1.,0.));
#2518=DIRECTION('',(0.,0.,-1.));
#2519=DIRECTION('',(-0.707106781186548,-0.680685725579506,-0.191486143081693));
#2520=DIRECTION('',(0.137953944304319,0.132799293082393,-0.981495316854695));
#2521=DIRECTION('',(-0.707106781186548,0.680685725579505,0.191486143081693));
#2522=DIRECTION('',(-0.137953944304319,0.132799293082393,-0.981495316854695));
#2523=DIRECTION('',(0.,0.,-1.));
#2524=DIRECTION('',(0.,0.,1.));
#2525=DIRECTION('',(6.12323399573677E-17,-1.,0.));
#2526=DIRECTION('',(0.,0.,-1.));
#2527=DIRECTION('',(-6.12323399573677E-17,1.,0.));
#2528=DIRECTION('',(0.,0.,-1.));
#2529=DIRECTION('',(-6.12323399573677E-17,1.,0.));
#2530=DIRECTION('',(0.,0.,-1.));
#2531=DIRECTION('',(-6.12323399573677E-17,1.,0.));
#2532=DIRECTION('',(0.,0.,1.));
#2533=DIRECTION('',(6.12323399573677E-17,-1.,0.));
#2534=DIRECTION('',(-1.,-1.83697019872103E-16,0.));
#2535=DIRECTION('',(0.720438262968534,-0.693519076342447,0.));
#2536=DIRECTION('',(0.720438262968534,0.693519076342447,0.));
#2537=DIRECTION('',(-1.,-1.83697019872103E-16,0.));
#2538=DIRECTION('',(0.,0.,1.));
#2539=DIRECTION('',(1.,0.,0.));
#2540=DIRECTION('',(0.,0.,1.));
#2541=DIRECTION('',(1.,0.,0.));
#2542=DIRECTION('',(0.,1.,0.));
#2543=DIRECTION('',(-0.693519076342447,-0.720438262968534,0.));
#2544=DIRECTION('',(0.693519076342447,-0.720438262968534,0.));
#2545=DIRECTION('',(0.,1.,0.));
#2546=DIRECTION('',(0.,0.,1.));
#2547=DIRECTION('',(1.,0.,0.));
#2548=DIRECTION('',(0.,0.,1.));
#2549=DIRECTION('',(1.,0.,0.));
#2550=DIRECTION('',(1.,6.12323399573677E-17,0.));
#2551=DIRECTION('',(-0.720438262968534,0.693519076342447,0.));
#2552=DIRECTION('',(-0.720438262968534,-0.693519076342447,0.));
#2553=DIRECTION('',(1.,6.12323399573677E-17,0.));
#2554=DIRECTION('',(0.,0.,1.));
#2555=DIRECTION('',(1.,0.,0.));
#2556=DIRECTION('',(0.,0.,1.));
#2557=DIRECTION('',(1.,0.,0.));
#2558=DIRECTION('',(1.22464679914735E-16,-1.,0.));
#2559=DIRECTION('',(0.693519076342447,0.720438262968534,0.));
#2560=DIRECTION('',(-0.693519076342447,0.720438262968534,0.));
#2561=DIRECTION('',(1.22464679914735E-16,-1.,0.));
#2562=DIRECTION('',(0.,0.,1.));
#2563=DIRECTION('',(1.,0.,0.));
#2564=DIRECTION('',(0.,0.,1.));
#2565=DIRECTION('',(1.,0.,0.));
#2566=DIRECTION('',(0.,0.,-1.));
#2567=DIRECTION('',(-6.12323399573677E-17,1.,0.));
#2568=DIRECTION('',(0.,0.,-1.));
#2569=DIRECTION('',(-6.12323399573677E-17,1.,0.));
#2570=DIRECTION('',(6.12323399573677E-17,-1.,0.));
#2571=DIRECTION('',(1.,6.12323399573677E-17,0.));
#2572=DIRECTION('',(0.,0.,1.));
#2573=DIRECTION('',(-0.270802300552644,-1.65818585286767E-17,-0.962634984828307));
#2574=DIRECTION('',(6.12323399573677E-17,-1.,0.));
#2575=DIRECTION('',(1.,6.12323399573677E-17,0.));
#2576=DIRECTION('',(0.270802300552644,1.65818585286767E-17,0.962634984828307));
#2577=DIRECTION('',(0.,0.,-1.));
#2578=DIRECTION('',(-1.83697019872103E-16,1.,0.));
#2579=DIRECTION('',(-1.,-1.83697019872103E-16,0.));
#2580=DIRECTION('',(0.,0.,1.));
#2581=DIRECTION('',(0.270802300552644,4.97455755860303E-17,-0.962634984828307));
#2582=DIRECTION('',(-1.83697019872103E-16,1.,0.));
#2583=DIRECTION('',(-1.,-1.83697019872103E-16,0.));
#2584=DIRECTION('',(-0.270802300552644,-4.97455755860303E-17,0.962634984828307));
#2585=DIRECTION('',(0.,0.,-1.));
#2586=DIRECTION('',(-1.,-1.22464679914735E-16,0.));
#2587=DIRECTION('',(1.22464679914735E-16,-1.,0.));
#2588=DIRECTION('',(0.,0.,1.));
#2589=DIRECTION('',(-3.31637170573536E-17,0.270802300552644,-0.962634984828307));
#2590=DIRECTION('',(-1.,-1.22464679914735E-16,0.));
#2591=DIRECTION('',(1.22464679914735E-16,-1.,0.));
#2592=DIRECTION('',(-3.31637170573536E-17,0.270802300552644,-0.962634984828307));
#2593=DIRECTION('',(0.,0.,-1.));
#2594=DIRECTION('',(1.22464679914735E-16,-1.,0.));
#2595=DIRECTION('',(1.,0.,0.));
#2596=DIRECTION('',(0.,1.,0.));
#2597=DIRECTION('',(0.,0.,1.));
#2598=DIRECTION('',(0.,-0.270802300552644,-0.962634984828307));
#2599=DIRECTION('',(1.,0.,0.));
#2600=DIRECTION('',(0.,1.,0.));
#2601=DIRECTION('',(0.,0.270802300552644,0.962634984828307));
#2602=DIRECTION('',(0.,0.,-1.));
#2603=DIRECTION('',(-0.680685725579506,0.707106781186548,-0.191486143081693));
#2604=DIRECTION('',(0.270802300552644,4.97455755860303E-17,-0.962634984828307));
#2605=DIRECTION('',(-0.270802300552644,-2.77555756156289E-17,0.962634984828307));
#2606=DIRECTION('',(-0.680685725579506,0.707106781186548,-0.191486143081693));
#2607=DIRECTION('',(0.132799293082393,-0.137953944304319,-0.981495316854695));
#2608=DIRECTION('',(0.680685725579505,0.707106781186548,0.191486143081693));
#2609=DIRECTION('',(-0.270802300552644,-4.97455755860303E-17,0.962634984828307));
#2610=DIRECTION('',(0.680685725579505,0.707106781186548,0.191486143081693));
#2611=DIRECTION('',(0.132799293082393,0.137953944304319,-0.981495316854695));
#2612=DIRECTION('',(-0.707106781186548,-0.680685725579506,-0.191486143081693));
#2613=DIRECTION('',(-3.31637170573536E-17,0.270802300552644,-0.962634984828307));
#2614=DIRECTION('',(8.12941988208173E-18,-0.270802300552644,0.962634984828307));
#2615=DIRECTION('',(-0.707106781186548,-0.680685725579506,-0.191486143081693));
#2616=DIRECTION('',(0.657020957748144,-0.73257555445995,0.177922786869499));
#2617=DIRECTION('',(2.77555756156289E-17,-0.270802300552644,0.962634984828307));
#2618=DIRECTION('',(-0.707106781186548,0.680685725579505,0.191486143081693));
#2619=DIRECTION('',(3.31637170573536E-17,-0.270802300552644,0.962634984828307));
#2620=DIRECTION('',(-0.707106781186548,0.680685725579505,0.191486143081693));
#2621=DIRECTION('',(-0.137953944304319,0.132799293082393,-0.981495316854695));
#2622=DIRECTION('',(0.680685725579505,-0.707106781186548,-0.191486143081693));
#2623=DIRECTION('',(-0.270802300552644,-1.65818585286767E-17,-0.962634984828307));
#2624=DIRECTION('',(0.270802300552644,0.,0.962634984828307));
#2625=DIRECTION('',(0.680685725579505,-0.707106781186548,-0.191486143081693));
#2626=DIRECTION('',(-0.132799293082393,0.137953944304319,-0.981495316854695));
#2627=DIRECTION('',(-0.680685725579505,-0.707106781186548,0.191486143081693));
#2628=DIRECTION('',(0.270802300552644,1.65818585286767E-17,0.962634984828307));
#2629=DIRECTION('',(-0.680685725579505,-0.707106781186548,0.191486143081693));
#2630=DIRECTION('',(-0.132799293082393,-0.137953944304319,-0.981495316854695));
#2631=DIRECTION('',(0.707106781186548,0.680685725579505,-0.191486143081693));
#2632=DIRECTION('',(0.,-0.270802300552644,-0.962634984828307));
#2633=DIRECTION('',(0.,0.270802300552644,0.962634984828307));
#2634=DIRECTION('',(0.707106781186548,0.680685725579505,-0.191486143081693));
#2635=DIRECTION('',(-0.137953944304319,-0.132799293082393,-0.981495316854695));
#2636=DIRECTION('',(0.707106781186548,-0.680685725579505,0.191486143081693));
#2637=DIRECTION('',(0.,0.270802300552644,0.962634984828307));
#2638=DIRECTION('',(0.707106781186548,-0.680685725579505,0.191486143081693));
#2639=DIRECTION('',(0.137953944304319,-0.132799293082393,-0.981495316854695));
#2640=DIRECTION('',(0.,0.,-1.));
#2641=DIRECTION('',(-1.,0.,0.));
#2642=DIRECTION('',(0.,0.,-1.));
#2643=DIRECTION('',(-1.,0.,0.));
#2644=DIRECTION('',(0.,0.,-1.));
#2645=DIRECTION('',(-1.,0.,0.));
#2646=DIRECTION('',(0.,0.,-1.));
#2647=DIRECTION('',(-1.,0.,0.));
#2648=DIRECTION('',(1.22464679914735E-16,-1.,0.));
#2649=DIRECTION('',(1.,1.22464679914735E-16,0.));
#2650=DIRECTION('',(-7.39466491208592E-17,0.603820213079753,0.7971205368552));
#2651=DIRECTION('',(9.7619111399434E-17,-0.7971205368552,0.603820213079753));
#2652=DIRECTION('',(0.,-1.,0.));
#2653=DIRECTION('',(0.,0.,-1.));
#2654=DIRECTION('',(3.31637170573536E-17,-0.270802300552644,0.962634984828307));
#2655=DIRECTION('',(0.,-0.962634984828307,-0.270802300552644));
#2656=DIRECTION('',(0.,0.,1.));
#2657=DIRECTION('',(1.,0.,0.));
#2658=DIRECTION('',(0.,0.,1.));
#2659=DIRECTION('',(1.,0.,0.));
#2660=DIRECTION('',(0.,0.,1.));
#2661=DIRECTION('',(1.,0.,0.));
#2662=DIRECTION('',(0.,0.,-1.));
#2663=DIRECTION('',(-1.,0.,0.));
#2664=DIRECTION('',(0.,0.,-1.));
#2665=DIRECTION('',(-1.,0.,0.));
#2666=DIRECTION('',(0.,0.,-1.));
#2667=DIRECTION('',(-1.,0.,0.));
#2668=DIRECTION('',(0.,0.,-1.));
#2669=DIRECTION('',(-1.,0.,0.));
#2670=DIRECTION('',(0.,0.,1.));
#2671=DIRECTION('',(1.,0.,0.));
#2672=DIRECTION('',(0.,0.,1.));
#2673=DIRECTION('',(1.,0.,0.));
#2674=DIRECTION('',(0.,0.,1.));
#2675=DIRECTION('',(1.,0.,0.));
#2676=DIRECTION('',(0.,0.,1.));
#2677=DIRECTION('',(1.,0.,0.));
#2678=DIRECTION('',(0.,0.,1.));
#2679=DIRECTION('',(1.,0.,0.));
#2680=DIRECTION('',(0.,0.,1.));
#2681=DIRECTION('',(1.,0.,0.));
#2682=DIRECTION('',(0.,0.,1.));
#2683=DIRECTION('',(1.,0.,0.));
#2684=DIRECTION('',(0.,0.,1.));
#2685=DIRECTION('',(1.,0.,0.));
#2686=DIRECTION('',(0.,0.,-1.));
#2687=DIRECTION('',(-1.,0.,0.));
#2688=DIRECTION('',(0.,0.,1.));
#2689=DIRECTION('',(1.,0.,0.));
#2690=DIRECTION('',(0.,0.,-1.));
#2691=DIRECTION('',(-1.,0.,0.));
#2692=DIRECTION('',(0.,0.,1.));
#2693=DIRECTION('',(1.,0.,0.));
#2694=DIRECTION('',(0.,0.,1.));
#2695=DIRECTION('',(1.,0.,0.));
#2696=DIRECTION('',(0.,0.,1.));
#2697=DIRECTION('',(1.,0.,0.));
#2698=DIRECTION('',(0.,0.,1.));
#2699=DIRECTION('',(1.,0.,0.));
#2700=DIRECTION('',(-1.,0.,0.));
#2701=DIRECTION('',(0.,0.,-1.));
#2702=DIRECTION('',(-1.,0.,0.));
#2703=DIRECTION('',(1.79208363867063E-16,1.,0.));
#2704=DIRECTION('',(0.,0.,1.));
#2705=DIRECTION('',(1.,0.,0.));
#2706=DIRECTION('',(0.,0.,1.));
#2707=DIRECTION('',(1.,0.,0.));
#2708=DIRECTION('',(1.79208363867063E-16,1.,0.));
#2709=DIRECTION('',(0.,0.,-1.));
#2710=DIRECTION('',(-1.,0.,0.));
#2711=DIRECTION('',(1.,-1.19472242578042E-16,0.));
#2712=DIRECTION('',(0.,0.,1.));
#2713=DIRECTION('',(1.,0.,0.));
#2714=DIRECTION('',(0.,0.,1.));
#2715=DIRECTION('',(1.,0.,0.));
#2716=DIRECTION('',(1.,-1.19472242578042E-16,0.));
#2717=DIRECTION('',(0.,0.,-1.));
#2718=DIRECTION('',(-1.,0.,0.));
#2719=DIRECTION('',(-5.97361212890212E-17,-1.,0.));
#2720=DIRECTION('',(0.,0.,1.));
#2721=DIRECTION('',(1.,0.,0.));
#2722=DIRECTION('',(0.,0.,1.));
#2723=DIRECTION('',(1.,0.,0.));
#2724=DIRECTION('',(-5.97361212890212E-17,-1.,0.));
#2725=DIRECTION('',(0.,0.,-1.));
#2726=DIRECTION('',(-1.,0.,0.));
#2727=DIRECTION('',(-1.,0.,0.));
#2728=DIRECTION('',(0.,0.,1.));
#2729=DIRECTION('',(1.,0.,0.));
#2730=DIRECTION('',(0.,0.,1.));
#2731=DIRECTION('',(1.,0.,0.));
#2732=DIRECTION('',(1.79208363867063E-16,1.,0.));
#2733=DIRECTION('',(0.,0.,1.));
#2734=DIRECTION('',(1.,0.,0.));
#2735=DIRECTION('',(-1.,0.,0.));
#2736=DIRECTION('',(0.,0.,1.));
#2737=DIRECTION('',(1.,0.,0.));
#2738=DIRECTION('',(0.,0.,1.));
#2739=DIRECTION('',(1.,0.,0.));
#2740=DIRECTION('',(-1.,0.,0.));
#2741=DIRECTION('',(0.,0.,1.));
#2742=DIRECTION('',(1.,0.,0.));
#2743=DIRECTION('',(-5.97361212890212E-17,-1.,0.));
#2744=DIRECTION('',(0.,0.,1.));
#2745=DIRECTION('',(1.,0.,0.));
#2746=DIRECTION('',(0.,0.,1.));
#2747=DIRECTION('',(1.,0.,0.));
#2748=DIRECTION('',(-5.97361212890212E-17,-1.,0.));
#2749=DIRECTION('',(0.,0.,1.));
#2750=DIRECTION('',(1.,0.,0.));
#2751=DIRECTION('',(1.,-1.19472242578042E-16,0.));
#2752=DIRECTION('',(0.,0.,1.));
#2753=DIRECTION('',(1.,0.,0.));
#2754=DIRECTION('',(0.,0.,-1.));
#2755=DIRECTION('',(-1.,0.,0.));
#2756=DIRECTION('',(0.,0.,-1.));
#2757=DIRECTION('',(0.,0.,-1.));
#2758=DIRECTION('',(0.,-1.,0.));
#2759=DIRECTION('',(0.,0.,-1.));
#2760=DIRECTION('',(0.,0.,-1.));
#2761=DIRECTION('',(-1.,0.,0.));
#2762=DIRECTION('',(-1.,0.,0.));
#2763=DIRECTION('',(0.,0.,1.));
#2764=DIRECTION('',(0.,0.,-1.));
#2765=DIRECTION('',(0.,1.,0.));
#2766=DIRECTION('',(0.,-1.,0.));
#2767=DIRECTION('',(0.,0.,-1.));
#2768=DIRECTION('',(-1.,0.,0.));
#2769=DIRECTION('',(0.,0.,-1.));
#2770=DIRECTION('',(0.,0.,-1.));
#2771=DIRECTION('',(-1.,0.,0.));
#2772=DIRECTION('',(0.,0.,-1.));
#2773=DIRECTION('',(-1.,1.79208363867063E-16,0.));
#2774=DIRECTION('',(-1.79208363867063E-16,-1.,0.));
#2775=DIRECTION('',(0.,0.,-1.));
#2776=DIRECTION('',(1.79208363867063E-16,1.,0.));
#2777=DIRECTION('',(0.,1.,0.));
#2778=DIRECTION('',(0.,0.,1.));
#2779=DIRECTION('',(0.,0.,-1.));
#2780=DIRECTION('',(1.,0.,0.));
#2781=DIRECTION('',(-1.,1.79208363867063E-16,0.));
#2782=DIRECTION('',(-1.79208363867063E-16,-1.,0.));
#2783=DIRECTION('',(1.79208363867063E-16,1.,0.));
#2784=DIRECTION('',(1.79208363867063E-16,1.,0.));
#2785=DIRECTION('',(0.,0.,-1.));
#2786=DIRECTION('',(0.,0.,-1.));
#2787=DIRECTION('',(-1.,0.,0.));
#2788=DIRECTION('',(0.,0.,-1.));
#2789=DIRECTION('',(0.,0.,1.));
#2790=DIRECTION('',(1.,0.,0.));
#2791=DIRECTION('',(1.19472242578042E-16,1.,0.));
#2792=DIRECTION('',(-1.,1.19472242578042E-16,0.));
#2793=DIRECTION('',(0.,0.,-1.));
#2794=DIRECTION('',(1.,-1.19472242578042E-16,0.));
#2795=DIRECTION('',(1.,-1.19472242578042E-16,0.));
#2796=DIRECTION('',(1.,0.,0.));
#2797=DIRECTION('',(0.,0.,-1.));
#2798=DIRECTION('',(0.,0.,-1.));
#2799=DIRECTION('',(0.,-1.,0.));
#2800=DIRECTION('',(1.19472242578042E-16,1.,0.));
#2801=DIRECTION('',(-1.,1.19472242578042E-16,0.));
#2802=DIRECTION('',(1.,-1.19472242578042E-16,0.));
#2803=DIRECTION('',(0.,0.,-1.));
#2804=DIRECTION('',(0.,0.,-1.));
#2805=DIRECTION('',(-1.,0.,0.));
#2806=DIRECTION('',(0.,0.,-1.));
#2807=DIRECTION('',(1.,-5.97361212890212E-17,0.));
#2808=DIRECTION('',(5.97361212890212E-17,1.,0.));
#2809=DIRECTION('',(0.,0.,-1.));
#2810=DIRECTION('',(-5.97361212890212E-17,-1.,0.));
#2811=DIRECTION('',(0.,-1.,0.));
#2812=DIRECTION('',(0.,0.,-1.));
#2813=DIRECTION('',(0.,0.,-1.));
#2814=DIRECTION('',(-1.,0.,0.));
#2815=DIRECTION('',(0.,0.,-1.));
#2816=DIRECTION('',(-1.,0.,0.));
#2817=DIRECTION('',(0.,0.,1.));
#2818=DIRECTION('',(1.,0.,0.));
#2819=DIRECTION('',(0.,0.,1.));
#2820=DIRECTION('',(1.,0.,0.));
#2821=DIRECTION('',(1.,-5.97361212890212E-17,0.));
#2822=DIRECTION('',(5.97361212890212E-17,1.,0.));
#2823=DIRECTION('',(-5.97361212890212E-17,-1.,0.));
#2824=DIRECTION('',(0.,0.,1.));
#2825=DIRECTION('',(1.,0.,0.));
#2826=DIRECTION('',(0.,0.,1.));
#2827=DIRECTION('',(1.,0.,0.));
#2828=DIRECTION('',(0.,0.,1.));
#2829=DIRECTION('',(1.,0.,0.));
#2830=DIRECTION('',(0.,0.,-1.));
#2831=DIRECTION('',(-1.,0.,0.));
#2832=DIRECTION('',(0.,0.,-1.));
#2833=DIRECTION('',(-1.,0.,0.));
#2834=DIRECTION('',(0.,0.,-1.));
#2835=DIRECTION('',(1.,0.,0.));
#2836=DIRECTION('',(0.,0.,-1.));
#2837=DIRECTION('',(-1.,0.,0.));
#2838=DIRECTION('',(0.,0.,-1.));
#2839=DIRECTION('',(1.,0.,0.));
#2840=DIRECTION('',(0.,0.,-1.));
#2841=DIRECTION('',(-1.,0.,0.));
#2842=DIRECTION('',(0.,0.,-1.));
#2843=DIRECTION('',(1.,0.,0.));
#2844=DIRECTION('',(0.,0.,-1.));
#2845=DIRECTION('',(-1.,0.,0.));
#2846=DIRECTION('',(0.,0.,-1.));
#2847=DIRECTION('',(1.,0.,0.));
#2848=DIRECTION('',(0.,0.,-1.));
#2849=DIRECTION('',(-1.,0.,0.));
#2850=DIRECTION('',(0.,0.,-1.));
#2851=DIRECTION('',(-1.,0.,0.));
#2852=DIRECTION('',(0.,0.,-1.));
#2853=DIRECTION('',(-1.,0.,0.));
#2854=DIRECTION('',(0.,0.,-1.));
#2855=DIRECTION('',(-1.,0.,0.));
#2856=DIRECTION('',(0.,0.,-1.));
#2857=DIRECTION('',(-1.,0.,0.));
#2858=DIRECTION('',(0.,0.,-1.));
#2859=DIRECTION('',(-1.,0.,0.));
#2860=DIRECTION('',(0.,0.,-1.));
#2861=DIRECTION('',(-1.,0.,0.));
#2862=DIRECTION('',(0.,0.,-1.));
#2863=DIRECTION('',(-1.,0.,0.));
#2864=DIRECTION('',(0.,0.,-1.));
#2865=DIRECTION('',(-1.,0.,0.));
#2866=DIRECTION('',(0.,0.,-1.));
#2867=DIRECTION('',(-1.,0.,0.));
#2868=DIRECTION('',(0.,0.,1.));
#2869=DIRECTION('',(1.,0.,0.));
#2870=DIRECTION('',(-6.67067424877363E-32,5.44701889019595E-16,1.));
#2871=DIRECTION('',(0.,-1.,5.44701889019595E-16));
#2872=DIRECTION('',(5.44701889019595E-16,1.00060113731604E-31,1.));
#2873=DIRECTION('',(1.,0.,-5.44701889019595E-16));
#2874=DIRECTION('',(0.,0.,-1.));
#2875=DIRECTION('',(-1.,0.,0.));
#2876=DIRECTION('',(0.,-5.44701889019595E-16,1.));
#2877=DIRECTION('',(0.,-1.,-5.44701889019595E-16));
#2878=DIRECTION('',(-5.44701889019595E-16,-3.33533712438682E-32,1.));
#2879=DIRECTION('',(1.,0.,5.44701889019595E-16));
#2880=DIRECTION('',(0.,0.,1.));
#2881=DIRECTION('',(1.,0.,0.));
#2882=DIRECTION('',(0.,0.,-1.));
#2883=DIRECTION('',(-1.,0.,0.));
#2884=DIRECTION('',(0.,0.,-1.));
#2885=DIRECTION('',(1.,0.,0.));
#2886=DIRECTION('',(0.,0.,-1.));
#2887=DIRECTION('',(1.,6.12323399573677E-17,0.));
#2888=DIRECTION('',(-1.,-6.12323399573677E-17,0.));
#2889=DIRECTION('',(0.,0.,-1.));
#2890=DIRECTION('',(-1.,-6.12323399573677E-17,0.));
#2891=DIRECTION('',(-6.12323399573677E-17,1.,0.));
#2892=DIRECTION('',(0.,0.,-1.));
#2893=DIRECTION('',(1.,6.12323399573677E-17,0.));
#2894=DIRECTION('',(-1.,-6.12323399573677E-17,0.));
#2895=DIRECTION('',(0.,0.,-1.));
#2896=DIRECTION('',(-1.,-6.12323399573677E-17,0.));
#2897=DIRECTION('',(0.,0.,-1.));
#2898=DIRECTION('',(0.,1.,0.));
#2899=DIRECTION('',(0.,-1.,0.));
#2900=DIRECTION('',(0.,0.,-1.));
#2901=DIRECTION('',(0.,-1.,0.));
#2902=DIRECTION('',(-1.,0.,0.));
#2903=DIRECTION('',(0.,0.,-1.));
#2904=DIRECTION('',(0.,1.,0.));
#2905=DIRECTION('',(0.,-1.,0.));
#2906=DIRECTION('',(0.,0.,-1.));
#2907=DIRECTION('',(0.,-1.,0.));
#2908=DIRECTION('',(0.,0.,-1.));
#2909=DIRECTION('',(-1.,0.,0.));
#2910=DIRECTION('',(0.,0.,-1.));
#2911=DIRECTION('',(-1.,-1.83697019872103E-16,0.));
#2912=DIRECTION('',(1.,1.83697019872103E-16,0.));
#2913=DIRECTION('',(0.,0.,-1.));
#2914=DIRECTION('',(1.,1.83697019872103E-16,0.));
#2915=DIRECTION('',(1.83697019872103E-16,-1.,0.));
#2916=DIRECTION('',(0.,0.,-1.));
#2917=DIRECTION('',(-1.,-1.83697019872103E-16,0.));
#2918=DIRECTION('',(1.,1.83697019872103E-16,0.));
#2919=DIRECTION('',(0.,0.,-1.));
#2920=DIRECTION('',(1.,1.83697019872103E-16,0.));
#2921=DIRECTION('',(0.,0.,-1.));
#2922=DIRECTION('',(1.22464679914735E-16,-1.,0.));
#2923=DIRECTION('',(-1.22464679914735E-16,1.,0.));
#2924=DIRECTION('',(0.,0.,-1.));
#2925=DIRECTION('',(-1.22464679914735E-16,1.,0.));
#2926=DIRECTION('',(1.,1.22464679914735E-16,0.));
#2927=DIRECTION('',(0.,0.,-1.));
#2928=DIRECTION('',(1.22464679914735E-16,-1.,0.));
#2929=DIRECTION('',(-1.22464679914735E-16,1.,0.));
#2930=DIRECTION('',(0.,0.,-1.));
#2931=DIRECTION('',(-1.22464679914735E-16,1.,0.));
#2932=DIRECTION('',(0.,0.,-1.));
#2933=DIRECTION('',(-1.,0.,0.));
#2934=DIRECTION('',(0.,0.,-1.));
#2935=DIRECTION('',(-1.,0.,0.));
#2936=DIRECTION('',(0.,0.,-1.));
#2937=DIRECTION('',(-1.,0.,0.));
#2938=DIRECTION('',(5.44701889019595E-16,1.00060113731604E-31,1.));
#2939=DIRECTION('',(1.,1.83697019872103E-16,-5.44701889019595E-16));
#2940=DIRECTION('',(5.44701889019595E-16,1.00060113731604E-31,1.));
#2941=DIRECTION('',(-1.,-1.83697019872103E-16,5.44701889019595E-16));
#2942=DIRECTION('',(5.44701889019595E-16,1.00060113731604E-31,1.));
#2943=DIRECTION('',(1.,1.83697019872103E-16,-5.44701889019595E-16));
#2944=DIRECTION('',(1.83697019872103E-16,-1.,0.));
#2945=DIRECTION('',(-0.954578096954775,-1.75353151645775E-16,-0.297960831006696));
#2946=DIRECTION('',(-0.297960831006696,-5.47345166945453E-17,0.954578096954775));
#2947=DIRECTION('',(1.83697019872103E-16,-1.,0.));
#2948=DIRECTION('',(0.297960831006696,5.47345166945453E-17,-0.954578096954775));
#2949=DIRECTION('',(1.83697019872103E-16,-1.,0.));
#2950=DIRECTION('',(0.297960831006696,5.47345166945453E-17,-0.954578096954775));
#2951=DIRECTION('',(-1.,-1.83697019872103E-16,0.));
#2952=DIRECTION('',(0.,0.,1.));
#2953=DIRECTION('',(-1.,-1.83697019872103E-16,0.));
#2954=DIRECTION('',(0.,0.,-1.));
#2955=DIRECTION('',(-1.,-1.83697019872103E-16,0.));
#2956=DIRECTION('',(0.,0.,1.));
#2957=DIRECTION('',(0.945992518574112,1.7377600648337E-16,0.324188455688674));
#2958=DIRECTION('',(0.324188455688674,5.95524531869488E-17,-0.945992518574113));
#2959=DIRECTION('',(-0.324188455688674,-5.95524531869488E-17,0.945992518574113));
#2960=DIRECTION('',(-0.324188455688674,-5.95524531869488E-17,0.945992518574113));
#2961=DIRECTION('',(1.83697019872103E-16,-1.,0.));
#2962=DIRECTION('',(0.,0.,-1.));
#2963=DIRECTION('',(1.83697019872103E-16,-1.,0.));
#2964=DIRECTION('',(0.,0.,-1.));
#2965=DIRECTION('',(1.,1.83697019872103E-16,0.));
#2966=DIRECTION('',(1.,1.83697019872103E-16,0.));
#2967=DIRECTION('',(0.,0.,-1.));
#2968=DIRECTION('',(-1.,-1.83697019872103E-16,0.));
#2969=DIRECTION('',(0.,0.,-1.));
#2970=DIRECTION('',(1.,1.83697019872103E-16,0.));
#2971=DIRECTION('',(1.,1.83697019872103E-16,0.));
#2972=DIRECTION('',(0.,0.,-1.));
#2973=DIRECTION('',(-1.,-1.83697019872103E-16,0.));
#2974=DIRECTION('',(-1.83697019872103E-16,1.,0.));
#2975=DIRECTION('',(-1.,-1.83697019872103E-16,0.));
#2976=DIRECTION('',(0.297960831006696,5.47345166945453E-17,-0.954578096954775));
#2977=DIRECTION('',(-0.324188455688674,-5.95524531869488E-17,0.945992518574113));
#2978=DIRECTION('',(-1.83697019872103E-16,1.,0.));
#2979=DIRECTION('',(-1.,-1.83697019872103E-16,0.));
#2980=DIRECTION('',(0.297960831006696,5.47345166945453E-17,-0.954578096954775));
#2981=DIRECTION('',(-0.324188455688674,-5.95524531869488E-17,0.945992518574113));
#2982=DIRECTION('',(0.324188455688674,5.95524531869488E-17,-0.945992518574113));
#2983=DIRECTION('',(-0.945992518574113,0.,-0.324188455688674));
#2984=DIRECTION('',(-0.324188455688674,-5.95524531869488E-17,0.945992518574113));
#2985=DIRECTION('',(0.945992518574113,0.,0.324188455688674));
#2986=DIRECTION('',(0.297960831006696,5.47345166945453E-17,-0.954578096954775));
#2987=DIRECTION('',(-0.954578096954775,0.,-0.297960831006696));
#2988=DIRECTION('',(-0.297960831006696,-5.47345166945453E-17,0.954578096954775));
#2989=DIRECTION('',(0.954578096954775,0.,0.297960831006696));
#2990=DIRECTION('',(0.,-5.44701889019595E-16,1.));
#2991=DIRECTION('',(0.,-1.,-5.44701889019595E-16));
#2992=DIRECTION('',(0.,-5.44701889019595E-16,1.));
#2993=DIRECTION('',(0.,1.,5.44701889019595E-16));
#2994=DIRECTION('',(0.,-5.44701889019595E-16,1.));
#2995=DIRECTION('',(0.,-1.,-5.44701889019595E-16));
#2996=DIRECTION('',(-1.,0.,0.));
#2997=DIRECTION('',(0.,0.954578096954775,-0.297960831006696));
#2998=DIRECTION('',(0.,0.297960831006696,0.954578096954775));
#2999=DIRECTION('',(-1.,0.,0.));
#3000=DIRECTION('',(0.,-0.297960831006696,-0.954578096954775));
#3001=DIRECTION('',(-1.,0.,0.));
#3002=DIRECTION('',(0.,-0.297960831006696,-0.954578096954775));
#3003=DIRECTION('',(0.,1.,0.));
#3004=DIRECTION('',(0.,0.,1.));
#3005=DIRECTION('',(0.,1.,0.));
#3006=DIRECTION('',(0.,0.,1.));
#3007=DIRECTION('',(0.,1.,0.));
#3008=DIRECTION('',(0.,0.,-1.));
#3009=DIRECTION('',(0.,-0.945992518574112,0.324188455688674));
#3010=DIRECTION('',(0.,-0.324188455688674,-0.945992518574113));
#3011=DIRECTION('',(0.,0.324188455688674,0.945992518574113));
#3012=DIRECTION('',(0.,0.324188455688674,0.945992518574113));
#3013=DIRECTION('',(-1.,0.,0.));
#3014=DIRECTION('',(0.,0.,-1.));
#3015=DIRECTION('',(-1.,0.,0.));
#3016=DIRECTION('',(0.,-1.,0.));
#3017=DIRECTION('',(0.,0.,-1.));
#3018=DIRECTION('',(0.,1.,0.));
#3019=DIRECTION('',(0.,0.,-1.));
#3020=DIRECTION('',(0.,-1.,0.));
#3021=DIRECTION('',(0.,-1.,0.));
#3022=DIRECTION('',(0.,0.,-1.));
#3023=DIRECTION('',(0.,1.,0.));
#3024=DIRECTION('',(0.,0.,-1.));
#3025=DIRECTION('',(0.,-1.,0.));
#3026=DIRECTION('',(1.,0.,0.));
#3027=DIRECTION('',(0.,1.,0.));
#3028=DIRECTION('',(0.,-0.297960831006696,-0.954578096954775));
#3029=DIRECTION('',(0.,0.324188455688674,0.945992518574113));
#3030=DIRECTION('',(1.,0.,0.));
#3031=DIRECTION('',(0.,1.,0.));
#3032=DIRECTION('',(0.,-0.297960831006696,-0.954578096954775));
#3033=DIRECTION('',(0.,0.324188455688674,0.945992518574113));
#3034=DIRECTION('',(0.,0.297960831006696,0.954578096954775));
#3035=DIRECTION('',(0.,-0.954578096954775,0.297960831006696));
#3036=DIRECTION('',(0.,-0.324188455688674,-0.945992518574113));
#3037=DIRECTION('',(0.,0.945992518574113,-0.324188455688674));
#3038=DIRECTION('',(0.,0.324188455688674,0.945992518574113));
#3039=DIRECTION('',(0.,-0.945992518574113,0.324188455688674));
#3040=DIRECTION('',(0.,-0.297960831006696,-0.954578096954775));
#3041=DIRECTION('',(0.,0.954578096954775,-0.297960831006696));
#3042=DIRECTION('',(-6.67067424877363E-32,5.44701889019595E-16,1.));
#3043=DIRECTION('',(-1.22464679914735E-16,1.,-5.44701889019595E-16));
#3044=DIRECTION('',(-6.67067424877363E-32,5.44701889019595E-16,1.));
#3045=DIRECTION('',(1.22464679914735E-16,-1.,5.44701889019595E-16));
#3046=DIRECTION('',(-6.67067424877363E-32,5.44701889019595E-16,1.));
#3047=DIRECTION('',(-1.22464679914735E-16,1.,-5.44701889019595E-16));
#3048=DIRECTION('',(1.,1.22464679914735E-16,0.));
#3049=DIRECTION('',(1.16902101097184E-16,-0.954578096954775,-0.297960831006696));
#3050=DIRECTION('',(3.64896777963635E-17,-0.297960831006696,0.954578096954775));
#3051=DIRECTION('',(1.,1.22464679914735E-16,0.));
#3052=DIRECTION('',(-3.64896777963635E-17,0.297960831006696,-0.954578096954775));
#3053=DIRECTION('',(1.,1.22464679914735E-16,0.));
#3054=DIRECTION('',(-3.64896777963635E-17,0.297960831006696,-0.954578096954775));
#3055=DIRECTION('',(1.22464679914735E-16,-1.,0.));
#3056=DIRECTION('',(0.,0.,1.));
#3057=DIRECTION('',(1.22464679914735E-16,-1.,0.));
#3058=DIRECTION('',(0.,0.,1.));
#3059=DIRECTION('',(1.22464679914735E-16,-1.,0.));
#3060=DIRECTION('',(0.,0.,-1.));
#3061=DIRECTION('',(-1.15850670988913E-16,0.945992518574112,0.324188455688674));
#3062=DIRECTION('',(-3.97016354579658E-17,0.324188455688674,-0.945992518574113));
#3063=DIRECTION('',(3.97016354579658E-17,-0.324188455688674,0.945992518574113));
#3064=DIRECTION('',(3.97016354579658E-17,-0.324188455688674,0.945992518574113));
#3065=DIRECTION('',(1.,1.22464679914735E-16,0.));
#3066=DIRECTION('',(0.,0.,-1.));
#3067=DIRECTION('',(1.,1.22464679914735E-16,0.));
#3068=DIRECTION('',(0.,0.,-1.));
#3069=DIRECTION('',(-1.22464679914735E-16,1.,0.));
#3070=DIRECTION('',(-1.22464679914735E-16,1.,0.));
#3071=DIRECTION('',(0.,0.,-1.));
#3072=DIRECTION('',(1.22464679914735E-16,-1.,0.));
#3073=DIRECTION('',(0.,0.,-1.));
#3074=DIRECTION('',(-1.22464679914735E-16,1.,0.));
#3075=DIRECTION('',(-1.22464679914735E-16,1.,0.));
#3076=DIRECTION('',(0.,0.,-1.));
#3077=DIRECTION('',(1.22464679914735E-16,-1.,0.));
#3078=DIRECTION('',(-1.,-1.22464679914735E-16,0.));
#3079=DIRECTION('',(1.22464679914735E-16,-1.,0.));
#3080=DIRECTION('',(-3.64896777963635E-17,0.297960831006696,-0.954578096954775));
#3081=DIRECTION('',(3.97016354579658E-17,-0.324188455688674,0.945992518574113));
#3082=DIRECTION('',(-1.,-1.22464679914735E-16,0.));
#3083=DIRECTION('',(1.22464679914735E-16,-1.,0.));
#3084=DIRECTION('',(-3.64896777963635E-17,0.297960831006696,-0.954578096954775));
#3085=DIRECTION('',(3.97016354579658E-17,-0.324188455688674,0.945992518574113));
#3086=DIRECTION('',(-3.97016354579658E-17,0.324188455688674,-0.945992518574113));
#3087=DIRECTION('',(0.,0.945992518574113,0.324188455688674));
#3088=DIRECTION('',(3.97016354579658E-17,-0.324188455688674,0.945992518574113));
#3089=DIRECTION('',(0.,-0.945992518574113,-0.324188455688674));
#3090=DIRECTION('',(3.64896777963635E-17,-0.297960831006696,0.954578096954775));
#3091=DIRECTION('',(0.,-0.954578096954775,-0.297960831006696));
#3092=DIRECTION('',(-3.64896777963635E-17,0.297960831006696,-0.954578096954775));
#3093=DIRECTION('',(0.,0.954578096954775,0.297960831006696));
#3094=DIRECTION('',(-5.44701889019595E-16,-3.33533712438682E-32,1.));
#3095=DIRECTION('',(-1.,-6.12323399573677E-17,-5.44701889019595E-16));
#3096=DIRECTION('',(-5.44701889019595E-16,-3.33533712438682E-32,1.));
#3097=DIRECTION('',(1.,6.12323399573677E-17,5.44701889019595E-16));
#3098=DIRECTION('',(-5.44701889019595E-16,-3.33533712438682E-32,1.));
#3099=DIRECTION('',(-1.,-6.12323399573677E-17,-5.44701889019595E-16));
#3100=DIRECTION('',(-6.12323399573677E-17,1.,0.));
#3101=DIRECTION('',(0.954578096954775,5.84510505485918E-17,-0.297960831006696));
#3102=DIRECTION('',(0.297960831006696,1.82448388981818E-17,0.954578096954775));
#3103=DIRECTION('',(-6.12323399573677E-17,1.,0.));
#3104=DIRECTION('',(-0.297960831006696,-1.82448388981818E-17,-0.954578096954775));
#3105=DIRECTION('',(-6.12323399573677E-17,1.,0.));
#3106=DIRECTION('',(-0.297960831006696,-1.82448388981818E-17,-0.954578096954775));
#3107=DIRECTION('',(1.,6.12323399573677E-17,0.));
#3108=DIRECTION('',(0.,0.,1.));
#3109=DIRECTION('',(1.,6.12323399573677E-17,0.));
#3110=DIRECTION('',(0.,0.,1.));
#3111=DIRECTION('',(1.,6.12323399573677E-17,0.));
#3112=DIRECTION('',(0.,0.,-1.));
#3113=DIRECTION('',(-0.945992518574112,-5.79253354944565E-17,0.324188455688674));
#3114=DIRECTION('',(-0.324188455688674,-1.98508177289829E-17,-0.945992518574113));
#3115=DIRECTION('',(0.324188455688674,1.98508177289829E-17,0.945992518574113));
#3116=DIRECTION('',(0.324188455688674,1.98508177289829E-17,0.945992518574113));
#3117=DIRECTION('',(-6.12323399573677E-17,1.,0.));
#3118=DIRECTION('',(0.,0.,-1.));
#3119=DIRECTION('',(-6.12323399573677E-17,1.,0.));
#3120=DIRECTION('',(0.,0.,-1.));
#3121=DIRECTION('',(-1.,-6.12323399573677E-17,0.));
#3122=DIRECTION('',(-1.,-6.12323399573677E-17,0.));
#3123=DIRECTION('',(0.,0.,-1.));
#3124=DIRECTION('',(1.,6.12323399573677E-17,0.));
#3125=DIRECTION('',(0.,0.,-1.));
#3126=DIRECTION('',(-1.,-6.12323399573677E-17,0.));
#3127=DIRECTION('',(-1.,-6.12323399573677E-17,0.));
#3128=DIRECTION('',(0.,0.,-1.));
#3129=DIRECTION('',(1.,6.12323399573677E-17,0.));
#3130=DIRECTION('',(6.12323399573677E-17,-1.,0.));
#3131=DIRECTION('',(1.,6.12323399573677E-17,0.));
#3132=DIRECTION('',(-0.297960831006696,-1.82448388981818E-17,-0.954578096954775));
#3133=DIRECTION('',(0.324188455688674,1.98508177289829E-17,0.945992518574113));
#3134=DIRECTION('',(6.12323399573677E-17,-1.,0.));
#3135=DIRECTION('',(1.,6.12323399573677E-17,0.));
#3136=DIRECTION('',(-0.297960831006696,-1.82448388981818E-17,-0.954578096954775));
#3137=DIRECTION('',(0.324188455688674,1.98508177289829E-17,0.945992518574113));
#3138=DIRECTION('',(-0.324188455688674,-1.98508177289829E-17,-0.945992518574113));
#3139=DIRECTION('',(-0.945992518574113,0.,0.324188455688674));
#3140=DIRECTION('',(0.297960831006696,1.82448388981818E-17,0.954578096954775));
#3141=DIRECTION('',(0.954578096954775,0.,-0.297960831006696));
#3142=DIRECTION('',(0.324188455688674,1.98508177289829E-17,0.945992518574113));
#3143=DIRECTION('',(0.945992518574113,0.,-0.324188455688674));
#3144=DIRECTION('',(-0.297960831006696,-1.82448388981818E-17,-0.954578096954775));
#3145=DIRECTION('',(-0.954578096954775,0.,0.297960831006696));
#3146=DIRECTION('',(0.,0.,1.));
#3147=DIRECTION('',(1.,0.,0.));
#3148=CARTESIAN_POINT('',(0.,0.,0.));
#3149=CARTESIAN_POINT('',(0.,0.,0.0331502510234713));
#3150=CARTESIAN_POINT('',(0.,0.,0.0391512326896192));
#3151=CARTESIAN_POINT('',(-4.60891762005013E-19,0.00752693368121982,0.0391512326896192));
#3152=CARTESIAN_POINT('',(0.,0.,0.));
#3153=CARTESIAN_POINT('',(-0.007450386370697,0.00107073506004696,0.));
#3154=CARTESIAN_POINT('',(-0.00107073506004696,0.00745038637069699,0.));
#3155=CARTESIAN_POINT('',(-0.00745038637069699,0.00107073506004696,0.0331502510234713));
#3156=CARTESIAN_POINT('',(-0.00745038637069699,0.00107073506004697,0.0261445259869106));
#3157=CARTESIAN_POINT('',(0.,0.,0.0565827372360262));
#3158=CARTESIAN_POINT('',(-0.00752693368121982,0.,0.0298263556423767));
#3159=CARTESIAN_POINT('',(0.,0.,0.0565827372360262));
#3160=CARTESIAN_POINT('',(-0.007450386370697,-0.00107073506004696,0.0261445259869106));
#3161=CARTESIAN_POINT('',(-0.00745038637069699,-0.00107073506004696,0.0331502510234713));
#3162=CARTESIAN_POINT('',(-0.00745038637069699,-0.00107073506004696,0.));
#3163=CARTESIAN_POINT('',(0.,0.,0.));
#3164=CARTESIAN_POINT('',(-0.00107073506004696,-0.007450386370697,0.));
#3165=CARTESIAN_POINT('',(-0.00107073506004696,-0.00745038637069699,0.0331502510234713));
#3166=CARTESIAN_POINT('',(-0.00107073506004696,-0.007450386370697,0.0261445259869106));
#3167=CARTESIAN_POINT('',(0.,0.,0.0565827372360262));
#3168=CARTESIAN_POINT('',(0.,-0.00752693368121982,0.0298263556423767));
#3169=CARTESIAN_POINT('',(0.,0.,0.0565827372360262));
#3170=CARTESIAN_POINT('',(0.00107073506004696,-0.00745038637069699,0.0261445259869106));
#3171=CARTESIAN_POINT('',(0.00107073506004696,-0.00745038637069699,0.0331502510234713));
#3172=CARTESIAN_POINT('',(0.00107073506004696,-0.007450386370697,0.));
#3173=CARTESIAN_POINT('',(0.,0.,0.));
#3174=CARTESIAN_POINT('',(0.007450386370697,-0.00107073506004696,0.));
#3175=CARTESIAN_POINT('',(0.00745038637069699,-0.00107073506004696,0.0331502510234713));
#3176=CARTESIAN_POINT('',(0.007450386370697,-0.00107073506004696,0.0261445259869106));
#3177=CARTESIAN_POINT('',(0.,0.,0.0565827372360262));
#3178=CARTESIAN_POINT('',(0.00752693368121982,2.38524477946811E-18,0.0298263556423767));
#3179=CARTESIAN_POINT('',(0.,0.,0.0565827372360262));
#3180=CARTESIAN_POINT('',(0.00745038637069699,0.00107073506004696,0.0261445259869106));
#3181=CARTESIAN_POINT('',(0.00745038637069699,0.00107073506004696,0.0331502510234713));
#3182=CARTESIAN_POINT('',(0.00745038637069699,0.00107073506004696,0.));
#3183=CARTESIAN_POINT('',(0.,0.,0.));
#3184=CARTESIAN_POINT('',(0.00190548401514759,0.00728174850633406,0.));
#3185=CARTESIAN_POINT('',(0.00190548401514759,0.00728174850633406,0.));
#3186=CARTESIAN_POINT('',(0.0015721865435361,0.00736896560864024,9.50005712015822E-19));
#3187=CARTESIAN_POINT('',(0.00130369261629219,0.00741690678848959,0.000264839070527757));
#3188=CARTESIAN_POINT('',(0.00107073506004696,0.00745038637069699,0.000508));
#3189=CARTESIAN_POINT('',(0.00107073506004696,0.00745038637069699,0.000508));
#3190=CARTESIAN_POINT('',(0.00107073506004696,0.00745038637069699,0.0331502510234713));
#3191=CARTESIAN_POINT('',(0.00107073506004696,0.00745038637069699,0.0251891028357793));
#3192=CARTESIAN_POINT('',(0.00107073506004696,0.00745038637069699,0.0251891028357793));
#3193=CARTESIAN_POINT('',(0.00107073506004696,0.00745038637069699,0.0254830750659573));
#3194=CARTESIAN_POINT('',(0.00105361293836562,0.00745290399543387,0.026069660528043));
#3195=CARTESIAN_POINT('',(0.000966019221451177,0.00746492715361761,0.0269440158290186));
#3196=CARTESIAN_POINT('',(0.000822621049655836,0.00748278436903809,0.0276679451916663));
#3197=CARTESIAN_POINT('',(0.000619759500673325,0.00750200951965588,0.0282182294243126));
#3198=CARTESIAN_POINT('',(0.00046408788103378,0.00751351652223774,0.0284778243552461));
#3199=CARTESIAN_POINT('',(0.000347689948951341,0.00751889901121697,0.0285709915120972));
#3200=CARTESIAN_POINT('',(0.00034768994894738,0.00751889901121715,0.0285709915120961));
#3201=CARTESIAN_POINT('',(0.,0.,0.0565827372360262));
#3202=CARTESIAN_POINT('',(6.50521303491303E-19,0.00752693368121982,0.0298263556423767));
#3203=CARTESIAN_POINT('',(0.,0.,0.0565827372360262));
#3204=CARTESIAN_POINT('',(-0.00107073506004696,0.00745038637069699,0.0261445259869106));
#3205=CARTESIAN_POINT('',(-0.00107073506004696,0.00745038637069699,0.0331502510234713));
#3206=CARTESIAN_POINT('',(1.84760305268626E-19,-0.00301736476831138,0.0391512326896192));
#3207=CARTESIAN_POINT('',(0.,0.,0.0391512326896192));
#3208=CARTESIAN_POINT('',(-3.69520610537253E-19,0.00603472953662276,0.0391512326896192));
#3209=CARTESIAN_POINT('',(0.,0.,0.0331502510234713));
#3210=CARTESIAN_POINT('',(0.,0.,0.));
#3211=CARTESIAN_POINT('',(-3.69520610537253E-19,0.00603472953662276,0.));
#3212=CARTESIAN_POINT('',(4.15206186271132E-19,-0.00678083160892129,0.));
#3213=CARTESIAN_POINT('',(0.0114823938347399,0.000635,0.));
#3214=CARTESIAN_POINT('',(0.0152578450259642,0.000635,0.));
#3215=CARTESIAN_POINT('',(0.00795322011902101,0.000635,0.));
#3216=CARTESIAN_POINT('',(0.0129175438098566,0.00288785582566134,0.));
#3217=CARTESIAN_POINT('',(0.0159174927740805,2.81892564846231E-18,0.));
#3218=CARTESIAN_POINT('',(0.0136789916321889,-0.002154859512763,0.));
#3219=CARTESIAN_POINT('',(0.0152578450259642,-0.000635,0.));
#3220=CARTESIAN_POINT('',(0.0114823938347399,-0.000635,0.));
#3221=CARTESIAN_POINT('',(0.00795322011902101,-0.000635,0.));
#3222=CARTESIAN_POINT('',(0.00795322011902101,-0.001143,0.));
#3223=CARTESIAN_POINT('',(0.001143,-0.00795322011902101,0.));
#3224=CARTESIAN_POINT('',(0.000635,-0.00795322011902101,0.));
#3225=CARTESIAN_POINT('',(0.000635,-0.0114823938347399,0.));
#3226=CARTESIAN_POINT('',(0.000635,-0.0152578450259642,0.));
#3227=CARTESIAN_POINT('',(0.00288785582566134,-0.0129175438098566,0.));
#3228=CARTESIAN_POINT('',(-2.16840434497101E-19,-0.0159174927740805,0.));
#3229=CARTESIAN_POINT('',(-0.002154859512763,-0.0136789916321889,0.));
#3230=CARTESIAN_POINT('',(-0.000635,-0.0152578450259642,0.));
#3231=CARTESIAN_POINT('',(-0.000635,-0.0114823938347399,0.));
#3232=CARTESIAN_POINT('',(-0.000635,-0.00795322011902101,0.));
#3233=CARTESIAN_POINT('',(-0.001143,-0.00795322011902101,0.));
#3234=CARTESIAN_POINT('',(-0.00795322011902101,-0.001143,0.));
#3235=CARTESIAN_POINT('',(-0.00795322011902101,-0.000635,0.));
#3236=CARTESIAN_POINT('',(-0.0114823938347399,-0.000635,0.));
#3237=CARTESIAN_POINT('',(-0.0152578450259642,-0.000635,0.));
#3238=CARTESIAN_POINT('',(-0.0129175438098566,-0.00288785582566134,0.));
#3239=CARTESIAN_POINT('',(-0.0159174927740805,-6.50521303491303E-19,0.));
#3240=CARTESIAN_POINT('',(-0.0136789916321889,0.002154859512763,0.));
#3241=CARTESIAN_POINT('',(-0.0152578450259642,0.000635,0.));
#3242=CARTESIAN_POINT('',(-0.0114823938347399,0.000635,0.));
#3243=CARTESIAN_POINT('',(-0.00795322011902101,0.000635,0.));
#3244=CARTESIAN_POINT('',(-0.00795322011902101,0.001143,0.));
#3245=CARTESIAN_POINT('',(-0.001143,0.00795322011902101,0.));
#3246=CARTESIAN_POINT('',(-0.000635,0.00795322011902101,0.));
#3247=CARTESIAN_POINT('',(-0.000635,0.0114823938347399,0.));
#3248=CARTESIAN_POINT('',(-0.000635,0.0152578450259642,0.));
#3249=CARTESIAN_POINT('',(-0.00288785582566134,0.0129175438098566,0.));
#3250=CARTESIAN_POINT('',(-1.95156391047391E-18,0.0159174927740805,0.));
#3251=CARTESIAN_POINT('',(0.002154859512763,0.0136789916321889,0.));
#3252=CARTESIAN_POINT('',(0.000126999999999998,0.0157855632244573,0.));
#3253=CARTESIAN_POINT('',(0.000127,-0.00678083160892129,0.));
#3254=CARTESIAN_POINT('',(0.000127,0.00795322011902101,0.));
#3255=CARTESIAN_POINT('',(0.001143,0.00795322011902101,0.));
#3256=CARTESIAN_POINT('',(0.00795322011902101,0.001143,0.));
#3257=CARTESIAN_POINT('',(0.,0.,0.0466699749231339));
#3258=CARTESIAN_POINT('',(0.,0.,0.0466699749231339));
#3259=CARTESIAN_POINT('',(-4.47854976785558E-19,0.0073140268214047,0.0466699749231339));
#3260=CARTESIAN_POINT('',(-7.73789500871954E-19,1.86809310742699E-18,0.0755956470966339));
#3261=CARTESIAN_POINT('',(-1.66111457703399E-33,2.02200940889895E-18,0.0755956470966339));
#3262=CARTESIAN_POINT('',(7.73789500871958E-19,1.86809310742699E-18,0.0755956470966339));
#3263=CARTESIAN_POINT('',(1.42977656465545E-18,1.42977656465545E-18,0.0755956470966339));
#3264=CARTESIAN_POINT('',(1.86809310742699E-18,7.73789500871958E-19,0.0755956470966339));
#3265=CARTESIAN_POINT('',(2.02200940889895E-18,6.40973559616377E-34,0.0755956470966339));
#3266=CARTESIAN_POINT('',(1.86809310742699E-18,-7.73789500871958E-19,0.0755956470966339));
#3267=CARTESIAN_POINT('',(1.42977656465545E-18,-1.42977656465545E-18,0.0755956470966339));
#3268=CARTESIAN_POINT('',(7.73789500871958E-19,-1.86809310742699E-18,0.0755956470966339));
#3269=CARTESIAN_POINT('',(3.44838614653411E-34,-2.02200940889895E-18,0.0755956470966339));
#3270=CARTESIAN_POINT('',(-7.73789500871957E-19,-1.86809310742699E-18,0.0755956470966339));
#3271=CARTESIAN_POINT('',(-1.42977656465545E-18,-1.42977656465545E-18,0.0755956470966339));
#3272=CARTESIAN_POINT('',(-1.86809310742699E-18,-7.73789500871958E-19,0.0755956470966339));
#3273=CARTESIAN_POINT('',(-2.02200940889895E-18,-5.89816045468591E-34,0.0755956470966339));
#3274=CARTESIAN_POINT('',(-1.86809310742699E-18,7.73789500871958E-19,0.0755956470966339));
#3275=CARTESIAN_POINT('',(-1.42977656465545E-18,1.42977656465545E-18,0.0755956470966339));
#3276=CARTESIAN_POINT('',(-7.73789500871954E-19,1.86809310742699E-18,0.0755956470966339));
#3277=CARTESIAN_POINT('',(-1.66111457703399E-33,2.02200940889895E-18,0.0755956470966339));
#3278=CARTESIAN_POINT('',(7.73789500871958E-19,1.86809310742699E-18,0.0755956470966339));
#3279=CARTESIAN_POINT('',(0.00160195679854932,-0.00386746582939357,0.0740918666124344));
#3280=CARTESIAN_POINT('',(3.3881317890172E-18,-0.00418611484863295,0.0740918666124343));
#3281=CARTESIAN_POINT('',(-0.00160195679854933,-0.00386746582939357,0.0740918666124344));
#3282=CARTESIAN_POINT('',(-0.00296003019629406,-0.00296003019629406,0.0740918666124344));
#3283=CARTESIAN_POINT('',(-0.00386746582939357,-0.00160195679854933,0.0740918666124344));
#3284=CARTESIAN_POINT('',(-0.00418611484863296,-4.40457132572236E-19,0.0740918666124344));
#3285=CARTESIAN_POINT('',(-0.00386746582939357,0.00160195679854933,0.0740918666124344));
#3286=CARTESIAN_POINT('',(-0.00296003019629406,0.00296003019629406,0.0740918666124344));
#3287=CARTESIAN_POINT('',(-0.00160195679854933,0.00386746582939357,0.0740918666124344));
#3288=CARTESIAN_POINT('',(-1.12247416506711E-18,0.00418611484863295,0.0740918666124344));
#3289=CARTESIAN_POINT('',(0.00160195679854933,0.00386746582939357,0.0740918666124344));
#3290=CARTESIAN_POINT('',(0.00296003019629406,0.00296003019629406,0.0740918666124344));
#3291=CARTESIAN_POINT('',(0.00386746582939357,0.00160195679854933,0.0740918666124344));
#3292=CARTESIAN_POINT('',(0.00418611484863296,3.32036915323686E-19,0.0740918666124344));
#3293=CARTESIAN_POINT('',(0.00386746582939357,-0.00160195679854933,0.0740918666124344));
#3294=CARTESIAN_POINT('',(0.00296003019629406,-0.00296003019629406,0.0740918666124344));
#3295=CARTESIAN_POINT('',(0.00160195679854932,-0.00386746582939357,0.0740918666124344));
#3296=CARTESIAN_POINT('',(3.3881317890172E-18,-0.00418611484863295,0.0740918666124343));
#3297=CARTESIAN_POINT('',(-0.00160195679854933,-0.00386746582939357,0.0740918666124344));
#3298=CARTESIAN_POINT('',(0.00255923183580828,-0.00617853220726539,0.0644499758879344));
#3299=CARTESIAN_POINT('',(4.98732999343332E-18,-0.0066875950703994,0.0644499758879343));
#3300=CARTESIAN_POINT('',(-0.0025592318358083,-0.00617853220726538,0.0644499758879344));
#3301=CARTESIAN_POINT('',(-0.00472884382410914,-0.00472884382410914,0.0644499758879343));
#3302=CARTESIAN_POINT('',(-0.00617853220726538,-0.0025592318358083,0.0644499758879344));
#3303=CARTESIAN_POINT('',(-0.0066875950703994,-1.53821183221381E-18,0.0644499758879344));
#3304=CARTESIAN_POINT('',(-0.00617853220726538,0.00255923183580829,0.0644499758879343));
#3305=CARTESIAN_POINT('',(-0.00472884382410914,0.00472884382410914,0.0644499758879343));
#3306=CARTESIAN_POINT('',(-0.0025592318358083,0.00617853220726538,0.0644499758879344));
#3307=CARTESIAN_POINT('',(-5.81828916702449E-19,0.0066875950703994,0.0644499758879343));
#3308=CARTESIAN_POINT('',(0.00255923183580829,0.00617853220726539,0.0644499758879344));
#3309=CARTESIAN_POINT('',(0.00472884382410914,0.00472884382410914,0.0644499758879343));
#3310=CARTESIAN_POINT('',(0.00617853220726538,0.0025592318358083,0.0644499758879344));
#3311=CARTESIAN_POINT('',(0.0066875950703994,4.07931067397671E-18,0.0644499758879344));
#3312=CARTESIAN_POINT('',(0.00617853220726538,-0.0025592318358083,0.0644499758879344));
#3313=CARTESIAN_POINT('',(0.00472884382410914,-0.00472884382410914,0.0644499758879343));
#3314=CARTESIAN_POINT('',(0.00255923183580828,-0.00617853220726539,0.0644499758879344));
#3315=CARTESIAN_POINT('',(4.98732999343332E-18,-0.0066875950703994,0.0644499758879343));
#3316=CARTESIAN_POINT('',(-0.0025592318358083,-0.00617853220726538,0.0644499758879344));
#3317=CARTESIAN_POINT('',(0.00287182511177689,-0.00693319913361544,0.0466699749231339));
#3318=CARTESIAN_POINT('',(5.96311194867027E-18,-0.00750444066529933,0.0466699749231339));
#3319=CARTESIAN_POINT('',(-0.00287182511177691,-0.00693319913361544,0.0466699749231339));
#3320=CARTESIAN_POINT('',(-0.00530644088344524,-0.00530644088344524,0.0466699749231339));
#3321=CARTESIAN_POINT('',(-0.00693319913361544,-0.00287182511177691,0.0466699749231339));
#3322=CARTESIAN_POINT('',(-0.00750444066529933,-1.11469535858666E-18,0.0466699749231339));
#3323=CARTESIAN_POINT('',(-0.00693319913361544,0.0028718251117769,0.0466699749231339));
#3324=CARTESIAN_POINT('',(-0.00530644088344524,0.00530644088344524,0.0466699749231339));
#3325=CARTESIAN_POINT('',(-0.00287182511177691,0.00693319913361543,0.0466699749231339));
#3326=CARTESIAN_POINT('',(-1.60267898043374E-18,0.00750444066529933,0.0466699749231339));
#3327=CARTESIAN_POINT('',(0.00287182511177691,0.00693319913361544,0.0466699749231339));
#3328=CARTESIAN_POINT('',(0.00530644088344524,0.00530644088344525,0.0466699749231339));
#3329=CARTESIAN_POINT('',(0.00693319913361543,0.00287182511177691,0.0466699749231339));
#3330=CARTESIAN_POINT('',(0.00750444066529933,2.51060565566175E-18,0.0466699749231339));
#3331=CARTESIAN_POINT('',(0.00693319913361544,-0.00287182511177691,0.0466699749231339));
#3332=CARTESIAN_POINT('',(0.00530644088344524,-0.00530644088344525,0.0466699749231339));
#3333=CARTESIAN_POINT('',(0.00287182511177689,-0.00693319913361544,0.0466699749231339));
#3334=CARTESIAN_POINT('',(5.96311194867027E-18,-0.00750444066529933,0.0466699749231339));
#3335=CARTESIAN_POINT('',(-0.00287182511177691,-0.00693319913361544,0.0466699749231339));
#3336=CARTESIAN_POINT('',(0.,0.,0.0755956470966339));
#3337=CARTESIAN_POINT('',(-0.0114823938347399,-0.000635,0.016234653070569));
#3338=CARTESIAN_POINT('',(-0.00795322011902101,-0.000635,0.0275768573189056));
#3339=CARTESIAN_POINT('',(-0.00795322011902101,-0.000635,0.02596612906213));
#3340=CARTESIAN_POINT('',(-0.0153158944652646,-0.000635,-0.000206351353021122));
#3341=CARTESIAN_POINT('',(-0.0114823938347399,0.000635,0.016234653070569));
#3342=CARTESIAN_POINT('',(-0.0107488659763008,0.000635,0.0160283017175479));
#3343=CARTESIAN_POINT('',(-0.00795322011902101,0.000635,0.02596612906213));
#3344=CARTESIAN_POINT('',(-0.00795322011902101,0.000635,0.016234653070569));
#3345=CARTESIAN_POINT('',(0.0114823938347399,0.000635,0.016234653070569));
#3346=CARTESIAN_POINT('',(0.00795322011902101,0.000635,0.0275768573189056));
#3347=CARTESIAN_POINT('',(0.00795322011902101,0.000635,0.02596612906213));
#3348=CARTESIAN_POINT('',(0.0153158944652646,0.000635,-0.000206351353021122));
#3349=CARTESIAN_POINT('',(0.0114823938347399,-0.000635,0.016234653070569));
#3350=CARTESIAN_POINT('',(0.0107488659763008,-0.000635,0.0160283017175479));
#3351=CARTESIAN_POINT('',(0.00795322011902101,-0.000635,0.02596612906213));
#3352=CARTESIAN_POINT('',(0.00795322011902101,-0.000635,0.016234653070569));
#3353=CARTESIAN_POINT('',(-0.000635,0.0114823938347399,0.016234653070569));
#3354=CARTESIAN_POINT('',(-0.000635,0.00795322011902101,0.0275768573189056));
#3355=CARTESIAN_POINT('',(-0.000635,0.00795322011902101,0.02596612906213));
#3356=CARTESIAN_POINT('',(-0.000635,0.0153158944652646,-0.000206351353021122));
#3357=CARTESIAN_POINT('',(0.000635,0.0114823938347399,0.016234653070569));
#3358=CARTESIAN_POINT('',(0.000635,0.00729754225053107,0.0275198749662153));
#3359=CARTESIAN_POINT('',(0.000635,0.0148963496888418,0.000508));
#3360=CARTESIAN_POINT('',(0.000635,0.00795322011902101,0.0251891028357793));
#3361=CARTESIAN_POINT('',(0.000635,0.00795322011902101,0.016234653070569));
#3362=CARTESIAN_POINT('',(0.000635,0.00795322011902101,0.000508));
#3363=CARTESIAN_POINT('',(0.000635,0.0114823938347399,0.000508));
#3364=CARTESIAN_POINT('',(0.000635,-0.0114823938347399,0.016234653070569));
#3365=CARTESIAN_POINT('',(0.000635,-0.00795322011902101,0.0275768573189056));
#3366=CARTESIAN_POINT('',(0.000635,-0.00795322011902101,0.02596612906213));
#3367=CARTESIAN_POINT('',(0.000635,-0.0153158944652646,-0.000206351353021122));
#3368=CARTESIAN_POINT('',(-0.000635,-0.0114823938347399,0.016234653070569));
#3369=CARTESIAN_POINT('',(-0.000635,-0.0107488659763008,0.0160283017175479));
#3370=CARTESIAN_POINT('',(-0.000635,-0.00795322011902101,0.02596612906213));
#3371=CARTESIAN_POINT('',(-0.000635,-0.00795322011902101,0.016234653070569));
#3372=CARTESIAN_POINT('',(0.0114823938347399,0.000127000000000002,0.016234653070569));
#3373=CARTESIAN_POINT('',(0.0113601391916667,2.05998412772246E-18,0.0162002611783989));
#3374=CARTESIAN_POINT('',(0.00795322011902101,-0.001143,0.0240902218081543));
#3375=CARTESIAN_POINT('',(0.0107488659763008,0.000635,0.0160283017175479));
#3376=CARTESIAN_POINT('',(0.00795322011902101,0.001143,0.0240902218081543));
#3377=CARTESIAN_POINT('',(-0.000127000000000001,0.0114823938347399,0.016234653070569));
#3378=CARTESIAN_POINT('',(0.000347689948951345,0.00751889901121697,0.0285709915120972));
#3379=CARTESIAN_POINT('',(0.000437055986401642,0.00751476653477969,0.0282556767201492));
#3380=CARTESIAN_POINT('',(0.000456797217941095,0.00758538009254096,0.0279317639894645));
#3381=CARTESIAN_POINT('',(0.000486210244841251,0.00764454477695319,0.0276128338260004));
#3382=CARTESIAN_POINT('',(0.000486210244842767,0.00764454477695304,0.0276128338259953));
#3383=CARTESIAN_POINT('',(0.000486210244842765,0.0154010752496625,4.02926079952475E-5));
#3384=CARTESIAN_POINT('',(0.000486210244842765,0.0153705535280152,0.000148789755157235));
#3385=CARTESIAN_POINT('',(0.000126999999999998,0.0156426559222618,0.000508));
#3386=CARTESIAN_POINT('',(-1.40946282423116E-18,0.0113601391916667,0.0162002611783989));
#3387=CARTESIAN_POINT('',(-0.000635,0.0107488659763008,0.0160283017175479));
#3388=CARTESIAN_POINT('',(-0.001143,0.00795322011902101,0.0240902218081543));
#3389=CARTESIAN_POINT('',(-0.0114823938347399,-0.000127,0.016234653070569));
#3390=CARTESIAN_POINT('',(-0.0113601391916667,-5.42101086242752E-19,0.0162002611783989));
#3391=CARTESIAN_POINT('',(-0.00795322011902101,0.001143,0.0240902218081543));
#3392=CARTESIAN_POINT('',(-0.0107488659763008,-0.000635,0.0160283017175479));
#3393=CARTESIAN_POINT('',(-0.00795322011902101,-0.001143,0.0240902218081543));
#3394=CARTESIAN_POINT('',(0.000127,-0.0114823938347399,0.016234653070569));
#3395=CARTESIAN_POINT('',(-1.0842021724855E-19,-0.0113601391916667,0.0162002611783989));
#3396=CARTESIAN_POINT('',(-0.001143,-0.00795322011902101,0.0240902218081543));
#3397=CARTESIAN_POINT('',(0.000635,-0.0107488659763008,0.0160283017175479));
#3398=CARTESIAN_POINT('',(0.001143,-0.00795322011902101,0.0240902218081543));
#3399=CARTESIAN_POINT('',(-0.00795322011902101,0.001143,0.0331502510234713));
#3400=CARTESIAN_POINT('',(-0.00795322011902101,-0.001143,0.0331502510234713));
#3401=CARTESIAN_POINT('',(0.00795322011902101,-0.001143,0.0331502510234713));
#3402=CARTESIAN_POINT('',(-0.001143,0.00795322011902101,0.0331502510234713));
#3403=CARTESIAN_POINT('',(0.000127,-0.00678083160892129,0.000508));
#3404=CARTESIAN_POINT('',(0.000126999999999998,0.0148963496888418,0.000508));
#3405=CARTESIAN_POINT('',(0.000127,0.00795322011902101,0.000508));
#3406=CARTESIAN_POINT('',(0.000126999999999999,0.0105463078514048,0.0159713193648576));
#3407=CARTESIAN_POINT('',(0.000635,0.00795322011902101,0.0251891028357793));
#3408=CARTESIAN_POINT('',(0.000634999999999994,0.00784367760496447,0.025998711547147));
#3409=CARTESIAN_POINT('',(0.000612311182835529,0.00773924962804705,0.0268105247597673));
#3410=CARTESIAN_POINT('',(0.000486210244842765,0.00764454477695304,0.0276128338259953));
#3411=CARTESIAN_POINT('',(0.001143,0.00795322011902101,0.000508));
#3412=CARTESIAN_POINT('',(0.001143,0.00795322011902101,0.000508));
#3413=CARTESIAN_POINT('',(0.00107073506004696,0.00745038637069701,0.0251891028357793));
#3414=CARTESIAN_POINT('',(0.000635000000000012,0.00751300819760238,0.0251891028357793));
#3415=CARTESIAN_POINT('',(0.000635,0.00795322011902102,0.0251891028357793));
#3416=CARTESIAN_POINT('',(0.00107073506066132,0.00745038637060872,0.0254864244767924));
#3417=CARTESIAN_POINT('',(0.000667507674449787,0.00750833634488422,0.0254676726499149));
#3418=CARTESIAN_POINT('',(0.000634999999999998,0.00791446665605089,0.0254755226011429));
#3419=CARTESIAN_POINT('',(0.00105321745046397,0.00745296124538219,0.0260794264983941));
#3420=CARTESIAN_POINT('',(0.000711159126391492,0.00750114069297594,0.0260313897736297));
#3421=CARTESIAN_POINT('',(0.00062565005544774,0.00783864876868961,0.026046422786835));
#3422=CARTESIAN_POINT('',(0.000963643653227716,0.00746525283273585,0.026962835964464));
#3423=CARTESIAN_POINT('',(0.000706865712909869,0.00749804656311492,0.0269004946675983));
#3424=CARTESIAN_POINT('',(0.000577840444590805,0.00773054520217627,0.0268957300902694));
#3425=CARTESIAN_POINT('',(0.000816485596438599,0.00748348603311007,0.0276924910741596));
#3426=CARTESIAN_POINT('',(0.000631261294571301,0.0075030787475025,0.0276284200225091));
#3427=CARTESIAN_POINT('',(0.000499295500276247,0.00764588615842576,0.0275960940372011));
#3428=CARTESIAN_POINT('',(0.00060854304584952,0.00750299115489031,0.0282433617477425));
#3429=CARTESIAN_POINT('',(0.000490388335245021,0.00751216617618764,0.0281762453955364));
#3430=CARTESIAN_POINT('',(0.000388307096408788,0.00758525884408569,0.0281240520383736));
#3431=CARTESIAN_POINT('',(0.000447714475315404,0.00751451035686456,0.0284980216574999));
#3432=CARTESIAN_POINT('',(0.000372059723478716,0.00751858095949905,0.0284300643338292));
#3433=CARTESIAN_POINT('',(0.00030246558808933,0.00755866524616937,0.0283677716001618));
#3434=CARTESIAN_POINT('',(0.000331279082336147,0.00751963993892579,0.0285835880354394));
#3435=CARTESIAN_POINT('',(0.00028396253855526,0.00752172447772424,0.028514722378103));
#3436=CARTESIAN_POINT('',(0.00024031871325555,0.00755045099873644,0.0284494867828999));
#3437=CARTESIAN_POINT('',(0.001143,0.00795322011902101,0.0251891028357793));
#3438=CARTESIAN_POINT('',(0.001143,0.00795322011902101,0.0331502510234713));
#3439=CARTESIAN_POINT('',(0.00795322011902101,0.001143,0.0331502510234713));
#3440=CARTESIAN_POINT('',(-0.001143,-0.00795322011902101,0.0331502510234713));
#3441=CARTESIAN_POINT('',(0.001143,-0.00795322011902101,0.0331502510234713));
#3442=CARTESIAN_POINT('',(0.0121005261316895,0.0391716286540032,0.0105089280125078));
#3443=CARTESIAN_POINT('',(0.,4.22784452824571E-19,-0.00254));
#3444=CARTESIAN_POINT('',(0.,4.22784452824571E-19,-0.00254));
#3445=CARTESIAN_POINT('',(0.00690459409388781,4.22784452824571E-19,-0.00254));
#3446=CARTESIAN_POINT('',(0.,4.22784452824571E-19,0.));
#3447=CARTESIAN_POINT('',(0.00690459409388781,4.22784452824571E-19,0.));
#3448=CARTESIAN_POINT('',(0.,0.,-0.00254));
#3449=CARTESIAN_POINT('',(0.,1.73151258792572E-19,-0.00254));
#3450=CARTESIAN_POINT('',(0.00282777465164858,1.73151258792572E-19,-0.00254));
#3451=CARTESIAN_POINT('',(0.,0.,0.));
#3452=CARTESIAN_POINT('',(0.,3.68464626624801E-19,0.));
#3453=CARTESIAN_POINT('',(0.0060174840105954,3.68464626624801E-19,0.));
#3454=CARTESIAN_POINT('',(0.,1.73151258792572E-19,0.00254));
#3455=CARTESIAN_POINT('',(0.,1.73151258792572E-19,0.00254));
#3456=CARTESIAN_POINT('',(0.00282777465164858,1.73151258792572E-19,0.00254));
#3457=CARTESIAN_POINT('',(0.,3.68464626624801E-19,0.00254));
#3458=CARTESIAN_POINT('',(0.,3.68464626624801E-19,0.00254));
#3459=CARTESIAN_POINT('',(0.0060174840105954,3.68464626624801E-19,0.00254));
#3460=CARTESIAN_POINT('',(0.,0.,0.00254));
#3461=CARTESIAN_POINT('',(0.0632102712988854,0.054279025644064,0.0266768429428339));
#3462=CARTESIAN_POINT('',(0.,0.,0.));
#3463=CARTESIAN_POINT('',(-0.0122848249510748,0.000885491026565433,0.));
#3464=CARTESIAN_POINT('',(-0.00774736022667542,0.000885491026565432,0.));
#3465=CARTESIAN_POINT('',(-0.0106264063507978,0.000885491026565433,0.));
#3466=CARTESIAN_POINT('',(0.,-6.52934904140044E-19,0.));
#3467=CARTESIAN_POINT('',(-0.000885491026565431,0.0106264063507978,0.));
#3468=CARTESIAN_POINT('',(-0.00088549102656543,0.0122848249510748,0.));
#3469=CARTESIAN_POINT('',(-0.00088549102656543,0.00774736022667542,0.));
#3470=CARTESIAN_POINT('',(-3.79470760369927E-19,1.0842021724855E-19,0.));
#3471=CARTESIAN_POINT('',(0.,0.,0.));
#3472=CARTESIAN_POINT('',(0.000885491026565435,0.0122848249510748,0.));
#3473=CARTESIAN_POINT('',(0.000885491026565433,0.00774736022667542,0.));
#3474=CARTESIAN_POINT('',(0.000885491026565435,0.0106264063507978,0.));
#3475=CARTESIAN_POINT('',(0.,-6.52934904140044E-19,0.));
#3476=CARTESIAN_POINT('',(0.0106264063507978,0.000885491026565431,0.));
#3477=CARTESIAN_POINT('',(0.0122848249510748,0.000885491026565431,0.));
#3478=CARTESIAN_POINT('',(0.00774736022667542,0.000885491026565431,0.));
#3479=CARTESIAN_POINT('',(1.57209315010398E-18,-2.71050543121376E-19,0.));
#3480=CARTESIAN_POINT('',(0.,0.,0.));
#3481=CARTESIAN_POINT('',(0.0122848249510748,-0.000885491026565434,0.));
#3482=CARTESIAN_POINT('',(0.00774736022667542,-0.000885491026565433,0.));
#3483=CARTESIAN_POINT('',(0.0106264063507978,-0.000885491026565434,0.));
#3484=CARTESIAN_POINT('',(0.,-6.52934904140044E-19,0.));
#3485=CARTESIAN_POINT('',(0.000885491026565432,-0.0106264063507978,0.));
#3486=CARTESIAN_POINT('',(0.000885491026565432,-0.0122848249510748,0.));
#3487=CARTESIAN_POINT('',(0.000885491026565429,-0.00774736022667542,0.));
#3488=CARTESIAN_POINT('',(1.0842021724855E-19,-2.05998412772246E-18,0.));
#3489=CARTESIAN_POINT('',(0.,0.,0.));
#3490=CARTESIAN_POINT('',(-0.000885491026565433,-0.0122848249510748,0.));
#3491=CARTESIAN_POINT('',(-0.000885491026565432,-0.00774736022667542,0.));
#3492=CARTESIAN_POINT('',(-0.000885491026565433,-0.0106264063507978,0.));
#3493=CARTESIAN_POINT('',(0.,-6.52934904140044E-19,0.));
#3494=CARTESIAN_POINT('',(-0.0106264063507978,-0.000885491026565433,0.));
#3495=CARTESIAN_POINT('',(-0.0122848249510748,-0.000885491026565433,0.));
#3496=CARTESIAN_POINT('',(-0.00774736022667542,-0.00088549102656543,0.));
#3497=CARTESIAN_POINT('',(-4.87890977618477E-19,3.79470760369927E-19,0.));
#3498=CARTESIAN_POINT('',(0.,0.,0.0127));
#3499=CARTESIAN_POINT('',(-0.00088549102656543,0.0122848249510748,0.0127));
#3500=CARTESIAN_POINT('',(-0.00088549102656543,0.00774736022667542,0.0127));
#3501=CARTESIAN_POINT('',(-0.00088549102656543,0.0125052502880547,0.0127));
#3502=CARTESIAN_POINT('',(0.,1.07870329456981E-18,0.0127));
#3503=CARTESIAN_POINT('',(-0.0125052502880547,0.000885491026565433,0.0127));
#3504=CARTESIAN_POINT('',(-0.0122848249510748,0.000885491026565433,0.0127));
#3505=CARTESIAN_POINT('',(-0.00774736022667542,0.000885491026565432,0.0127));
#3506=CARTESIAN_POINT('',(-3.79470760369927E-19,1.0842021724855E-19,0.0127));
#3507=CARTESIAN_POINT('',(0.,0.,0.0127));
#3508=CARTESIAN_POINT('',(-0.0122848249510748,-0.000885491026565433,0.0127));
#3509=CARTESIAN_POINT('',(-0.00774736022667542,-0.00088549102656543,0.0127));
#3510=CARTESIAN_POINT('',(-0.0125052502880547,-0.000885491026565433,0.0127));
#3511=CARTESIAN_POINT('',(0.,1.07870329456981E-18,0.0127));
#3512=CARTESIAN_POINT('',(-0.000885491026565433,-0.0125052502880547,0.0127));
#3513=CARTESIAN_POINT('',(-0.000885491026565433,-0.0122848249510748,0.0127));
#3514=CARTESIAN_POINT('',(-0.000885491026565432,-0.00774736022667542,0.0127));
#3515=CARTESIAN_POINT('',(-4.87890977618477E-19,3.79470760369927E-19,0.0127));
#3516=CARTESIAN_POINT('',(0.,0.,0.0127));
#3517=CARTESIAN_POINT('',(0.000885491026565432,-0.0122848249510748,0.0127));
#3518=CARTESIAN_POINT('',(0.000885491026565429,-0.00774736022667542,0.0127));
#3519=CARTESIAN_POINT('',(0.000885491026565432,-0.0125052502880547,0.0127));
#3520=CARTESIAN_POINT('',(0.,1.07870329456981E-18,0.0127));
#3521=CARTESIAN_POINT('',(0.0125052502880547,-0.000885491026565434,0.0127));
#3522=CARTESIAN_POINT('',(0.0122848249510748,-0.000885491026565434,0.0127));
#3523=CARTESIAN_POINT('',(0.00774736022667542,-0.000885491026565433,0.0127));
#3524=CARTESIAN_POINT('',(1.0842021724855E-19,-2.05998412772246E-18,0.0127));
#3525=CARTESIAN_POINT('',(-4.87890977618477E-19,3.79470760369927E-19,0.0127));
#3526=CARTESIAN_POINT('',(-0.00774736022667542,-0.00088549102656543,0.0127));
#3527=CARTESIAN_POINT('',(-0.000885491026565432,-0.00774736022667542,0.0127));
#3528=CARTESIAN_POINT('',(-0.0122848249510748,-0.000885491026565433,0.0127));
#3529=CARTESIAN_POINT('',(-0.0168222896754741,-0.000885491026565433,0.0127));
#3530=CARTESIAN_POINT('',(-0.0168222896754741,-0.000885491026565433,0.00839098291913723));
#3531=CARTESIAN_POINT('',(-0.0168222896754741,-0.000885491026565433,0.));
#3532=CARTESIAN_POINT('',(-0.0168222896754741,-0.000885491026565433,0.00839098291913723));
#3533=CARTESIAN_POINT('',(-0.0153836187938573,-0.000885491026565433,0.0098276648307933));
#3534=CARTESIAN_POINT('',(-0.0139447235571637,-0.000885491026565433,0.0112641219696799));
#3535=CARTESIAN_POINT('',(-0.0125052502880547,-0.000885491026565433,0.0127));
#3536=CARTESIAN_POINT('',(-0.0122848249510748,-0.000885491026565433,0.));
#3537=CARTESIAN_POINT('',(-0.0168222896754741,-0.000442745513282716,0.0127));
#3538=CARTESIAN_POINT('',(-0.0168222896754741,0.000885491026565433,0.0127));
#3539=CARTESIAN_POINT('',(-0.0168222896754741,0.000885491026565433,0.00839098291913723));
#3540=CARTESIAN_POINT('',(-0.0168222896754741,0.000885491026565433,0.));
#3541=CARTESIAN_POINT('',(-0.0168222896754741,0.000885491026565433,0.00839098291913723));
#3542=CARTESIAN_POINT('',(-0.0168222896754741,0.000295163675521811,0.00842201358772094));
#3543=CARTESIAN_POINT('',(-0.0168222896754741,-0.00029516367552181,0.00842201358772094));
#3544=CARTESIAN_POINT('',(-0.0168222896754741,-0.000885491026565432,0.00839098291913723));
#3545=CARTESIAN_POINT('',(-0.0168222896754741,-0.000442745513282716,0.));
#3546=CARTESIAN_POINT('',(-0.0122848249510748,0.000885491026565433,0.0127));
#3547=CARTESIAN_POINT('',(-0.0125052502880547,0.000885491026565433,0.0127));
#3548=CARTESIAN_POINT('',(-0.0139447235571637,0.000885491026565433,0.0112641219696799));
#3549=CARTESIAN_POINT('',(-0.0153836187938573,0.000885491026565433,0.0098276648307933));
#3550=CARTESIAN_POINT('',(-0.0168222896754741,0.000885491026565433,0.00839098291913723));
#3551=CARTESIAN_POINT('',(-0.0122848249510748,0.000885491026565433,0.));
#3552=CARTESIAN_POINT('',(-0.00774736022667542,0.000885491026565432,0.0127));
#3553=CARTESIAN_POINT('',(-3.79470760369927E-19,1.0842021724855E-19,0.0127));
#3554=CARTESIAN_POINT('',(-0.00088549102656543,0.00774736022667542,0.0127));
#3555=CARTESIAN_POINT('',(-0.00088549102656543,0.0122848249510748,0.0127));
#3556=CARTESIAN_POINT('',(-0.000885491026565438,0.0168222896754741,0.0127));
#3557=CARTESIAN_POINT('',(-0.000885491026565438,0.0168222896754741,0.00839098291913723));
#3558=CARTESIAN_POINT('',(-0.000885491026565438,0.0168222896754741,0.));
#3559=CARTESIAN_POINT('',(-0.000885491026565438,0.0168222896754741,0.00839098291913723));
#3560=CARTESIAN_POINT('',(-0.000885491026565438,0.0153836187938573,0.0098276648307933));
#3561=CARTESIAN_POINT('',(-0.00088549102656543,0.0139447235571637,0.0112641219696799));
#3562=CARTESIAN_POINT('',(-0.00088549102656543,0.0125052502880547,0.0127));
#3563=CARTESIAN_POINT('',(-0.00088549102656543,0.0122848249510748,0.));
#3564=CARTESIAN_POINT('',(-0.000442745513282719,0.0168222896754741,0.0127));
#3565=CARTESIAN_POINT('',(0.000885491026565432,0.0168222896754741,0.0127));
#3566=CARTESIAN_POINT('',(0.000885491026565432,0.0168222896754741,0.00839098291913723));
#3567=CARTESIAN_POINT('',(0.000885491026565432,0.0168222896754741,0.));
#3568=CARTESIAN_POINT('',(0.000885491026565432,0.0168222896754741,0.00839098291913723));
#3569=CARTESIAN_POINT('',(0.000295163675521809,0.0168222896754741,0.00842201358772094));
#3570=CARTESIAN_POINT('',(-0.000295163675521814,0.0168222896754741,0.00842201358772094));
#3571=CARTESIAN_POINT('',(-0.000885491026565437,0.0168222896754741,0.00839098291913723));
#3572=CARTESIAN_POINT('',(-0.000442745513282719,0.0168222896754741,0.));
#3573=CARTESIAN_POINT('',(0.000885491026565435,0.0122848249510748,0.0127));
#3574=CARTESIAN_POINT('',(0.000885491026565435,0.0122848249510748,0.0127));
#3575=CARTESIAN_POINT('',(0.000885491026565433,0.00774736022667542,0.0127));
#3576=CARTESIAN_POINT('',(0.000885491026565435,0.0125052502880547,0.0127));
#3577=CARTESIAN_POINT('',(0.000885491026565435,0.0125052502880547,0.0127));
#3578=CARTESIAN_POINT('',(0.000885491026565435,0.0139447235571637,0.0112641219696799));
#3579=CARTESIAN_POINT('',(0.000885491026565436,0.0153836187938573,0.0098276648307933));
#3580=CARTESIAN_POINT('',(0.000885491026565436,0.0168222896754741,0.00839098291913723));
#3581=CARTESIAN_POINT('',(0.000885491026565435,0.0122848249510748,0.));
#3582=CARTESIAN_POINT('',(0.000885491026565433,0.00774736022667542,0.0127));
#3583=CARTESIAN_POINT('',(1.57209315010398E-18,-2.71050543121376E-19,0.0127));
#3584=CARTESIAN_POINT('',(0.00774736022667542,0.000885491026565431,0.0127));
#3585=CARTESIAN_POINT('',(0.00774736022667542,0.000885491026565431,0.0127));
#3586=CARTESIAN_POINT('',(1.57209315010398E-18,-2.71050543121376E-19,0.0127));
#3587=CARTESIAN_POINT('',(0.0122848249510748,0.000885491026565431,0.0127));
#3588=CARTESIAN_POINT('',(0.0168222896754741,0.000885491026565431,0.0127));
#3589=CARTESIAN_POINT('',(0.0168222896754741,0.000885491026565431,0.00839098291913723));
#3590=CARTESIAN_POINT('',(0.0168222896754741,0.000885491026565431,0.));
#3591=CARTESIAN_POINT('',(0.0168222896754741,0.000885491026565431,0.00839098291913723));
#3592=CARTESIAN_POINT('',(0.0153836187938573,0.000885491026565431,0.0098276648307933));
#3593=CARTESIAN_POINT('',(0.0139447235571637,0.000885491026565431,0.0112641219696799));
#3594=CARTESIAN_POINT('',(0.0125052502880547,0.000885491026565431,0.0127));
#3595=CARTESIAN_POINT('',(0.0125052502880547,0.000885491026565431,0.0127));
#3596=CARTESIAN_POINT('',(0.0122848249510748,0.000885491026565431,0.0127));
#3597=CARTESIAN_POINT('',(0.0122848249510748,0.000885491026565431,0.));
#3598=CARTESIAN_POINT('',(0.0168222896754741,0.000442745513282714,0.0127));
#3599=CARTESIAN_POINT('',(0.0168222896754741,-0.000885491026565435,0.0127));
#3600=CARTESIAN_POINT('',(0.0168222896754741,-0.000885491026565435,0.00839098291913723));
#3601=CARTESIAN_POINT('',(0.0168222896754741,-0.000885491026565435,0.));
#3602=CARTESIAN_POINT('',(0.0168222896754741,-0.000885491026565435,0.00839098291913723));
#3603=CARTESIAN_POINT('',(0.0168222896754741,-0.000295163675521813,0.00842201358772094));
#3604=CARTESIAN_POINT('',(0.0168222896754741,0.000295163675521809,0.00842201358772094));
#3605=CARTESIAN_POINT('',(0.0168222896754741,0.000885491026565431,0.00839098291913723));
#3606=CARTESIAN_POINT('',(0.0168222896754741,0.000442745513282714,0.));
#3607=CARTESIAN_POINT('',(0.0122848249510748,-0.000885491026565434,0.0127));
#3608=CARTESIAN_POINT('',(0.0125052502880547,-0.000885491026565434,0.0127));
#3609=CARTESIAN_POINT('',(0.0139447235571637,-0.000885491026565434,0.0112641219696799));
#3610=CARTESIAN_POINT('',(0.0153836187938573,-0.000885491026565435,0.0098276648307933));
#3611=CARTESIAN_POINT('',(0.0168222896754741,-0.000885491026565435,0.00839098291913723));
#3612=CARTESIAN_POINT('',(0.0122848249510748,-0.000885491026565434,0.));
#3613=CARTESIAN_POINT('',(0.00774736022667542,-0.000885491026565433,0.0127));
#3614=CARTESIAN_POINT('',(1.0842021724855E-19,-2.05998412772246E-18,0.0127));
#3615=CARTESIAN_POINT('',(0.000885491026565429,-0.00774736022667542,0.0127));
#3616=CARTESIAN_POINT('',(0.000885491026565432,-0.0122848249510748,0.0127));
#3617=CARTESIAN_POINT('',(0.000885491026565432,-0.0168222896754741,0.0127));
#3618=CARTESIAN_POINT('',(0.000885491026565432,-0.0168222896754741,0.00839098291913723));
#3619=CARTESIAN_POINT('',(0.000885491026565432,-0.0168222896754741,0.));
#3620=CARTESIAN_POINT('',(0.000885491026565432,-0.0168222896754741,0.00839098291913723));
#3621=CARTESIAN_POINT('',(0.000885491026565432,-0.0153836187938573,0.0098276648307933));
#3622=CARTESIAN_POINT('',(0.000885491026565432,-0.0139447235571637,0.0112641219696799));
#3623=CARTESIAN_POINT('',(0.000885491026565432,-0.0125052502880547,0.0127));
#3624=CARTESIAN_POINT('',(0.000885491026565432,-0.0122848249510748,0.));
#3625=CARTESIAN_POINT('',(0.000442745513282715,-0.0168222896754741,0.0127));
#3626=CARTESIAN_POINT('',(-0.000885491026565434,-0.0168222896754741,0.0127));
#3627=CARTESIAN_POINT('',(-0.000885491026565434,-0.0168222896754741,0.00839098291913723));
#3628=CARTESIAN_POINT('',(-0.000885491026565434,-0.0168222896754741,0.));
#3629=CARTESIAN_POINT('',(-0.000885491026565434,-0.0168222896754741,0.00839098291913723));
#3630=CARTESIAN_POINT('',(-0.000295163675521812,-0.0168222896754741,0.00842201358772094));
#3631=CARTESIAN_POINT('',(0.000295163675521809,-0.0168222896754741,0.00842201358772094));
#3632=CARTESIAN_POINT('',(0.000885491026565431,-0.0168222896754741,0.00839098291913723));
#3633=CARTESIAN_POINT('',(0.000442745513282715,-0.0168222896754741,0.));
#3634=CARTESIAN_POINT('',(0.,1.07870329456981E-18,0.0127));
#3635=CARTESIAN_POINT('',(0.,1.07870329456981E-18,0.00762));
#3636=CARTESIAN_POINT('',(0.0176165616947001,1.07870329456981E-18,0.00762));
#3637=CARTESIAN_POINT('',(0.,1.07870329456981E-18,0.));
#3638=CARTESIAN_POINT('',(0.0176165616947001,1.07870329456981E-18,0.));
#3639=CARTESIAN_POINT('',(-0.000885491026565433,-0.0122848249510748,0.0127));
#3640=CARTESIAN_POINT('',(-0.000885491026565433,-0.0125052502880547,0.0127));
#3641=CARTESIAN_POINT('',(-0.000885491026565433,-0.0139447235571637,0.0112641219696799));
#3642=CARTESIAN_POINT('',(-0.000885491026565434,-0.0153836187938573,0.0098276648307933));
#3643=CARTESIAN_POINT('',(-0.000885491026565434,-0.0168222896754741,0.00839098291913723));
#3644=CARTESIAN_POINT('',(-0.000885491026565433,-0.0122848249510748,0.));
#3645=CARTESIAN_POINT('',(0.,0.,0.0127));
#3646=CARTESIAN_POINT('',(0.,1.07870329456981E-18,0.0127));
#3647=CARTESIAN_POINT('',(0.,0.,0.));
#3648=CARTESIAN_POINT('',(0.,-1.06419861604353E-18,0.));
#3649=CARTESIAN_POINT('',(-0.0173796823179462,-1.06419861604353E-18,0.));
#3650=CARTESIAN_POINT('',(0.,1.07870329456981E-18,0.0127));
#3651=CARTESIAN_POINT('',(0.,0.,0.));
#3652=CARTESIAN_POINT('',(0.,-6.52934904140044E-19,0.));
#3653=CARTESIAN_POINT('',(0.,0.,0.));
#3654=CARTESIAN_POINT('',(0.,-6.52934904140044E-19,0.));
#3655=CARTESIAN_POINT('',(0.,0.,0.));
#3656=CARTESIAN_POINT('',(0.,-6.52934904140044E-19,0.));
#3657=CARTESIAN_POINT('',(0.,0.,0.));
#3658=CARTESIAN_POINT('',(0.,-6.52934904140044E-19,0.));
#3659=CARTESIAN_POINT('',(0.,-6.52934904140044E-19,-0.004572));
#3660=CARTESIAN_POINT('',(-0.0111026206144773,0.00123625796748811,-0.00508000000000009));
#3661=CARTESIAN_POINT('',(-0.0109590749801854,0.00118365803121617,-0.00508000000000007));
#3662=CARTESIAN_POINT('',(-0.0108147290740262,0.00105317983872639,-0.0050013060318648));
#3663=CARTESIAN_POINT('',(-0.0107120431059686,0.000906468831350894,-0.00486065327385678));
#3664=CARTESIAN_POINT('',(-0.01067090110177,0.000826433349075255,-0.00477910989182994));
#3665=CARTESIAN_POINT('',(-0.0106349593840747,0.000829413721495472,-0.00466236240847493));
#3666=CARTESIAN_POINT('',(-0.0106266609326863,0.000882755961983189,-0.0046023311905879));
#3667=CARTESIAN_POINT('',(-0.0106246232250765,0.000906635326663011,-0.00457199999999982));
#3668=CARTESIAN_POINT('',(-0.0111026206144774,0.00123625796748784,-0.00508));
#3669=CARTESIAN_POINT('',(-0.0106246232250772,0.000906635326663374,-0.004572));
#3670=CARTESIAN_POINT('',(0.,-6.52934904140044E-19,-0.00508));
#3671=CARTESIAN_POINT('',(-0.00123625796748786,0.0111026206144774,-0.00508));
#3672=CARTESIAN_POINT('',(-0.000906635326663026,0.0106246232250766,-0.00457199999999983));
#3673=CARTESIAN_POINT('',(-0.000882638228127367,0.0106266709793177,-0.00460248073426581));
#3674=CARTESIAN_POINT('',(-0.000828842638350643,0.0106350349201505,-0.0046628583156258));
#3675=CARTESIAN_POINT('',(-0.000827104591822681,0.0106713260944619,-0.0047802130555255));
#3676=CARTESIAN_POINT('',(-0.000907111965733085,0.0107124333012362,-0.00486123577436236));
#3677=CARTESIAN_POINT('',(-0.00105256208102818,0.0108145092104976,-0.0050006836604256));
#3678=CARTESIAN_POINT('',(-0.00118297846198188,0.0109572204304719,-0.00508));
#3679=CARTESIAN_POINT('',(-0.00123625796748785,0.0111026206144774,-0.00508));
#3680=CARTESIAN_POINT('',(-0.000906635326663376,0.0106246232250772,-0.004572));
#3681=CARTESIAN_POINT('',(0.,-6.52934904140044E-19,-0.004572));
#3682=CARTESIAN_POINT('',(0.,-6.52934904140044E-19,-0.004572));
#3683=CARTESIAN_POINT('',(0.00123625796748811,0.0111026206144773,-0.00508000000000009));
#3684=CARTESIAN_POINT('',(0.00118365803121617,0.0109590749801854,-0.00508000000000007));
#3685=CARTESIAN_POINT('',(0.00105317983872639,0.0108147290740261,-0.00500130603186479));
#3686=CARTESIAN_POINT('',(0.000906468831350893,0.0107120431059686,-0.00486065327385678));
#3687=CARTESIAN_POINT('',(0.000826433349075254,0.01067090110177,-0.00477910989182994));
#3688=CARTESIAN_POINT('',(0.000829413721495472,0.0106349593840747,-0.00466236240847493));
#3689=CARTESIAN_POINT('',(0.00088275596198319,0.0106266609326863,-0.0046023311905879));
#3690=CARTESIAN_POINT('',(0.000906635326663011,0.0106246232250765,-0.00457199999999982));
#3691=CARTESIAN_POINT('',(0.00123625796748787,0.0111026206144774,-0.00508));
#3692=CARTESIAN_POINT('',(0.000906635326663373,0.0106246232250772,-0.004572));
#3693=CARTESIAN_POINT('',(0.,-6.52934904140044E-19,-0.00508));
#3694=CARTESIAN_POINT('',(0.0111026206144774,0.00123625796748784,-0.00508));
#3695=CARTESIAN_POINT('',(0.0106246232250766,0.000906635326663025,-0.00457199999999983));
#3696=CARTESIAN_POINT('',(0.0106266709793177,0.00088263822812738,-0.00460248073426579));
#3697=CARTESIAN_POINT('',(0.0106350349201505,0.000828842638350676,-0.00466285831562577));
#3698=CARTESIAN_POINT('',(0.0106713260944619,0.000827104591822653,-0.00478021305552547));
#3699=CARTESIAN_POINT('',(0.0107124333012362,0.000907111965733062,-0.00486123577436233));
#3700=CARTESIAN_POINT('',(0.0108145092104975,0.00105256208102817,-0.0050006836604256));
#3701=CARTESIAN_POINT('',(0.0109572204304721,0.00118297846198192,-0.00508));
#3702=CARTESIAN_POINT('',(0.0111026206144774,0.00123625796748785,-0.00508));
#3703=CARTESIAN_POINT('',(0.0106246232250772,0.000906635326663376,-0.004572));
#3704=CARTESIAN_POINT('',(0.,-6.52934904140044E-19,-0.004572));
#3705=CARTESIAN_POINT('',(0.,-6.52934904140044E-19,-0.004572));
#3706=CARTESIAN_POINT('',(-0.0106246232250766,-0.000906635326663027,-0.00457199999999983));
#3707=CARTESIAN_POINT('',(-0.0106266709793177,-0.000882638228127368,-0.00460248073426581));
#3708=CARTESIAN_POINT('',(-0.0106350349201505,-0.000828842638350642,-0.0046628583156258));
#3709=CARTESIAN_POINT('',(-0.0106713260944619,-0.000827104591822685,-0.0047802130555255));
#3710=CARTESIAN_POINT('',(-0.0107124333012362,-0.000907111965733086,-0.00486123577436236));
#3711=CARTESIAN_POINT('',(-0.0108145092104976,-0.00105256208102818,-0.0050006836604256));
#3712=CARTESIAN_POINT('',(-0.0109572204304719,-0.00118297846198187,-0.00508));
#3713=CARTESIAN_POINT('',(-0.0111026206144774,-0.00123625796748785,-0.00508));
#3714=CARTESIAN_POINT('',(-0.0106246232250772,-0.000906635326663377,-0.004572));
#3715=CARTESIAN_POINT('',(-0.0111026206144774,-0.00123625796748784,-0.00508));
#3716=CARTESIAN_POINT('',(0.,-6.52934904140044E-19,-0.004572));
#3717=CARTESIAN_POINT('',(-0.000906635326663374,-0.0106246232250772,-0.004572));
#3718=CARTESIAN_POINT('',(-0.00123625796748811,-0.0111026206144773,-0.00508000000000009));
#3719=CARTESIAN_POINT('',(-0.00118365803121617,-0.0109590749801854,-0.00508000000000007));
#3720=CARTESIAN_POINT('',(-0.0010531798387264,-0.0108147290740262,-0.0050013060318648));
#3721=CARTESIAN_POINT('',(-0.000906468831350907,-0.0107120431059686,-0.00486065327385679));
#3722=CARTESIAN_POINT('',(-0.000826433349075275,-0.01067090110177,-0.00477910989182996));
#3723=CARTESIAN_POINT('',(-0.000829413721495456,-0.0106349593840747,-0.00466236240847496));
#3724=CARTESIAN_POINT('',(-0.000882755961983175,-0.0106266609326863,-0.00460233119058792));
#3725=CARTESIAN_POINT('',(-0.000906635326663012,-0.0106246232250765,-0.00457199999999982));
#3726=CARTESIAN_POINT('',(-0.00123625796748784,-0.0111026206144774,-0.00508));
#3727=CARTESIAN_POINT('',(0.,-6.52934904140044E-19,-0.00508));
#3728=CARTESIAN_POINT('',(0.,-6.52934904140044E-19,-0.00508));
#3729=CARTESIAN_POINT('',(-0.0106246232250773,0.000906635326661772,-0.00457200000000204));
#3730=CARTESIAN_POINT('',(-0.0106168373244158,0.000997876268375968,-0.00445610720177815));
#3731=CARTESIAN_POINT('',(-0.0106063422829487,0.00110143861111798,-0.00417988604733613));
#3732=CARTESIAN_POINT('',(-0.0105922481356184,0.00123070889485117,-0.00361938242503038));
#3733=CARTESIAN_POINT('',(-0.0105878536289131,0.00126569212269668,-0.00318396797063549));
#3734=CARTESIAN_POINT('',(-0.0105873967596978,0.00126950232104746,-0.00289382785558701));
#3735=CARTESIAN_POINT('',(-0.0105873967596978,0.0012695023210474,-0.002893827855587));
#3736=CARTESIAN_POINT('',(-0.0012695023210506,0.0105873967596974,-0.002893827855587));
#3737=CARTESIAN_POINT('',(-0.00126569511955359,0.0105878532695692,-0.00318373976532214));
#3738=CARTESIAN_POINT('',(-0.00123107355329616,0.0105922061064975,-0.00361755680484517));
#3739=CARTESIAN_POINT('',(-0.00110105200209622,0.0106063874706418,-0.00418174394938157));
#3740=CARTESIAN_POINT('',(-0.00099723555966954,0.0106168919982744,-0.00445692101982473));
#3741=CARTESIAN_POINT('',(-0.000906635326663847,0.0106246232250772,-0.00457200000000204));
#3742=CARTESIAN_POINT('',(-0.0012695023210506,0.0105873967596974,-0.002893827855587));
#3743=CARTESIAN_POINT('',(0.,-6.52934904140044E-19,-0.002893827855587));
#3744=CARTESIAN_POINT('',(0.0012695023210474,0.0105873967596978,-0.002893827855587));
#3745=CARTESIAN_POINT('',(0.000906635326662306,0.0106246232250773,-0.00457200000000136));
#3746=CARTESIAN_POINT('',(0.000997876268376313,0.0106168373244158,-0.00445610720177733));
#3747=CARTESIAN_POINT('',(0.00110143861111783,0.0106063422829487,-0.00417988604733648));
#3748=CARTESIAN_POINT('',(0.00123070889485127,0.0105922481356184,-0.00361938242503011));
#3749=CARTESIAN_POINT('',(0.00126569212269668,0.0105878536289131,-0.0031839679706355));
#3750=CARTESIAN_POINT('',(0.00126950232104746,0.0105873967596978,-0.00289382785558701));
#3751=CARTESIAN_POINT('',(0.0105873967596974,0.00126950232105059,-0.0028938278555873));
#3752=CARTESIAN_POINT('',(0.0105878532695692,0.00126569511955357,-0.00318373976532238));
#3753=CARTESIAN_POINT('',(0.0105922061064975,0.00123107355329631,-0.0036175568048449));
#3754=CARTESIAN_POINT('',(0.0106063874706418,0.00110105200209591,-0.00418174394938233));
#3755=CARTESIAN_POINT('',(0.0106168919982744,0.000997235559670205,-0.00445692101982312));
#3756=CARTESIAN_POINT('',(0.0106246232250771,0.000906635326664916,-0.00457200000000068));
#3757=CARTESIAN_POINT('',(0.0105873967596978,0.0012695023210474,-0.002893827855587));
#3758=CARTESIAN_POINT('',(0.,-6.52934904140044E-19,-0.002893827855587));
#3759=CARTESIAN_POINT('',(0.0105873967596977,-0.00126950232104746,-0.00289382785558701));
#3760=CARTESIAN_POINT('',(0.0106246232250772,-0.000906635326663372,-0.004572));
#3761=CARTESIAN_POINT('',(0.0106168373244157,-0.000997876268377002,-0.00445610720177569));
#3762=CARTESIAN_POINT('',(0.0106063422829487,-0.00110143861111754,-0.00417988604733718));
#3763=CARTESIAN_POINT('',(0.0105922481356184,-0.00123070889485147,-0.00361938242502955));
#3764=CARTESIAN_POINT('',(0.0105878536289131,-0.00126569212269668,-0.00318396797063551));
#3765=CARTESIAN_POINT('',(0.0105873967596978,-0.00126950232104746,-0.00289382785558701));
#3766=CARTESIAN_POINT('',(0.0106246232250772,-0.000906635326663372,-0.004572));
#3767=CARTESIAN_POINT('',(0.,-6.52934904140044E-19,-0.004572));
#3768=CARTESIAN_POINT('',(0.000906635326663374,-0.0106246232250772,-0.004572));
#3769=CARTESIAN_POINT('',(0.0012695023210506,-0.0105873967596974,-0.002893827855587));
#3770=CARTESIAN_POINT('',(0.00126569511955359,-0.0105878532695692,-0.00318373976532213));
#3771=CARTESIAN_POINT('',(0.00123107355329625,-0.0105922061064975,-0.00361755680484495));
#3772=CARTESIAN_POINT('',(0.00110105200209607,-0.0106063874706418,-0.00418174394938191));
#3773=CARTESIAN_POINT('',(0.000997235559669884,-0.0106168919982744,-0.00445692101982392));
#3774=CARTESIAN_POINT('',(0.000906635326664383,-0.0106246232250771,-0.00457200000000136));
#3775=CARTESIAN_POINT('',(0.0012695023210506,-0.0105873967596974,-0.002893827855587));
#3776=CARTESIAN_POINT('',(0.,-6.52934904140044E-19,-0.002893827855587));
#3777=CARTESIAN_POINT('',(-0.0012695023210474,-0.0105873967596978,-0.002893827855587));
#3778=CARTESIAN_POINT('',(-0.000906635326662836,-0.0106246232250772,-0.00457200000000068));
#3779=CARTESIAN_POINT('',(-0.000997876268376655,-0.0106168373244158,-0.00445610720177651));
#3780=CARTESIAN_POINT('',(-0.00110143861111768,-0.0106063422829487,-0.00417988604733683));
#3781=CARTESIAN_POINT('',(-0.00123070889485137,-0.0105922481356184,-0.00361938242502983));
#3782=CARTESIAN_POINT('',(-0.00126569212269668,-0.0105878536289131,-0.0031839679706355));
#3783=CARTESIAN_POINT('',(-0.00126950232104746,-0.0105873967596978,-0.00289382785558701));
#3784=CARTESIAN_POINT('',(-0.0105873967596974,-0.0012695023210506,-0.002893827855587));
#3785=CARTESIAN_POINT('',(-0.0105878532695692,-0.00126569511955359,-0.00318373976532214));
#3786=CARTESIAN_POINT('',(-0.0105922061064975,-0.00123107355329607,-0.00361755680484539));
#3787=CARTESIAN_POINT('',(-0.0106063874706418,-0.00110105200209637,-0.00418174394938122));
#3788=CARTESIAN_POINT('',(-0.0106168919982744,-0.000997235559669197,-0.00445692101982554));
#3789=CARTESIAN_POINT('',(-0.0106246232250772,-0.00090663532666331,-0.00457200000000272));
#3790=CARTESIAN_POINT('',(-0.0105873967596974,-0.0012695023210506,-0.002893827855587));
#3791=CARTESIAN_POINT('',(0.,-6.52934904140044E-19,-0.002893827855587));
#3792=CARTESIAN_POINT('',(0.,-1.06419861604353E-18,-0.00508));
#3793=CARTESIAN_POINT('',(0.,-1.06419861604353E-18,-0.002794));
#3794=CARTESIAN_POINT('',(-0.0173796823179462,-1.06419861604353E-18,-0.002794));
#3795=CARTESIAN_POINT('',(0.,0.,-0.00508));
#3796=CARTESIAN_POINT('',(-0.0112933365289814,0.000762,-0.00508));
#3797=CARTESIAN_POINT('',(-0.0112933365289814,0.00127,-0.00508));
#3798=CARTESIAN_POINT('',(-7.77650717458569E-20,0.00127,-0.00508));
#3799=CARTESIAN_POINT('',(-0.0136218751921309,0.00127,-0.00508));
#3800=CARTESIAN_POINT('',(-0.0136218751921309,0.000762,-0.00508));
#3801=CARTESIAN_POINT('',(-0.0141588773248388,0.000762,-0.00508));
#3802=CARTESIAN_POINT('',(-0.0141588773248388,-8.66981189769193E-19,-0.00508));
#3803=CARTESIAN_POINT('',(-0.0141588773248388,-0.000762,-0.00508));
#3804=CARTESIAN_POINT('',(-0.0136218751921309,-0.000762,-0.00508));
#3805=CARTESIAN_POINT('',(-0.0136218751921309,-0.00127,-0.00508));
#3806=CARTESIAN_POINT('',(7.77650717458569E-20,-0.00127,-0.00508));
#3807=CARTESIAN_POINT('',(-0.0112933365289814,-0.00127,-0.00508));
#3808=CARTESIAN_POINT('',(-0.0112933365289814,-0.000762,-0.00508));
#3809=CARTESIAN_POINT('',(-0.000762,-0.0112933365289814,-0.00508));
#3810=CARTESIAN_POINT('',(-0.00127,-0.0112933365289814,-0.00508));
#3811=CARTESIAN_POINT('',(-0.00127,0.,-0.00508));
#3812=CARTESIAN_POINT('',(-0.00127,-0.0136218751921309,-0.00508));
#3813=CARTESIAN_POINT('',(-0.000762,-0.0136218751921309,-0.00508));
#3814=CARTESIAN_POINT('',(-0.000762,-0.0141588773248388,-0.00508));
#3815=CARTESIAN_POINT('',(0.,-0.0141588773248388,-0.00508));
#3816=CARTESIAN_POINT('',(0.000762,-0.0141588773248388,-0.00508));
#3817=CARTESIAN_POINT('',(0.000762,-0.0136218751921309,-0.00508));
#3818=CARTESIAN_POINT('',(0.00127,-0.0136218751921309,-0.00508));
#3819=CARTESIAN_POINT('',(0.00127,0.,-0.00508));
#3820=CARTESIAN_POINT('',(0.00127,-0.0112933365289814,-0.00508));
#3821=CARTESIAN_POINT('',(0.000762,-0.0112933365289814,-0.00508));
#3822=CARTESIAN_POINT('',(0.00123625796748784,-0.0111026206144774,-0.00508));
#3823=CARTESIAN_POINT('',(0.,-6.52934904140044E-19,-0.00508));
#3824=CARTESIAN_POINT('',(0.0111026206144774,-0.00123625796748784,-0.00508));
#3825=CARTESIAN_POINT('',(0.0112933365289814,-0.000762,-0.00508));
#3826=CARTESIAN_POINT('',(0.0112933365289814,-0.00127,-0.00508));
#3827=CARTESIAN_POINT('',(2.33295215237571E-19,-0.00127,-0.00508));
#3828=CARTESIAN_POINT('',(0.0136218751921309,-0.00127,-0.00508));
#3829=CARTESIAN_POINT('',(0.0136218751921309,-0.000762,-0.00508));
#3830=CARTESIAN_POINT('',(0.0141588773248388,-0.000762,-0.00508));
#3831=CARTESIAN_POINT('',(0.0141588773248388,2.60094356930758E-18,-0.00508));
#3832=CARTESIAN_POINT('',(0.0141588773248388,0.000762,-0.00508));
#3833=CARTESIAN_POINT('',(0.0136218751921309,0.000762,-0.00508));
#3834=CARTESIAN_POINT('',(0.0136218751921309,0.00127,-0.00508));
#3835=CARTESIAN_POINT('',(-2.33295215237571E-19,0.00127,-0.00508));
#3836=CARTESIAN_POINT('',(0.0112933365289814,0.00127,-0.00508));
#3837=CARTESIAN_POINT('',(0.0112933365289814,0.000762,-0.00508));
#3838=CARTESIAN_POINT('',(0.000762,0.0112933365289814,-0.00508));
#3839=CARTESIAN_POINT('',(0.00127,0.0112933365289814,-0.00508));
#3840=CARTESIAN_POINT('',(0.00127,1.55530143491714E-19,-0.00508));
#3841=CARTESIAN_POINT('',(0.00127,0.0136218751921309,-0.00508));
#3842=CARTESIAN_POINT('',(0.000762,0.0136218751921309,-0.00508));
#3843=CARTESIAN_POINT('',(0.000762,0.0141588773248388,-0.00508));
#3844=CARTESIAN_POINT('',(-1.73396237953839E-18,0.0141588773248388,-0.00508));
#3845=CARTESIAN_POINT('',(-0.000762,0.0141588773248388,-0.00508));
#3846=CARTESIAN_POINT('',(-0.000762,0.0136218751921309,-0.00508));
#3847=CARTESIAN_POINT('',(-0.00127,0.0136218751921309,-0.00508));
#3848=CARTESIAN_POINT('',(-0.00127,-1.55530143491714E-19,-0.00508));
#3849=CARTESIAN_POINT('',(-0.00127,0.0112933365289814,-0.00508));
#3850=CARTESIAN_POINT('',(-0.000762,0.0112933365289814,-0.00508));
#3851=CARTESIAN_POINT('',(0.,-1.06419861604353E-18,-0.00508));
#3852=CARTESIAN_POINT('',(-0.0150936823179462,-1.06419861604353E-18,-0.00508));
#3853=CARTESIAN_POINT('',(0.,-1.06419861604353E-18,-0.002794));
#3854=CARTESIAN_POINT('',(0.,-6.52934904140044E-19,-0.004572));
#3855=CARTESIAN_POINT('',(0.000906635326663024,-0.0106246232250766,-0.00457199999999983));
#3856=CARTESIAN_POINT('',(0.000882638228127381,-0.0106266709793177,-0.00460248073426579));
#3857=CARTESIAN_POINT('',(0.00082884263835068,-0.0106350349201505,-0.00466285831562577));
#3858=CARTESIAN_POINT('',(0.000827104591822654,-0.0106713260944619,-0.00478021305552545));
#3859=CARTESIAN_POINT('',(0.000907111965733048,-0.0107124333012362,-0.00486123577436232));
#3860=CARTESIAN_POINT('',(0.00105256208102816,-0.0108145092104975,-0.00500068366042559));
#3861=CARTESIAN_POINT('',(0.00118297846198191,-0.010957220430472,-0.00507999999999999));
#3862=CARTESIAN_POINT('',(0.00123625796748784,-0.0111026206144774,-0.00508));
#3863=CARTESIAN_POINT('',(0.0111026206144773,-0.00123625796748811,-0.00508000000000009));
#3864=CARTESIAN_POINT('',(0.0109590749801854,-0.00118365803121617,-0.00508000000000007));
#3865=CARTESIAN_POINT('',(0.0108147290740262,-0.00105317983872641,-0.00500130603186481));
#3866=CARTESIAN_POINT('',(0.0107120431059686,-0.000906468831350911,-0.00486065327385679));
#3867=CARTESIAN_POINT('',(0.01067090110177,-0.000826433349075279,-0.00477910989182997));
#3868=CARTESIAN_POINT('',(0.0106349593840747,-0.000829413721495453,-0.00466236240847496));
#3869=CARTESIAN_POINT('',(0.0106266609326863,-0.000882755961983173,-0.00460233119058792));
#3870=CARTESIAN_POINT('',(0.0106246232250765,-0.000906635326663011,-0.00457199999999982));
#3871=CARTESIAN_POINT('',(0.0118173230439424,0.00127,-0.002893827855587));
#3872=CARTESIAN_POINT('',(0.0106109474495012,-0.000762,-0.00289382785558701));
#3873=CARTESIAN_POINT('',(0.0102249626070261,-0.00111172364127411,-0.002893827855587));
#3874=CARTESIAN_POINT('',(0.0106109474495012,0.000762,-0.002893827855587));
#3875=CARTESIAN_POINT('',(0.0102249626070261,0.00111172364127411,-0.002893827855587));
#3876=CARTESIAN_POINT('',(0.0102249626070261,0.00127,-0.002893827855587));
#3877=CARTESIAN_POINT('',(0.0127540053799748,0.00127,-0.0114644716959447));
#3878=CARTESIAN_POINT('',(0.0102249626070261,0.00127,-0.0033621690236032));
#3879=CARTESIAN_POINT('',(0.0102249626070261,0.000762,-0.0033621690236032));
#3880=CARTESIAN_POINT('',(0.0102249626070261,-0.000762,-0.0033621690236032));
#3881=CARTESIAN_POINT('',(0.0127540053799748,0.000762,-0.0114644716959447));
#3882=CARTESIAN_POINT('',(0.0152830481529236,0.000762,-0.0195667743682862));
#3883=CARTESIAN_POINT('',(0.0152830481529236,0.00127,-0.0195667743682862));
#3884=CARTESIAN_POINT('',(0.0152830481529236,-0.000762,-0.0195667743682862));
#3885=CARTESIAN_POINT('',(0.0102249626070261,-0.000762,-0.0033621690236032));
#3886=CARTESIAN_POINT('',(0.0102249626070261,0.00127,-0.0031279984395951));
#3887=CARTESIAN_POINT('',(0.0102249626070261,0.000762,-0.00165724694279257));
#3888=CARTESIAN_POINT('',(0.0102249626070261,-0.000762,-0.00165724694279257));
#3889=CARTESIAN_POINT('',(0.0162665648385883,0.00127,-0.0112303011119366));
#3890=CARTESIAN_POINT('',(0.0162665648385883,0.000762,-0.0112303011119366));
#3891=CARTESIAN_POINT('',(0.0191234461963177,0.000762,-0.0195667743682862));
#3892=CARTESIAN_POINT('',(0.0191234461963177,-0.000762,-0.0195667743682862));
#3893=CARTESIAN_POINT('',(0.0191234461963177,-0.000762,-0.0195667743682862));
#3894=CARTESIAN_POINT('',(0.0191234461963177,0.00127,-0.0195667743682862));
#3895=CARTESIAN_POINT('',(0.0172032471746207,0.00127,-0.0195667743682862));
#3896=CARTESIAN_POINT('',(0.0185864440636098,-0.000762,-0.0195667743682862));
#3897=CARTESIAN_POINT('',(0.0185864440636098,-0.00127,-0.0195667743682862));
#3898=CARTESIAN_POINT('',(0.0172032471746207,-0.00127,-0.0195667743682862));
#3899=CARTESIAN_POINT('',(0.0158152204305199,-0.00127,-0.0195667743682862));
#3900=CARTESIAN_POINT('',(0.0158152204305199,-0.000762,-0.0195667743682862));
#3901=CARTESIAN_POINT('',(0.0158152204305199,0.000762,-0.0195667743682862));
#3902=CARTESIAN_POINT('',(0.0158152204305199,0.00127,-0.0195667743682862));
#3903=CARTESIAN_POINT('',(0.0172032471746207,0.00127,-0.0195667743682862));
#3904=CARTESIAN_POINT('',(0.0185864440636098,0.00127,-0.0195667743682862));
#3905=CARTESIAN_POINT('',(0.0185864440636098,0.000762,-0.0195667743682862));
#3906=CARTESIAN_POINT('',(0.0146742044016719,0.00127,-0.0112303011119366));
#3907=CARTESIAN_POINT('',(0.0133428031742815,0.00127,-0.0116458830505774));
#3908=CARTESIAN_POINT('',(0.0156186464954533,0.00127,-0.0109066439816118));
#3909=CARTESIAN_POINT('',(0.0146742044016719,-0.00127,-0.0112303011119366));
#3910=CARTESIAN_POINT('',(0.0157679738261766,-0.00127,-0.0194154102661348));
#3911=CARTESIAN_POINT('',(0.0129291192814232,-0.00127,-0.00305851559107685));
#3912=CARTESIAN_POINT('',(0.0156186464954533,-0.000762,-0.0109066439816118));
#3913=CARTESIAN_POINT('',(0.0157860006391526,0.000762,-0.0113949888474264));
#3914=CARTESIAN_POINT('',(0.0132389310532279,0.000762,-0.0113131075937933));
#3915=CARTESIAN_POINT('',(0.0133428031742815,-0.000762,-0.0116458830505774));
#3916=CARTESIAN_POINT('',(0.00127,-0.0118173230439424,-0.002893827855587));
#3917=CARTESIAN_POINT('',(-0.000762,-0.0106109474495012,-0.00289382785558701));
#3918=CARTESIAN_POINT('',(-0.00111172364127411,-0.0102249626070261,-0.002893827855587));
#3919=CARTESIAN_POINT('',(0.000762,-0.0106109474495012,-0.002893827855587));
#3920=CARTESIAN_POINT('',(0.00111172364127411,-0.0102249626070261,-0.002893827855587));
#3921=CARTESIAN_POINT('',(0.00127,-0.0102249626070261,-0.002893827855587));
#3922=CARTESIAN_POINT('',(0.00127,-0.0127540053799748,-0.0114644716959447));
#3923=CARTESIAN_POINT('',(0.00127,-0.0152830481529236,-0.0195667743682862));
#3924=CARTESIAN_POINT('',(0.000762,-0.0152830481529236,-0.0195667743682862));
#3925=CARTESIAN_POINT('',(-0.000762,-0.0152830481529236,-0.0195667743682862));
#3926=CARTESIAN_POINT('',(-0.000762,-0.0102249626070261,-0.0033621690236032));
#3927=CARTESIAN_POINT('',(-0.000762,-0.0102249626070261,-0.0033621690236032));
#3928=CARTESIAN_POINT('',(0.00127,-0.0102249626070261,-0.0033621690236032));
#3929=CARTESIAN_POINT('',(0.000762,-0.0102249626070261,-0.0033621690236032));
#3930=CARTESIAN_POINT('',(0.000762,-0.0127540053799748,-0.0114644716959447));
#3931=CARTESIAN_POINT('',(0.00127,-0.0102249626070261,-0.0031279984395951));
#3932=CARTESIAN_POINT('',(-0.000762,-0.0102249626070261,-0.00165724694279257));
#3933=CARTESIAN_POINT('',(0.000762,-0.0102249626070261,-0.00165724694279257));
#3934=CARTESIAN_POINT('',(0.00127,-0.0162665648385883,-0.0112303011119366));
#3935=CARTESIAN_POINT('',(0.000762,-0.0162665648385883,-0.0112303011119366));
#3936=CARTESIAN_POINT('',(0.000762,-0.0191234461963177,-0.0195667743682862));
#3937=CARTESIAN_POINT('',(-0.000762,-0.0191234461963177,-0.0195667743682862));
#3938=CARTESIAN_POINT('',(-0.000762,-0.0191234461963177,-0.0195667743682862));
#3939=CARTESIAN_POINT('',(0.00127,-0.0191234461963177,-0.0195667743682862));
#3940=CARTESIAN_POINT('',(0.00127,-0.0172032471746207,-0.0195667743682862));
#3941=CARTESIAN_POINT('',(-0.00127,-0.0172032471746207,-0.0195667743682862));
#3942=CARTESIAN_POINT('',(-0.00127,-0.0158152204305199,-0.0195667743682862));
#3943=CARTESIAN_POINT('',(-0.00127,-0.0185864440636098,-0.0195667743682862));
#3944=CARTESIAN_POINT('',(-0.000762,-0.0158152204305199,-0.0195667743682862));
#3945=CARTESIAN_POINT('',(0.000762,-0.0158152204305199,-0.0195667743682862));
#3946=CARTESIAN_POINT('',(0.00127,-0.0158152204305199,-0.0195667743682862));
#3947=CARTESIAN_POINT('',(0.00127,-0.0172032471746207,-0.0195667743682862));
#3948=CARTESIAN_POINT('',(0.00127,-0.0185864440636098,-0.0195667743682862));
#3949=CARTESIAN_POINT('',(0.000762,-0.0185864440636098,-0.0195667743682862));
#3950=CARTESIAN_POINT('',(-0.000762,-0.0185864440636098,-0.0195667743682862));
#3951=CARTESIAN_POINT('',(0.00127,-0.0146742044016719,-0.0112303011119366));
#3952=CARTESIAN_POINT('',(0.00127,-0.0133428031742815,-0.0116458830505774));
#3953=CARTESIAN_POINT('',(0.00127,-0.0156186464954533,-0.0109066439816118));
#3954=CARTESIAN_POINT('',(-0.00127,-0.0146742044016719,-0.0112303011119366));
#3955=CARTESIAN_POINT('',(-0.00127,-0.0157679738261766,-0.0194154102661348));
#3956=CARTESIAN_POINT('',(-0.00127,-0.0129291192814232,-0.00305851559107685));
#3957=CARTESIAN_POINT('',(-0.000762,-0.0133428031742815,-0.0116458830505774));
#3958=CARTESIAN_POINT('',(-0.000762,-0.0156186464954533,-0.0109066439816118));
#3959=CARTESIAN_POINT('',(0.000762,-0.0157860006391526,-0.0113949888474264));
#3960=CARTESIAN_POINT('',(0.000762,-0.0132389310532279,-0.0113131075937933));
#3961=CARTESIAN_POINT('',(-0.00127,0.0118173230439424,-0.002893827855587));
#3962=CARTESIAN_POINT('',(0.000762,0.0106109474495012,-0.00289382785558701));
#3963=CARTESIAN_POINT('',(0.00111172364127411,0.0102249626070261,-0.002893827855587));
#3964=CARTESIAN_POINT('',(-0.000762,0.0106109474495012,-0.002893827855587));
#3965=CARTESIAN_POINT('',(-0.00111172364127411,0.0102249626070261,-0.002893827855587));
#3966=CARTESIAN_POINT('',(-0.00127,0.0102249626070261,-0.002893827855587));
#3967=CARTESIAN_POINT('',(-0.00127,0.0127540053799748,-0.0114644716959447));
#3968=CARTESIAN_POINT('',(-0.00127,0.0152830481529236,-0.0195667743682862));
#3969=CARTESIAN_POINT('',(-0.000762,0.0152830481529236,-0.0195667743682862));
#3970=CARTESIAN_POINT('',(0.000762,0.0152830481529236,-0.0195667743682862));
#3971=CARTESIAN_POINT('',(0.000762,0.0102249626070261,-0.0033621690236032));
#3972=CARTESIAN_POINT('',(0.000762,0.0102249626070261,-0.0033621690236032));
#3973=CARTESIAN_POINT('',(-0.00127,0.0102249626070261,-0.0033621690236032));
#3974=CARTESIAN_POINT('',(-0.000762,0.0102249626070261,-0.0033621690236032));
#3975=CARTESIAN_POINT('',(-0.000762,0.0127540053799748,-0.0114644716959447));
#3976=CARTESIAN_POINT('',(-0.00127,0.0102249626070261,-0.0031279984395951));
#3977=CARTESIAN_POINT('',(0.000762,0.0102249626070261,-0.00165724694279257));
#3978=CARTESIAN_POINT('',(-0.000762,0.0102249626070261,-0.00165724694279257));
#3979=CARTESIAN_POINT('',(-0.00127,0.0162665648385883,-0.0112303011119366));
#3980=CARTESIAN_POINT('',(-0.000762,0.0162665648385883,-0.0112303011119366));
#3981=CARTESIAN_POINT('',(-0.000762,0.0191234461963177,-0.0195667743682862));
#3982=CARTESIAN_POINT('',(0.000762,0.0191234461963177,-0.0195667743682862));
#3983=CARTESIAN_POINT('',(0.000762,0.0191234461963177,-0.0195667743682862));
#3984=CARTESIAN_POINT('',(-0.00127,0.0191234461963177,-0.0195667743682862));
#3985=CARTESIAN_POINT('',(-0.00127,0.0172032471746207,-0.0195667743682862));
#3986=CARTESIAN_POINT('',(0.000762,0.0185864440636098,-0.0195667743682862));
#3987=CARTESIAN_POINT('',(0.00127,0.0185864440636098,-0.0195667743682862));
#3988=CARTESIAN_POINT('',(0.00127,0.0172032471746207,-0.0195667743682862));
#3989=CARTESIAN_POINT('',(0.00127,0.0158152204305199,-0.0195667743682862));
#3990=CARTESIAN_POINT('',(0.000762,0.0158152204305199,-0.0195667743682862));
#3991=CARTESIAN_POINT('',(-0.000762,0.0158152204305199,-0.0195667743682862));
#3992=CARTESIAN_POINT('',(-0.00127,0.0158152204305199,-0.0195667743682862));
#3993=CARTESIAN_POINT('',(-0.00127,0.0172032471746207,-0.0195667743682862));
#3994=CARTESIAN_POINT('',(-0.00127,0.0185864440636098,-0.0195667743682862));
#3995=CARTESIAN_POINT('',(-0.000762,0.0185864440636098,-0.0195667743682862));
#3996=CARTESIAN_POINT('',(-0.00127,0.0146742044016719,-0.0112303011119366));
#3997=CARTESIAN_POINT('',(-0.00127,0.0133428031742815,-0.0116458830505774));
#3998=CARTESIAN_POINT('',(-0.00127,0.0156186464954533,-0.0109066439816118));
#3999=CARTESIAN_POINT('',(0.00127,0.0146742044016719,-0.0112303011119366));
#4000=CARTESIAN_POINT('',(0.00127,0.0157679738261766,-0.0194154102661348));
#4001=CARTESIAN_POINT('',(0.00127,0.0129291192814232,-0.00305851559107685));
#4002=CARTESIAN_POINT('',(0.000762,0.0156186464954533,-0.0109066439816118));
#4003=CARTESIAN_POINT('',(-0.000762,0.0157860006391526,-0.0113949888474264));
#4004=CARTESIAN_POINT('',(0.000762,0.0133428031742815,-0.0116458830505774));
#4005=CARTESIAN_POINT('',(-0.000762,0.0132389310532279,-0.0113131075937933));
#4006=CARTESIAN_POINT('',(-0.0118173230439424,-0.00127,-0.002893827855587));
#4007=CARTESIAN_POINT('',(-0.0106109474495012,0.000762,-0.00289382785558701));
#4008=CARTESIAN_POINT('',(-0.0102249626070261,0.00111172364127411,-0.002893827855587));
#4009=CARTESIAN_POINT('',(-0.0106109474495012,-0.000762,-0.002893827855587));
#4010=CARTESIAN_POINT('',(-0.0102249626070261,-0.00111172364127411,-0.002893827855587));
#4011=CARTESIAN_POINT('',(-0.0102249626070261,-0.00127,-0.002893827855587));
#4012=CARTESIAN_POINT('',(-0.0127540053799748,-0.00127,-0.0114644716959447));
#4013=CARTESIAN_POINT('',(-0.0152830481529236,-0.00127,-0.0195667743682862));
#4014=CARTESIAN_POINT('',(-0.0152830481529236,-0.000762,-0.0195667743682862));
#4015=CARTESIAN_POINT('',(-0.0152830481529236,0.000762,-0.0195667743682862));
#4016=CARTESIAN_POINT('',(-0.0102249626070261,0.000762,-0.0033621690236032));
#4017=CARTESIAN_POINT('',(-0.0102249626070261,0.000762,-0.0033621690236032));
#4018=CARTESIAN_POINT('',(-0.0102249626070261,-0.00127,-0.0033621690236032));
#4019=CARTESIAN_POINT('',(-0.0102249626070261,-0.000762,-0.0033621690236032));
#4020=CARTESIAN_POINT('',(-0.0127540053799748,-0.000762,-0.0114644716959447));
#4021=CARTESIAN_POINT('',(-0.0102249626070261,-0.00127,-0.0031279984395951));
#4022=CARTESIAN_POINT('',(-0.0102249626070261,0.000762,-0.00165724694279257));
#4023=CARTESIAN_POINT('',(-0.0102249626070261,-0.000762,-0.00165724694279257));
#4024=CARTESIAN_POINT('',(-0.0162665648385883,-0.00127,-0.0112303011119366));
#4025=CARTESIAN_POINT('',(-0.0162665648385883,-0.000762,-0.0112303011119366));
#4026=CARTESIAN_POINT('',(-0.0191234461963177,-0.000762,-0.0195667743682862));
#4027=CARTESIAN_POINT('',(-0.0191234461963177,0.000762,-0.0195667743682862));
#4028=CARTESIAN_POINT('',(-0.0191234461963177,0.000762,-0.0195667743682862));
#4029=CARTESIAN_POINT('',(-0.0191234461963177,-0.00127,-0.0195667743682862));
#4030=CARTESIAN_POINT('',(-0.0172032471746207,-0.00127,-0.0195667743682862));
#4031=CARTESIAN_POINT('',(-0.0185864440636098,0.000762,-0.0195667743682862));
#4032=CARTESIAN_POINT('',(-0.0185864440636098,0.00127,-0.0195667743682862));
#4033=CARTESIAN_POINT('',(-0.0172032471746207,0.00127,-0.0195667743682862));
#4034=CARTESIAN_POINT('',(-0.0158152204305199,0.00127,-0.0195667743682862));
#4035=CARTESIAN_POINT('',(-0.0158152204305199,0.000762,-0.0195667743682862));
#4036=CARTESIAN_POINT('',(-0.0158152204305199,-0.000762,-0.0195667743682862));
#4037=CARTESIAN_POINT('',(-0.0158152204305199,-0.00127,-0.0195667743682862));
#4038=CARTESIAN_POINT('',(-0.0172032471746207,-0.00127,-0.0195667743682862));
#4039=CARTESIAN_POINT('',(-0.0185864440636098,-0.00127,-0.0195667743682862));
#4040=CARTESIAN_POINT('',(-0.0185864440636098,-0.000762,-0.0195667743682862));
#4041=CARTESIAN_POINT('',(-0.0146742044016719,-0.00127,-0.0112303011119366));
#4042=CARTESIAN_POINT('',(-0.0133428031742815,-0.00127,-0.0116458830505774));
#4043=CARTESIAN_POINT('',(-0.0156186464954533,-0.00127,-0.0109066439816118));
#4044=CARTESIAN_POINT('',(-0.0146742044016719,0.00127,-0.0112303011119366));
#4045=CARTESIAN_POINT('',(-0.0157679738261766,0.00127,-0.0194154102661348));
#4046=CARTESIAN_POINT('',(-0.0129291192814232,0.00127,-0.00305851559107685));
#4047=CARTESIAN_POINT('',(-0.0156186464954533,0.000762,-0.0109066439816118));
#4048=CARTESIAN_POINT('',(-0.0133428031742815,0.000762,-0.0116458830505774));
#4049=CARTESIAN_POINT('',(-0.0157860006391526,-0.000762,-0.0113949888474264));
#4050=CARTESIAN_POINT('',(-0.0132389310532279,-0.000762,-0.0113131075937933));
#4051=CARTESIAN_POINT('',(-0.0318254567682743,0.00301033235155046,0.0355105394661426));
#4052=MECHANICAL_DESIGN_GEOMETRIC_PRESENTATION_REPRESENTATION('',(#2199,
#2200,#2201),#4053);
#4053=(
GEOMETRIC_REPRESENTATION_CONTEXT(3)
GLOBAL_UNCERTAINTY_ASSIGNED_CONTEXT((#4057))
GLOBAL_UNIT_ASSIGNED_CONTEXT((#4063,#4062,#4061))
REPRESENTATION_CONTEXT('minirocket build','TOP_LEVEL_ASSEMBLY_PART')
);
#4054=(
GEOMETRIC_REPRESENTATION_CONTEXT(3)
GLOBAL_UNCERTAINTY_ASSIGNED_CONTEXT((#4058))
GLOBAL_UNIT_ASSIGNED_CONTEXT((#4063,#4062,#4061))
REPRESENTATION_CONTEXT('Part 1','COMPONENT_PART')
);
#4055=(
GEOMETRIC_REPRESENTATION_CONTEXT(3)
GLOBAL_UNCERTAINTY_ASSIGNED_CONTEXT((#4059))
GLOBAL_UNIT_ASSIGNED_CONTEXT((#4063,#4062,#4061))
REPRESENTATION_CONTEXT('Part 3','COMPONENT_PART')
);
#4056=(
GEOMETRIC_REPRESENTATION_CONTEXT(3)
GLOBAL_UNCERTAINTY_ASSIGNED_CONTEXT((#4060))
GLOBAL_UNIT_ASSIGNED_CONTEXT((#4063,#4062,#4061))
REPRESENTATION_CONTEXT('Part 2','COMPONENT_PART')
);
#4057=UNCERTAINTY_MEASURE_WITH_UNIT(LENGTH_MEASURE(1.E-8),#4063,
'DISTANCE_ACCURACY_VALUE','Maximum Tolerance applied to model');
#4058=UNCERTAINTY_MEASURE_WITH_UNIT(LENGTH_MEASURE(2.E-5),#4063,
'DISTANCE_ACCURACY_VALUE','Maximum Tolerance applied to model');
#4059=UNCERTAINTY_MEASURE_WITH_UNIT(LENGTH_MEASURE(1.E-8),#4063,
'DISTANCE_ACCURACY_VALUE','Maximum Tolerance applied to model');
#4060=UNCERTAINTY_MEASURE_WITH_UNIT(LENGTH_MEASURE(2.E-5),#4063,
'DISTANCE_ACCURACY_VALUE','Maximum Tolerance applied to model');
#4061=(
NAMED_UNIT(*)
SI_UNIT($,.STERADIAN.)
SOLID_ANGLE_UNIT()
);
#4062=(
NAMED_UNIT(*)
PLANE_ANGLE_UNIT()
SI_UNIT($,.RADIAN.)
);
#4063=(
LENGTH_UNIT()
NAMED_UNIT(*)
SI_UNIT($,.METRE.)
);
#4064=PRODUCT_DEFINITION_SHAPE('','',#4071);
#4065=PRODUCT_DEFINITION_SHAPE('','',#4072);
#4066=PRODUCT_DEFINITION_SHAPE(' ','NAUO PRDDFN',#13);
#4067=PRODUCT_DEFINITION_SHAPE('','',#4073);
#4068=PRODUCT_DEFINITION_SHAPE(' ','NAUO PRDDFN',#14);
#4069=PRODUCT_DEFINITION_SHAPE('','',#4074);
#4070=PRODUCT_DEFINITION_SHAPE(' ','NAUO PRDDFN',#15);
#4071=PRODUCT_DEFINITION('','',#4079,#4075);
#4072=PRODUCT_DEFINITION('','',#4080,#4076);
#4073=PRODUCT_DEFINITION('','',#4081,#4077);
#4074=PRODUCT_DEFINITION('','',#4082,#4078);
#4075=PRODUCT_DEFINITION_CONTEXT('',#4100,'design');
#4076=PRODUCT_DEFINITION_CONTEXT('',#4100,'design');
#4077=PRODUCT_DEFINITION_CONTEXT('',#4100,'design');
#4078=PRODUCT_DEFINITION_CONTEXT('',#4100,'design');
#4079=PRODUCT_DEFINITION_FORMATION_WITH_SPECIFIED_SOURCE('','',#4087,
 .NOT_KNOWN.);
#4080=PRODUCT_DEFINITION_FORMATION_WITH_SPECIFIED_SOURCE('','',#4088,
 .NOT_KNOWN.);
#4081=PRODUCT_DEFINITION_FORMATION_WITH_SPECIFIED_SOURCE('','',#4089,
 .NOT_KNOWN.);
#4082=PRODUCT_DEFINITION_FORMATION_WITH_SPECIFIED_SOURCE('','',#4090,
 .NOT_KNOWN.);
#4083=PRODUCT_RELATED_PRODUCT_CATEGORY('','',(#4087));
#4084=PRODUCT_RELATED_PRODUCT_CATEGORY('','',(#4088));
#4085=PRODUCT_RELATED_PRODUCT_CATEGORY('','',(#4089));
#4086=PRODUCT_RELATED_PRODUCT_CATEGORY('','',(#4090));
#4087=PRODUCT('minirocket build','minirocket build','minirocket build',
(#4095));
#4088=PRODUCT('Part 1','Part 1','Part 1',(#4096));
#4089=PRODUCT('Part 3','Part 3','Part 3',(#4097));
#4090=PRODUCT('Part 2','Part 2','Part 2',(#4098));
#4091=PRODUCT_CATEGORY('','');
#4092=PRODUCT_CATEGORY('','');
#4093=PRODUCT_CATEGORY('','');
#4094=PRODUCT_CATEGORY('','');
#4095=PRODUCT_CONTEXT('',#4100,'mechanical');
#4096=PRODUCT_CONTEXT('',#4100,'mechanical');
#4097=PRODUCT_CONTEXT('',#4100,'mechanical');
#4098=PRODUCT_CONTEXT('',#4100,'mechanical');
#4099=APPLICATION_PROTOCOL_DEFINITION('international standard',
'ap242_managed_model_based_3d_engineering',2020,#4100);
#4100=APPLICATION_CONTEXT('managed model based 3d engineering');
ENDSEC;
END-ISO-10303-21;
