ISO-10303-21;
HEADER;
/* Generated by software containing ST-Developer
 * from STEP Tools, Inc. (www.steptools.com) 
 */
/* OPTION: using custom renumber hook */

FILE_DESCRIPTION(
/* description */ ('STEP AP242 Edition 2',
'CAx-IF Rec.Pracs.---Representation and Presentation of Product Manufa
cturing Information (PMI)---4.0---2014-10-13',
'CAx-IF Rec.Pracs.---3D Tessellated Geometry---0.4---2014-09-14','2;1',
'CAx-IF Rec.Pracs.---User Defined Attributes---1.5---2016-08-15'),
/* implementation_level */ '2;1');

FILE_NAME(
/* name */ 'mini rocket',
/* time_stamp */ '2026-08-03T01:29:34Z',
/* author */ (''),
/* organization */ (''),
/* preprocessor_version */ 'ST-DEVELOPER v20',
/* originating_system */ 'ONSHAPE BY PTC INC, 1.218',
/* authorisation */ '  ');

FILE_SCHEMA (('AP242_MANAGED_MODEL_BASED_3D_ENGINEERING_MIM_LF { 1 0 10303 442 3 1 4 }'));
ENDSEC;

DATA;
#10=SHAPE_REPRESENTATION_RELATIONSHIP('','',#2217,#13);
#11=SHAPE_REPRESENTATION_RELATIONSHIP('','',#2218,#14);
#12=SHAPE_REPRESENTATION_RELATIONSHIP('','',#2219,#15);
#13=ADVANCED_BREP_SHAPE_REPRESENTATION('',(#2211),#4037);
#14=ADVANCED_BREP_SHAPE_REPRESENTATION('',(#2212),#4038);
#15=ADVANCED_BREP_SHAPE_REPRESENTATION('',(#2213),#4039);
#16=(
BOUNDED_SURFACE()
B_SPLINE_SURFACE(3,2,((#3396,#3397,#3398),(#3399,#3400,#3401),(#3402,#3403,
#3404),(#3405,#3406,#3407),(#3408,#3409,#3410),(#3411,#3412,#3413),(#3414,
#3415,#3416),(#3417,#3418,#3419)),.UNSPECIFIED.,.F.,.F.,.F.)
B_SPLINE_SURFACE_WITH_KNOTS((4,1,1,1,1,4),(3,3),(0.00858951697832058,0.00948903011767446,
0.0103885432570283,0.0112880563963822,0.0117378129660592,0.0121875695357361),
(0.,1.),.UNSPECIFIED.)
GEOMETRIC_REPRESENTATION_ITEM()
RATIONAL_B_SPLINE_SURFACE(((1.,0.755729389002843,1.),(1.,0.78070874280413,
1.),(1.,0.827233509727797,1.),(1.,0.889079851153678,1.),(1.,0.935135876350544,
1.),(1.,0.967636461892166,1.),(1.,0.981989212070562,1.),(1.,0.986733949303344,
1.)))
REPRESENTATION_ITEM('')
SURFACE()
);
#17=TOROIDAL_SURFACE('',#2282,0.001016,0.000508);
#18=TOROIDAL_SURFACE('',#2357,0.0111712362015667,0.000508);
#19=TOROIDAL_SURFACE('',#2360,0.0111712362015667,0.000508);
#20=TOROIDAL_SURFACE('',#2363,0.0111712362015667,0.000508);
#21=TOROIDAL_SURFACE('',#2393,0.0150936823179462,0.002286);
#22=TOROIDAL_SURFACE('',#2394,0.0111712362015667,0.000508);
#23=VERTEX_LOOP('',#1512);
#24=B_SPLINE_SURFACE_WITH_KNOTS('',3,3,((#3243,#3244,#3245,#3246,#3247,
#3248,#3249,#3250,#3251,#3252,#3253,#3254,#3255,#3256,#3257,#3258,#3259,
#3260,#3261),(#3262,#3263,#3264,#3265,#3266,#3267,#3268,#3269,#3270,#3271,
#3272,#3273,#3274,#3275,#3276,#3277,#3278,#3279,#3280),(#3281,#3282,#3283,
#3284,#3285,#3286,#3287,#3288,#3289,#3290,#3291,#3292,#3293,#3294,#3295,
#3296,#3297,#3298,#3299),(#3300,#3301,#3302,#3303,#3304,#3305,#3306,#3307,
#3308,#3309,#3310,#3311,#3312,#3313,#3314,#3315,#3316,#3317,#3318)),
 .UNSPECIFIED.,.F.,.T.,.F.,(4,4),(1,1,1,1,1,1,1,1,1,1,1,1,1,1,1,1,1,1,1,
1,1,1,1),(0.,1.),(-1.17809724509617,-0.785398163397448,-0.392699081698725,
0.,0.392699081698724,0.785398163397448,1.17809724509617,1.5707963267949,
1.96349540849362,2.35619449019234,2.74889357189107,3.14159265358979,3.53429173528852,
3.92699081698724,4.31968989868597,4.71238898038469,5.10508806208341,5.49778714378214,
5.89048622548086,6.28318530717959,6.67588438887831,7.06858347057703,7.46128255227576),
 .UNSPECIFIED.);
#25=CONICAL_SURFACE('',#2248,0.0073140268214047,0.0283092536841773);
#26=CONICAL_SURFACE('',#2348,0.0125365616947,0.785398163397448);
#27=PLANE('',#2235);
#28=PLANE('',#2239);
#29=PLANE('',#2250);
#30=PLANE('',#2251);
#31=PLANE('',#2252);
#32=PLANE('',#2253);
#33=PLANE('',#2254);
#34=PLANE('',#2255);
#35=PLANE('',#2256);
#36=PLANE('',#2257);
#37=PLANE('',#2258);
#38=PLANE('',#2260);
#39=PLANE('',#2262);
#40=PLANE('',#2264);
#41=PLANE('',#2266);
#42=PLANE('',#2268);
#43=PLANE('',#2270);
#44=PLANE('',#2272);
#45=PLANE('',#2293);
#46=PLANE('',#2295);
#47=PLANE('',#2301);
#48=PLANE('',#2303);
#49=PLANE('',#2306);
#50=PLANE('',#2309);
#51=PLANE('',#2312);
#52=PLANE('',#2315);
#53=PLANE('',#2318);
#54=PLANE('',#2321);
#55=PLANE('',#2325);
#56=PLANE('',#2326);
#57=PLANE('',#2327);
#58=PLANE('',#2329);
#59=PLANE('',#2330);
#60=PLANE('',#2331);
#61=PLANE('',#2334);
#62=PLANE('',#2335);
#63=PLANE('',#2336);
#64=PLANE('',#2338);
#65=PLANE('',#2339);
#66=PLANE('',#2343);
#67=PLANE('',#2344);
#68=PLANE('',#2346);
#69=PLANE('',#2349);
#70=PLANE('',#2351);
#71=PLANE('',#2353);
#72=PLANE('',#2355);
#73=PLANE('',#2374);
#74=PLANE('',#2395);
#75=PLANE('',#2398);
#76=PLANE('',#2399);
#77=PLANE('',#2402);
#78=PLANE('',#2403);
#79=PLANE('',#2408);
#80=PLANE('',#2409);
#81=PLANE('',#2414);
#82=PLANE('',#2417);
#83=PLANE('',#2418);
#84=PLANE('',#2421);
#85=PLANE('',#2422);
#86=PLANE('',#2427);
#87=PLANE('',#2428);
#88=PLANE('',#2433);
#89=PLANE('',#2436);
#90=PLANE('',#2437);
#91=PLANE('',#2440);
#92=PLANE('',#2441);
#93=PLANE('',#2446);
#94=PLANE('',#2447);
#95=PLANE('',#2452);
#96=PLANE('',#2455);
#97=PLANE('',#2456);
#98=PLANE('',#2459);
#99=PLANE('',#2460);
#100=PLANE('',#2465);
#101=PLANE('',#2466);
#102=B_SPLINE_CURVE_WITH_KNOTS('',3,(#3168,#3169,#3170,#3171),
 .UNSPECIFIED.,.F.,.F.,(4,4),(0.,0.00101521232552833),.UNSPECIFIED.);
#103=B_SPLINE_CURVE_WITH_KNOTS('',3,(#3175,#3176,#3177,#3178,#3179,#3180,
#3181,#3182),.UNSPECIFIED.,.F.,.F.,(4,1,1,1,1,4),(0.,0.000878948621006738,
0.00175789724201348,0.00263684586302021,0.00307632017352358,0.00351579448402695),
 .UNSPECIFIED.);
#104=B_SPLINE_CURVE_WITH_KNOTS('',3,(#3361,#3362,#3363,#3364),
 .UNSPECIFIED.,.F.,.F.,(4,4),(3.54775934322987E-16,0.000977107116340315),
 .UNSPECIFIED.);
#105=B_SPLINE_CURVE_WITH_KNOTS('',3,(#3390,#3391,#3392,#3393),
 .UNSPECIFIED.,.F.,.F.,(4,4),(0.,0.00244844755259394),.UNSPECIFIED.);
#106=B_SPLINE_CURVE_WITH_KNOTS('',3,(#3515,#3516,#3517,#3518),
 .UNSPECIFIED.,.F.,.F.,(4,4),(0.,0.00609954566141593),.UNSPECIFIED.);
#107=B_SPLINE_CURVE_WITH_KNOTS('',3,(#3524,#3525,#3526,#3527),
 .UNSPECIFIED.,.F.,.F.,(4,4),(0.,0.00177098205313087),.UNSPECIFIED.);
#108=B_SPLINE_CURVE_WITH_KNOTS('',3,(#3530,#3531,#3532,#3533),
 .UNSPECIFIED.,.F.,.F.,(4,4),(0.,0.00609954566141593),.UNSPECIFIED.);
#109=B_SPLINE_CURVE_WITH_KNOTS('',3,(#3542,#3543,#3544,#3545),
 .UNSPECIFIED.,.F.,.F.,(4,4),(0.,0.00609954566141593),.UNSPECIFIED.);
#110=B_SPLINE_CURVE_WITH_KNOTS('',3,(#3551,#3552,#3553,#3554),
 .UNSPECIFIED.,.F.,.F.,(4,4),(0.,0.00177098205313087),.UNSPECIFIED.);
#111=B_SPLINE_CURVE_WITH_KNOTS('',3,(#3560,#3561,#3562,#3563),
 .UNSPECIFIED.,.F.,.F.,(4,4),(0.,0.00609954566141593),.UNSPECIFIED.);
#112=B_SPLINE_CURVE_WITH_KNOTS('',3,(#3574,#3575,#3576,#3577),
 .UNSPECIFIED.,.F.,.F.,(4,4),(0.,0.00609954566141593),.UNSPECIFIED.);
#113=B_SPLINE_CURVE_WITH_KNOTS('',3,(#3585,#3586,#3587,#3588),
 .UNSPECIFIED.,.F.,.F.,(4,4),(0.,0.00177098205313087),.UNSPECIFIED.);
#114=B_SPLINE_CURVE_WITH_KNOTS('',3,(#3591,#3592,#3593,#3594),
 .UNSPECIFIED.,.F.,.F.,(4,4),(0.,0.00609954566141593),.UNSPECIFIED.);
#115=B_SPLINE_CURVE_WITH_KNOTS('',3,(#3603,#3604,#3605,#3606),
 .UNSPECIFIED.,.F.,.F.,(4,4),(0.,0.00609954566141593),.UNSPECIFIED.);
#116=B_SPLINE_CURVE_WITH_KNOTS('',3,(#3612,#3613,#3614,#3615),
 .UNSPECIFIED.,.F.,.F.,(4,4),(0.,0.00177098205313087),.UNSPECIFIED.);
#117=B_SPLINE_CURVE_WITH_KNOTS('',3,(#3623,#3624,#3625,#3626),
 .UNSPECIFIED.,.F.,.F.,(4,4),(0.,0.00609954566141593),.UNSPECIFIED.);
#118=B_SPLINE_CURVE_WITH_KNOTS('',3,(#3643,#3644,#3645,#3646,#3647,#3648,
#3649,#3650),.UNSPECIFIED.,.F.,.F.,(4,1,1,1,1,4),(7.16613605640398E-5,0.000530293854366932,
0.000644951977817655,0.000759610101268378,0.000874268224719101,0.000988926348169824),
 .UNSPECIFIED.);
#119=B_SPLINE_CURVE_WITH_KNOTS('',3,(#3655,#3656,#3657,#3658,#3659,#3660,
#3661,#3662),.UNSPECIFIED.,.F.,.F.,(4,1,1,1,1,4),(2.54392327504692E-7,0.000116560801240246,
0.000232867210152987,0.000349173619065728,0.000465480027978469,0.000930705663629434),
 .UNSPECIFIED.);
#120=B_SPLINE_CURVE_WITH_KNOTS('',3,(#3666,#3667,#3668,#3669,#3670,#3671,
#3672,#3673),.UNSPECIFIED.,.F.,.F.,(4,1,1,1,1,4),(7.1661360564049E-5,0.000530293854366934,
0.000644951977817656,0.000759610101268377,0.000874268224719098,0.000988926348169819),
 .UNSPECIFIED.);
#121=B_SPLINE_CURVE_WITH_KNOTS('',3,(#3678,#3679,#3680,#3681,#3682,#3683,
#3684,#3685),.UNSPECIFIED.,.F.,.F.,(4,1,1,1,1,4),(2.54392334149089E-7,0.000116560801246885,
0.000232867210159621,0.000349173619072357,0.000465480027985092,0.000930705663636036),
 .UNSPECIFIED.);
#122=B_SPLINE_CURVE_WITH_KNOTS('',3,(#3689,#3690,#3691,#3692,#3693,#3694,
#3695,#3696),.UNSPECIFIED.,.F.,.F.,(4,1,1,1,1,4),(2.54392327503436E-7,0.000116560801240245,
0.000232867210152986,0.000349173619065728,0.000465480027978469,0.000930705663629435),
 .UNSPECIFIED.);
#123=B_SPLINE_CURVE_WITH_KNOTS('',3,(#3701,#3702,#3703,#3704,#3705,#3706,
#3707,#3708),.UNSPECIFIED.,.F.,.F.,(4,1,1,1,1,4),(7.16613605640398E-5,0.000530293854366915,
0.000644951977817634,0.000759610101268353,0.000874268224719071,0.00098892634816979),
 .UNSPECIFIED.);
#124=B_SPLINE_CURVE_WITH_KNOTS('',3,(#3712,#3713,#3714,#3715,#3716,#3717),
 .UNSPECIFIED.,.F.,.F.,(4,1,1,4),(2.55247827119583E-15,0.000435497584761701,
0.00087099516952085,0.00174199033903915),.UNSPECIFIED.);
#125=B_SPLINE_CURVE_WITH_KNOTS('',3,(#3719,#3720,#3721,#3722,#3723,#3724),
 .UNSPECIFIED.,.F.,.F.,(4,1,1,4),(7.53696568782022E-5,0.000942514322250926,
0.00137608665493729,0.00180965898762365),.UNSPECIFIED.);
#126=B_SPLINE_CURVE_WITH_KNOTS('',3,(#3728,#3729,#3730,#3731,#3732,#3733),
 .UNSPECIFIED.,.F.,.F.,(4,1,1,4),(1.701295847849E-15,0.000435497584760857,
0.000870995169520014,0.00174199033903833),.UNSPECIFIED.);
#127=B_SPLINE_CURVE_WITH_KNOTS('',3,(#3734,#3735,#3736,#3737,#3738,#3739),
 .UNSPECIFIED.,.F.,.F.,(4,1,1,4),(7.53696568784966E-5,0.000942514322251056,
0.00137608665493734,0.00180965898762362),.UNSPECIFIED.);
#128=B_SPLINE_CURVE_WITH_KNOTS('',3,(#3743,#3744,#3745,#3746,#3747,#3748),
 .UNSPECIFIED.,.F.,.F.,(4,1,1,4),(0.,0.000435497584759168,0.000870995169518335,
0.00174199033903667),.UNSPECIFIED.);
#129=B_SPLINE_CURVE_WITH_KNOTS('',3,(#3752,#3753,#3754,#3755,#3756,#3757),
 .UNSPECIFIED.,.F.,.F.,(4,1,1,4),(7.53696568782022E-5,0.000942514322250917,
0.00137608665493728,0.00180965898762363),.UNSPECIFIED.);
#130=B_SPLINE_CURVE_WITH_KNOTS('',3,(#3761,#3762,#3763,#3764,#3765,#3766),
 .UNSPECIFIED.,.F.,.F.,(4,1,1,4),(8.53019539591291E-16,0.000435497584760013,
0.000870995169519173,0.00174199033903749),.UNSPECIFIED.);
#131=B_SPLINE_CURVE_WITH_KNOTS('',3,(#3767,#3768,#3769,#3770,#3771,#3772),
 .UNSPECIFIED.,.F.,.F.,(4,1,1,4),(7.53696568781974E-5,0.000942514322250928,
0.00137608665493729,0.00180965898762366),.UNSPECIFIED.);
#132=B_SPLINE_CURVE_WITH_KNOTS('',3,(#3838,#3839,#3840,#3841,#3842,#3843,
#3844,#3845),.UNSPECIFIED.,.F.,.F.,(4,1,1,1,1,4),(2.54392334149089E-7,0.000116560801246876,
0.000232867210159602,0.000349173619072329,0.000465480027985055,0.000930705663635961),
 .UNSPECIFIED.);
#133=B_SPLINE_CURVE_WITH_KNOTS('',3,(#3846,#3847,#3848,#3849,#3850,#3851,
#3852,#3853),.UNSPECIFIED.,.F.,.F.,(4,1,1,1,1,4),(7.16613605640398E-5,0.000530293854366907,
0.000644951977817624,0.000759610101268341,0.000874268224719058,0.000988926348169775),
 .UNSPECIFIED.);
#134=ELLIPSE('',#2224,0.0393079810376078,0.00752693368121982);
#135=ELLIPSE('',#2225,0.0393079810376078,0.00752693368121982);
#136=ELLIPSE('',#2227,0.0393079810376078,0.00752693368121982);
#137=ELLIPSE('',#2228,0.0393079810376078,0.00752693368121982);
#138=ELLIPSE('',#2230,0.0393079810376078,0.00752693368121982);
#139=ELLIPSE('',#2231,0.0393079810376078,0.00752693368121982);
#140=ELLIPSE('',#2233,0.0393079810376078,0.00752693368121982);
#141=ELLIPSE('',#2234,0.0393079810376078,0.00752693368121982);
#142=ELLIPSE('',#2259,0.00265293348032643,0.000508);
#143=ELLIPSE('',#2261,0.00265293348032643,0.000508);
#144=ELLIPSE('',#2263,0.00074630623342,0.000508);
#145=ELLIPSE('',#2265,0.00265293348032643,0.000508);
#146=ELLIPSE('',#2267,0.00265293348032643,0.000508);
#147=ELLIPSE('',#2269,0.00265293348032643,0.000508);
#148=ELLIPSE('',#2271,0.00265293348032643,0.000508);
#149=ELLIPSE('',#2273,0.00265293348032643,0.000508);
#150=ELLIPSE('',#2279,0.000841310027382113,0.000508);
#151=ELLIPSE('',#2375,0.000532172277596338,0.000508);
#152=ELLIPSE('',#2376,0.000537002132707883,0.000508);
#153=ELLIPSE('',#2377,0.000537002132707883,0.000508);
#154=ELLIPSE('',#2378,0.000532172277596338,0.000508);
#155=ELLIPSE('',#2379,0.000532172277596338,0.000508);
#156=ELLIPSE('',#2380,0.000537002132707883,0.000508);
#157=ELLIPSE('',#2381,0.000537002132707883,0.000508);
#158=ELLIPSE('',#2382,0.000532172277596338,0.000508);
#159=ELLIPSE('',#2384,0.000532172277596338,0.000508);
#160=ELLIPSE('',#2385,0.000537002132707883,0.000508);
#161=ELLIPSE('',#2386,0.000537002132707883,0.000508);
#162=ELLIPSE('',#2387,0.000532172277596338,0.000508);
#163=ELLIPSE('',#2388,0.000532172277596338,0.000508);
#164=ELLIPSE('',#2389,0.000537002132707883,0.000508);
#165=ELLIPSE('',#2390,0.000537002132707883,0.000508);
#166=ELLIPSE('',#2391,0.000532172277596338,0.000508);
#167=ELLIPSE('',#2396,0.000532172277596338,0.000508);
#168=ELLIPSE('',#2397,0.000532172277596338,0.000508);
#169=ELLIPSE('',#2400,0.00170492208081063,0.000508);
#170=ELLIPSE('',#2401,0.00170492208081063,0.000508);
#171=ELLIPSE('',#2404,0.000537002132707883,0.000508);
#172=ELLIPSE('',#2405,0.000532172277596338,0.000508);
#173=ELLIPSE('',#2406,0.000532172277596338,0.000508);
#174=ELLIPSE('',#2407,0.000537002132707883,0.000508);
#175=ELLIPSE('',#2415,0.000532172277596338,0.000508);
#176=ELLIPSE('',#2416,0.000532172277596338,0.000508);
#177=ELLIPSE('',#2419,0.00170492208081063,0.000508);
#178=ELLIPSE('',#2420,0.00170492208081063,0.000508);
#179=ELLIPSE('',#2423,0.000532172277596338,0.000508);
#180=ELLIPSE('',#2424,0.000532172277596338,0.000508);
#181=ELLIPSE('',#2425,0.000537002132707883,0.000508);
#182=ELLIPSE('',#2426,0.000537002132707883,0.000508);
#183=ELLIPSE('',#2434,0.000532172277596338,0.000508);
#184=ELLIPSE('',#2435,0.000532172277596338,0.000508);
#185=ELLIPSE('',#2438,0.00170492208081063,0.000508);
#186=ELLIPSE('',#2439,0.00170492208081063,0.000508);
#187=ELLIPSE('',#2442,0.000537002132707883,0.000508);
#188=ELLIPSE('',#2443,0.000532172277596338,0.000508);
#189=ELLIPSE('',#2444,0.000532172277596338,0.000508);
#190=ELLIPSE('',#2445,0.000537002132707883,0.000508);
#191=ELLIPSE('',#2453,0.000532172277596338,0.000508);
#192=ELLIPSE('',#2454,0.000532172277596338,0.000508);
#193=ELLIPSE('',#2457,0.00170492208081063,0.000508);
#194=ELLIPSE('',#2458,0.00170492208081063,0.000508);
#195=ELLIPSE('',#2461,0.000537002132707883,0.000508);
#196=ELLIPSE('',#2462,0.000532172277596338,0.000508);
#197=ELLIPSE('',#2463,0.000532172277596338,0.000508);
#198=ELLIPSE('',#2464,0.000537002132707883,0.000508);
#199=LINE('',#3138,#357);
#200=LINE('',#3144,#358);
#201=LINE('',#3148,#359);
#202=LINE('',#3154,#360);
#203=LINE('',#3158,#361);
#204=LINE('',#3164,#362);
#205=LINE('',#3173,#363);
#206=LINE('',#3188,#364);
#207=LINE('',#3196,#365);
#208=LINE('',#3199,#366);
#209=LINE('',#3201,#367);
#210=LINE('',#3203,#368);
#211=LINE('',#3208,#369);
#212=LINE('',#3210,#370);
#213=LINE('',#3212,#371);
#214=LINE('',#3214,#372);
#215=LINE('',#3219,#373);
#216=LINE('',#3221,#374);
#217=LINE('',#3223,#375);
#218=LINE('',#3225,#376);
#219=LINE('',#3230,#377);
#220=LINE('',#3232,#378);
#221=LINE('',#3234,#379);
#222=LINE('',#3236,#380);
#223=LINE('',#3321,#381);
#224=LINE('',#3323,#382);
#225=LINE('',#3325,#383);
#226=LINE('',#3327,#384);
#227=LINE('',#3329,#385);
#228=LINE('',#3331,#386);
#229=LINE('',#3333,#387);
#230=LINE('',#3335,#388);
#231=LINE('',#3337,#389);
#232=LINE('',#3339,#390);
#233=LINE('',#3341,#391);
#234=LINE('',#3344,#392);
#235=LINE('',#3346,#393);
#236=LINE('',#3348,#394);
#237=LINE('',#3350,#395);
#238=LINE('',#3352,#396);
#239=LINE('',#3354,#397);
#240=LINE('',#3356,#398);
#241=LINE('',#3366,#399);
#242=LINE('',#3369,#400);
#243=LINE('',#3373,#401);
#244=LINE('',#3378,#402);
#245=LINE('',#3446,#403);
#246=LINE('',#3451,#404);
#247=LINE('',#3455,#405);
#248=LINE('',#3460,#406);
#249=LINE('',#3464,#407);
#250=LINE('',#3469,#408);
#251=LINE('',#3473,#409);
#252=LINE('',#3478,#410);
#253=LINE('',#3482,#411);
#254=LINE('',#3487,#412);
#255=LINE('',#3491,#413);
#256=LINE('',#3496,#414);
#257=LINE('',#3500,#415);
#258=LINE('',#3505,#416);
#259=LINE('',#3509,#417);
#260=LINE('',#3510,#418);
#261=LINE('',#3512,#419);
#262=LINE('',#3519,#420);
#263=LINE('',#3521,#421);
#264=LINE('',#3528,#422);
#265=LINE('',#3534,#423);
#266=LINE('',#3535,#424);
#267=LINE('',#3537,#425);
#268=LINE('',#3539,#426);
#269=LINE('',#3546,#427);
#270=LINE('',#3548,#428);
#271=LINE('',#3555,#429);
#272=LINE('',#3557,#430);
#273=LINE('',#3564,#431);
#274=LINE('',#3565,#432);
#275=LINE('',#3567,#433);
#276=LINE('',#3571,#434);
#277=LINE('',#3579,#435);
#278=LINE('',#3580,#436);
#279=LINE('',#3582,#437);
#280=LINE('',#3589,#438);
#281=LINE('',#3595,#439);
#282=LINE('',#3596,#440);
#283=LINE('',#3598,#441);
#284=LINE('',#3600,#442);
#285=LINE('',#3607,#443);
#286=LINE('',#3609,#444);
#287=LINE('',#3616,#445);
#288=LINE('',#3627,#446);
#289=LINE('',#3781,#447);
#290=LINE('',#3785,#448);
#291=LINE('',#3789,#449);
#292=LINE('',#3794,#450);
#293=LINE('',#3798,#451);
#294=LINE('',#3802,#452);
#295=LINE('',#3810,#453);
#296=LINE('',#3814,#454);
#297=LINE('',#3818,#455);
#298=LINE('',#3823,#456);
#299=LINE('',#3827,#457);
#300=LINE('',#3831,#458);
#301=LINE('',#3859,#459);
#302=LINE('',#3861,#460);
#303=LINE('',#3864,#461);
#304=LINE('',#3866,#462);
#305=LINE('',#3868,#463);
#306=LINE('',#3873,#464);
#307=LINE('',#3875,#465);
#308=LINE('',#3877,#466);
#309=LINE('',#3881,#467);
#310=LINE('',#3886,#468);
#311=LINE('',#3890,#469);
#312=LINE('',#3891,#470);
#313=LINE('',#3893,#471);
#314=LINE('',#3894,#472);
#315=LINE('',#3904,#473);
#316=LINE('',#3906,#474);
#317=LINE('',#3909,#475);
#318=LINE('',#3911,#476);
#319=LINE('',#3913,#477);
#320=LINE('',#3918,#478);
#321=LINE('',#3920,#479);
#322=LINE('',#3922,#480);
#323=LINE('',#3924,#481);
#324=LINE('',#3930,#482);
#325=LINE('',#3935,#483);
#326=LINE('',#3936,#484);
#327=LINE('',#3938,#485);
#328=LINE('',#3939,#486);
#329=LINE('',#3949,#487);
#330=LINE('',#3951,#488);
#331=LINE('',#3954,#489);
#332=LINE('',#3956,#490);
#333=LINE('',#3958,#491);
#334=LINE('',#3963,#492);
#335=LINE('',#3965,#493);
#336=LINE('',#3967,#494);
#337=LINE('',#3971,#495);
#338=LINE('',#3976,#496);
#339=LINE('',#3980,#497);
#340=LINE('',#3981,#498);
#341=LINE('',#3983,#499);
#342=LINE('',#3984,#500);
#343=LINE('',#3994,#501);
#344=LINE('',#3996,#502);
#345=LINE('',#3999,#503);
#346=LINE('',#4001,#504);
#347=LINE('',#4003,#505);
#348=LINE('',#4008,#506);
#349=LINE('',#4010,#507);
#350=LINE('',#4012,#508);
#351=LINE('',#4016,#509);
#352=LINE('',#4021,#510);
#353=LINE('',#4025,#511);
#354=LINE('',#4026,#512);
#355=LINE('',#4028,#513);
#356=LINE('',#4029,#514);
#357=VECTOR('',#2479,1.);
#358=VECTOR('',#2484,1.);
#359=VECTOR('',#2487,1.);
#360=VECTOR('',#2492,1.);
#361=VECTOR('',#2495,1.);
#362=VECTOR('',#2500,1.);
#363=VECTOR('',#2503,1.);
#364=VECTOR('',#2508,1.);
#365=VECTOR('',#2519,1.);
#366=VECTOR('',#2520,1.);
#367=VECTOR('',#2521,1.);
#368=VECTOR('',#2522,1.);
#369=VECTOR('',#2527,1.);
#370=VECTOR('',#2528,1.);
#371=VECTOR('',#2529,1.);
#372=VECTOR('',#2530,1.);
#373=VECTOR('',#2535,1.);
#374=VECTOR('',#2536,1.);
#375=VECTOR('',#2537,1.);
#376=VECTOR('',#2538,1.);
#377=VECTOR('',#2543,1.);
#378=VECTOR('',#2544,1.);
#379=VECTOR('',#2545,1.);
#380=VECTOR('',#2546,1.);
#381=VECTOR('',#2557,1.);
#382=VECTOR('',#2558,1.);
#383=VECTOR('',#2561,1.);
#384=VECTOR('',#2562,1.);
#385=VECTOR('',#2565,1.);
#386=VECTOR('',#2566,1.);
#387=VECTOR('',#2569,1.);
#388=VECTOR('',#2570,1.);
#389=VECTOR('',#2573,1.);
#390=VECTOR('',#2574,1.);
#391=VECTOR('',#2577,1.);
#392=VECTOR('',#2578,1.);
#393=VECTOR('',#2579,1.);
#394=VECTOR('',#2582,1.);
#395=VECTOR('',#2583,1.);
#396=VECTOR('',#2586,1.);
#397=VECTOR('',#2587,1.);
#398=VECTOR('',#2590,1.);
#399=VECTOR('',#2599,1.);
#400=VECTOR('',#2602,1.);
#401=VECTOR('',#2609,1.);
#402=VECTOR('',#2618,1.);
#403=VECTOR('',#2685,1.);
#404=VECTOR('',#2688,1.);
#405=VECTOR('',#2693,1.);
#406=VECTOR('',#2696,1.);
#407=VECTOR('',#2701,1.);
#408=VECTOR('',#2704,1.);
#409=VECTOR('',#2709,1.);
#410=VECTOR('',#2712,1.);
#411=VECTOR('',#2717,1.);
#412=VECTOR('',#2720,1.);
#413=VECTOR('',#2725,1.);
#414=VECTOR('',#2728,1.);
#415=VECTOR('',#2733,1.);
#416=VECTOR('',#2736,1.);
#417=VECTOR('',#2741,1.);
#418=VECTOR('',#2742,1.);
#419=VECTOR('',#2745,1.);
#420=VECTOR('',#2746,1.);
#421=VECTOR('',#2749,1.);
#422=VECTOR('',#2750,1.);
#423=VECTOR('',#2753,1.);
#424=VECTOR('',#2754,1.);
#425=VECTOR('',#2757,1.);
#426=VECTOR('',#2760,1.);
#427=VECTOR('',#2761,1.);
#428=VECTOR('',#2764,1.);
#429=VECTOR('',#2765,1.);
#430=VECTOR('',#2768,1.);
#431=VECTOR('',#2769,1.);
#432=VECTOR('',#2770,1.);
#433=VECTOR('',#2773,1.);
#434=VECTOR('',#2778,1.);
#435=VECTOR('',#2779,1.);
#436=VECTOR('',#2780,1.);
#437=VECTOR('',#2783,1.);
#438=VECTOR('',#2784,1.);
#439=VECTOR('',#2787,1.);
#440=VECTOR('',#2788,1.);
#441=VECTOR('',#2791,1.);
#442=VECTOR('',#2794,1.);
#443=VECTOR('',#2795,1.);
#444=VECTOR('',#2798,1.);
#445=VECTOR('',#2799,1.);
#446=VECTOR('',#2808,1.);
#447=VECTOR('',#2873,1.);
#448=VECTOR('',#2876,1.);
#449=VECTOR('',#2879,1.);
#450=VECTOR('',#2884,1.);
#451=VECTOR('',#2887,1.);
#452=VECTOR('',#2890,1.);
#453=VECTOR('',#2897,1.);
#454=VECTOR('',#2900,1.);
#455=VECTOR('',#2903,1.);
#456=VECTOR('',#2908,1.);
#457=VECTOR('',#2911,1.);
#458=VECTOR('',#2914,1.);
#459=VECTOR('',#2929,1.);
#460=VECTOR('',#2932,1.);
#461=VECTOR('',#2933,1.);
#462=VECTOR('',#2934,1.);
#463=VECTOR('',#2935,1.);
#464=VECTOR('',#2944,1.);
#465=VECTOR('',#2945,1.);
#466=VECTOR('',#2946,1.);
#467=VECTOR('',#2951,1.);
#468=VECTOR('',#2956,1.);
#469=VECTOR('',#2961,1.);
#470=VECTOR('',#2962,1.);
#471=VECTOR('',#2965,1.);
#472=VECTOR('',#2966,1.);
#473=VECTOR('',#2981,1.);
#474=VECTOR('',#2984,1.);
#475=VECTOR('',#2985,1.);
#476=VECTOR('',#2986,1.);
#477=VECTOR('',#2987,1.);
#478=VECTOR('',#2996,1.);
#479=VECTOR('',#2997,1.);
#480=VECTOR('',#2998,1.);
#481=VECTOR('',#3001,1.);
#482=VECTOR('',#3006,1.);
#483=VECTOR('',#3013,1.);
#484=VECTOR('',#3014,1.);
#485=VECTOR('',#3017,1.);
#486=VECTOR('',#3018,1.);
#487=VECTOR('',#3033,1.);
#488=VECTOR('',#3036,1.);
#489=VECTOR('',#3037,1.);
#490=VECTOR('',#3038,1.);
#491=VECTOR('',#3039,1.);
#492=VECTOR('',#3048,1.);
#493=VECTOR('',#3049,1.);
#494=VECTOR('',#3050,1.);
#495=VECTOR('',#3055,1.);
#496=VECTOR('',#3060,1.);
#497=VECTOR('',#3065,1.);
#498=VECTOR('',#3066,1.);
#499=VECTOR('',#3069,1.);
#500=VECTOR('',#3070,1.);
#501=VECTOR('',#3085,1.);
#502=VECTOR('',#3088,1.);
#503=VECTOR('',#3089,1.);
#504=VECTOR('',#3090,1.);
#505=VECTOR('',#3091,1.);
#506=VECTOR('',#3100,1.);
#507=VECTOR('',#3101,1.);
#508=VECTOR('',#3102,1.);
#509=VECTOR('',#3107,1.);
#510=VECTOR('',#3112,1.);
#511=VECTOR('',#3117,1.);
#512=VECTOR('',#3118,1.);
#513=VECTOR('',#3121,1.);
#514=VECTOR('',#3122,1.);
#515=ORIENTED_EDGE('',*,*,#1149,.T.);
#516=ORIENTED_EDGE('',*,*,#1150,.F.);
#517=ORIENTED_EDGE('',*,*,#1151,.T.);
#518=ORIENTED_EDGE('',*,*,#1152,.T.);
#519=ORIENTED_EDGE('',*,*,#1153,.T.);
#520=ORIENTED_EDGE('',*,*,#1154,.T.);
#521=ORIENTED_EDGE('',*,*,#1155,.F.);
#522=ORIENTED_EDGE('',*,*,#1156,.T.);
#523=ORIENTED_EDGE('',*,*,#1157,.T.);
#524=ORIENTED_EDGE('',*,*,#1158,.T.);
#525=ORIENTED_EDGE('',*,*,#1159,.T.);
#526=ORIENTED_EDGE('',*,*,#1160,.F.);
#527=ORIENTED_EDGE('',*,*,#1161,.T.);
#528=ORIENTED_EDGE('',*,*,#1162,.T.);
#529=ORIENTED_EDGE('',*,*,#1163,.T.);
#530=ORIENTED_EDGE('',*,*,#1164,.T.);
#531=ORIENTED_EDGE('',*,*,#1165,.F.);
#532=ORIENTED_EDGE('',*,*,#1166,.T.);
#533=ORIENTED_EDGE('',*,*,#1167,.T.);
#534=ORIENTED_EDGE('',*,*,#1168,.T.);
#535=ORIENTED_EDGE('',*,*,#1169,.T.);
#536=ORIENTED_EDGE('',*,*,#1170,.T.);
#537=ORIENTED_EDGE('',*,*,#1171,.T.);
#538=ORIENTED_EDGE('',*,*,#1172,.T.);
#539=ORIENTED_EDGE('',*,*,#1172,.F.);
#540=ORIENTED_EDGE('',*,*,#1173,.T.);
#541=ORIENTED_EDGE('',*,*,#1174,.F.);
#542=ORIENTED_EDGE('',*,*,#1175,.T.);
#543=ORIENTED_EDGE('',*,*,#1176,.T.);
#544=ORIENTED_EDGE('',*,*,#1177,.T.);
#545=ORIENTED_EDGE('',*,*,#1178,.T.);
#546=ORIENTED_EDGE('',*,*,#1160,.T.);
#547=ORIENTED_EDGE('',*,*,#1179,.T.);
#548=ORIENTED_EDGE('',*,*,#1180,.F.);
#549=ORIENTED_EDGE('',*,*,#1181,.T.);
#550=ORIENTED_EDGE('',*,*,#1182,.T.);
#551=ORIENTED_EDGE('',*,*,#1183,.T.);
#552=ORIENTED_EDGE('',*,*,#1184,.T.);
#553=ORIENTED_EDGE('',*,*,#1155,.T.);
#554=ORIENTED_EDGE('',*,*,#1185,.T.);
#555=ORIENTED_EDGE('',*,*,#1186,.F.);
#556=ORIENTED_EDGE('',*,*,#1187,.T.);
#557=ORIENTED_EDGE('',*,*,#1188,.T.);
#558=ORIENTED_EDGE('',*,*,#1189,.T.);
#559=ORIENTED_EDGE('',*,*,#1190,.T.);
#560=ORIENTED_EDGE('',*,*,#1150,.T.);
#561=ORIENTED_EDGE('',*,*,#1191,.T.);
#562=ORIENTED_EDGE('',*,*,#1192,.F.);
#563=ORIENTED_EDGE('',*,*,#1193,.T.);
#564=ORIENTED_EDGE('',*,*,#1194,.T.);
#565=ORIENTED_EDGE('',*,*,#1195,.T.);
#566=ORIENTED_EDGE('',*,*,#1196,.T.);
#567=ORIENTED_EDGE('',*,*,#1165,.T.);
#568=ORIENTED_EDGE('',*,*,#1197,.T.);
#569=ORIENTED_EDGE('',*,*,#1173,.F.);
#570=ORIENTED_EDGE('',*,*,#1149,.F.);
#571=ORIENTED_EDGE('',*,*,#1198,.T.);
#572=ORIENTED_EDGE('',*,*,#1198,.F.);
#573=ORIENTED_EDGE('',*,*,#1186,.T.);
#574=ORIENTED_EDGE('',*,*,#1199,.T.);
#575=ORIENTED_EDGE('',*,*,#1200,.T.);
#576=ORIENTED_EDGE('',*,*,#1201,.T.);
#577=ORIENTED_EDGE('',*,*,#1202,.T.);
#578=ORIENTED_EDGE('',*,*,#1189,.F.);
#579=ORIENTED_EDGE('',*,*,#1174,.T.);
#580=ORIENTED_EDGE('',*,*,#1203,.T.);
#581=ORIENTED_EDGE('',*,*,#1204,.T.);
#582=ORIENTED_EDGE('',*,*,#1205,.T.);
#583=ORIENTED_EDGE('',*,*,#1206,.T.);
#584=ORIENTED_EDGE('',*,*,#1177,.F.);
#585=ORIENTED_EDGE('',*,*,#1192,.T.);
#586=ORIENTED_EDGE('',*,*,#1207,.T.);
#587=ORIENTED_EDGE('',*,*,#1208,.T.);
#588=ORIENTED_EDGE('',*,*,#1209,.T.);
#589=ORIENTED_EDGE('',*,*,#1210,.T.);
#590=ORIENTED_EDGE('',*,*,#1211,.T.);
#591=ORIENTED_EDGE('',*,*,#1180,.T.);
#592=ORIENTED_EDGE('',*,*,#1212,.T.);
#593=ORIENTED_EDGE('',*,*,#1213,.T.);
#594=ORIENTED_EDGE('',*,*,#1214,.T.);
#595=ORIENTED_EDGE('',*,*,#1215,.T.);
#596=ORIENTED_EDGE('',*,*,#1183,.F.);
#597=ORIENTED_EDGE('',*,*,#1216,.F.);
#598=ORIENTED_EDGE('',*,*,#1162,.F.);
#599=ORIENTED_EDGE('',*,*,#1217,.T.);
#600=ORIENTED_EDGE('',*,*,#1205,.F.);
#601=ORIENTED_EDGE('',*,*,#1176,.F.);
#602=ORIENTED_EDGE('',*,*,#1163,.F.);
#603=ORIENTED_EDGE('',*,*,#1216,.T.);
#604=ORIENTED_EDGE('',*,*,#1175,.F.);
#605=ORIENTED_EDGE('',*,*,#1204,.F.);
#606=ORIENTED_EDGE('',*,*,#1218,.T.);
#607=ORIENTED_EDGE('',*,*,#1169,.F.);
#608=ORIENTED_EDGE('',*,*,#1219,.T.);
#609=ORIENTED_EDGE('',*,*,#1220,.T.);
#610=ORIENTED_EDGE('',*,*,#1221,.T.);
#611=ORIENTED_EDGE('',*,*,#1194,.F.);
#612=ORIENTED_EDGE('',*,*,#1222,.F.);
#613=ORIENTED_EDGE('',*,*,#1170,.F.);
#614=ORIENTED_EDGE('',*,*,#1222,.T.);
#615=ORIENTED_EDGE('',*,*,#1193,.F.);
#616=ORIENTED_EDGE('',*,*,#1208,.F.);
#617=ORIENTED_EDGE('',*,*,#1223,.T.);
#618=ORIENTED_EDGE('',*,*,#1224,.F.);
#619=ORIENTED_EDGE('',*,*,#1152,.F.);
#620=ORIENTED_EDGE('',*,*,#1225,.T.);
#621=ORIENTED_EDGE('',*,*,#1201,.F.);
#622=ORIENTED_EDGE('',*,*,#1188,.F.);
#623=ORIENTED_EDGE('',*,*,#1153,.F.);
#624=ORIENTED_EDGE('',*,*,#1224,.T.);
#625=ORIENTED_EDGE('',*,*,#1187,.F.);
#626=ORIENTED_EDGE('',*,*,#1200,.F.);
#627=ORIENTED_EDGE('',*,*,#1226,.T.);
#628=ORIENTED_EDGE('',*,*,#1227,.F.);
#629=ORIENTED_EDGE('',*,*,#1157,.F.);
#630=ORIENTED_EDGE('',*,*,#1228,.T.);
#631=ORIENTED_EDGE('',*,*,#1214,.F.);
#632=ORIENTED_EDGE('',*,*,#1182,.F.);
#633=ORIENTED_EDGE('',*,*,#1158,.F.);
#634=ORIENTED_EDGE('',*,*,#1227,.T.);
#635=ORIENTED_EDGE('',*,*,#1181,.F.);
#636=ORIENTED_EDGE('',*,*,#1213,.F.);
#637=ORIENTED_EDGE('',*,*,#1229,.T.);
#638=ORIENTED_EDGE('',*,*,#1190,.F.);
#639=ORIENTED_EDGE('',*,*,#1202,.F.);
#640=ORIENTED_EDGE('',*,*,#1225,.F.);
#641=ORIENTED_EDGE('',*,*,#1151,.F.);
#642=ORIENTED_EDGE('',*,*,#1185,.F.);
#643=ORIENTED_EDGE('',*,*,#1154,.F.);
#644=ORIENTED_EDGE('',*,*,#1226,.F.);
#645=ORIENTED_EDGE('',*,*,#1199,.F.);
#646=ORIENTED_EDGE('',*,*,#1178,.F.);
#647=ORIENTED_EDGE('',*,*,#1206,.F.);
#648=ORIENTED_EDGE('',*,*,#1217,.F.);
#649=ORIENTED_EDGE('',*,*,#1161,.F.);
#650=ORIENTED_EDGE('',*,*,#1191,.F.);
#651=ORIENTED_EDGE('',*,*,#1171,.F.);
#652=ORIENTED_EDGE('',*,*,#1223,.F.);
#653=ORIENTED_EDGE('',*,*,#1207,.F.);
#654=ORIENTED_EDGE('',*,*,#1195,.F.);
#655=ORIENTED_EDGE('',*,*,#1221,.F.);
#656=ORIENTED_EDGE('',*,*,#1230,.F.);
#657=ORIENTED_EDGE('',*,*,#1211,.F.);
#658=ORIENTED_EDGE('',*,*,#1231,.F.);
#659=ORIENTED_EDGE('',*,*,#1230,.T.);
#660=ORIENTED_EDGE('',*,*,#1220,.F.);
#661=ORIENTED_EDGE('',*,*,#1232,.F.);
#662=ORIENTED_EDGE('',*,*,#1209,.F.);
#663=ORIENTED_EDGE('',*,*,#1196,.F.);
#664=ORIENTED_EDGE('',*,*,#1231,.T.);
#665=ORIENTED_EDGE('',*,*,#1233,.F.);
#666=ORIENTED_EDGE('',*,*,#1166,.F.);
#667=ORIENTED_EDGE('',*,*,#1219,.F.);
#668=ORIENTED_EDGE('',*,*,#1168,.F.);
#669=ORIENTED_EDGE('',*,*,#1234,.F.);
#670=ORIENTED_EDGE('',*,*,#1232,.T.);
#671=ORIENTED_EDGE('',*,*,#1233,.T.);
#672=ORIENTED_EDGE('',*,*,#1210,.F.);
#673=ORIENTED_EDGE('',*,*,#1234,.T.);
#674=ORIENTED_EDGE('',*,*,#1167,.F.);
#675=ORIENTED_EDGE('',*,*,#1197,.F.);
#676=ORIENTED_EDGE('',*,*,#1164,.F.);
#677=ORIENTED_EDGE('',*,*,#1218,.F.);
#678=ORIENTED_EDGE('',*,*,#1203,.F.);
#679=ORIENTED_EDGE('',*,*,#1184,.F.);
#680=ORIENTED_EDGE('',*,*,#1215,.F.);
#681=ORIENTED_EDGE('',*,*,#1228,.F.);
#682=ORIENTED_EDGE('',*,*,#1156,.F.);
#683=ORIENTED_EDGE('',*,*,#1179,.F.);
#684=ORIENTED_EDGE('',*,*,#1159,.F.);
#685=ORIENTED_EDGE('',*,*,#1229,.F.);
#686=ORIENTED_EDGE('',*,*,#1212,.F.);
#687=ORIENTED_EDGE('',*,*,#1235,.T.);
#688=ORIENTED_EDGE('',*,*,#1236,.F.);
#689=ORIENTED_EDGE('',*,*,#1235,.F.);
#690=ORIENTED_EDGE('',*,*,#1237,.T.);
#691=ORIENTED_EDGE('',*,*,#1238,.F.);
#692=ORIENTED_EDGE('',*,*,#1236,.T.);
#693=ORIENTED_EDGE('',*,*,#1239,.T.);
#694=ORIENTED_EDGE('',*,*,#1237,.F.);
#695=ORIENTED_EDGE('',*,*,#1238,.T.);
#696=ORIENTED_EDGE('',*,*,#1240,.F.);
#697=ORIENTED_EDGE('',*,*,#1239,.F.);
#698=ORIENTED_EDGE('',*,*,#1240,.T.);
#699=ORIENTED_EDGE('',*,*,#1241,.T.);
#700=ORIENTED_EDGE('',*,*,#1242,.T.);
#701=ORIENTED_EDGE('',*,*,#1243,.F.);
#702=ORIENTED_EDGE('',*,*,#1244,.T.);
#703=ORIENTED_EDGE('',*,*,#1245,.T.);
#704=ORIENTED_EDGE('',*,*,#1246,.T.);
#705=ORIENTED_EDGE('',*,*,#1247,.F.);
#706=ORIENTED_EDGE('',*,*,#1248,.T.);
#707=ORIENTED_EDGE('',*,*,#1249,.T.);
#708=ORIENTED_EDGE('',*,*,#1250,.T.);
#709=ORIENTED_EDGE('',*,*,#1251,.F.);
#710=ORIENTED_EDGE('',*,*,#1252,.T.);
#711=ORIENTED_EDGE('',*,*,#1253,.T.);
#712=ORIENTED_EDGE('',*,*,#1254,.T.);
#713=ORIENTED_EDGE('',*,*,#1255,.F.);
#714=ORIENTED_EDGE('',*,*,#1256,.T.);
#715=ORIENTED_EDGE('',*,*,#1257,.T.);
#716=ORIENTED_EDGE('',*,*,#1258,.T.);
#717=ORIENTED_EDGE('',*,*,#1259,.F.);
#718=ORIENTED_EDGE('',*,*,#1260,.F.);
#719=ORIENTED_EDGE('',*,*,#1261,.T.);
#720=ORIENTED_EDGE('',*,*,#1262,.T.);
#721=ORIENTED_EDGE('',*,*,#1263,.F.);
#722=ORIENTED_EDGE('',*,*,#1264,.F.);
#723=ORIENTED_EDGE('',*,*,#1265,.T.);
#724=ORIENTED_EDGE('',*,*,#1266,.T.);
#725=ORIENTED_EDGE('',*,*,#1267,.F.);
#726=ORIENTED_EDGE('',*,*,#1268,.F.);
#727=ORIENTED_EDGE('',*,*,#1256,.F.);
#728=ORIENTED_EDGE('',*,*,#1269,.F.);
#729=ORIENTED_EDGE('',*,*,#1264,.T.);
#730=ORIENTED_EDGE('',*,*,#1270,.T.);
#731=ORIENTED_EDGE('',*,*,#1271,.F.);
#732=ORIENTED_EDGE('',*,*,#1272,.T.);
#733=ORIENTED_EDGE('',*,*,#1261,.F.);
#734=ORIENTED_EDGE('',*,*,#1269,.T.);
#735=ORIENTED_EDGE('',*,*,#1255,.T.);
#736=ORIENTED_EDGE('',*,*,#1273,.T.);
#737=ORIENTED_EDGE('',*,*,#1274,.F.);
#738=ORIENTED_EDGE('',*,*,#1275,.T.);
#739=ORIENTED_EDGE('',*,*,#1271,.T.);
#740=ORIENTED_EDGE('',*,*,#1276,.T.);
#741=ORIENTED_EDGE('',*,*,#1259,.T.);
#742=ORIENTED_EDGE('',*,*,#1277,.T.);
#743=ORIENTED_EDGE('',*,*,#1274,.T.);
#744=ORIENTED_EDGE('',*,*,#1278,.F.);
#745=ORIENTED_EDGE('',*,*,#1241,.F.);
#746=ORIENTED_EDGE('',*,*,#1279,.F.);
#747=ORIENTED_EDGE('',*,*,#1244,.F.);
#748=ORIENTED_EDGE('',*,*,#1280,.F.);
#749=ORIENTED_EDGE('',*,*,#1260,.T.);
#750=ORIENTED_EDGE('',*,*,#1279,.T.);
#751=ORIENTED_EDGE('',*,*,#1281,.F.);
#752=ORIENTED_EDGE('',*,*,#1282,.T.);
#753=ORIENTED_EDGE('',*,*,#1257,.F.);
#754=ORIENTED_EDGE('',*,*,#1280,.T.);
#755=ORIENTED_EDGE('',*,*,#1243,.T.);
#756=ORIENTED_EDGE('',*,*,#1283,.T.);
#757=ORIENTED_EDGE('',*,*,#1284,.F.);
#758=ORIENTED_EDGE('',*,*,#1285,.T.);
#759=ORIENTED_EDGE('',*,*,#1281,.T.);
#760=ORIENTED_EDGE('',*,*,#1286,.T.);
#761=ORIENTED_EDGE('',*,*,#1287,.T.);
#762=ORIENTED_EDGE('',*,*,#1288,.T.);
#763=ORIENTED_EDGE('',*,*,#1284,.T.);
#764=ORIENTED_EDGE('',*,*,#1289,.F.);
#765=ORIENTED_EDGE('',*,*,#1245,.F.);
#766=ORIENTED_EDGE('',*,*,#1290,.F.);
#767=ORIENTED_EDGE('',*,*,#1248,.F.);
#768=ORIENTED_EDGE('',*,*,#1291,.F.);
#769=ORIENTED_EDGE('',*,*,#1292,.T.);
#770=ORIENTED_EDGE('',*,*,#1290,.T.);
#771=ORIENTED_EDGE('',*,*,#1293,.F.);
#772=ORIENTED_EDGE('',*,*,#1294,.T.);
#773=ORIENTED_EDGE('',*,*,#1295,.F.);
#774=ORIENTED_EDGE('',*,*,#1291,.T.);
#775=ORIENTED_EDGE('',*,*,#1247,.T.);
#776=ORIENTED_EDGE('',*,*,#1296,.T.);
#777=ORIENTED_EDGE('',*,*,#1297,.F.);
#778=ORIENTED_EDGE('',*,*,#1298,.T.);
#779=ORIENTED_EDGE('',*,*,#1293,.T.);
#780=ORIENTED_EDGE('',*,*,#1299,.T.);
#781=ORIENTED_EDGE('',*,*,#1267,.T.);
#782=ORIENTED_EDGE('',*,*,#1300,.T.);
#783=ORIENTED_EDGE('',*,*,#1297,.T.);
#784=ORIENTED_EDGE('',*,*,#1301,.F.);
#785=ORIENTED_EDGE('',*,*,#1249,.F.);
#786=ORIENTED_EDGE('',*,*,#1302,.F.);
#787=ORIENTED_EDGE('',*,*,#1252,.F.);
#788=ORIENTED_EDGE('',*,*,#1303,.F.);
#789=ORIENTED_EDGE('',*,*,#1268,.T.);
#790=ORIENTED_EDGE('',*,*,#1302,.T.);
#791=ORIENTED_EDGE('',*,*,#1304,.F.);
#792=ORIENTED_EDGE('',*,*,#1305,.T.);
#793=ORIENTED_EDGE('',*,*,#1265,.F.);
#794=ORIENTED_EDGE('',*,*,#1303,.T.);
#795=ORIENTED_EDGE('',*,*,#1251,.T.);
#796=ORIENTED_EDGE('',*,*,#1306,.T.);
#797=ORIENTED_EDGE('',*,*,#1307,.F.);
#798=ORIENTED_EDGE('',*,*,#1308,.T.);
#799=ORIENTED_EDGE('',*,*,#1304,.T.);
#800=ORIENTED_EDGE('',*,*,#1309,.T.);
#801=ORIENTED_EDGE('',*,*,#1310,.T.);
#802=ORIENTED_EDGE('',*,*,#1311,.T.);
#803=ORIENTED_EDGE('',*,*,#1263,.T.);
#804=ORIENTED_EDGE('',*,*,#1312,.T.);
#805=ORIENTED_EDGE('',*,*,#1307,.T.);
#806=ORIENTED_EDGE('',*,*,#1313,.F.);
#807=ORIENTED_EDGE('',*,*,#1253,.F.);
#808=ORIENTED_EDGE('',*,*,#1270,.F.);
#809=ORIENTED_EDGE('',*,*,#1295,.T.);
#810=ORIENTED_EDGE('',*,*,#1314,.T.);
#811=ORIENTED_EDGE('',*,*,#1287,.F.);
#812=ORIENTED_EDGE('',*,*,#1292,.F.);
#813=ORIENTED_EDGE('',*,*,#1315,.F.);
#814=ORIENTED_EDGE('',*,*,#1311,.F.);
#815=ORIENTED_EDGE('',*,*,#1310,.F.);
#816=ORIENTED_EDGE('',*,*,#1277,.F.);
#817=ORIENTED_EDGE('',*,*,#1258,.F.);
#818=ORIENTED_EDGE('',*,*,#1282,.F.);
#819=ORIENTED_EDGE('',*,*,#1285,.F.);
#820=ORIENTED_EDGE('',*,*,#1288,.F.);
#821=ORIENTED_EDGE('',*,*,#1314,.F.);
#822=ORIENTED_EDGE('',*,*,#1294,.F.);
#823=ORIENTED_EDGE('',*,*,#1298,.F.);
#824=ORIENTED_EDGE('',*,*,#1300,.F.);
#825=ORIENTED_EDGE('',*,*,#1266,.F.);
#826=ORIENTED_EDGE('',*,*,#1305,.F.);
#827=ORIENTED_EDGE('',*,*,#1308,.F.);
#828=ORIENTED_EDGE('',*,*,#1312,.F.);
#829=ORIENTED_EDGE('',*,*,#1262,.F.);
#830=ORIENTED_EDGE('',*,*,#1272,.F.);
#831=ORIENTED_EDGE('',*,*,#1275,.F.);
#832=ORIENTED_EDGE('',*,*,#1316,.T.);
#833=ORIENTED_EDGE('',*,*,#1313,.T.);
#834=ORIENTED_EDGE('',*,*,#1309,.F.);
#835=ORIENTED_EDGE('',*,*,#1306,.F.);
#836=ORIENTED_EDGE('',*,*,#1317,.T.);
#837=ORIENTED_EDGE('',*,*,#1301,.T.);
#838=ORIENTED_EDGE('',*,*,#1299,.F.);
#839=ORIENTED_EDGE('',*,*,#1296,.F.);
#840=ORIENTED_EDGE('',*,*,#1318,.T.);
#841=ORIENTED_EDGE('',*,*,#1289,.T.);
#842=ORIENTED_EDGE('',*,*,#1286,.F.);
#843=ORIENTED_EDGE('',*,*,#1283,.F.);
#844=ORIENTED_EDGE('',*,*,#1319,.T.);
#845=ORIENTED_EDGE('',*,*,#1278,.T.);
#846=ORIENTED_EDGE('',*,*,#1276,.F.);
#847=ORIENTED_EDGE('',*,*,#1273,.F.);
#848=ORIENTED_EDGE('',*,*,#1320,.F.);
#849=ORIENTED_EDGE('',*,*,#1321,.F.);
#850=ORIENTED_EDGE('',*,*,#1322,.F.);
#851=ORIENTED_EDGE('',*,*,#1323,.F.);
#852=ORIENTED_EDGE('',*,*,#1324,.F.);
#853=ORIENTED_EDGE('',*,*,#1325,.F.);
#854=ORIENTED_EDGE('',*,*,#1326,.F.);
#855=ORIENTED_EDGE('',*,*,#1327,.F.);
#856=ORIENTED_EDGE('',*,*,#1328,.F.);
#857=ORIENTED_EDGE('',*,*,#1329,.F.);
#858=ORIENTED_EDGE('',*,*,#1330,.F.);
#859=ORIENTED_EDGE('',*,*,#1331,.F.);
#860=ORIENTED_EDGE('',*,*,#1332,.F.);
#861=ORIENTED_EDGE('',*,*,#1323,.T.);
#862=ORIENTED_EDGE('',*,*,#1333,.F.);
#863=ORIENTED_EDGE('',*,*,#1334,.F.);
#864=ORIENTED_EDGE('',*,*,#1335,.F.);
#865=ORIENTED_EDGE('',*,*,#1327,.T.);
#866=ORIENTED_EDGE('',*,*,#1336,.F.);
#867=ORIENTED_EDGE('',*,*,#1337,.F.);
#868=ORIENTED_EDGE('',*,*,#1338,.F.);
#869=ORIENTED_EDGE('',*,*,#1339,.T.);
#870=ORIENTED_EDGE('',*,*,#1340,.F.);
#871=ORIENTED_EDGE('',*,*,#1341,.F.);
#872=ORIENTED_EDGE('',*,*,#1342,.F.);
#873=ORIENTED_EDGE('',*,*,#1329,.T.);
#874=ORIENTED_EDGE('',*,*,#1343,.F.);
#875=ORIENTED_EDGE('',*,*,#1344,.F.);
#876=ORIENTED_EDGE('',*,*,#1242,.F.);
#877=ORIENTED_EDGE('',*,*,#1319,.F.);
#878=ORIENTED_EDGE('',*,*,#1254,.F.);
#879=ORIENTED_EDGE('',*,*,#1316,.F.);
#880=ORIENTED_EDGE('',*,*,#1250,.F.);
#881=ORIENTED_EDGE('',*,*,#1317,.F.);
#882=ORIENTED_EDGE('',*,*,#1246,.F.);
#883=ORIENTED_EDGE('',*,*,#1318,.F.);
#884=ORIENTED_EDGE('',*,*,#1345,.T.);
#885=ORIENTED_EDGE('',*,*,#1315,.T.);
#886=ORIENTED_EDGE('',*,*,#1346,.F.);
#887=ORIENTED_EDGE('',*,*,#1347,.T.);
#888=ORIENTED_EDGE('',*,*,#1348,.F.);
#889=ORIENTED_EDGE('',*,*,#1349,.F.);
#890=ORIENTED_EDGE('',*,*,#1350,.F.);
#891=ORIENTED_EDGE('',*,*,#1351,.F.);
#892=ORIENTED_EDGE('',*,*,#1352,.F.);
#893=ORIENTED_EDGE('',*,*,#1331,.T.);
#894=ORIENTED_EDGE('',*,*,#1353,.F.);
#895=ORIENTED_EDGE('',*,*,#1354,.T.);
#896=ORIENTED_EDGE('',*,*,#1355,.F.);
#897=ORIENTED_EDGE('',*,*,#1356,.F.);
#898=ORIENTED_EDGE('',*,*,#1357,.F.);
#899=ORIENTED_EDGE('',*,*,#1358,.F.);
#900=ORIENTED_EDGE('',*,*,#1359,.F.);
#901=ORIENTED_EDGE('',*,*,#1360,.T.);
#902=ORIENTED_EDGE('',*,*,#1361,.F.);
#903=ORIENTED_EDGE('',*,*,#1362,.T.);
#904=ORIENTED_EDGE('',*,*,#1363,.F.);
#905=ORIENTED_EDGE('',*,*,#1364,.F.);
#906=ORIENTED_EDGE('',*,*,#1365,.F.);
#907=ORIENTED_EDGE('',*,*,#1366,.F.);
#908=ORIENTED_EDGE('',*,*,#1367,.F.);
#909=ORIENTED_EDGE('',*,*,#1325,.T.);
#910=ORIENTED_EDGE('',*,*,#1368,.F.);
#911=ORIENTED_EDGE('',*,*,#1369,.T.);
#912=ORIENTED_EDGE('',*,*,#1370,.F.);
#913=ORIENTED_EDGE('',*,*,#1371,.F.);
#914=ORIENTED_EDGE('',*,*,#1372,.F.);
#915=ORIENTED_EDGE('',*,*,#1373,.F.);
#916=ORIENTED_EDGE('',*,*,#1374,.F.);
#917=ORIENTED_EDGE('',*,*,#1321,.T.);
#918=ORIENTED_EDGE('',*,*,#1375,.T.);
#919=ORIENTED_EDGE('',*,*,#1345,.F.);
#920=ORIENTED_EDGE('',*,*,#1375,.F.);
#921=ORIENTED_EDGE('',*,*,#1376,.F.);
#922=ORIENTED_EDGE('',*,*,#1339,.F.);
#923=ORIENTED_EDGE('',*,*,#1377,.F.);
#924=ORIENTED_EDGE('',*,*,#1360,.F.);
#925=ORIENTED_EDGE('',*,*,#1378,.T.);
#926=ORIENTED_EDGE('',*,*,#1337,.T.);
#927=ORIENTED_EDGE('',*,*,#1379,.T.);
#928=ORIENTED_EDGE('',*,*,#1380,.T.);
#929=ORIENTED_EDGE('',*,*,#1381,.F.);
#930=ORIENTED_EDGE('',*,*,#1382,.T.);
#931=ORIENTED_EDGE('',*,*,#1383,.T.);
#932=ORIENTED_EDGE('',*,*,#1384,.T.);
#933=ORIENTED_EDGE('',*,*,#1380,.F.);
#934=ORIENTED_EDGE('',*,*,#1385,.T.);
#935=ORIENTED_EDGE('',*,*,#1381,.T.);
#936=ORIENTED_EDGE('',*,*,#1386,.T.);
#937=ORIENTED_EDGE('',*,*,#1387,.T.);
#938=ORIENTED_EDGE('',*,*,#1364,.T.);
#939=ORIENTED_EDGE('',*,*,#1388,.T.);
#940=ORIENTED_EDGE('',*,*,#1389,.F.);
#941=ORIENTED_EDGE('',*,*,#1389,.T.);
#942=ORIENTED_EDGE('',*,*,#1390,.T.);
#943=ORIENTED_EDGE('',*,*,#1391,.F.);
#944=ORIENTED_EDGE('',*,*,#1392,.T.);
#945=ORIENTED_EDGE('',*,*,#1383,.F.);
#946=ORIENTED_EDGE('',*,*,#1393,.T.);
#947=ORIENTED_EDGE('',*,*,#1394,.T.);
#948=ORIENTED_EDGE('',*,*,#1395,.T.);
#949=ORIENTED_EDGE('',*,*,#1396,.T.);
#950=ORIENTED_EDGE('',*,*,#1366,.T.);
#951=ORIENTED_EDGE('',*,*,#1397,.T.);
#952=ORIENTED_EDGE('',*,*,#1394,.F.);
#953=ORIENTED_EDGE('',*,*,#1362,.F.);
#954=ORIENTED_EDGE('',*,*,#1398,.T.);
#955=ORIENTED_EDGE('',*,*,#1391,.T.);
#956=ORIENTED_EDGE('',*,*,#1399,.T.);
#957=ORIENTED_EDGE('',*,*,#1388,.F.);
#958=ORIENTED_EDGE('',*,*,#1363,.T.);
#959=ORIENTED_EDGE('',*,*,#1399,.F.);
#960=ORIENTED_EDGE('',*,*,#1390,.F.);
#961=ORIENTED_EDGE('',*,*,#1397,.F.);
#962=ORIENTED_EDGE('',*,*,#1365,.T.);
#963=ORIENTED_EDGE('',*,*,#1387,.F.);
#964=ORIENTED_EDGE('',*,*,#1395,.F.);
#965=ORIENTED_EDGE('',*,*,#1379,.F.);
#966=ORIENTED_EDGE('',*,*,#1336,.T.);
#967=ORIENTED_EDGE('',*,*,#1326,.T.);
#968=ORIENTED_EDGE('',*,*,#1367,.T.);
#969=ORIENTED_EDGE('',*,*,#1396,.F.);
#970=ORIENTED_EDGE('',*,*,#1393,.F.);
#971=ORIENTED_EDGE('',*,*,#1382,.F.);
#972=ORIENTED_EDGE('',*,*,#1385,.F.);
#973=ORIENTED_EDGE('',*,*,#1377,.T.);
#974=ORIENTED_EDGE('',*,*,#1338,.T.);
#975=ORIENTED_EDGE('',*,*,#1378,.F.);
#976=ORIENTED_EDGE('',*,*,#1386,.F.);
#977=ORIENTED_EDGE('',*,*,#1384,.F.);
#978=ORIENTED_EDGE('',*,*,#1392,.F.);
#979=ORIENTED_EDGE('',*,*,#1398,.F.);
#980=ORIENTED_EDGE('',*,*,#1361,.T.);
#981=ORIENTED_EDGE('',*,*,#1400,.T.);
#982=ORIENTED_EDGE('',*,*,#1341,.T.);
#983=ORIENTED_EDGE('',*,*,#1401,.T.);
#984=ORIENTED_EDGE('',*,*,#1402,.T.);
#985=ORIENTED_EDGE('',*,*,#1403,.T.);
#986=ORIENTED_EDGE('',*,*,#1404,.T.);
#987=ORIENTED_EDGE('',*,*,#1405,.F.);
#988=ORIENTED_EDGE('',*,*,#1406,.T.);
#989=ORIENTED_EDGE('',*,*,#1405,.T.);
#990=ORIENTED_EDGE('',*,*,#1407,.T.);
#991=ORIENTED_EDGE('',*,*,#1402,.F.);
#992=ORIENTED_EDGE('',*,*,#1408,.T.);
#993=ORIENTED_EDGE('',*,*,#1409,.T.);
#994=ORIENTED_EDGE('',*,*,#1356,.T.);
#995=ORIENTED_EDGE('',*,*,#1410,.T.);
#996=ORIENTED_EDGE('',*,*,#1411,.F.);
#997=ORIENTED_EDGE('',*,*,#1412,.F.);
#998=ORIENTED_EDGE('',*,*,#1413,.T.);
#999=ORIENTED_EDGE('',*,*,#1403,.F.);
#1000=ORIENTED_EDGE('',*,*,#1414,.T.);
#1001=ORIENTED_EDGE('',*,*,#1415,.T.);
#1002=ORIENTED_EDGE('',*,*,#1416,.T.);
#1003=ORIENTED_EDGE('',*,*,#1411,.T.);
#1004=ORIENTED_EDGE('',*,*,#1417,.T.);
#1005=ORIENTED_EDGE('',*,*,#1418,.T.);
#1006=ORIENTED_EDGE('',*,*,#1358,.T.);
#1007=ORIENTED_EDGE('',*,*,#1419,.T.);
#1008=ORIENTED_EDGE('',*,*,#1415,.F.);
#1009=ORIENTED_EDGE('',*,*,#1354,.F.);
#1010=ORIENTED_EDGE('',*,*,#1420,.T.);
#1011=ORIENTED_EDGE('',*,*,#1412,.T.);
#1012=ORIENTED_EDGE('',*,*,#1421,.T.);
#1013=ORIENTED_EDGE('',*,*,#1330,.T.);
#1014=ORIENTED_EDGE('',*,*,#1342,.T.);
#1015=ORIENTED_EDGE('',*,*,#1400,.F.);
#1016=ORIENTED_EDGE('',*,*,#1407,.F.);
#1017=ORIENTED_EDGE('',*,*,#1404,.F.);
#1018=ORIENTED_EDGE('',*,*,#1413,.F.);
#1019=ORIENTED_EDGE('',*,*,#1420,.F.);
#1020=ORIENTED_EDGE('',*,*,#1353,.T.);
#1021=ORIENTED_EDGE('',*,*,#1410,.F.);
#1022=ORIENTED_EDGE('',*,*,#1355,.T.);
#1023=ORIENTED_EDGE('',*,*,#1421,.F.);
#1024=ORIENTED_EDGE('',*,*,#1417,.F.);
#1025=ORIENTED_EDGE('',*,*,#1419,.F.);
#1026=ORIENTED_EDGE('',*,*,#1357,.T.);
#1027=ORIENTED_EDGE('',*,*,#1409,.F.);
#1028=ORIENTED_EDGE('',*,*,#1416,.F.);
#1029=ORIENTED_EDGE('',*,*,#1401,.F.);
#1030=ORIENTED_EDGE('',*,*,#1340,.T.);
#1031=ORIENTED_EDGE('',*,*,#1376,.T.);
#1032=ORIENTED_EDGE('',*,*,#1359,.T.);
#1033=ORIENTED_EDGE('',*,*,#1418,.F.);
#1034=ORIENTED_EDGE('',*,*,#1414,.F.);
#1035=ORIENTED_EDGE('',*,*,#1406,.F.);
#1036=ORIENTED_EDGE('',*,*,#1408,.F.);
#1037=ORIENTED_EDGE('',*,*,#1422,.T.);
#1038=ORIENTED_EDGE('',*,*,#1334,.T.);
#1039=ORIENTED_EDGE('',*,*,#1423,.T.);
#1040=ORIENTED_EDGE('',*,*,#1424,.T.);
#1041=ORIENTED_EDGE('',*,*,#1425,.T.);
#1042=ORIENTED_EDGE('',*,*,#1426,.T.);
#1043=ORIENTED_EDGE('',*,*,#1427,.F.);
#1044=ORIENTED_EDGE('',*,*,#1428,.T.);
#1045=ORIENTED_EDGE('',*,*,#1427,.T.);
#1046=ORIENTED_EDGE('',*,*,#1429,.T.);
#1047=ORIENTED_EDGE('',*,*,#1424,.F.);
#1048=ORIENTED_EDGE('',*,*,#1430,.T.);
#1049=ORIENTED_EDGE('',*,*,#1431,.T.);
#1050=ORIENTED_EDGE('',*,*,#1371,.T.);
#1051=ORIENTED_EDGE('',*,*,#1432,.T.);
#1052=ORIENTED_EDGE('',*,*,#1433,.F.);
#1053=ORIENTED_EDGE('',*,*,#1433,.T.);
#1054=ORIENTED_EDGE('',*,*,#1434,.T.);
#1055=ORIENTED_EDGE('',*,*,#1435,.F.);
#1056=ORIENTED_EDGE('',*,*,#1436,.T.);
#1057=ORIENTED_EDGE('',*,*,#1425,.F.);
#1058=ORIENTED_EDGE('',*,*,#1437,.T.);
#1059=ORIENTED_EDGE('',*,*,#1438,.T.);
#1060=ORIENTED_EDGE('',*,*,#1439,.T.);
#1061=ORIENTED_EDGE('',*,*,#1440,.T.);
#1062=ORIENTED_EDGE('',*,*,#1373,.T.);
#1063=ORIENTED_EDGE('',*,*,#1441,.T.);
#1064=ORIENTED_EDGE('',*,*,#1438,.F.);
#1065=ORIENTED_EDGE('',*,*,#1369,.F.);
#1066=ORIENTED_EDGE('',*,*,#1442,.T.);
#1067=ORIENTED_EDGE('',*,*,#1435,.T.);
#1068=ORIENTED_EDGE('',*,*,#1443,.T.);
#1069=ORIENTED_EDGE('',*,*,#1432,.F.);
#1070=ORIENTED_EDGE('',*,*,#1370,.T.);
#1071=ORIENTED_EDGE('',*,*,#1443,.F.);
#1072=ORIENTED_EDGE('',*,*,#1434,.F.);
#1073=ORIENTED_EDGE('',*,*,#1441,.F.);
#1074=ORIENTED_EDGE('',*,*,#1372,.T.);
#1075=ORIENTED_EDGE('',*,*,#1431,.F.);
#1076=ORIENTED_EDGE('',*,*,#1439,.F.);
#1077=ORIENTED_EDGE('',*,*,#1324,.T.);
#1078=ORIENTED_EDGE('',*,*,#1335,.T.);
#1079=ORIENTED_EDGE('',*,*,#1422,.F.);
#1080=ORIENTED_EDGE('',*,*,#1429,.F.);
#1081=ORIENTED_EDGE('',*,*,#1426,.F.);
#1082=ORIENTED_EDGE('',*,*,#1436,.F.);
#1083=ORIENTED_EDGE('',*,*,#1442,.F.);
#1084=ORIENTED_EDGE('',*,*,#1368,.T.);
#1085=ORIENTED_EDGE('',*,*,#1423,.F.);
#1086=ORIENTED_EDGE('',*,*,#1333,.T.);
#1087=ORIENTED_EDGE('',*,*,#1322,.T.);
#1088=ORIENTED_EDGE('',*,*,#1374,.T.);
#1089=ORIENTED_EDGE('',*,*,#1440,.F.);
#1090=ORIENTED_EDGE('',*,*,#1437,.F.);
#1091=ORIENTED_EDGE('',*,*,#1428,.F.);
#1092=ORIENTED_EDGE('',*,*,#1430,.F.);
#1093=ORIENTED_EDGE('',*,*,#1444,.T.);
#1094=ORIENTED_EDGE('',*,*,#1344,.T.);
#1095=ORIENTED_EDGE('',*,*,#1445,.T.);
#1096=ORIENTED_EDGE('',*,*,#1446,.T.);
#1097=ORIENTED_EDGE('',*,*,#1447,.T.);
#1098=ORIENTED_EDGE('',*,*,#1448,.T.);
#1099=ORIENTED_EDGE('',*,*,#1449,.F.);
#1100=ORIENTED_EDGE('',*,*,#1450,.T.);
#1101=ORIENTED_EDGE('',*,*,#1449,.T.);
#1102=ORIENTED_EDGE('',*,*,#1451,.T.);
#1103=ORIENTED_EDGE('',*,*,#1446,.F.);
#1104=ORIENTED_EDGE('',*,*,#1452,.T.);
#1105=ORIENTED_EDGE('',*,*,#1453,.T.);
#1106=ORIENTED_EDGE('',*,*,#1349,.T.);
#1107=ORIENTED_EDGE('',*,*,#1454,.T.);
#1108=ORIENTED_EDGE('',*,*,#1455,.F.);
#1109=ORIENTED_EDGE('',*,*,#1455,.T.);
#1110=ORIENTED_EDGE('',*,*,#1456,.T.);
#1111=ORIENTED_EDGE('',*,*,#1457,.F.);
#1112=ORIENTED_EDGE('',*,*,#1458,.T.);
#1113=ORIENTED_EDGE('',*,*,#1447,.F.);
#1114=ORIENTED_EDGE('',*,*,#1459,.T.);
#1115=ORIENTED_EDGE('',*,*,#1460,.T.);
#1116=ORIENTED_EDGE('',*,*,#1461,.T.);
#1117=ORIENTED_EDGE('',*,*,#1462,.T.);
#1118=ORIENTED_EDGE('',*,*,#1351,.T.);
#1119=ORIENTED_EDGE('',*,*,#1463,.T.);
#1120=ORIENTED_EDGE('',*,*,#1460,.F.);
#1121=ORIENTED_EDGE('',*,*,#1347,.F.);
#1122=ORIENTED_EDGE('',*,*,#1464,.T.);
#1123=ORIENTED_EDGE('',*,*,#1457,.T.);
#1124=ORIENTED_EDGE('',*,*,#1465,.T.);
#1125=ORIENTED_EDGE('',*,*,#1454,.F.);
#1126=ORIENTED_EDGE('',*,*,#1348,.T.);
#1127=ORIENTED_EDGE('',*,*,#1465,.F.);
#1128=ORIENTED_EDGE('',*,*,#1456,.F.);
#1129=ORIENTED_EDGE('',*,*,#1320,.T.);
#1130=ORIENTED_EDGE('',*,*,#1332,.T.);
#1131=ORIENTED_EDGE('',*,*,#1444,.F.);
#1132=ORIENTED_EDGE('',*,*,#1451,.F.);
#1133=ORIENTED_EDGE('',*,*,#1448,.F.);
#1134=ORIENTED_EDGE('',*,*,#1458,.F.);
#1135=ORIENTED_EDGE('',*,*,#1464,.F.);
#1136=ORIENTED_EDGE('',*,*,#1346,.T.);
#1137=ORIENTED_EDGE('',*,*,#1463,.F.);
#1138=ORIENTED_EDGE('',*,*,#1350,.T.);
#1139=ORIENTED_EDGE('',*,*,#1453,.F.);
#1140=ORIENTED_EDGE('',*,*,#1461,.F.);
#1141=ORIENTED_EDGE('',*,*,#1445,.F.);
#1142=ORIENTED_EDGE('',*,*,#1343,.T.);
#1143=ORIENTED_EDGE('',*,*,#1328,.T.);
#1144=ORIENTED_EDGE('',*,*,#1352,.T.);
#1145=ORIENTED_EDGE('',*,*,#1462,.F.);
#1146=ORIENTED_EDGE('',*,*,#1459,.F.);
#1147=ORIENTED_EDGE('',*,*,#1450,.F.);
#1148=ORIENTED_EDGE('',*,*,#1452,.F.);
#1149=EDGE_CURVE('',#1466,#1466,#1680,.T.);
#1150=EDGE_CURVE('',#1467,#1468,#1681,.T.);
#1151=EDGE_CURVE('',#1467,#1469,#199,.F.);
#1152=EDGE_CURVE('',#1469,#1470,#134,.F.);
#1153=EDGE_CURVE('',#1470,#1471,#135,.T.);
#1154=EDGE_CURVE('',#1471,#1472,#200,.T.);
#1155=EDGE_CURVE('',#1473,#1472,#1682,.T.);
#1156=EDGE_CURVE('',#1473,#1474,#201,.F.);
#1157=EDGE_CURVE('',#1474,#1475,#136,.F.);
#1158=EDGE_CURVE('',#1475,#1476,#137,.T.);
#1159=EDGE_CURVE('',#1476,#1477,#202,.T.);
#1160=EDGE_CURVE('',#1478,#1477,#1683,.T.);
#1161=EDGE_CURVE('',#1478,#1479,#203,.F.);
#1162=EDGE_CURVE('',#1479,#1480,#138,.F.);
#1163=EDGE_CURVE('',#1480,#1481,#139,.T.);
#1164=EDGE_CURVE('',#1481,#1482,#204,.T.);
#1165=EDGE_CURVE('',#1483,#1482,#1684,.T.);
#1166=EDGE_CURVE('',#1483,#1484,#102,.T.);
#1167=EDGE_CURVE('',#1484,#1485,#205,.F.);
#1168=EDGE_CURVE('',#1485,#1486,#103,.T.);
#1169=EDGE_CURVE('',#1486,#1487,#140,.F.);
#1170=EDGE_CURVE('',#1487,#1488,#141,.T.);
#1171=EDGE_CURVE('',#1488,#1468,#206,.T.);
#1172=EDGE_CURVE('',#1489,#1489,#1685,.T.);
#1173=EDGE_CURVE('',#1490,#1490,#1686,.T.);
#1174=EDGE_CURVE('',#1491,#1492,#207,.T.);
#1175=EDGE_CURVE('',#1491,#1493,#208,.T.);
#1176=EDGE_CURVE('',#1493,#1494,#209,.F.);
#1177=EDGE_CURVE('',#1494,#1495,#210,.T.);
#1178=EDGE_CURVE('',#1495,#1478,#1687,.T.);
#1179=EDGE_CURVE('',#1477,#1496,#1688,.T.);
#1180=EDGE_CURVE('',#1497,#1496,#211,.T.);
#1181=EDGE_CURVE('',#1497,#1498,#212,.T.);
#1182=EDGE_CURVE('',#1498,#1499,#213,.F.);
#1183=EDGE_CURVE('',#1499,#1500,#214,.T.);
#1184=EDGE_CURVE('',#1500,#1473,#1689,.T.);
#1185=EDGE_CURVE('',#1472,#1501,#1690,.T.);
#1186=EDGE_CURVE('',#1502,#1501,#215,.T.);
#1187=EDGE_CURVE('',#1502,#1503,#216,.T.);
#1188=EDGE_CURVE('',#1503,#1504,#217,.F.);
#1189=EDGE_CURVE('',#1504,#1505,#218,.T.);
#1190=EDGE_CURVE('',#1505,#1467,#1691,.T.);
#1191=EDGE_CURVE('',#1468,#1506,#1692,.T.);
#1192=EDGE_CURVE('',#1507,#1506,#219,.T.);
#1193=EDGE_CURVE('',#1507,#1508,#220,.T.);
#1194=EDGE_CURVE('',#1508,#1509,#221,.F.);
#1195=EDGE_CURVE('',#1509,#1510,#222,.T.);
#1196=EDGE_CURVE('',#1510,#1483,#1693,.T.);
#1197=EDGE_CURVE('',#1482,#1492,#1694,.T.);
#1198=EDGE_CURVE('',#1511,#1511,#1695,.T.);
#1199=EDGE_CURVE('',#1501,#1513,#223,.T.);
#1200=EDGE_CURVE('',#1513,#1502,#224,.T.);
#1201=EDGE_CURVE('',#1504,#1514,#225,.T.);
#1202=EDGE_CURVE('',#1514,#1505,#226,.T.);
#1203=EDGE_CURVE('',#1492,#1515,#227,.T.);
#1204=EDGE_CURVE('',#1515,#1491,#228,.T.);
#1205=EDGE_CURVE('',#1494,#1516,#229,.T.);
#1206=EDGE_CURVE('',#1516,#1495,#230,.T.);
#1207=EDGE_CURVE('',#1506,#1517,#231,.T.);
#1208=EDGE_CURVE('',#1517,#1507,#232,.T.);
#1209=EDGE_CURVE('',#1518,#1519,#233,.F.);
#1210=EDGE_CURVE('',#1519,#1520,#234,.T.);
#1211=EDGE_CURVE('',#1520,#1518,#235,.F.);
#1212=EDGE_CURVE('',#1496,#1521,#236,.T.);
#1213=EDGE_CURVE('',#1521,#1497,#237,.T.);
#1214=EDGE_CURVE('',#1499,#1522,#238,.T.);
#1215=EDGE_CURVE('',#1522,#1500,#239,.T.);
#1216=EDGE_CURVE('',#1480,#1493,#240,.F.);
#1217=EDGE_CURVE('',#1479,#1516,#142,.T.);
#1218=EDGE_CURVE('',#1515,#1481,#143,.F.);
#1219=EDGE_CURVE('',#1486,#1523,#104,.T.);
#1220=EDGE_CURVE('',#1523,#1524,#241,.F.);
#1221=EDGE_CURVE('',#1524,#1509,#144,.F.);
#1222=EDGE_CURVE('',#1487,#1508,#242,.F.);
#1223=EDGE_CURVE('',#1517,#1488,#145,.F.);
#1224=EDGE_CURVE('',#1470,#1503,#243,.F.);
#1225=EDGE_CURVE('',#1469,#1514,#146,.T.);
#1226=EDGE_CURVE('',#1513,#1471,#147,.F.);
#1227=EDGE_CURVE('',#1475,#1498,#244,.F.);
#1228=EDGE_CURVE('',#1474,#1522,#148,.T.);
#1229=EDGE_CURVE('',#1521,#1476,#149,.F.);
#1230=EDGE_CURVE('',#1518,#1524,#150,.T.);
#1231=EDGE_CURVE('',#1510,#1520,#1696,.T.);
#1232=EDGE_CURVE('',#1519,#1523,#105,.T.);
#1233=EDGE_CURVE('',#1484,#1520,#1697,.F.);
#1234=EDGE_CURVE('',#1519,#1485,#1698,.T.);
#1235=EDGE_CURVE('',#1525,#1525,#1699,.T.);
#1236=EDGE_CURVE('',#1526,#1526,#1700,.T.);
#1237=EDGE_CURVE('',#1527,#1527,#1701,.T.);
#1238=EDGE_CURVE('',#1528,#1528,#1702,.T.);
#1239=EDGE_CURVE('',#1529,#1529,#1703,.T.);
#1240=EDGE_CURVE('',#1530,#1530,#1704,.T.);
#1241=EDGE_CURVE('',#1531,#1532,#245,.T.);
#1242=EDGE_CURVE('',#1532,#1533,#1705,.T.);
#1243=EDGE_CURVE('',#1534,#1533,#246,.T.);
#1244=EDGE_CURVE('',#1534,#1531,#1706,.T.);
#1245=EDGE_CURVE('',#1535,#1536,#247,.T.);
#1246=EDGE_CURVE('',#1536,#1537,#1707,.T.);
#1247=EDGE_CURVE('',#1538,#1537,#248,.T.);
#1248=EDGE_CURVE('',#1538,#1535,#1708,.T.);
#1249=EDGE_CURVE('',#1539,#1540,#249,.T.);
#1250=EDGE_CURVE('',#1540,#1541,#1709,.T.);
#1251=EDGE_CURVE('',#1542,#1541,#250,.T.);
#1252=EDGE_CURVE('',#1542,#1539,#1710,.T.);
#1253=EDGE_CURVE('',#1543,#1544,#251,.T.);
#1254=EDGE_CURVE('',#1544,#1545,#1711,.T.);
#1255=EDGE_CURVE('',#1546,#1545,#252,.T.);
#1256=EDGE_CURVE('',#1546,#1543,#1712,.T.);
#1257=EDGE_CURVE('',#1547,#1548,#253,.T.);
#1258=EDGE_CURVE('',#1548,#1549,#1713,.T.);
#1259=EDGE_CURVE('',#1550,#1549,#254,.T.);
#1260=EDGE_CURVE('',#1547,#1550,#1714,.T.);
#1261=EDGE_CURVE('',#1551,#1552,#255,.T.);
#1262=EDGE_CURVE('',#1552,#1553,#1715,.T.);
#1263=EDGE_CURVE('',#1554,#1553,#256,.T.);
#1264=EDGE_CURVE('',#1551,#1554,#1716,.T.);
#1265=EDGE_CURVE('',#1555,#1556,#257,.T.);
#1266=EDGE_CURVE('',#1556,#1557,#1717,.T.);
#1267=EDGE_CURVE('',#1558,#1557,#258,.T.);
#1268=EDGE_CURVE('',#1555,#1558,#1718,.T.);
#1269=EDGE_CURVE('',#1551,#1546,#259,.T.);
#1270=EDGE_CURVE('',#1554,#1543,#260,.T.);
#1271=EDGE_CURVE('',#1559,#1560,#261,.T.);
#1272=EDGE_CURVE('',#1559,#1552,#106,.T.);
#1273=EDGE_CURVE('',#1545,#1560,#262,.T.);
#1274=EDGE_CURVE('',#1561,#1562,#263,.T.);
#1275=EDGE_CURVE('',#1561,#1559,#107,.T.);
#1276=EDGE_CURVE('',#1560,#1562,#264,.T.);
#1277=EDGE_CURVE('',#1549,#1561,#108,.T.);
#1278=EDGE_CURVE('',#1532,#1562,#265,.T.);
#1279=EDGE_CURVE('',#1550,#1531,#266,.T.);
#1280=EDGE_CURVE('',#1547,#1534,#267,.T.);
#1281=EDGE_CURVE('',#1563,#1564,#268,.T.);
#1282=EDGE_CURVE('',#1563,#1548,#109,.T.);
#1283=EDGE_CURVE('',#1533,#1564,#269,.T.);
#1284=EDGE_CURVE('',#1565,#1566,#270,.T.);
#1285=EDGE_CURVE('',#1565,#1563,#110,.T.);
#1286=EDGE_CURVE('',#1564,#1566,#271,.T.);
#1287=EDGE_CURVE('',#1567,#1568,#272,.T.);
#1288=EDGE_CURVE('',#1568,#1565,#111,.T.);
#1289=EDGE_CURVE('',#1536,#1566,#273,.T.);
#1290=EDGE_CURVE('',#1567,#1535,#274,.T.);
#1291=EDGE_CURVE('',#1569,#1538,#275,.T.);
#1292=EDGE_CURVE('',#1569,#1567,#1719,.T.);
#1293=EDGE_CURVE('',#1570,#1571,#276,.T.);
#1294=EDGE_CURVE('',#1570,#1572,#112,.T.);
#1295=EDGE_CURVE('',#1569,#1572,#277,.T.);
#1296=EDGE_CURVE('',#1537,#1571,#278,.T.);
#1297=EDGE_CURVE('',#1573,#1574,#279,.T.);
#1298=EDGE_CURVE('',#1573,#1570,#113,.T.);
#1299=EDGE_CURVE('',#1571,#1574,#280,.T.);
#1300=EDGE_CURVE('',#1557,#1573,#114,.T.);
#1301=EDGE_CURVE('',#1540,#1574,#281,.T.);
#1302=EDGE_CURVE('',#1558,#1539,#282,.T.);
#1303=EDGE_CURVE('',#1555,#1542,#283,.T.);
#1304=EDGE_CURVE('',#1575,#1576,#284,.T.);
#1305=EDGE_CURVE('',#1575,#1556,#115,.T.);
#1306=EDGE_CURVE('',#1541,#1576,#285,.T.);
#1307=EDGE_CURVE('',#1577,#1578,#286,.T.);
#1308=EDGE_CURVE('',#1577,#1575,#116,.T.);
#1309=EDGE_CURVE('',#1576,#1578,#287,.T.);
#1310=EDGE_CURVE('',#1579,#1579,#1720,.F.);
#1311=EDGE_CURVE('',#1580,#1580,#1721,.T.);
#1312=EDGE_CURVE('',#1553,#1577,#117,.T.);
#1313=EDGE_CURVE('',#1544,#1578,#288,.T.);
#1314=EDGE_CURVE('',#1572,#1568,#1722,.T.);
#1315=EDGE_CURVE('',#1581,#1581,#1723,.T.);
#1316=EDGE_CURVE('',#1541,#1544,#1724,.T.);
#1317=EDGE_CURVE('',#1537,#1540,#1725,.T.);
#1318=EDGE_CURVE('',#1533,#1536,#1726,.T.);
#1319=EDGE_CURVE('',#1545,#1532,#1727,.T.);
#1320=EDGE_CURVE('',#1582,#1583,#118,.T.);
#1321=EDGE_CURVE('',#1584,#1582,#1728,.F.);
#1322=EDGE_CURVE('',#1585,#1584,#119,.T.);
#1323=EDGE_CURVE('',#1583,#1585,#1729,.T.);
#1324=EDGE_CURVE('',#1586,#1587,#120,.T.);
#1325=EDGE_CURVE('',#1588,#1586,#1730,.F.);
#1326=EDGE_CURVE('',#1589,#1588,#121,.T.);
#1327=EDGE_CURVE('',#1587,#1589,#1731,.T.);
#1328=EDGE_CURVE('',#1590,#1591,#122,.T.);
#1329=EDGE_CURVE('',#1592,#1590,#1732,.T.);
#1330=EDGE_CURVE('',#1593,#1592,#123,.T.);
#1331=EDGE_CURVE('',#1591,#1593,#1733,.F.);
#1332=EDGE_CURVE('',#1583,#1594,#124,.T.);
#1333=EDGE_CURVE('',#1595,#1585,#125,.T.);
#1334=EDGE_CURVE('',#1596,#1595,#1734,.T.);
#1335=EDGE_CURVE('',#1587,#1596,#126,.T.);
#1336=EDGE_CURVE('',#1597,#1589,#127,.T.);
#1337=EDGE_CURVE('',#1598,#1597,#1735,.T.);
#1338=EDGE_CURVE('',#1599,#1598,#128,.T.);
#1339=EDGE_CURVE('',#1599,#1600,#1736,.T.);
#1340=EDGE_CURVE('',#1601,#1600,#129,.T.);
#1341=EDGE_CURVE('',#1602,#1601,#1737,.T.);
#1342=EDGE_CURVE('',#1592,#1602,#130,.T.);
#1343=EDGE_CURVE('',#1603,#1590,#131,.T.);
#1344=EDGE_CURVE('',#1594,#1603,#1738,.T.);
#1345=EDGE_CURVE('',#1604,#1604,#1739,.F.);
#1346=EDGE_CURVE('',#1605,#1582,#151,.T.);
#1347=EDGE_CURVE('',#1605,#1606,#289,.T.);
#1348=EDGE_CURVE('',#1607,#1606,#152,.T.);
#1349=EDGE_CURVE('',#1608,#1607,#290,.T.);
#1350=EDGE_CURVE('',#1609,#1608,#153,.T.);
#1351=EDGE_CURVE('',#1610,#1609,#291,.T.);
#1352=EDGE_CURVE('',#1591,#1610,#154,.T.);
#1353=EDGE_CURVE('',#1611,#1593,#155,.T.);
#1354=EDGE_CURVE('',#1611,#1612,#292,.T.);
#1355=EDGE_CURVE('',#1613,#1612,#156,.T.);
#1356=EDGE_CURVE('',#1614,#1613,#293,.T.);
#1357=EDGE_CURVE('',#1615,#1614,#157,.T.);
#1358=EDGE_CURVE('',#1616,#1615,#294,.T.);
#1359=EDGE_CURVE('',#1617,#1616,#158,.T.);
#1360=EDGE_CURVE('',#1617,#1618,#1740,.F.);
#1361=EDGE_CURVE('',#1619,#1618,#159,.T.);
#1362=EDGE_CURVE('',#1619,#1620,#295,.T.);
#1363=EDGE_CURVE('',#1621,#1620,#160,.T.);
#1364=EDGE_CURVE('',#1622,#1621,#296,.T.);
#1365=EDGE_CURVE('',#1623,#1622,#161,.T.);
#1366=EDGE_CURVE('',#1624,#1623,#297,.T.);
#1367=EDGE_CURVE('',#1588,#1624,#162,.T.);
#1368=EDGE_CURVE('',#1625,#1586,#163,.T.);
#1369=EDGE_CURVE('',#1625,#1626,#298,.T.);
#1370=EDGE_CURVE('',#1627,#1626,#164,.T.);
#1371=EDGE_CURVE('',#1628,#1627,#299,.T.);
#1372=EDGE_CURVE('',#1629,#1628,#165,.T.);
#1373=EDGE_CURVE('',#1630,#1629,#300,.T.);
#1374=EDGE_CURVE('',#1584,#1630,#166,.T.);
#1375=EDGE_CURVE('',#1631,#1631,#1741,.T.);
#1376=EDGE_CURVE('',#1600,#1617,#132,.T.);
#1377=EDGE_CURVE('',#1618,#1599,#133,.T.);
#1378=EDGE_CURVE('',#1632,#1598,#167,.T.);
#1379=EDGE_CURVE('',#1597,#1633,#168,.T.);
#1380=EDGE_CURVE('',#1633,#1632,#301,.T.);
#1381=EDGE_CURVE('',#1634,#1635,#302,.T.);
#1382=EDGE_CURVE('',#1634,#1636,#303,.T.);
#1383=EDGE_CURVE('',#1636,#1637,#304,.T.);
#1384=EDGE_CURVE('',#1637,#1635,#305,.F.);
#1385=EDGE_CURVE('',#1633,#1634,#169,.T.);
#1386=EDGE_CURVE('',#1635,#1632,#170,.T.);
#1387=EDGE_CURVE('',#1638,#1622,#306,.T.);
#1388=EDGE_CURVE('',#1621,#1639,#307,.F.);
#1389=EDGE_CURVE('',#1638,#1639,#308,.T.);
#1390=EDGE_CURVE('',#1639,#1640,#171,.T.);
#1391=EDGE_CURVE('',#1641,#1640,#309,.T.);
#1392=EDGE_CURVE('',#1641,#1637,#172,.T.);
#1393=EDGE_CURVE('',#1636,#1642,#173,.T.);
#1394=EDGE_CURVE('',#1642,#1643,#310,.T.);
#1395=EDGE_CURVE('',#1643,#1638,#174,.T.);
#1396=EDGE_CURVE('',#1642,#1624,#311,.F.);
#1397=EDGE_CURVE('',#1623,#1643,#312,.F.);
#1398=EDGE_CURVE('',#1619,#1641,#313,.T.);
#1399=EDGE_CURVE('',#1640,#1620,#314,.T.);
#1400=EDGE_CURVE('',#1644,#1602,#175,.T.);
#1401=EDGE_CURVE('',#1601,#1645,#176,.T.);
#1402=EDGE_CURVE('',#1645,#1644,#315,.T.);
#1403=EDGE_CURVE('',#1646,#1647,#316,.T.);
#1404=EDGE_CURVE('',#1647,#1648,#317,.F.);
#1405=EDGE_CURVE('',#1649,#1648,#318,.T.);
#1406=EDGE_CURVE('',#1649,#1646,#319,.T.);
#1407=EDGE_CURVE('',#1648,#1644,#177,.T.);
#1408=EDGE_CURVE('',#1645,#1649,#178,.T.);
#1409=EDGE_CURVE('',#1650,#1614,#320,.T.);
#1410=EDGE_CURVE('',#1613,#1651,#321,.F.);
#1411=EDGE_CURVE('',#1650,#1651,#322,.T.);
#1412=EDGE_CURVE('',#1652,#1653,#323,.T.);
#1413=EDGE_CURVE('',#1652,#1647,#179,.T.);
#1414=EDGE_CURVE('',#1646,#1654,#180,.T.);
#1415=EDGE_CURVE('',#1654,#1655,#324,.T.);
#1416=EDGE_CURVE('',#1655,#1650,#181,.T.);
#1417=EDGE_CURVE('',#1651,#1653,#182,.T.);
#1418=EDGE_CURVE('',#1654,#1616,#325,.F.);
#1419=EDGE_CURVE('',#1615,#1655,#326,.F.);
#1420=EDGE_CURVE('',#1611,#1652,#327,.T.);
#1421=EDGE_CURVE('',#1653,#1612,#328,.T.);
#1422=EDGE_CURVE('',#1656,#1596,#183,.T.);
#1423=EDGE_CURVE('',#1595,#1657,#184,.T.);
#1424=EDGE_CURVE('',#1657,#1656,#329,.T.);
#1425=EDGE_CURVE('',#1658,#1659,#330,.T.);
#1426=EDGE_CURVE('',#1659,#1660,#331,.F.);
#1427=EDGE_CURVE('',#1661,#1660,#332,.T.);
#1428=EDGE_CURVE('',#1661,#1658,#333,.T.);
#1429=EDGE_CURVE('',#1660,#1656,#185,.T.);
#1430=EDGE_CURVE('',#1657,#1661,#186,.T.);
#1431=EDGE_CURVE('',#1662,#1628,#334,.T.);
#1432=EDGE_CURVE('',#1627,#1663,#335,.F.);
#1433=EDGE_CURVE('',#1662,#1663,#336,.T.);
#1434=EDGE_CURVE('',#1663,#1664,#187,.T.);
#1435=EDGE_CURVE('',#1665,#1664,#337,.T.);
#1436=EDGE_CURVE('',#1665,#1659,#188,.T.);
#1437=EDGE_CURVE('',#1658,#1666,#189,.T.);
#1438=EDGE_CURVE('',#1666,#1667,#338,.T.);
#1439=EDGE_CURVE('',#1667,#1662,#190,.T.);
#1440=EDGE_CURVE('',#1666,#1630,#339,.F.);
#1441=EDGE_CURVE('',#1629,#1667,#340,.F.);
#1442=EDGE_CURVE('',#1625,#1665,#341,.T.);
#1443=EDGE_CURVE('',#1664,#1626,#342,.T.);
#1444=EDGE_CURVE('',#1668,#1594,#191,.T.);
#1445=EDGE_CURVE('',#1603,#1669,#192,.T.);
#1446=EDGE_CURVE('',#1669,#1668,#343,.T.);
#1447=EDGE_CURVE('',#1670,#1671,#344,.T.);
#1448=EDGE_CURVE('',#1671,#1672,#345,.F.);
#1449=EDGE_CURVE('',#1673,#1672,#346,.T.);
#1450=EDGE_CURVE('',#1673,#1670,#347,.T.);
#1451=EDGE_CURVE('',#1672,#1668,#193,.T.);
#1452=EDGE_CURVE('',#1669,#1673,#194,.T.);
#1453=EDGE_CURVE('',#1674,#1608,#348,.T.);
#1454=EDGE_CURVE('',#1607,#1675,#349,.F.);
#1455=EDGE_CURVE('',#1674,#1675,#350,.T.);
#1456=EDGE_CURVE('',#1675,#1676,#195,.T.);
#1457=EDGE_CURVE('',#1677,#1676,#351,.T.);
#1458=EDGE_CURVE('',#1677,#1671,#196,.T.);
#1459=EDGE_CURVE('',#1670,#1678,#197,.T.);
#1460=EDGE_CURVE('',#1678,#1679,#352,.T.);
#1461=EDGE_CURVE('',#1679,#1674,#198,.T.);
#1462=EDGE_CURVE('',#1678,#1610,#353,.F.);
#1463=EDGE_CURVE('',#1609,#1679,#354,.F.);
#1464=EDGE_CURVE('',#1605,#1677,#355,.T.);
#1465=EDGE_CURVE('',#1676,#1606,#356,.T.);
#1466=VERTEX_POINT('',#3134);
#1467=VERTEX_POINT('',#3136);
#1468=VERTEX_POINT('',#3137);
#1469=VERTEX_POINT('',#3139);
#1470=VERTEX_POINT('',#3141);
#1471=VERTEX_POINT('',#3143);
#1472=VERTEX_POINT('',#3145);
#1473=VERTEX_POINT('',#3147);
#1474=VERTEX_POINT('',#3149);
#1475=VERTEX_POINT('',#3151);
#1476=VERTEX_POINT('',#3153);
#1477=VERTEX_POINT('',#3155);
#1478=VERTEX_POINT('',#3157);
#1479=VERTEX_POINT('',#3159);
#1480=VERTEX_POINT('',#3161);
#1481=VERTEX_POINT('',#3163);
#1482=VERTEX_POINT('',#3165);
#1483=VERTEX_POINT('',#3167);
#1484=VERTEX_POINT('',#3172);
#1485=VERTEX_POINT('',#3174);
#1486=VERTEX_POINT('',#3183);
#1487=VERTEX_POINT('',#3185);
#1488=VERTEX_POINT('',#3187);
#1489=VERTEX_POINT('',#3191);
#1490=VERTEX_POINT('',#3194);
#1491=VERTEX_POINT('',#3197);
#1492=VERTEX_POINT('',#3198);
#1493=VERTEX_POINT('',#3200);
#1494=VERTEX_POINT('',#3202);
#1495=VERTEX_POINT('',#3204);
#1496=VERTEX_POINT('',#3207);
#1497=VERTEX_POINT('',#3209);
#1498=VERTEX_POINT('',#3211);
#1499=VERTEX_POINT('',#3213);
#1500=VERTEX_POINT('',#3215);
#1501=VERTEX_POINT('',#3218);
#1502=VERTEX_POINT('',#3220);
#1503=VERTEX_POINT('',#3222);
#1504=VERTEX_POINT('',#3224);
#1505=VERTEX_POINT('',#3226);
#1506=VERTEX_POINT('',#3229);
#1507=VERTEX_POINT('',#3231);
#1508=VERTEX_POINT('',#3233);
#1509=VERTEX_POINT('',#3235);
#1510=VERTEX_POINT('',#3237);
#1511=VERTEX_POINT('',#3242);
#1512=VERTEX_POINT('',#3319);
#1513=VERTEX_POINT('',#3322);
#1514=VERTEX_POINT('',#3326);
#1515=VERTEX_POINT('',#3330);
#1516=VERTEX_POINT('',#3334);
#1517=VERTEX_POINT('',#3338);
#1518=VERTEX_POINT('',#3342);
#1519=VERTEX_POINT('',#3343);
#1520=VERTEX_POINT('',#3345);
#1521=VERTEX_POINT('',#3349);
#1522=VERTEX_POINT('',#3353);
#1523=VERTEX_POINT('',#3365);
#1524=VERTEX_POINT('',#3367);
#1525=VERTEX_POINT('',#3428);
#1526=VERTEX_POINT('',#3430);
#1527=VERTEX_POINT('',#3433);
#1528=VERTEX_POINT('',#3436);
#1529=VERTEX_POINT('',#3439);
#1530=VERTEX_POINT('',#3442);
#1531=VERTEX_POINT('',#3447);
#1532=VERTEX_POINT('',#3448);
#1533=VERTEX_POINT('',#3450);
#1534=VERTEX_POINT('',#3452);
#1535=VERTEX_POINT('',#3456);
#1536=VERTEX_POINT('',#3457);
#1537=VERTEX_POINT('',#3459);
#1538=VERTEX_POINT('',#3461);
#1539=VERTEX_POINT('',#3465);
#1540=VERTEX_POINT('',#3466);
#1541=VERTEX_POINT('',#3468);
#1542=VERTEX_POINT('',#3470);
#1543=VERTEX_POINT('',#3474);
#1544=VERTEX_POINT('',#3475);
#1545=VERTEX_POINT('',#3477);
#1546=VERTEX_POINT('',#3479);
#1547=VERTEX_POINT('',#3483);
#1548=VERTEX_POINT('',#3484);
#1549=VERTEX_POINT('',#3486);
#1550=VERTEX_POINT('',#3488);
#1551=VERTEX_POINT('',#3492);
#1552=VERTEX_POINT('',#3493);
#1553=VERTEX_POINT('',#3495);
#1554=VERTEX_POINT('',#3497);
#1555=VERTEX_POINT('',#3501);
#1556=VERTEX_POINT('',#3502);
#1557=VERTEX_POINT('',#3504);
#1558=VERTEX_POINT('',#3506);
#1559=VERTEX_POINT('',#3513);
#1560=VERTEX_POINT('',#3514);
#1561=VERTEX_POINT('',#3522);
#1562=VERTEX_POINT('',#3523);
#1563=VERTEX_POINT('',#3540);
#1564=VERTEX_POINT('',#3541);
#1565=VERTEX_POINT('',#3549);
#1566=VERTEX_POINT('',#3550);
#1567=VERTEX_POINT('',#3558);
#1568=VERTEX_POINT('',#3559);
#1569=VERTEX_POINT('',#3568);
#1570=VERTEX_POINT('',#3572);
#1571=VERTEX_POINT('',#3573);
#1572=VERTEX_POINT('',#3578);
#1573=VERTEX_POINT('',#3583);
#1574=VERTEX_POINT('',#3584);
#1575=VERTEX_POINT('',#3601);
#1576=VERTEX_POINT('',#3602);
#1577=VERTEX_POINT('',#3610);
#1578=VERTEX_POINT('',#3611);
#1579=VERTEX_POINT('',#3619);
#1580=VERTEX_POINT('',#3621);
#1581=VERTEX_POINT('',#3632);
#1582=VERTEX_POINT('',#3651);
#1583=VERTEX_POINT('',#3652);
#1584=VERTEX_POINT('',#3654);
#1585=VERTEX_POINT('',#3663);
#1586=VERTEX_POINT('',#3674);
#1587=VERTEX_POINT('',#3675);
#1588=VERTEX_POINT('',#3677);
#1589=VERTEX_POINT('',#3686);
#1590=VERTEX_POINT('',#3697);
#1591=VERTEX_POINT('',#3698);
#1592=VERTEX_POINT('',#3700);
#1593=VERTEX_POINT('',#3709);
#1594=VERTEX_POINT('',#3718);
#1595=VERTEX_POINT('',#3725);
#1596=VERTEX_POINT('',#3727);
#1597=VERTEX_POINT('',#3740);
#1598=VERTEX_POINT('',#3742);
#1599=VERTEX_POINT('',#3749);
#1600=VERTEX_POINT('',#3751);
#1601=VERTEX_POINT('',#3758);
#1602=VERTEX_POINT('',#3760);
#1603=VERTEX_POINT('',#3773);
#1604=VERTEX_POINT('',#3777);
#1605=VERTEX_POINT('',#3780);
#1606=VERTEX_POINT('',#3782);
#1607=VERTEX_POINT('',#3784);
#1608=VERTEX_POINT('',#3786);
#1609=VERTEX_POINT('',#3788);
#1610=VERTEX_POINT('',#3790);
#1611=VERTEX_POINT('',#3793);
#1612=VERTEX_POINT('',#3795);
#1613=VERTEX_POINT('',#3797);
#1614=VERTEX_POINT('',#3799);
#1615=VERTEX_POINT('',#3801);
#1616=VERTEX_POINT('',#3803);
#1617=VERTEX_POINT('',#3805);
#1618=VERTEX_POINT('',#3807);
#1619=VERTEX_POINT('',#3809);
#1620=VERTEX_POINT('',#3811);
#1621=VERTEX_POINT('',#3813);
#1622=VERTEX_POINT('',#3815);
#1623=VERTEX_POINT('',#3817);
#1624=VERTEX_POINT('',#3819);
#1625=VERTEX_POINT('',#3822);
#1626=VERTEX_POINT('',#3824);
#1627=VERTEX_POINT('',#3826);
#1628=VERTEX_POINT('',#3828);
#1629=VERTEX_POINT('',#3830);
#1630=VERTEX_POINT('',#3832);
#1631=VERTEX_POINT('',#3835);
#1632=VERTEX_POINT('',#3856);
#1633=VERTEX_POINT('',#3858);
#1634=VERTEX_POINT('',#3862);
#1635=VERTEX_POINT('',#3863);
#1636=VERTEX_POINT('',#3865);
#1637=VERTEX_POINT('',#3867);
#1638=VERTEX_POINT('',#3874);
#1639=VERTEX_POINT('',#3876);
#1640=VERTEX_POINT('',#3880);
#1641=VERTEX_POINT('',#3882);
#1642=VERTEX_POINT('',#3885);
#1643=VERTEX_POINT('',#3887);
#1644=VERTEX_POINT('',#3901);
#1645=VERTEX_POINT('',#3903);
#1646=VERTEX_POINT('',#3907);
#1647=VERTEX_POINT('',#3908);
#1648=VERTEX_POINT('',#3910);
#1649=VERTEX_POINT('',#3912);
#1650=VERTEX_POINT('',#3919);
#1651=VERTEX_POINT('',#3921);
#1652=VERTEX_POINT('',#3925);
#1653=VERTEX_POINT('',#3926);
#1654=VERTEX_POINT('',#3929);
#1655=VERTEX_POINT('',#3931);
#1656=VERTEX_POINT('',#3946);
#1657=VERTEX_POINT('',#3948);
#1658=VERTEX_POINT('',#3952);
#1659=VERTEX_POINT('',#3953);
#1660=VERTEX_POINT('',#3955);
#1661=VERTEX_POINT('',#3957);
#1662=VERTEX_POINT('',#3964);
#1663=VERTEX_POINT('',#3966);
#1664=VERTEX_POINT('',#3970);
#1665=VERTEX_POINT('',#3972);
#1666=VERTEX_POINT('',#3975);
#1667=VERTEX_POINT('',#3977);
#1668=VERTEX_POINT('',#3991);
#1669=VERTEX_POINT('',#3993);
#1670=VERTEX_POINT('',#3997);
#1671=VERTEX_POINT('',#3998);
#1672=VERTEX_POINT('',#4000);
#1673=VERTEX_POINT('',#4002);
#1674=VERTEX_POINT('',#4009);
#1675=VERTEX_POINT('',#4011);
#1676=VERTEX_POINT('',#4015);
#1677=VERTEX_POINT('',#4017);
#1678=VERTEX_POINT('',#4020);
#1679=VERTEX_POINT('',#4022);
#1680=CIRCLE('',#2222,0.00752693368121982);
#1681=CIRCLE('',#2223,0.00752693368121982);
#1682=CIRCLE('',#2226,0.00752693368121982);
#1683=CIRCLE('',#2229,0.00752693368121982);
#1684=CIRCLE('',#2232,0.00752693368121982);
#1685=CIRCLE('',#2236,0.00603472953662276);
#1686=CIRCLE('',#2238,0.00603472953662276);
#1687=CIRCLE('',#2240,0.000508);
#1688=CIRCLE('',#2241,0.000508);
#1689=CIRCLE('',#2242,0.000508);
#1690=CIRCLE('',#2243,0.000508);
#1691=CIRCLE('',#2244,0.000508);
#1692=CIRCLE('',#2245,0.000508);
#1693=CIRCLE('',#2246,0.001016);
#1694=CIRCLE('',#2247,0.000508);
#1695=CIRCLE('',#2249,0.0073140268214047);
#1696=CIRCLE('',#2280,0.000508);
#1697=CIRCLE('',#2283,0.000508);
#1698=CIRCLE('',#2284,0.000508);
#1699=CIRCLE('',#2291,0.00690459409388781);
#1700=CIRCLE('',#2292,0.00690459409388781);
#1701=CIRCLE('',#2294,0.00282777465164858);
#1702=CIRCLE('',#2296,0.0060174840105954);
#1703=CIRCLE('',#2298,0.00282777465164858);
#1704=CIRCLE('',#2300,0.0060174840105954);
#1705=CIRCLE('',#2304,0.0106632362015667);
#1706=CIRCLE('',#2305,0.0077978);
#1707=CIRCLE('',#2307,0.0106632362015667);
#1708=CIRCLE('',#2308,0.0077978);
#1709=CIRCLE('',#2310,0.0106632362015667);
#1710=CIRCLE('',#2311,0.0077978);
#1711=CIRCLE('',#2313,0.0106632362015667);
#1712=CIRCLE('',#2314,0.0077978);
#1713=CIRCLE('',#2316,0.0125365616947);
#1714=CIRCLE('',#2317,0.0077978);
#1715=CIRCLE('',#2319,0.0125365616947);
#1716=CIRCLE('',#2320,0.0077978);
#1717=CIRCLE('',#2322,0.0125365616947);
#1718=CIRCLE('',#2323,0.0077978);
#1719=CIRCLE('',#2333,0.0077978);
#1720=CIRCLE('',#2341,0.0176165616947001);
#1721=CIRCLE('',#2342,0.0176165616947001);
#1722=CIRCLE('',#2345,0.0125365616947);
#1723=CIRCLE('',#2347,0.0173796823179462);
#1724=CIRCLE('',#2350,0.0106632362015667);
#1725=CIRCLE('',#2352,0.0106632362015667);
#1726=CIRCLE('',#2354,0.0106632362015667);
#1727=CIRCLE('',#2356,0.0106632362015667);
#1728=CIRCLE('',#2358,0.0111712362015667);
#1729=CIRCLE('',#2359,0.0106632362015667);
#1730=CIRCLE('',#2361,0.0111712362015667);
#1731=CIRCLE('',#2362,0.0106632362015667);
#1732=CIRCLE('',#2364,0.0106632362015667);
#1733=CIRCLE('',#2365,0.0111712362015667);
#1734=CIRCLE('',#2367,0.0106632362015667);
#1735=CIRCLE('',#2368,0.0106632362015667);
#1736=CIRCLE('',#2369,0.0106632362015667);
#1737=CIRCLE('',#2370,0.0106632362015667);
#1738=CIRCLE('',#2371,0.0106632362015667);
#1739=CIRCLE('',#2373,0.0173796823179462);
#1740=CIRCLE('',#2383,0.0111712362015667);
#1741=CIRCLE('',#2392,0.0150936823179462);
#1742=EDGE_LOOP('',(#515));
#1743=EDGE_LOOP('',(#516,#517,#518,#519,#520,#521,#522,#523,#524,#525,#526,
#527,#528,#529,#530,#531,#532,#533,#534,#535,#536,#537));
#1744=EDGE_LOOP('',(#538));
#1745=EDGE_LOOP('',(#539));
#1746=EDGE_LOOP('',(#540));
#1747=EDGE_LOOP('',(#541,#542,#543,#544,#545,#546,#547,#548,#549,#550,#551,
#552,#553,#554,#555,#556,#557,#558,#559,#560,#561,#562,#563,#564,#565,#566,
#567,#568));
#1748=EDGE_LOOP('',(#569));
#1749=EDGE_LOOP('',(#570));
#1750=EDGE_LOOP('',(#571));
#1751=EDGE_LOOP('',(#572));
#1752=EDGE_LOOP('',(#573,#574,#575));
#1753=EDGE_LOOP('',(#576,#577,#578));
#1754=EDGE_LOOP('',(#579,#580,#581));
#1755=EDGE_LOOP('',(#582,#583,#584));
#1756=EDGE_LOOP('',(#585,#586,#587));
#1757=EDGE_LOOP('',(#588,#589,#590));
#1758=EDGE_LOOP('',(#591,#592,#593));
#1759=EDGE_LOOP('',(#594,#595,#596));
#1760=EDGE_LOOP('',(#597,#598,#599,#600,#601));
#1761=EDGE_LOOP('',(#602,#603,#604,#605,#606));
#1762=EDGE_LOOP('',(#607,#608,#609,#610,#611,#612));
#1763=EDGE_LOOP('',(#613,#614,#615,#616,#617));
#1764=EDGE_LOOP('',(#618,#619,#620,#621,#622));
#1765=EDGE_LOOP('',(#623,#624,#625,#626,#627));
#1766=EDGE_LOOP('',(#628,#629,#630,#631,#632));
#1767=EDGE_LOOP('',(#633,#634,#635,#636,#637));
#1768=EDGE_LOOP('',(#638,#639,#640,#641));
#1769=EDGE_LOOP('',(#642,#643,#644,#645));
#1770=EDGE_LOOP('',(#646,#647,#648,#649));
#1771=EDGE_LOOP('',(#650,#651,#652,#653));
#1772=EDGE_LOOP('',(#654,#655,#656,#657,#658));
#1773=EDGE_LOOP('',(#659,#660,#661,#662));
#1774=EDGE_LOOP('',(#663,#664,#665,#666));
#1775=EDGE_LOOP('',(#667,#668,#669,#670));
#1776=EDGE_LOOP('',(#671,#672,#673,#674));
#1777=EDGE_LOOP('',(#675,#676,#677,#678));
#1778=EDGE_LOOP('',(#679,#680,#681,#682));
#1779=EDGE_LOOP('',(#683,#684,#685,#686));
#1780=EDGE_LOOP('',(#687));
#1781=EDGE_LOOP('',(#688));
#1782=EDGE_LOOP('',(#689));
#1783=EDGE_LOOP('',(#690));
#1784=EDGE_LOOP('',(#691));
#1785=EDGE_LOOP('',(#692));
#1786=EDGE_LOOP('',(#693));
#1787=EDGE_LOOP('',(#694));
#1788=EDGE_LOOP('',(#695));
#1789=EDGE_LOOP('',(#696));
#1790=EDGE_LOOP('',(#697));
#1791=EDGE_LOOP('',(#698));
#1792=EDGE_LOOP('',(#699,#700,#701,#702));
#1793=EDGE_LOOP('',(#703,#704,#705,#706));
#1794=EDGE_LOOP('',(#707,#708,#709,#710));
#1795=EDGE_LOOP('',(#711,#712,#713,#714));
#1796=EDGE_LOOP('',(#715,#716,#717,#718));
#1797=EDGE_LOOP('',(#719,#720,#721,#722));
#1798=EDGE_LOOP('',(#723,#724,#725,#726));
#1799=EDGE_LOOP('',(#727,#728,#729,#730));
#1800=EDGE_LOOP('',(#731,#732,#733,#734,#735,#736));
#1801=EDGE_LOOP('',(#737,#738,#739,#740));
#1802=EDGE_LOOP('',(#741,#742,#743,#744,#745,#746));
#1803=EDGE_LOOP('',(#747,#748,#749,#750));
#1804=EDGE_LOOP('',(#751,#752,#753,#754,#755,#756));
#1805=EDGE_LOOP('',(#757,#758,#759,#760));
#1806=EDGE_LOOP('',(#761,#762,#763,#764,#765,#766));
#1807=EDGE_LOOP('',(#767,#768,#769,#770));
#1808=EDGE_LOOP('',(#771,#772,#773,#774,#775,#776));
#1809=EDGE_LOOP('',(#777,#778,#779,#780));
#1810=EDGE_LOOP('',(#781,#782,#783,#784,#785,#786));
#1811=EDGE_LOOP('',(#787,#788,#789,#790));
#1812=EDGE_LOOP('',(#791,#792,#793,#794,#795,#796));
#1813=EDGE_LOOP('',(#797,#798,#799,#800));
#1814=EDGE_LOOP('',(#801));
#1815=EDGE_LOOP('',(#802));
#1816=EDGE_LOOP('',(#803,#804,#805,#806,#807,#808));
#1817=EDGE_LOOP('',(#809,#810,#811,#812));
#1818=EDGE_LOOP('',(#813));
#1819=EDGE_LOOP('',(#814));
#1820=EDGE_LOOP('',(#815));
#1821=EDGE_LOOP('',(#816,#817,#818,#819,#820,#821,#822,#823,#824,#825,#826,
#827,#828,#829,#830,#831));
#1822=EDGE_LOOP('',(#832,#833,#834,#835));
#1823=EDGE_LOOP('',(#836,#837,#838,#839));
#1824=EDGE_LOOP('',(#840,#841,#842,#843));
#1825=EDGE_LOOP('',(#844,#845,#846,#847));
#1826=EDGE_LOOP('',(#848,#849,#850,#851));
#1827=EDGE_LOOP('',(#852,#853,#854,#855));
#1828=EDGE_LOOP('',(#856,#857,#858,#859));
#1829=EDGE_LOOP('',(#860,#861,#862,#863,#864,#865,#866,#867,#868,#869,#870,
#871,#872,#873,#874,#875));
#1830=EDGE_LOOP('',(#876,#877,#878,#879,#880,#881,#882,#883));
#1831=EDGE_LOOP('',(#884));
#1832=EDGE_LOOP('',(#885));
#1833=EDGE_LOOP('',(#886,#887,#888,#889,#890,#891,#892,#893,#894,#895,#896,
#897,#898,#899,#900,#901,#902,#903,#904,#905,#906,#907,#908,#909,#910,#911,
#912,#913,#914,#915,#916,#917));
#1834=EDGE_LOOP('',(#918));
#1835=EDGE_LOOP('',(#919));
#1836=EDGE_LOOP('',(#920));
#1837=EDGE_LOOP('',(#921,#922,#923,#924));
#1838=EDGE_LOOP('',(#925,#926,#927,#928));
#1839=EDGE_LOOP('',(#929,#930,#931,#932));
#1840=EDGE_LOOP('',(#933,#934,#935,#936));
#1841=EDGE_LOOP('',(#937,#938,#939,#940));
#1842=EDGE_LOOP('',(#941,#942,#943,#944,#945,#946,#947,#948));
#1843=EDGE_LOOP('',(#949,#950,#951,#952));
#1844=EDGE_LOOP('',(#953,#954,#955,#956));
#1845=EDGE_LOOP('',(#957,#958,#959,#960));
#1846=EDGE_LOOP('',(#961,#962,#963,#964));
#1847=EDGE_LOOP('',(#965,#966,#967,#968,#969,#970,#971,#972));
#1848=EDGE_LOOP('',(#973,#974,#975,#976,#977,#978,#979,#980));
#1849=EDGE_LOOP('',(#981,#982,#983,#984));
#1850=EDGE_LOOP('',(#985,#986,#987,#988));
#1851=EDGE_LOOP('',(#989,#990,#991,#992));
#1852=EDGE_LOOP('',(#993,#994,#995,#996));
#1853=EDGE_LOOP('',(#997,#998,#999,#1000,#1001,#1002,#1003,#1004));
#1854=EDGE_LOOP('',(#1005,#1006,#1007,#1008));
#1855=EDGE_LOOP('',(#1009,#1010,#1011,#1012));
#1856=EDGE_LOOP('',(#1013,#1014,#1015,#1016,#1017,#1018,#1019,#1020));
#1857=EDGE_LOOP('',(#1021,#1022,#1023,#1024));
#1858=EDGE_LOOP('',(#1025,#1026,#1027,#1028));
#1859=EDGE_LOOP('',(#1029,#1030,#1031,#1032,#1033,#1034,#1035,#1036));
#1860=EDGE_LOOP('',(#1037,#1038,#1039,#1040));
#1861=EDGE_LOOP('',(#1041,#1042,#1043,#1044));
#1862=EDGE_LOOP('',(#1045,#1046,#1047,#1048));
#1863=EDGE_LOOP('',(#1049,#1050,#1051,#1052));
#1864=EDGE_LOOP('',(#1053,#1054,#1055,#1056,#1057,#1058,#1059,#1060));
#1865=EDGE_LOOP('',(#1061,#1062,#1063,#1064));
#1866=EDGE_LOOP('',(#1065,#1066,#1067,#1068));
#1867=EDGE_LOOP('',(#1069,#1070,#1071,#1072));
#1868=EDGE_LOOP('',(#1073,#1074,#1075,#1076));
#1869=EDGE_LOOP('',(#1077,#1078,#1079,#1080,#1081,#1082,#1083,#1084));
#1870=EDGE_LOOP('',(#1085,#1086,#1087,#1088,#1089,#1090,#1091,#1092));
#1871=EDGE_LOOP('',(#1093,#1094,#1095,#1096));
#1872=EDGE_LOOP('',(#1097,#1098,#1099,#1100));
#1873=EDGE_LOOP('',(#1101,#1102,#1103,#1104));
#1874=EDGE_LOOP('',(#1105,#1106,#1107,#1108));
#1875=EDGE_LOOP('',(#1109,#1110,#1111,#1112,#1113,#1114,#1115,#1116));
#1876=EDGE_LOOP('',(#1117,#1118,#1119,#1120));
#1877=EDGE_LOOP('',(#1121,#1122,#1123,#1124));
#1878=EDGE_LOOP('',(#1125,#1126,#1127,#1128));
#1879=EDGE_LOOP('',(#1129,#1130,#1131,#1132,#1133,#1134,#1135,#1136));
#1880=EDGE_LOOP('',(#1137,#1138,#1139,#1140));
#1881=EDGE_LOOP('',(#1141,#1142,#1143,#1144,#1145,#1146,#1147,#1148));
#1882=FACE_BOUND('',#1742,.T.);
#1883=FACE_BOUND('',#1743,.T.);
#1884=FACE_BOUND('',#1744,.T.);
#1885=FACE_BOUND('',#1745,.T.);
#1886=FACE_BOUND('',#1746,.T.);
#1887=FACE_BOUND('',#1747,.T.);
#1888=FACE_BOUND('',#1748,.T.);
#1889=FACE_BOUND('',#1749,.T.);
#1890=FACE_BOUND('',#1750,.T.);
#1891=FACE_BOUND('',#1751,.T.);
#1892=FACE_BOUND('',#23,.T.);
#1893=FACE_BOUND('',#1752,.T.);
#1894=FACE_BOUND('',#1753,.T.);
#1895=FACE_BOUND('',#1754,.T.);
#1896=FACE_BOUND('',#1755,.T.);
#1897=FACE_BOUND('',#1756,.T.);
#1898=FACE_BOUND('',#1757,.T.);
#1899=FACE_BOUND('',#1758,.T.);
#1900=FACE_BOUND('',#1759,.T.);
#1901=FACE_BOUND('',#1760,.T.);
#1902=FACE_BOUND('',#1761,.T.);
#1903=FACE_BOUND('',#1762,.T.);
#1904=FACE_BOUND('',#1763,.T.);
#1905=FACE_BOUND('',#1764,.T.);
#1906=FACE_BOUND('',#1765,.T.);
#1907=FACE_BOUND('',#1766,.T.);
#1908=FACE_BOUND('',#1767,.T.);
#1909=FACE_BOUND('',#1768,.T.);
#1910=FACE_BOUND('',#1769,.T.);
#1911=FACE_BOUND('',#1770,.T.);
#1912=FACE_BOUND('',#1771,.T.);
#1913=FACE_BOUND('',#1772,.T.);
#1914=FACE_BOUND('',#1773,.T.);
#1915=FACE_BOUND('',#1774,.T.);
#1916=FACE_BOUND('',#1775,.T.);
#1917=FACE_BOUND('',#1776,.T.);
#1918=FACE_BOUND('',#1777,.T.);
#1919=FACE_BOUND('',#1778,.T.);
#1920=FACE_BOUND('',#1779,.T.);
#1921=FACE_BOUND('',#1780,.T.);
#1922=FACE_BOUND('',#1781,.T.);
#1923=FACE_BOUND('',#1782,.T.);
#1924=FACE_BOUND('',#1783,.T.);
#1925=FACE_BOUND('',#1784,.T.);
#1926=FACE_BOUND('',#1785,.T.);
#1927=FACE_BOUND('',#1786,.T.);
#1928=FACE_BOUND('',#1787,.T.);
#1929=FACE_BOUND('',#1788,.T.);
#1930=FACE_BOUND('',#1789,.T.);
#1931=FACE_BOUND('',#1790,.T.);
#1932=FACE_BOUND('',#1791,.T.);
#1933=FACE_BOUND('',#1792,.T.);
#1934=FACE_BOUND('',#1793,.T.);
#1935=FACE_BOUND('',#1794,.T.);
#1936=FACE_BOUND('',#1795,.T.);
#1937=FACE_BOUND('',#1796,.T.);
#1938=FACE_BOUND('',#1797,.T.);
#1939=FACE_BOUND('',#1798,.T.);
#1940=FACE_BOUND('',#1799,.T.);
#1941=FACE_BOUND('',#1800,.T.);
#1942=FACE_BOUND('',#1801,.T.);
#1943=FACE_BOUND('',#1802,.T.);
#1944=FACE_BOUND('',#1803,.T.);
#1945=FACE_BOUND('',#1804,.T.);
#1946=FACE_BOUND('',#1805,.T.);
#1947=FACE_BOUND('',#1806,.T.);
#1948=FACE_BOUND('',#1807,.T.);
#1949=FACE_BOUND('',#1808,.T.);
#1950=FACE_BOUND('',#1809,.T.);
#1951=FACE_BOUND('',#1810,.T.);
#1952=FACE_BOUND('',#1811,.T.);
#1953=FACE_BOUND('',#1812,.T.);
#1954=FACE_BOUND('',#1813,.T.);
#1955=FACE_BOUND('',#1814,.T.);
#1956=FACE_BOUND('',#1815,.T.);
#1957=FACE_BOUND('',#1816,.T.);
#1958=FACE_BOUND('',#1817,.T.);
#1959=FACE_BOUND('',#1818,.T.);
#1960=FACE_BOUND('',#1819,.T.);
#1961=FACE_BOUND('',#1820,.T.);
#1962=FACE_BOUND('',#1821,.T.);
#1963=FACE_BOUND('',#1822,.T.);
#1964=FACE_BOUND('',#1823,.T.);
#1965=FACE_BOUND('',#1824,.T.);
#1966=FACE_BOUND('',#1825,.T.);
#1967=FACE_BOUND('',#1826,.T.);
#1968=FACE_BOUND('',#1827,.T.);
#1969=FACE_BOUND('',#1828,.T.);
#1970=FACE_BOUND('',#1829,.T.);
#1971=FACE_BOUND('',#1830,.T.);
#1972=FACE_BOUND('',#1831,.T.);
#1973=FACE_BOUND('',#1832,.T.);
#1974=FACE_BOUND('',#1833,.T.);
#1975=FACE_BOUND('',#1834,.T.);
#1976=FACE_BOUND('',#1835,.T.);
#1977=FACE_BOUND('',#1836,.T.);
#1978=FACE_BOUND('',#1837,.T.);
#1979=FACE_BOUND('',#1838,.T.);
#1980=FACE_BOUND('',#1839,.T.);
#1981=FACE_BOUND('',#1840,.T.);
#1982=FACE_BOUND('',#1841,.T.);
#1983=FACE_BOUND('',#1842,.T.);
#1984=FACE_BOUND('',#1843,.T.);
#1985=FACE_BOUND('',#1844,.T.);
#1986=FACE_BOUND('',#1845,.T.);
#1987=FACE_BOUND('',#1846,.T.);
#1988=FACE_BOUND('',#1847,.T.);
#1989=FACE_BOUND('',#1848,.T.);
#1990=FACE_BOUND('',#1849,.T.);
#1991=FACE_BOUND('',#1850,.T.);
#1992=FACE_BOUND('',#1851,.T.);
#1993=FACE_BOUND('',#1852,.T.);
#1994=FACE_BOUND('',#1853,.T.);
#1995=FACE_BOUND('',#1854,.T.);
#1996=FACE_BOUND('',#1855,.T.);
#1997=FACE_BOUND('',#1856,.T.);
#1998=FACE_BOUND('',#1857,.T.);
#1999=FACE_BOUND('',#1858,.T.);
#2000=FACE_BOUND('',#1859,.T.);
#2001=FACE_BOUND('',#1860,.T.);
#2002=FACE_BOUND('',#1861,.T.);
#2003=FACE_BOUND('',#1862,.T.);
#2004=FACE_BOUND('',#1863,.T.);
#2005=FACE_BOUND('',#1864,.T.);
#2006=FACE_BOUND('',#1865,.T.);
#2007=FACE_BOUND('',#1866,.T.);
#2008=FACE_BOUND('',#1867,.T.);
#2009=FACE_BOUND('',#1868,.T.);
#2010=FACE_BOUND('',#1869,.T.);
#2011=FACE_BOUND('',#1870,.T.);
#2012=FACE_BOUND('',#1871,.T.);
#2013=FACE_BOUND('',#1872,.T.);
#2014=FACE_BOUND('',#1873,.T.);
#2015=FACE_BOUND('',#1874,.T.);
#2016=FACE_BOUND('',#1875,.T.);
#2017=FACE_BOUND('',#1876,.T.);
#2018=FACE_BOUND('',#1877,.T.);
#2019=FACE_BOUND('',#1878,.T.);
#2020=FACE_BOUND('',#1879,.T.);
#2021=FACE_BOUND('',#1880,.T.);
#2022=FACE_BOUND('',#1881,.T.);
#2023=CYLINDRICAL_SURFACE('',#2221,0.00752693368121982);
#2024=CYLINDRICAL_SURFACE('',#2237,0.00603472953662276);
#2025=CYLINDRICAL_SURFACE('',#2274,0.000508);
#2026=CYLINDRICAL_SURFACE('',#2275,0.000508);
#2027=CYLINDRICAL_SURFACE('',#2276,0.000508);
#2028=CYLINDRICAL_SURFACE('',#2277,0.000508);
#2029=CYLINDRICAL_SURFACE('',#2278,0.000508);
#2030=CYLINDRICAL_SURFACE('',#2281,0.000508);
#2031=CYLINDRICAL_SURFACE('',#2285,0.000508);
#2032=CYLINDRICAL_SURFACE('',#2286,0.000508);
#2033=CYLINDRICAL_SURFACE('',#2287,0.000508);
#2034=CYLINDRICAL_SURFACE('',#2288,0.000508);
#2035=CYLINDRICAL_SURFACE('',#2290,0.00690459409388781);
#2036=CYLINDRICAL_SURFACE('',#2297,0.00282777465164858);
#2037=CYLINDRICAL_SURFACE('',#2299,0.0060174840105954);
#2038=CYLINDRICAL_SURFACE('',#2324,0.0077978);
#2039=CYLINDRICAL_SURFACE('',#2328,0.0077978);
#2040=CYLINDRICAL_SURFACE('',#2332,0.0077978);
#2041=CYLINDRICAL_SURFACE('',#2337,0.0077978);
#2042=CYLINDRICAL_SURFACE('',#2340,0.0176165616947001);
#2043=CYLINDRICAL_SURFACE('',#2366,0.0106632362015667);
#2044=CYLINDRICAL_SURFACE('',#2372,0.0173796823179462);
#2045=CYLINDRICAL_SURFACE('',#2410,0.000508);
#2046=CYLINDRICAL_SURFACE('',#2411,0.000508);
#2047=CYLINDRICAL_SURFACE('',#2412,0.000508);
#2048=CYLINDRICAL_SURFACE('',#2413,0.000508);
#2049=CYLINDRICAL_SURFACE('',#2429,0.000508);
#2050=CYLINDRICAL_SURFACE('',#2430,0.000508);
#2051=CYLINDRICAL_SURFACE('',#2431,0.000508);
#2052=CYLINDRICAL_SURFACE('',#2432,0.000508);
#2053=CYLINDRICAL_SURFACE('',#2448,0.000508);
#2054=CYLINDRICAL_SURFACE('',#2449,0.000508);
#2055=CYLINDRICAL_SURFACE('',#2450,0.000508);
#2056=CYLINDRICAL_SURFACE('',#2451,0.000508);
#2057=CYLINDRICAL_SURFACE('',#2467,0.000508);
#2058=CYLINDRICAL_SURFACE('',#2468,0.000508);
#2059=CYLINDRICAL_SURFACE('',#2469,0.000508);
#2060=CYLINDRICAL_SURFACE('',#2470,0.000508);
#2061=ADVANCED_FACE('',(#1882,#1883),#2023,.T.);
#2062=ADVANCED_FACE('',(#1884),#27,.F.);
#2063=ADVANCED_FACE('',(#1885,#1886),#2024,.F.);
#2064=ADVANCED_FACE('',(#1887,#1888),#28,.F.);
#2065=ADVANCED_FACE('',(#1889,#1890),#25,.T.);
#2066=ADVANCED_FACE('',(#1891,#1892),#24,.F.);
#2067=ADVANCED_FACE('',(#1893),#29,.T.);
#2068=ADVANCED_FACE('',(#1894),#30,.F.);
#2069=ADVANCED_FACE('',(#1895),#31,.T.);
#2070=ADVANCED_FACE('',(#1896),#32,.F.);
#2071=ADVANCED_FACE('',(#1897),#33,.T.);
#2072=ADVANCED_FACE('',(#1898),#34,.F.);
#2073=ADVANCED_FACE('',(#1899),#35,.T.);
#2074=ADVANCED_FACE('',(#1900),#36,.F.);
#2075=ADVANCED_FACE('',(#1901),#37,.F.);
#2076=ADVANCED_FACE('',(#1902),#38,.T.);
#2077=ADVANCED_FACE('',(#1903),#39,.F.);
#2078=ADVANCED_FACE('',(#1904),#40,.T.);
#2079=ADVANCED_FACE('',(#1905),#41,.F.);
#2080=ADVANCED_FACE('',(#1906),#42,.T.);
#2081=ADVANCED_FACE('',(#1907),#43,.F.);
#2082=ADVANCED_FACE('',(#1908),#44,.T.);
#2083=ADVANCED_FACE('',(#1909),#2025,.F.);
#2084=ADVANCED_FACE('',(#1910),#2026,.F.);
#2085=ADVANCED_FACE('',(#1911),#2027,.F.);
#2086=ADVANCED_FACE('',(#1912),#2028,.F.);
#2087=ADVANCED_FACE('',(#1913),#2029,.T.);
#2088=ADVANCED_FACE('',(#1914),#2030,.T.);
#2089=ADVANCED_FACE('',(#1915),#17,.T.);
#2090=ADVANCED_FACE('',(#1916),#16,.F.);
#2091=ADVANCED_FACE('',(#1917),#2031,.F.);
#2092=ADVANCED_FACE('',(#1918),#2032,.F.);
#2093=ADVANCED_FACE('',(#1919),#2033,.F.);
#2094=ADVANCED_FACE('',(#1920),#2034,.F.);
#2095=ADVANCED_FACE('',(#1921,#1922),#2035,.T.);
#2096=ADVANCED_FACE('',(#1923,#1924),#45,.F.);
#2097=ADVANCED_FACE('',(#1925,#1926),#46,.T.);
#2098=ADVANCED_FACE('',(#1927,#1928),#2036,.F.);
#2099=ADVANCED_FACE('',(#1929,#1930),#2037,.T.);
#2100=ADVANCED_FACE('',(#1931,#1932),#47,.T.);
#2101=ADVANCED_FACE('',(#1933),#48,.F.);
#2102=ADVANCED_FACE('',(#1934),#49,.F.);
#2103=ADVANCED_FACE('',(#1935),#50,.F.);
#2104=ADVANCED_FACE('',(#1936),#51,.F.);
#2105=ADVANCED_FACE('',(#1937),#52,.T.);
#2106=ADVANCED_FACE('',(#1938),#53,.T.);
#2107=ADVANCED_FACE('',(#1939),#54,.T.);
#2108=ADVANCED_FACE('',(#1940),#2038,.F.);
#2109=ADVANCED_FACE('',(#1941),#55,.F.);
#2110=ADVANCED_FACE('',(#1942),#56,.F.);
#2111=ADVANCED_FACE('',(#1943),#57,.T.);
#2112=ADVANCED_FACE('',(#1944),#2039,.F.);
#2113=ADVANCED_FACE('',(#1945),#58,.F.);
#2114=ADVANCED_FACE('',(#1946),#59,.F.);
#2115=ADVANCED_FACE('',(#1947),#60,.T.);
#2116=ADVANCED_FACE('',(#1948),#2040,.F.);
#2117=ADVANCED_FACE('',(#1949),#61,.F.);
#2118=ADVANCED_FACE('',(#1950),#62,.F.);
#2119=ADVANCED_FACE('',(#1951),#63,.T.);
#2120=ADVANCED_FACE('',(#1952),#2041,.F.);
#2121=ADVANCED_FACE('',(#1953),#64,.F.);
#2122=ADVANCED_FACE('',(#1954),#65,.F.);
#2123=ADVANCED_FACE('',(#1955,#1956),#2042,.T.);
#2124=ADVANCED_FACE('',(#1957),#66,.T.);
#2125=ADVANCED_FACE('',(#1958),#67,.T.);
#2126=ADVANCED_FACE('',(#1959,#1960),#68,.F.);
#2127=ADVANCED_FACE('',(#1961,#1962),#26,.T.);
#2128=ADVANCED_FACE('',(#1963),#69,.F.);
#2129=ADVANCED_FACE('',(#1964),#70,.F.);
#2130=ADVANCED_FACE('',(#1965),#71,.F.);
#2131=ADVANCED_FACE('',(#1966),#72,.F.);
#2132=ADVANCED_FACE('',(#1967),#18,.T.);
#2133=ADVANCED_FACE('',(#1968),#19,.T.);
#2134=ADVANCED_FACE('',(#1969),#20,.T.);
#2135=ADVANCED_FACE('',(#1970,#1971),#2043,.F.);
#2136=ADVANCED_FACE('',(#1972,#1973),#2044,.T.);
#2137=ADVANCED_FACE('',(#1974,#1975),#73,.T.);
#2138=ADVANCED_FACE('',(#1976,#1977),#21,.T.);
#2139=ADVANCED_FACE('',(#1978),#22,.T.);
#2140=ADVANCED_FACE('',(#1979),#74,.T.);
#2141=ADVANCED_FACE('',(#1980),#75,.T.);
#2142=ADVANCED_FACE('',(#1981),#76,.T.);
#2143=ADVANCED_FACE('',(#1982),#77,.T.);
#2144=ADVANCED_FACE('',(#1983),#78,.T.);
#2145=ADVANCED_FACE('',(#1984),#79,.T.);
#2146=ADVANCED_FACE('',(#1985),#80,.F.);
#2147=ADVANCED_FACE('',(#1986),#2045,.T.);
#2148=ADVANCED_FACE('',(#1987),#2046,.T.);
#2149=ADVANCED_FACE('',(#1988),#2047,.T.);
#2150=ADVANCED_FACE('',(#1989),#2048,.T.);
#2151=ADVANCED_FACE('',(#1990),#81,.T.);
#2152=ADVANCED_FACE('',(#1991),#82,.T.);
#2153=ADVANCED_FACE('',(#1992),#83,.T.);
#2154=ADVANCED_FACE('',(#1993),#84,.T.);
#2155=ADVANCED_FACE('',(#1994),#85,.T.);
#2156=ADVANCED_FACE('',(#1995),#86,.T.);
#2157=ADVANCED_FACE('',(#1996),#87,.F.);
#2158=ADVANCED_FACE('',(#1997),#2049,.T.);
#2159=ADVANCED_FACE('',(#1998),#2050,.T.);
#2160=ADVANCED_FACE('',(#1999),#2051,.T.);
#2161=ADVANCED_FACE('',(#2000),#2052,.T.);
#2162=ADVANCED_FACE('',(#2001),#88,.T.);
#2163=ADVANCED_FACE('',(#2002),#89,.T.);
#2164=ADVANCED_FACE('',(#2003),#90,.T.);
#2165=ADVANCED_FACE('',(#2004),#91,.T.);
#2166=ADVANCED_FACE('',(#2005),#92,.T.);
#2167=ADVANCED_FACE('',(#2006),#93,.T.);
#2168=ADVANCED_FACE('',(#2007),#94,.F.);
#2169=ADVANCED_FACE('',(#2008),#2053,.T.);
#2170=ADVANCED_FACE('',(#2009),#2054,.T.);
#2171=ADVANCED_FACE('',(#2010),#2055,.T.);
#2172=ADVANCED_FACE('',(#2011),#2056,.T.);
#2173=ADVANCED_FACE('',(#2012),#95,.T.);
#2174=ADVANCED_FACE('',(#2013),#96,.T.);
#2175=ADVANCED_FACE('',(#2014),#97,.T.);
#2176=ADVANCED_FACE('',(#2015),#98,.T.);
#2177=ADVANCED_FACE('',(#2016),#99,.T.);
#2178=ADVANCED_FACE('',(#2017),#100,.T.);
#2179=ADVANCED_FACE('',(#2018),#101,.F.);
#2180=ADVANCED_FACE('',(#2019),#2057,.T.);
#2181=ADVANCED_FACE('',(#2020),#2058,.T.);
#2182=ADVANCED_FACE('',(#2021),#2059,.T.);
#2183=ADVANCED_FACE('',(#2022),#2060,.T.);
#2184=CLOSED_SHELL('',(#2061,#2062,#2063,#2064,#2065,#2066,#2067,#2068,
#2069,#2070,#2071,#2072,#2073,#2074,#2075,#2076,#2077,#2078,#2079,#2080,
#2081,#2082,#2083,#2084,#2085,#2086,#2087,#2088,#2089,#2090,#2091,#2092,
#2093,#2094));
#2185=CLOSED_SHELL('',(#2095,#2096,#2097,#2098,#2099,#2100));
#2186=CLOSED_SHELL('',(#2101,#2102,#2103,#2104,#2105,#2106,#2107,#2108,
#2109,#2110,#2111,#2112,#2113,#2114,#2115,#2116,#2117,#2118,#2119,#2120,
#2121,#2122,#2123,#2124,#2125,#2126,#2127,#2128,#2129,#2130,#2131,#2132,
#2133,#2134,#2135,#2136,#2137,#2138,#2139,#2140,#2141,#2142,#2143,#2144,
#2145,#2146,#2147,#2148,#2149,#2150,#2151,#2152,#2153,#2154,#2155,#2156,
#2157,#2158,#2159,#2160,#2161,#2162,#2163,#2164,#2165,#2166,#2167,#2168,
#2169,#2170,#2171,#2172,#2173,#2174,#2175,#2176,#2177,#2178,#2179,#2180,
#2181,#2182,#2183));
#2187=STYLED_ITEM('',(#2190),#2211);
#2188=STYLED_ITEM('',(#2191),#2212);
#2189=STYLED_ITEM('',(#2192),#2213);
#2190=PRESENTATION_STYLE_ASSIGNMENT((#2193));
#2191=PRESENTATION_STYLE_ASSIGNMENT((#2194));
#2192=PRESENTATION_STYLE_ASSIGNMENT((#2195));
#2193=SURFACE_STYLE_USAGE(.BOTH.,#2196);
#2194=SURFACE_STYLE_USAGE(.BOTH.,#2197);
#2195=SURFACE_STYLE_USAGE(.BOTH.,#2198);
#2196=SURFACE_SIDE_STYLE('',(#2199));
#2197=SURFACE_SIDE_STYLE('',(#2200));
#2198=SURFACE_SIDE_STYLE('',(#2201));
#2199=SURFACE_STYLE_FILL_AREA(#2202);
#2200=SURFACE_STYLE_FILL_AREA(#2203);
#2201=SURFACE_STYLE_FILL_AREA(#2204);
#2202=FILL_AREA_STYLE('',(#2205));
#2203=FILL_AREA_STYLE('',(#2206));
#2204=FILL_AREA_STYLE('',(#2207));
#2205=FILL_AREA_STYLE_COLOUR('',#2208);
#2206=FILL_AREA_STYLE_COLOUR('',#2209);
#2207=FILL_AREA_STYLE_COLOUR('',#2210);
#2208=COLOUR_RGB('',0.615686274509804,0.811764705882353,0.929411764705882);
#2209=COLOUR_RGB('',0.231372549019608,0.380392156862745,0.705882352941177);
#2210=COLOUR_RGB('',0.647058823529412,0.647058823529412,0.647058823529412);
#2211=MANIFOLD_SOLID_BREP('Part 1',#2184);
#2212=MANIFOLD_SOLID_BREP('Part 3',#2185);
#2213=MANIFOLD_SOLID_BREP('Part 2',#2186);
#2214=SHAPE_DEFINITION_REPRESENTATION(#4052,#2217);
#2215=SHAPE_DEFINITION_REPRESENTATION(#4053,#2218);
#2216=SHAPE_DEFINITION_REPRESENTATION(#4054,#2219);
#2217=SHAPE_REPRESENTATION('Part 1',(#2220),#4037);
#2218=SHAPE_REPRESENTATION('Part 3',(#2289),#4038);
#2219=SHAPE_REPRESENTATION('Part 2',(#2302),#4039);
#2220=AXIS2_PLACEMENT_3D('',#3131,#2471,#2472);
#2221=AXIS2_PLACEMENT_3D('',#3132,#2473,#2474);
#2222=AXIS2_PLACEMENT_3D('',#3133,#2475,#2476);
#2223=AXIS2_PLACEMENT_3D('',#3135,#2477,#2478);
#2224=AXIS2_PLACEMENT_3D('',#3140,#2480,#2481);
#2225=AXIS2_PLACEMENT_3D('',#3142,#2482,#2483);
#2226=AXIS2_PLACEMENT_3D('',#3146,#2485,#2486);
#2227=AXIS2_PLACEMENT_3D('',#3150,#2488,#2489);
#2228=AXIS2_PLACEMENT_3D('',#3152,#2490,#2491);
#2229=AXIS2_PLACEMENT_3D('',#3156,#2493,#2494);
#2230=AXIS2_PLACEMENT_3D('',#3160,#2496,#2497);
#2231=AXIS2_PLACEMENT_3D('',#3162,#2498,#2499);
#2232=AXIS2_PLACEMENT_3D('',#3166,#2501,#2502);
#2233=AXIS2_PLACEMENT_3D('',#3184,#2504,#2505);
#2234=AXIS2_PLACEMENT_3D('',#3186,#2506,#2507);
#2235=AXIS2_PLACEMENT_3D('',#3189,#2509,#2510);
#2236=AXIS2_PLACEMENT_3D('',#3190,#2511,#2512);
#2237=AXIS2_PLACEMENT_3D('',#3192,#2513,#2514);
#2238=AXIS2_PLACEMENT_3D('',#3193,#2515,#2516);
#2239=AXIS2_PLACEMENT_3D('',#3195,#2517,#2518);
#2240=AXIS2_PLACEMENT_3D('',#3205,#2523,#2524);
#2241=AXIS2_PLACEMENT_3D('',#3206,#2525,#2526);
#2242=AXIS2_PLACEMENT_3D('',#3216,#2531,#2532);
#2243=AXIS2_PLACEMENT_3D('',#3217,#2533,#2534);
#2244=AXIS2_PLACEMENT_3D('',#3227,#2539,#2540);
#2245=AXIS2_PLACEMENT_3D('',#3228,#2541,#2542);
#2246=AXIS2_PLACEMENT_3D('',#3238,#2547,#2548);
#2247=AXIS2_PLACEMENT_3D('',#3239,#2549,#2550);
#2248=AXIS2_PLACEMENT_3D('',#3240,#2551,#2552);
#2249=AXIS2_PLACEMENT_3D('',#3241,#2553,#2554);
#2250=AXIS2_PLACEMENT_3D('',#3320,#2555,#2556);
#2251=AXIS2_PLACEMENT_3D('',#3324,#2559,#2560);
#2252=AXIS2_PLACEMENT_3D('',#3328,#2563,#2564);
#2253=AXIS2_PLACEMENT_3D('',#3332,#2567,#2568);
#2254=AXIS2_PLACEMENT_3D('',#3336,#2571,#2572);
#2255=AXIS2_PLACEMENT_3D('',#3340,#2575,#2576);
#2256=AXIS2_PLACEMENT_3D('',#3347,#2580,#2581);
#2257=AXIS2_PLACEMENT_3D('',#3351,#2584,#2585);
#2258=AXIS2_PLACEMENT_3D('',#3355,#2588,#2589);
#2259=AXIS2_PLACEMENT_3D('',#3357,#2591,#2592);
#2260=AXIS2_PLACEMENT_3D('',#3358,#2593,#2594);
#2261=AXIS2_PLACEMENT_3D('',#3359,#2595,#2596);
#2262=AXIS2_PLACEMENT_3D('',#3360,#2597,#2598);
#2263=AXIS2_PLACEMENT_3D('',#3368,#2600,#2601);
#2264=AXIS2_PLACEMENT_3D('',#3370,#2603,#2604);
#2265=AXIS2_PLACEMENT_3D('',#3371,#2605,#2606);
#2266=AXIS2_PLACEMENT_3D('',#3372,#2607,#2608);
#2267=AXIS2_PLACEMENT_3D('',#3374,#2610,#2611);
#2268=AXIS2_PLACEMENT_3D('',#3375,#2612,#2613);
#2269=AXIS2_PLACEMENT_3D('',#3376,#2614,#2615);
#2270=AXIS2_PLACEMENT_3D('',#3377,#2616,#2617);
#2271=AXIS2_PLACEMENT_3D('',#3379,#2619,#2620);
#2272=AXIS2_PLACEMENT_3D('',#3380,#2621,#2622);
#2273=AXIS2_PLACEMENT_3D('',#3381,#2623,#2624);
#2274=AXIS2_PLACEMENT_3D('',#3382,#2625,#2626);
#2275=AXIS2_PLACEMENT_3D('',#3383,#2627,#2628);
#2276=AXIS2_PLACEMENT_3D('',#3384,#2629,#2630);
#2277=AXIS2_PLACEMENT_3D('',#3385,#2631,#2632);
#2278=AXIS2_PLACEMENT_3D('',#3386,#2633,#2634);
#2279=AXIS2_PLACEMENT_3D('',#3387,#2635,#2636);
#2280=AXIS2_PLACEMENT_3D('',#3388,#2637,#2638);
#2281=AXIS2_PLACEMENT_3D('',#3389,#2639,#2640);
#2282=AXIS2_PLACEMENT_3D('',#3394,#2641,#2642);
#2283=AXIS2_PLACEMENT_3D('',#3395,#2643,#2644);
#2284=AXIS2_PLACEMENT_3D('',#3420,#2645,#2646);
#2285=AXIS2_PLACEMENT_3D('',#3421,#2647,#2648);
#2286=AXIS2_PLACEMENT_3D('',#3422,#2649,#2650);
#2287=AXIS2_PLACEMENT_3D('',#3423,#2651,#2652);
#2288=AXIS2_PLACEMENT_3D('',#3424,#2653,#2654);
#2289=AXIS2_PLACEMENT_3D('',#3425,#2655,#2656);
#2290=AXIS2_PLACEMENT_3D('',#3426,#2657,#2658);
#2291=AXIS2_PLACEMENT_3D('',#3427,#2659,#2660);
#2292=AXIS2_PLACEMENT_3D('',#3429,#2661,#2662);
#2293=AXIS2_PLACEMENT_3D('',#3431,#2663,#2664);
#2294=AXIS2_PLACEMENT_3D('',#3432,#2665,#2666);
#2295=AXIS2_PLACEMENT_3D('',#3434,#2667,#2668);
#2296=AXIS2_PLACEMENT_3D('',#3435,#2669,#2670);
#2297=AXIS2_PLACEMENT_3D('',#3437,#2671,#2672);
#2298=AXIS2_PLACEMENT_3D('',#3438,#2673,#2674);
#2299=AXIS2_PLACEMENT_3D('',#3440,#2675,#2676);
#2300=AXIS2_PLACEMENT_3D('',#3441,#2677,#2678);
#2301=AXIS2_PLACEMENT_3D('',#3443,#2679,#2680);
#2302=AXIS2_PLACEMENT_3D('',#3444,#2681,#2682);
#2303=AXIS2_PLACEMENT_3D('',#3445,#2683,#2684);
#2304=AXIS2_PLACEMENT_3D('',#3449,#2686,#2687);
#2305=AXIS2_PLACEMENT_3D('',#3453,#2689,#2690);
#2306=AXIS2_PLACEMENT_3D('',#3454,#2691,#2692);
#2307=AXIS2_PLACEMENT_3D('',#3458,#2694,#2695);
#2308=AXIS2_PLACEMENT_3D('',#3462,#2697,#2698);
#2309=AXIS2_PLACEMENT_3D('',#3463,#2699,#2700);
#2310=AXIS2_PLACEMENT_3D('',#3467,#2702,#2703);
#2311=AXIS2_PLACEMENT_3D('',#3471,#2705,#2706);
#2312=AXIS2_PLACEMENT_3D('',#3472,#2707,#2708);
#2313=AXIS2_PLACEMENT_3D('',#3476,#2710,#2711);
#2314=AXIS2_PLACEMENT_3D('',#3480,#2713,#2714);
#2315=AXIS2_PLACEMENT_3D('',#3481,#2715,#2716);
#2316=AXIS2_PLACEMENT_3D('',#3485,#2718,#2719);
#2317=AXIS2_PLACEMENT_3D('',#3489,#2721,#2722);
#2318=AXIS2_PLACEMENT_3D('',#3490,#2723,#2724);
#2319=AXIS2_PLACEMENT_3D('',#3494,#2726,#2727);
#2320=AXIS2_PLACEMENT_3D('',#3498,#2729,#2730);
#2321=AXIS2_PLACEMENT_3D('',#3499,#2731,#2732);
#2322=AXIS2_PLACEMENT_3D('',#3503,#2734,#2735);
#2323=AXIS2_PLACEMENT_3D('',#3507,#2737,#2738);
#2324=AXIS2_PLACEMENT_3D('',#3508,#2739,#2740);
#2325=AXIS2_PLACEMENT_3D('',#3511,#2743,#2744);
#2326=AXIS2_PLACEMENT_3D('',#3520,#2747,#2748);
#2327=AXIS2_PLACEMENT_3D('',#3529,#2751,#2752);
#2328=AXIS2_PLACEMENT_3D('',#3536,#2755,#2756);
#2329=AXIS2_PLACEMENT_3D('',#3538,#2758,#2759);
#2330=AXIS2_PLACEMENT_3D('',#3547,#2762,#2763);
#2331=AXIS2_PLACEMENT_3D('',#3556,#2766,#2767);
#2332=AXIS2_PLACEMENT_3D('',#3566,#2771,#2772);
#2333=AXIS2_PLACEMENT_3D('',#3569,#2774,#2775);
#2334=AXIS2_PLACEMENT_3D('',#3570,#2776,#2777);
#2335=AXIS2_PLACEMENT_3D('',#3581,#2781,#2782);
#2336=AXIS2_PLACEMENT_3D('',#3590,#2785,#2786);
#2337=AXIS2_PLACEMENT_3D('',#3597,#2789,#2790);
#2338=AXIS2_PLACEMENT_3D('',#3599,#2792,#2793);
#2339=AXIS2_PLACEMENT_3D('',#3608,#2796,#2797);
#2340=AXIS2_PLACEMENT_3D('',#3617,#2800,#2801);
#2341=AXIS2_PLACEMENT_3D('',#3618,#2802,#2803);
#2342=AXIS2_PLACEMENT_3D('',#3620,#2804,#2805);
#2343=AXIS2_PLACEMENT_3D('',#3622,#2806,#2807);
#2344=AXIS2_PLACEMENT_3D('',#3628,#2809,#2810);
#2345=AXIS2_PLACEMENT_3D('',#3629,#2811,#2812);
#2346=AXIS2_PLACEMENT_3D('',#3630,#2813,#2814);
#2347=AXIS2_PLACEMENT_3D('',#3631,#2815,#2816);
#2348=AXIS2_PLACEMENT_3D('',#3633,#2817,#2818);
#2349=AXIS2_PLACEMENT_3D('',#3634,#2819,#2820);
#2350=AXIS2_PLACEMENT_3D('',#3635,#2821,#2822);
#2351=AXIS2_PLACEMENT_3D('',#3636,#2823,#2824);
#2352=AXIS2_PLACEMENT_3D('',#3637,#2825,#2826);
#2353=AXIS2_PLACEMENT_3D('',#3638,#2827,#2828);
#2354=AXIS2_PLACEMENT_3D('',#3639,#2829,#2830);
#2355=AXIS2_PLACEMENT_3D('',#3640,#2831,#2832);
#2356=AXIS2_PLACEMENT_3D('',#3641,#2833,#2834);
#2357=AXIS2_PLACEMENT_3D('',#3642,#2835,#2836);
#2358=AXIS2_PLACEMENT_3D('',#3653,#2837,#2838);
#2359=AXIS2_PLACEMENT_3D('',#3664,#2839,#2840);
#2360=AXIS2_PLACEMENT_3D('',#3665,#2841,#2842);
#2361=AXIS2_PLACEMENT_3D('',#3676,#2843,#2844);
#2362=AXIS2_PLACEMENT_3D('',#3687,#2845,#2846);
#2363=AXIS2_PLACEMENT_3D('',#3688,#2847,#2848);
#2364=AXIS2_PLACEMENT_3D('',#3699,#2849,#2850);
#2365=AXIS2_PLACEMENT_3D('',#3710,#2851,#2852);
#2366=AXIS2_PLACEMENT_3D('',#3711,#2853,#2854);
#2367=AXIS2_PLACEMENT_3D('',#3726,#2855,#2856);
#2368=AXIS2_PLACEMENT_3D('',#3741,#2857,#2858);
#2369=AXIS2_PLACEMENT_3D('',#3750,#2859,#2860);
#2370=AXIS2_PLACEMENT_3D('',#3759,#2861,#2862);
#2371=AXIS2_PLACEMENT_3D('',#3774,#2863,#2864);
#2372=AXIS2_PLACEMENT_3D('',#3775,#2865,#2866);
#2373=AXIS2_PLACEMENT_3D('',#3776,#2867,#2868);
#2374=AXIS2_PLACEMENT_3D('',#3778,#2869,#2870);
#2375=AXIS2_PLACEMENT_3D('',#3779,#2871,#2872);
#2376=AXIS2_PLACEMENT_3D('',#3783,#2874,#2875);
#2377=AXIS2_PLACEMENT_3D('',#3787,#2877,#2878);
#2378=AXIS2_PLACEMENT_3D('',#3791,#2880,#2881);
#2379=AXIS2_PLACEMENT_3D('',#3792,#2882,#2883);
#2380=AXIS2_PLACEMENT_3D('',#3796,#2885,#2886);
#2381=AXIS2_PLACEMENT_3D('',#3800,#2888,#2889);
#2382=AXIS2_PLACEMENT_3D('',#3804,#2891,#2892);
#2383=AXIS2_PLACEMENT_3D('',#3806,#2893,#2894);
#2384=AXIS2_PLACEMENT_3D('',#3808,#2895,#2896);
#2385=AXIS2_PLACEMENT_3D('',#3812,#2898,#2899);
#2386=AXIS2_PLACEMENT_3D('',#3816,#2901,#2902);
#2387=AXIS2_PLACEMENT_3D('',#3820,#2904,#2905);
#2388=AXIS2_PLACEMENT_3D('',#3821,#2906,#2907);
#2389=AXIS2_PLACEMENT_3D('',#3825,#2909,#2910);
#2390=AXIS2_PLACEMENT_3D('',#3829,#2912,#2913);
#2391=AXIS2_PLACEMENT_3D('',#3833,#2915,#2916);
#2392=AXIS2_PLACEMENT_3D('',#3834,#2917,#2918);
#2393=AXIS2_PLACEMENT_3D('',#3836,#2919,#2920);
#2394=AXIS2_PLACEMENT_3D('',#3837,#2921,#2922);
#2395=AXIS2_PLACEMENT_3D('',#3854,#2923,#2924);
#2396=AXIS2_PLACEMENT_3D('',#3855,#2925,#2926);
#2397=AXIS2_PLACEMENT_3D('',#3857,#2927,#2928);
#2398=AXIS2_PLACEMENT_3D('',#3860,#2930,#2931);
#2399=AXIS2_PLACEMENT_3D('',#3869,#2936,#2937);
#2400=AXIS2_PLACEMENT_3D('',#3870,#2938,#2939);
#2401=AXIS2_PLACEMENT_3D('',#3871,#2940,#2941);
#2402=AXIS2_PLACEMENT_3D('',#3872,#2942,#2943);
#2403=AXIS2_PLACEMENT_3D('',#3878,#2947,#2948);
#2404=AXIS2_PLACEMENT_3D('',#3879,#2949,#2950);
#2405=AXIS2_PLACEMENT_3D('',#3883,#2952,#2953);
#2406=AXIS2_PLACEMENT_3D('',#3884,#2954,#2955);
#2407=AXIS2_PLACEMENT_3D('',#3888,#2957,#2958);
#2408=AXIS2_PLACEMENT_3D('',#3889,#2959,#2960);
#2409=AXIS2_PLACEMENT_3D('',#3892,#2963,#2964);
#2410=AXIS2_PLACEMENT_3D('',#3895,#2967,#2968);
#2411=AXIS2_PLACEMENT_3D('',#3896,#2969,#2970);
#2412=AXIS2_PLACEMENT_3D('',#3897,#2971,#2972);
#2413=AXIS2_PLACEMENT_3D('',#3898,#2973,#2974);
#2414=AXIS2_PLACEMENT_3D('',#3899,#2975,#2976);
#2415=AXIS2_PLACEMENT_3D('',#3900,#2977,#2978);
#2416=AXIS2_PLACEMENT_3D('',#3902,#2979,#2980);
#2417=AXIS2_PLACEMENT_3D('',#3905,#2982,#2983);
#2418=AXIS2_PLACEMENT_3D('',#3914,#2988,#2989);
#2419=AXIS2_PLACEMENT_3D('',#3915,#2990,#2991);
#2420=AXIS2_PLACEMENT_3D('',#3916,#2992,#2993);
#2421=AXIS2_PLACEMENT_3D('',#3917,#2994,#2995);
#2422=AXIS2_PLACEMENT_3D('',#3923,#2999,#3000);
#2423=AXIS2_PLACEMENT_3D('',#3927,#3002,#3003);
#2424=AXIS2_PLACEMENT_3D('',#3928,#3004,#3005);
#2425=AXIS2_PLACEMENT_3D('',#3932,#3007,#3008);
#2426=AXIS2_PLACEMENT_3D('',#3933,#3009,#3010);
#2427=AXIS2_PLACEMENT_3D('',#3934,#3011,#3012);
#2428=AXIS2_PLACEMENT_3D('',#3937,#3015,#3016);
#2429=AXIS2_PLACEMENT_3D('',#3940,#3019,#3020);
#2430=AXIS2_PLACEMENT_3D('',#3941,#3021,#3022);
#2431=AXIS2_PLACEMENT_3D('',#3942,#3023,#3024);
#2432=AXIS2_PLACEMENT_3D('',#3943,#3025,#3026);
#2433=AXIS2_PLACEMENT_3D('',#3944,#3027,#3028);
#2434=AXIS2_PLACEMENT_3D('',#3945,#3029,#3030);
#2435=AXIS2_PLACEMENT_3D('',#3947,#3031,#3032);
#2436=AXIS2_PLACEMENT_3D('',#3950,#3034,#3035);
#2437=AXIS2_PLACEMENT_3D('',#3959,#3040,#3041);
#2438=AXIS2_PLACEMENT_3D('',#3960,#3042,#3043);
#2439=AXIS2_PLACEMENT_3D('',#3961,#3044,#3045);
#2440=AXIS2_PLACEMENT_3D('',#3962,#3046,#3047);
#2441=AXIS2_PLACEMENT_3D('',#3968,#3051,#3052);
#2442=AXIS2_PLACEMENT_3D('',#3969,#3053,#3054);
#2443=AXIS2_PLACEMENT_3D('',#3973,#3056,#3057);
#2444=AXIS2_PLACEMENT_3D('',#3974,#3058,#3059);
#2445=AXIS2_PLACEMENT_3D('',#3978,#3061,#3062);
#2446=AXIS2_PLACEMENT_3D('',#3979,#3063,#3064);
#2447=AXIS2_PLACEMENT_3D('',#3982,#3067,#3068);
#2448=AXIS2_PLACEMENT_3D('',#3985,#3071,#3072);
#2449=AXIS2_PLACEMENT_3D('',#3986,#3073,#3074);
#2450=AXIS2_PLACEMENT_3D('',#3987,#3075,#3076);
#2451=AXIS2_PLACEMENT_3D('',#3988,#3077,#3078);
#2452=AXIS2_PLACEMENT_3D('',#3989,#3079,#3080);
#2453=AXIS2_PLACEMENT_3D('',#3990,#3081,#3082);
#2454=AXIS2_PLACEMENT_3D('',#3992,#3083,#3084);
#2455=AXIS2_PLACEMENT_3D('',#3995,#3086,#3087);
#2456=AXIS2_PLACEMENT_3D('',#4004,#3092,#3093);
#2457=AXIS2_PLACEMENT_3D('',#4005,#3094,#3095);
#2458=AXIS2_PLACEMENT_3D('',#4006,#3096,#3097);
#2459=AXIS2_PLACEMENT_3D('',#4007,#3098,#3099);
#2460=AXIS2_PLACEMENT_3D('',#4013,#3103,#3104);
#2461=AXIS2_PLACEMENT_3D('',#4014,#3105,#3106);
#2462=AXIS2_PLACEMENT_3D('',#4018,#3108,#3109);
#2463=AXIS2_PLACEMENT_3D('',#4019,#3110,#3111);
#2464=AXIS2_PLACEMENT_3D('',#4023,#3113,#3114);
#2465=AXIS2_PLACEMENT_3D('',#4024,#3115,#3116);
#2466=AXIS2_PLACEMENT_3D('',#4027,#3119,#3120);
#2467=AXIS2_PLACEMENT_3D('',#4030,#3123,#3124);
#2468=AXIS2_PLACEMENT_3D('',#4031,#3125,#3126);
#2469=AXIS2_PLACEMENT_3D('',#4032,#3127,#3128);
#2470=AXIS2_PLACEMENT_3D('',#4033,#3129,#3130);
#2471=DIRECTION('',(0.,0.,1.));
#2472=DIRECTION('',(1.,0.,0.));
#2473=DIRECTION('',(0.,0.,-1.));
#2474=DIRECTION('',(-6.12323399573677E-17,1.,0.));
#2475=DIRECTION('',(0.,0.,-1.));
#2476=DIRECTION('',(-6.12323399573677E-17,1.,0.));
#2477=DIRECTION('',(0.,0.,-1.));
#2478=DIRECTION('',(-6.12323399573677E-17,1.,0.));
#2479=DIRECTION('',(0.,0.,-1.));
#2480=DIRECTION('',(0.680685725579505,-0.707106781186548,-0.191486143081693));
#2481=DIRECTION('',(-0.132799293082393,0.137953944304319,-0.981495316854695));
#2482=DIRECTION('',(-0.680685725579505,-0.707106781186548,0.191486143081693));
#2483=DIRECTION('',(-0.132799293082393,-0.137953944304319,-0.981495316854695));
#2484=DIRECTION('',(0.,0.,-1.));
#2485=DIRECTION('',(0.,0.,-1.));
#2486=DIRECTION('',(-6.12323399573677E-17,1.,0.));
#2487=DIRECTION('',(0.,0.,-1.));
#2488=DIRECTION('',(0.707106781186548,0.680685725579505,-0.191486143081693));
#2489=DIRECTION('',(-0.137953944304319,-0.132799293082393,-0.981495316854695));
#2490=DIRECTION('',(0.707106781186548,-0.680685725579505,0.191486143081693));
#2491=DIRECTION('',(0.137953944304319,-0.132799293082393,-0.981495316854695));
#2492=DIRECTION('',(0.,0.,-1.));
#2493=DIRECTION('',(0.,0.,-1.));
#2494=DIRECTION('',(-6.12323399573677E-17,1.,0.));
#2495=DIRECTION('',(0.,0.,-1.));
#2496=DIRECTION('',(-0.680685725579506,0.707106781186548,-0.191486143081693));
#2497=DIRECTION('',(0.132799293082393,-0.137953944304319,-0.981495316854695));
#2498=DIRECTION('',(0.680685725579505,0.707106781186548,0.191486143081693));
#2499=DIRECTION('',(0.132799293082393,0.137953944304319,-0.981495316854695));
#2500=DIRECTION('',(0.,0.,-1.));
#2501=DIRECTION('',(0.,0.,-1.));
#2502=DIRECTION('',(-6.12323399573677E-17,1.,0.));
#2503=DIRECTION('',(0.,0.,-1.));
#2504=DIRECTION('',(-0.707106781186548,-0.680685725579506,-0.191486143081693));
#2505=DIRECTION('',(0.137953944304319,0.132799293082393,-0.981495316854695));
#2506=DIRECTION('',(-0.707106781186548,0.680685725579505,0.191486143081693));
#2507=DIRECTION('',(-0.137953944304319,0.132799293082393,-0.981495316854695));
#2508=DIRECTION('',(0.,0.,-1.));
#2509=DIRECTION('',(0.,0.,1.));
#2510=DIRECTION('',(6.12323399573677E-17,-1.,0.));
#2511=DIRECTION('',(0.,0.,-1.));
#2512=DIRECTION('',(-6.12323399573677E-17,1.,0.));
#2513=DIRECTION('',(0.,0.,-1.));
#2514=DIRECTION('',(-6.12323399573677E-17,1.,0.));
#2515=DIRECTION('',(0.,0.,-1.));
#2516=DIRECTION('',(-6.12323399573677E-17,1.,0.));
#2517=DIRECTION('',(0.,0.,1.));
#2518=DIRECTION('',(6.12323399573677E-17,-1.,0.));
#2519=DIRECTION('',(-1.,-1.83697019872103E-16,0.));
#2520=DIRECTION('',(0.720438262968534,-0.693519076342447,0.));
#2521=DIRECTION('',(0.720438262968534,0.693519076342447,0.));
#2522=DIRECTION('',(-1.,-1.83697019872103E-16,0.));
#2523=DIRECTION('',(0.,0.,1.));
#2524=DIRECTION('',(1.,0.,0.));
#2525=DIRECTION('',(0.,0.,1.));
#2526=DIRECTION('',(1.,0.,0.));
#2527=DIRECTION('',(0.,1.,0.));
#2528=DIRECTION('',(-0.693519076342447,-0.720438262968534,0.));
#2529=DIRECTION('',(0.693519076342447,-0.720438262968534,0.));
#2530=DIRECTION('',(0.,1.,0.));
#2531=DIRECTION('',(0.,0.,1.));
#2532=DIRECTION('',(1.,0.,0.));
#2533=DIRECTION('',(0.,0.,1.));
#2534=DIRECTION('',(1.,0.,0.));
#2535=DIRECTION('',(1.,6.12323399573677E-17,0.));
#2536=DIRECTION('',(-0.720438262968534,0.693519076342447,0.));
#2537=DIRECTION('',(-0.720438262968534,-0.693519076342447,0.));
#2538=DIRECTION('',(1.,6.12323399573677E-17,0.));
#2539=DIRECTION('',(0.,0.,1.));
#2540=DIRECTION('',(1.,0.,0.));
#2541=DIRECTION('',(0.,0.,1.));
#2542=DIRECTION('',(1.,0.,0.));
#2543=DIRECTION('',(1.22464679914735E-16,-1.,0.));
#2544=DIRECTION('',(0.693519076342447,0.720438262968534,0.));
#2545=DIRECTION('',(-0.693519076342447,0.720438262968534,0.));
#2546=DIRECTION('',(1.22464679914735E-16,-1.,0.));
#2547=DIRECTION('',(0.,0.,1.));
#2548=DIRECTION('',(1.,0.,0.));
#2549=DIRECTION('',(0.,0.,1.));
#2550=DIRECTION('',(1.,0.,0.));
#2551=DIRECTION('',(0.,0.,-1.));
#2552=DIRECTION('',(-6.12323399573677E-17,1.,0.));
#2553=DIRECTION('',(0.,0.,-1.));
#2554=DIRECTION('',(-6.12323399573677E-17,1.,0.));
#2555=DIRECTION('',(6.12323399573677E-17,-1.,0.));
#2556=DIRECTION('',(1.,6.12323399573677E-17,0.));
#2557=DIRECTION('',(0.,0.,1.));
#2558=DIRECTION('',(-0.270802300552644,-1.65818585286767E-17,-0.962634984828307));
#2559=DIRECTION('',(6.12323399573677E-17,-1.,0.));
#2560=DIRECTION('',(1.,6.12323399573677E-17,0.));
#2561=DIRECTION('',(0.270802300552644,1.65818585286767E-17,0.962634984828307));
#2562=DIRECTION('',(0.,0.,-1.));
#2563=DIRECTION('',(-1.83697019872103E-16,1.,0.));
#2564=DIRECTION('',(-1.,-1.83697019872103E-16,0.));
#2565=DIRECTION('',(0.,0.,1.));
#2566=DIRECTION('',(0.270802300552644,4.97455755860303E-17,-0.962634984828307));
#2567=DIRECTION('',(-1.83697019872103E-16,1.,0.));
#2568=DIRECTION('',(-1.,-1.83697019872103E-16,0.));
#2569=DIRECTION('',(-0.270802300552644,-4.97455755860303E-17,0.962634984828307));
#2570=DIRECTION('',(0.,0.,-1.));
#2571=DIRECTION('',(-1.,-1.22464679914735E-16,0.));
#2572=DIRECTION('',(1.22464679914735E-16,-1.,0.));
#2573=DIRECTION('',(0.,0.,1.));
#2574=DIRECTION('',(-3.31637170573536E-17,0.270802300552644,-0.962634984828307));
#2575=DIRECTION('',(-1.,-1.22464679914735E-16,0.));
#2576=DIRECTION('',(1.22464679914735E-16,-1.,0.));
#2577=DIRECTION('',(-3.31637170573536E-17,0.270802300552644,-0.962634984828307));
#2578=DIRECTION('',(0.,0.,-1.));
#2579=DIRECTION('',(1.22464679914735E-16,-1.,0.));
#2580=DIRECTION('',(1.,0.,0.));
#2581=DIRECTION('',(0.,1.,0.));
#2582=DIRECTION('',(0.,0.,1.));
#2583=DIRECTION('',(0.,-0.270802300552644,-0.962634984828307));
#2584=DIRECTION('',(1.,0.,0.));
#2585=DIRECTION('',(0.,1.,0.));
#2586=DIRECTION('',(0.,0.270802300552644,0.962634984828307));
#2587=DIRECTION('',(0.,0.,-1.));
#2588=DIRECTION('',(-0.680685725579506,0.707106781186548,-0.191486143081693));
#2589=DIRECTION('',(0.270802300552644,4.97455755860303E-17,-0.962634984828307));
#2590=DIRECTION('',(-0.270802300552644,-2.77555756156289E-17,0.962634984828307));
#2591=DIRECTION('',(-0.680685725579506,0.707106781186548,-0.191486143081693));
#2592=DIRECTION('',(0.132799293082393,-0.137953944304319,-0.981495316854695));
#2593=DIRECTION('',(0.680685725579505,0.707106781186548,0.191486143081693));
#2594=DIRECTION('',(-0.270802300552644,-4.97455755860303E-17,0.962634984828307));
#2595=DIRECTION('',(0.680685725579505,0.707106781186548,0.191486143081693));
#2596=DIRECTION('',(0.132799293082393,0.137953944304319,-0.981495316854695));
#2597=DIRECTION('',(-0.707106781186548,-0.680685725579506,-0.191486143081693));
#2598=DIRECTION('',(-3.31637170573536E-17,0.270802300552644,-0.962634984828307));
#2599=DIRECTION('',(8.12941988208173E-18,-0.270802300552644,0.962634984828307));
#2600=DIRECTION('',(-0.707106781186548,-0.680685725579506,-0.191486143081693));
#2601=DIRECTION('',(0.657020957748144,-0.73257555445995,0.177922786869499));
#2602=DIRECTION('',(2.77555756156289E-17,-0.270802300552644,0.962634984828307));
#2603=DIRECTION('',(-0.707106781186548,0.680685725579505,0.191486143081693));
#2604=DIRECTION('',(3.31637170573536E-17,-0.270802300552644,0.962634984828307));
#2605=DIRECTION('',(-0.707106781186548,0.680685725579505,0.191486143081693));
#2606=DIRECTION('',(-0.137953944304319,0.132799293082393,-0.981495316854695));
#2607=DIRECTION('',(0.680685725579505,-0.707106781186548,-0.191486143081693));
#2608=DIRECTION('',(-0.270802300552644,-1.65818585286767E-17,-0.962634984828307));
#2609=DIRECTION('',(0.270802300552644,0.,0.962634984828307));
#2610=DIRECTION('',(0.680685725579505,-0.707106781186548,-0.191486143081693));
#2611=DIRECTION('',(-0.132799293082393,0.137953944304319,-0.981495316854695));
#2612=DIRECTION('',(-0.680685725579505,-0.707106781186548,0.191486143081693));
#2613=DIRECTION('',(0.270802300552644,1.65818585286767E-17,0.962634984828307));
#2614=DIRECTION('',(-0.680685725579505,-0.707106781186548,0.191486143081693));
#2615=DIRECTION('',(-0.132799293082393,-0.137953944304319,-0.981495316854695));
#2616=DIRECTION('',(0.707106781186548,0.680685725579505,-0.191486143081693));
#2617=DIRECTION('',(0.,-0.270802300552644,-0.962634984828307));
#2618=DIRECTION('',(0.,0.270802300552644,0.962634984828307));
#2619=DIRECTION('',(0.707106781186548,0.680685725579505,-0.191486143081693));
#2620=DIRECTION('',(-0.137953944304319,-0.132799293082393,-0.981495316854695));
#2621=DIRECTION('',(0.707106781186548,-0.680685725579505,0.191486143081693));
#2622=DIRECTION('',(0.,0.270802300552644,0.962634984828307));
#2623=DIRECTION('',(0.707106781186548,-0.680685725579505,0.191486143081693));
#2624=DIRECTION('',(0.137953944304319,-0.132799293082393,-0.981495316854695));
#2625=DIRECTION('',(0.,0.,-1.));
#2626=DIRECTION('',(-1.,0.,0.));
#2627=DIRECTION('',(0.,0.,-1.));
#2628=DIRECTION('',(-1.,0.,0.));
#2629=DIRECTION('',(0.,0.,-1.));
#2630=DIRECTION('',(-1.,0.,0.));
#2631=DIRECTION('',(0.,0.,-1.));
#2632=DIRECTION('',(-1.,0.,0.));
#2633=DIRECTION('',(1.22464679914735E-16,-1.,0.));
#2634=DIRECTION('',(1.,1.22464679914735E-16,0.));
#2635=DIRECTION('',(-7.39466491208592E-17,0.603820213079753,0.7971205368552));
#2636=DIRECTION('',(9.7619111399434E-17,-0.7971205368552,0.603820213079753));
#2637=DIRECTION('',(0.,-1.,0.));
#2638=DIRECTION('',(0.,0.,-1.));
#2639=DIRECTION('',(3.31637170573536E-17,-0.270802300552644,0.962634984828307));
#2640=DIRECTION('',(0.,-0.962634984828307,-0.270802300552644));
#2641=DIRECTION('',(0.,0.,1.));
#2642=DIRECTION('',(1.,0.,0.));
#2643=DIRECTION('',(0.,0.,1.));
#2644=DIRECTION('',(1.,0.,0.));
#2645=DIRECTION('',(0.,0.,1.));
#2646=DIRECTION('',(1.,0.,0.));
#2647=DIRECTION('',(0.,0.,-1.));
#2648=DIRECTION('',(-1.,0.,0.));
#2649=DIRECTION('',(0.,0.,-1.));
#2650=DIRECTION('',(-1.,0.,0.));
#2651=DIRECTION('',(0.,0.,-1.));
#2652=DIRECTION('',(-1.,0.,0.));
#2653=DIRECTION('',(0.,0.,-1.));
#2654=DIRECTION('',(-1.,0.,0.));
#2655=DIRECTION('',(0.,0.,1.));
#2656=DIRECTION('',(1.,0.,0.));
#2657=DIRECTION('',(0.,0.,1.));
#2658=DIRECTION('',(1.,0.,0.));
#2659=DIRECTION('',(0.,0.,1.));
#2660=DIRECTION('',(1.,0.,0.));
#2661=DIRECTION('',(0.,0.,1.));
#2662=DIRECTION('',(1.,0.,0.));
#2663=DIRECTION('',(0.,0.,1.));
#2664=DIRECTION('',(1.,0.,0.));
#2665=DIRECTION('',(0.,0.,1.));
#2666=DIRECTION('',(1.,0.,0.));
#2667=DIRECTION('',(0.,0.,1.));
#2668=DIRECTION('',(1.,0.,0.));
#2669=DIRECTION('',(0.,0.,1.));
#2670=DIRECTION('',(1.,0.,0.));
#2671=DIRECTION('',(0.,0.,-1.));
#2672=DIRECTION('',(-1.,0.,0.));
#2673=DIRECTION('',(0.,0.,1.));
#2674=DIRECTION('',(1.,0.,0.));
#2675=DIRECTION('',(0.,0.,-1.));
#2676=DIRECTION('',(-1.,0.,0.));
#2677=DIRECTION('',(0.,0.,1.));
#2678=DIRECTION('',(1.,0.,0.));
#2679=DIRECTION('',(0.,0.,1.));
#2680=DIRECTION('',(1.,0.,0.));
#2681=DIRECTION('',(0.,0.,1.));
#2682=DIRECTION('',(1.,0.,0.));
#2683=DIRECTION('',(0.,0.,1.));
#2684=DIRECTION('',(1.,0.,0.));
#2685=DIRECTION('',(-1.,0.,0.));
#2686=DIRECTION('',(0.,0.,-1.));
#2687=DIRECTION('',(-1.,0.,0.));
#2688=DIRECTION('',(1.79208363867063E-16,1.,0.));
#2689=DIRECTION('',(0.,0.,1.));
#2690=DIRECTION('',(1.,0.,0.));
#2691=DIRECTION('',(0.,0.,1.));
#2692=DIRECTION('',(1.,0.,0.));
#2693=DIRECTION('',(1.79208363867063E-16,1.,0.));
#2694=DIRECTION('',(0.,0.,-1.));
#2695=DIRECTION('',(-1.,0.,0.));
#2696=DIRECTION('',(1.,-1.19472242578042E-16,0.));
#2697=DIRECTION('',(0.,0.,1.));
#2698=DIRECTION('',(1.,0.,0.));
#2699=DIRECTION('',(0.,0.,1.));
#2700=DIRECTION('',(1.,0.,0.));
#2701=DIRECTION('',(1.,-1.19472242578042E-16,0.));
#2702=DIRECTION('',(0.,0.,-1.));
#2703=DIRECTION('',(-1.,0.,0.));
#2704=DIRECTION('',(-5.97361212890212E-17,-1.,0.));
#2705=DIRECTION('',(0.,0.,1.));
#2706=DIRECTION('',(1.,0.,0.));
#2707=DIRECTION('',(0.,0.,1.));
#2708=DIRECTION('',(1.,0.,0.));
#2709=DIRECTION('',(-5.97361212890212E-17,-1.,0.));
#2710=DIRECTION('',(0.,0.,-1.));
#2711=DIRECTION('',(-1.,0.,0.));
#2712=DIRECTION('',(-1.,0.,0.));
#2713=DIRECTION('',(0.,0.,1.));
#2714=DIRECTION('',(1.,0.,0.));
#2715=DIRECTION('',(0.,0.,1.));
#2716=DIRECTION('',(1.,0.,0.));
#2717=DIRECTION('',(1.79208363867063E-16,1.,0.));
#2718=DIRECTION('',(0.,0.,1.));
#2719=DIRECTION('',(1.,0.,0.));
#2720=DIRECTION('',(-1.,0.,0.));
#2721=DIRECTION('',(0.,0.,1.));
#2722=DIRECTION('',(1.,0.,0.));
#2723=DIRECTION('',(0.,0.,1.));
#2724=DIRECTION('',(1.,0.,0.));
#2725=DIRECTION('',(-1.,0.,0.));
#2726=DIRECTION('',(0.,0.,1.));
#2727=DIRECTION('',(1.,0.,0.));
#2728=DIRECTION('',(-5.97361212890212E-17,-1.,0.));
#2729=DIRECTION('',(0.,0.,1.));
#2730=DIRECTION('',(1.,0.,0.));
#2731=DIRECTION('',(0.,0.,1.));
#2732=DIRECTION('',(1.,0.,0.));
#2733=DIRECTION('',(-5.97361212890212E-17,-1.,0.));
#2734=DIRECTION('',(0.,0.,1.));
#2735=DIRECTION('',(1.,0.,0.));
#2736=DIRECTION('',(1.,-1.19472242578042E-16,0.));
#2737=DIRECTION('',(0.,0.,1.));
#2738=DIRECTION('',(1.,0.,0.));
#2739=DIRECTION('',(0.,0.,-1.));
#2740=DIRECTION('',(-1.,0.,0.));
#2741=DIRECTION('',(0.,0.,-1.));
#2742=DIRECTION('',(0.,0.,-1.));
#2743=DIRECTION('',(0.,-1.,0.));
#2744=DIRECTION('',(0.,0.,-1.));
#2745=DIRECTION('',(0.,0.,-1.));
#2746=DIRECTION('',(-1.,0.,0.));
#2747=DIRECTION('',(-1.,0.,0.));
#2748=DIRECTION('',(0.,0.,1.));
#2749=DIRECTION('',(0.,0.,-1.));
#2750=DIRECTION('',(0.,1.,0.));
#2751=DIRECTION('',(0.,-1.,0.));
#2752=DIRECTION('',(0.,0.,-1.));
#2753=DIRECTION('',(-1.,0.,0.));
#2754=DIRECTION('',(0.,0.,-1.));
#2755=DIRECTION('',(0.,0.,-1.));
#2756=DIRECTION('',(-1.,0.,0.));
#2757=DIRECTION('',(0.,0.,-1.));
#2758=DIRECTION('',(-1.,1.79208363867063E-16,0.));
#2759=DIRECTION('',(-1.79208363867063E-16,-1.,0.));
#2760=DIRECTION('',(0.,0.,-1.));
#2761=DIRECTION('',(1.79208363867063E-16,1.,0.));
#2762=DIRECTION('',(0.,1.,0.));
#2763=DIRECTION('',(0.,0.,1.));
#2764=DIRECTION('',(0.,0.,-1.));
#2765=DIRECTION('',(1.,0.,0.));
#2766=DIRECTION('',(-1.,1.79208363867063E-16,0.));
#2767=DIRECTION('',(-1.79208363867063E-16,-1.,0.));
#2768=DIRECTION('',(1.79208363867063E-16,1.,0.));
#2769=DIRECTION('',(1.79208363867063E-16,1.,0.));
#2770=DIRECTION('',(0.,0.,-1.));
#2771=DIRECTION('',(0.,0.,-1.));
#2772=DIRECTION('',(-1.,0.,0.));
#2773=DIRECTION('',(0.,0.,-1.));
#2774=DIRECTION('',(0.,0.,1.));
#2775=DIRECTION('',(1.,0.,0.));
#2776=DIRECTION('',(1.19472242578042E-16,1.,0.));
#2777=DIRECTION('',(-1.,1.19472242578042E-16,0.));
#2778=DIRECTION('',(0.,0.,-1.));
#2779=DIRECTION('',(1.,-1.19472242578042E-16,0.));
#2780=DIRECTION('',(1.,-1.19472242578042E-16,0.));
#2781=DIRECTION('',(1.,0.,0.));
#2782=DIRECTION('',(0.,0.,-1.));
#2783=DIRECTION('',(0.,0.,-1.));
#2784=DIRECTION('',(0.,-1.,0.));
#2785=DIRECTION('',(1.19472242578042E-16,1.,0.));
#2786=DIRECTION('',(-1.,1.19472242578042E-16,0.));
#2787=DIRECTION('',(1.,-1.19472242578042E-16,0.));
#2788=DIRECTION('',(0.,0.,-1.));
#2789=DIRECTION('',(0.,0.,-1.));
#2790=DIRECTION('',(-1.,0.,0.));
#2791=DIRECTION('',(0.,0.,-1.));
#2792=DIRECTION('',(1.,-5.97361212890212E-17,0.));
#2793=DIRECTION('',(5.97361212890212E-17,1.,0.));
#2794=DIRECTION('',(0.,0.,-1.));
#2795=DIRECTION('',(-5.97361212890212E-17,-1.,0.));
#2796=DIRECTION('',(0.,-1.,0.));
#2797=DIRECTION('',(0.,0.,-1.));
#2798=DIRECTION('',(0.,0.,-1.));
#2799=DIRECTION('',(-1.,0.,0.));
#2800=DIRECTION('',(0.,0.,-1.));
#2801=DIRECTION('',(-1.,0.,0.));
#2802=DIRECTION('',(0.,0.,1.));
#2803=DIRECTION('',(1.,0.,0.));
#2804=DIRECTION('',(0.,0.,1.));
#2805=DIRECTION('',(1.,0.,0.));
#2806=DIRECTION('',(1.,-5.97361212890212E-17,0.));
#2807=DIRECTION('',(5.97361212890212E-17,1.,0.));
#2808=DIRECTION('',(-5.97361212890212E-17,-1.,0.));
#2809=DIRECTION('',(0.,0.,1.));
#2810=DIRECTION('',(1.,0.,0.));
#2811=DIRECTION('',(0.,0.,1.));
#2812=DIRECTION('',(1.,0.,0.));
#2813=DIRECTION('',(0.,0.,1.));
#2814=DIRECTION('',(1.,0.,0.));
#2815=DIRECTION('',(0.,0.,-1.));
#2816=DIRECTION('',(-1.,0.,0.));
#2817=DIRECTION('',(0.,0.,-1.));
#2818=DIRECTION('',(-1.,0.,0.));
#2819=DIRECTION('',(0.,0.,-1.));
#2820=DIRECTION('',(1.,0.,0.));
#2821=DIRECTION('',(0.,0.,-1.));
#2822=DIRECTION('',(-1.,0.,0.));
#2823=DIRECTION('',(0.,0.,-1.));
#2824=DIRECTION('',(1.,0.,0.));
#2825=DIRECTION('',(0.,0.,-1.));
#2826=DIRECTION('',(-1.,0.,0.));
#2827=DIRECTION('',(0.,0.,-1.));
#2828=DIRECTION('',(1.,0.,0.));
#2829=DIRECTION('',(0.,0.,-1.));
#2830=DIRECTION('',(-1.,0.,0.));
#2831=DIRECTION('',(0.,0.,-1.));
#2832=DIRECTION('',(1.,0.,0.));
#2833=DIRECTION('',(0.,0.,-1.));
#2834=DIRECTION('',(-1.,0.,0.));
#2835=DIRECTION('',(0.,0.,-1.));
#2836=DIRECTION('',(-1.,0.,0.));
#2837=DIRECTION('',(0.,0.,-1.));
#2838=DIRECTION('',(-1.,0.,0.));
#2839=DIRECTION('',(0.,0.,-1.));
#2840=DIRECTION('',(-1.,0.,0.));
#2841=DIRECTION('',(0.,0.,-1.));
#2842=DIRECTION('',(-1.,0.,0.));
#2843=DIRECTION('',(0.,0.,-1.));
#2844=DIRECTION('',(-1.,0.,0.));
#2845=DIRECTION('',(0.,0.,-1.));
#2846=DIRECTION('',(-1.,0.,0.));
#2847=DIRECTION('',(0.,0.,-1.));
#2848=DIRECTION('',(-1.,0.,0.));
#2849=DIRECTION('',(0.,0.,-1.));
#2850=DIRECTION('',(-1.,0.,0.));
#2851=DIRECTION('',(0.,0.,-1.));
#2852=DIRECTION('',(-1.,0.,0.));
#2853=DIRECTION('',(0.,0.,1.));
#2854=DIRECTION('',(1.,0.,0.));
#2855=DIRECTION('',(-6.67067424877363E-32,5.44701889019595E-16,1.));
#2856=DIRECTION('',(0.,-1.,5.44701889019595E-16));
#2857=DIRECTION('',(5.44701889019595E-16,1.00060113731604E-31,1.));
#2858=DIRECTION('',(1.,0.,-5.44701889019595E-16));
#2859=DIRECTION('',(0.,0.,-1.));
#2860=DIRECTION('',(-1.,0.,0.));
#2861=DIRECTION('',(0.,-5.44701889019595E-16,1.));
#2862=DIRECTION('',(0.,-1.,-5.44701889019595E-16));
#2863=DIRECTION('',(-5.44701889019595E-16,-3.33533712438682E-32,1.));
#2864=DIRECTION('',(1.,0.,5.44701889019595E-16));
#2865=DIRECTION('',(0.,0.,1.));
#2866=DIRECTION('',(1.,0.,0.));
#2867=DIRECTION('',(0.,0.,-1.));
#2868=DIRECTION('',(-1.,0.,0.));
#2869=DIRECTION('',(0.,0.,-1.));
#2870=DIRECTION('',(1.,0.,0.));
#2871=DIRECTION('',(0.,0.,-1.));
#2872=DIRECTION('',(1.,6.12323399573677E-17,0.));
#2873=DIRECTION('',(-1.,-6.12323399573677E-17,0.));
#2874=DIRECTION('',(0.,0.,-1.));
#2875=DIRECTION('',(-1.,-6.12323399573677E-17,0.));
#2876=DIRECTION('',(-6.12323399573677E-17,1.,0.));
#2877=DIRECTION('',(0.,0.,-1.));
#2878=DIRECTION('',(1.,6.12323399573677E-17,0.));
#2879=DIRECTION('',(-1.,-6.12323399573677E-17,0.));
#2880=DIRECTION('',(0.,0.,-1.));
#2881=DIRECTION('',(-1.,-6.12323399573677E-17,0.));
#2882=DIRECTION('',(0.,0.,-1.));
#2883=DIRECTION('',(0.,1.,0.));
#2884=DIRECTION('',(0.,-1.,0.));
#2885=DIRECTION('',(0.,0.,-1.));
#2886=DIRECTION('',(0.,-1.,0.));
#2887=DIRECTION('',(-1.,0.,0.));
#2888=DIRECTION('',(0.,0.,-1.));
#2889=DIRECTION('',(0.,1.,0.));
#2890=DIRECTION('',(0.,-1.,0.));
#2891=DIRECTION('',(0.,0.,-1.));
#2892=DIRECTION('',(0.,-1.,0.));
#2893=DIRECTION('',(0.,0.,-1.));
#2894=DIRECTION('',(-1.,0.,0.));
#2895=DIRECTION('',(0.,0.,-1.));
#2896=DIRECTION('',(-1.,-1.83697019872103E-16,0.));
#2897=DIRECTION('',(1.,1.83697019872103E-16,0.));
#2898=DIRECTION('',(0.,0.,-1.));
#2899=DIRECTION('',(1.,1.83697019872103E-16,0.));
#2900=DIRECTION('',(1.83697019872103E-16,-1.,0.));
#2901=DIRECTION('',(0.,0.,-1.));
#2902=DIRECTION('',(-1.,-1.83697019872103E-16,0.));
#2903=DIRECTION('',(1.,1.83697019872103E-16,0.));
#2904=DIRECTION('',(0.,0.,-1.));
#2905=DIRECTION('',(1.,1.83697019872103E-16,0.));
#2906=DIRECTION('',(0.,0.,-1.));
#2907=DIRECTION('',(1.22464679914735E-16,-1.,0.));
#2908=DIRECTION('',(-1.22464679914735E-16,1.,0.));
#2909=DIRECTION('',(0.,0.,-1.));
#2910=DIRECTION('',(-1.22464679914735E-16,1.,0.));
#2911=DIRECTION('',(1.,1.22464679914735E-16,0.));
#2912=DIRECTION('',(0.,0.,-1.));
#2913=DIRECTION('',(1.22464679914735E-16,-1.,0.));
#2914=DIRECTION('',(-1.22464679914735E-16,1.,0.));
#2915=DIRECTION('',(0.,0.,-1.));
#2916=DIRECTION('',(-1.22464679914735E-16,1.,0.));
#2917=DIRECTION('',(0.,0.,-1.));
#2918=DIRECTION('',(-1.,0.,0.));
#2919=DIRECTION('',(0.,0.,-1.));
#2920=DIRECTION('',(-1.,0.,0.));
#2921=DIRECTION('',(0.,0.,-1.));
#2922=DIRECTION('',(-1.,0.,0.));
#2923=DIRECTION('',(5.44701889019595E-16,1.00060113731604E-31,1.));
#2924=DIRECTION('',(1.,1.83697019872103E-16,-5.44701889019595E-16));
#2925=DIRECTION('',(5.44701889019595E-16,1.00060113731604E-31,1.));
#2926=DIRECTION('',(-1.,-1.83697019872103E-16,5.44701889019595E-16));
#2927=DIRECTION('',(5.44701889019595E-16,1.00060113731604E-31,1.));
#2928=DIRECTION('',(1.,1.83697019872103E-16,-5.44701889019595E-16));
#2929=DIRECTION('',(1.83697019872103E-16,-1.,0.));
#2930=DIRECTION('',(-0.954578096954775,-1.75353151645775E-16,-0.297960831006696));
#2931=DIRECTION('',(-0.297960831006696,-5.47345166945453E-17,0.954578096954775));
#2932=DIRECTION('',(1.83697019872103E-16,-1.,0.));
#2933=DIRECTION('',(0.297960831006696,5.47345166945453E-17,-0.954578096954775));
#2934=DIRECTION('',(1.83697019872103E-16,-1.,0.));
#2935=DIRECTION('',(0.297960831006696,5.47345166945453E-17,-0.954578096954775));
#2936=DIRECTION('',(-1.,-1.83697019872103E-16,0.));
#2937=DIRECTION('',(0.,0.,1.));
#2938=DIRECTION('',(-1.,-1.83697019872103E-16,0.));
#2939=DIRECTION('',(0.,0.,-1.));
#2940=DIRECTION('',(-1.,-1.83697019872103E-16,0.));
#2941=DIRECTION('',(0.,0.,1.));
#2942=DIRECTION('',(0.945992518574112,1.7377600648337E-16,0.324188455688674));
#2943=DIRECTION('',(0.324188455688674,5.95524531869488E-17,-0.945992518574113));
#2944=DIRECTION('',(-0.324188455688674,-5.95524531869488E-17,0.945992518574113));
#2945=DIRECTION('',(-0.324188455688674,-5.95524531869488E-17,0.945992518574113));
#2946=DIRECTION('',(1.83697019872103E-16,-1.,0.));
#2947=DIRECTION('',(0.,0.,-1.));
#2948=DIRECTION('',(1.83697019872103E-16,-1.,0.));
#2949=DIRECTION('',(0.,0.,-1.));
#2950=DIRECTION('',(1.,1.83697019872103E-16,0.));
#2951=DIRECTION('',(1.,1.83697019872103E-16,0.));
#2952=DIRECTION('',(0.,0.,-1.));
#2953=DIRECTION('',(-1.,-1.83697019872103E-16,0.));
#2954=DIRECTION('',(0.,0.,-1.));
#2955=DIRECTION('',(1.,1.83697019872103E-16,0.));
#2956=DIRECTION('',(1.,1.83697019872103E-16,0.));
#2957=DIRECTION('',(0.,0.,-1.));
#2958=DIRECTION('',(-1.,-1.83697019872103E-16,0.));
#2959=DIRECTION('',(-1.83697019872103E-16,1.,0.));
#2960=DIRECTION('',(-1.,-1.83697019872103E-16,0.));
#2961=DIRECTION('',(0.297960831006696,5.47345166945453E-17,-0.954578096954775));
#2962=DIRECTION('',(-0.324188455688674,-5.95524531869488E-17,0.945992518574113));
#2963=DIRECTION('',(-1.83697019872103E-16,1.,0.));
#2964=DIRECTION('',(-1.,-1.83697019872103E-16,0.));
#2965=DIRECTION('',(0.297960831006696,5.47345166945453E-17,-0.954578096954775));
#2966=DIRECTION('',(-0.324188455688674,-5.95524531869488E-17,0.945992518574113));
#2967=DIRECTION('',(0.324188455688674,5.95524531869488E-17,-0.945992518574113));
#2968=DIRECTION('',(-0.945992518574113,0.,-0.324188455688674));
#2969=DIRECTION('',(-0.324188455688674,-5.95524531869488E-17,0.945992518574113));
#2970=DIRECTION('',(0.945992518574113,0.,0.324188455688674));
#2971=DIRECTION('',(0.297960831006696,5.47345166945453E-17,-0.954578096954775));
#2972=DIRECTION('',(-0.954578096954775,0.,-0.297960831006696));
#2973=DIRECTION('',(-0.297960831006696,-5.47345166945453E-17,0.954578096954775));
#2974=DIRECTION('',(0.954578096954775,0.,0.297960831006696));
#2975=DIRECTION('',(0.,-5.44701889019595E-16,1.));
#2976=DIRECTION('',(0.,-1.,-5.44701889019595E-16));
#2977=DIRECTION('',(0.,-5.44701889019595E-16,1.));
#2978=DIRECTION('',(0.,1.,5.44701889019595E-16));
#2979=DIRECTION('',(0.,-5.44701889019595E-16,1.));
#2980=DIRECTION('',(0.,-1.,-5.44701889019595E-16));
#2981=DIRECTION('',(-1.,0.,0.));
#2982=DIRECTION('',(0.,0.954578096954775,-0.297960831006696));
#2983=DIRECTION('',(0.,0.297960831006696,0.954578096954775));
#2984=DIRECTION('',(-1.,0.,0.));
#2985=DIRECTION('',(0.,-0.297960831006696,-0.954578096954775));
#2986=DIRECTION('',(-1.,0.,0.));
#2987=DIRECTION('',(0.,-0.297960831006696,-0.954578096954775));
#2988=DIRECTION('',(0.,1.,0.));
#2989=DIRECTION('',(0.,0.,1.));
#2990=DIRECTION('',(0.,1.,0.));
#2991=DIRECTION('',(0.,0.,1.));
#2992=DIRECTION('',(0.,1.,0.));
#2993=DIRECTION('',(0.,0.,-1.));
#2994=DIRECTION('',(0.,-0.945992518574112,0.324188455688674));
#2995=DIRECTION('',(0.,-0.324188455688674,-0.945992518574113));
#2996=DIRECTION('',(0.,0.324188455688674,0.945992518574113));
#2997=DIRECTION('',(0.,0.324188455688674,0.945992518574113));
#2998=DIRECTION('',(-1.,0.,0.));
#2999=DIRECTION('',(0.,0.,-1.));
#3000=DIRECTION('',(-1.,0.,0.));
#3001=DIRECTION('',(0.,-1.,0.));
#3002=DIRECTION('',(0.,0.,-1.));
#3003=DIRECTION('',(0.,1.,0.));
#3004=DIRECTION('',(0.,0.,-1.));
#3005=DIRECTION('',(0.,-1.,0.));
#3006=DIRECTION('',(0.,-1.,0.));
#3007=DIRECTION('',(0.,0.,-1.));
#3008=DIRECTION('',(0.,1.,0.));
#3009=DIRECTION('',(0.,0.,-1.));
#3010=DIRECTION('',(0.,-1.,0.));
#3011=DIRECTION('',(1.,0.,0.));
#3012=DIRECTION('',(0.,1.,0.));
#3013=DIRECTION('',(0.,-0.297960831006696,-0.954578096954775));
#3014=DIRECTION('',(0.,0.324188455688674,0.945992518574113));
#3015=DIRECTION('',(1.,0.,0.));
#3016=DIRECTION('',(0.,1.,0.));
#3017=DIRECTION('',(0.,-0.297960831006696,-0.954578096954775));
#3018=DIRECTION('',(0.,0.324188455688674,0.945992518574113));
#3019=DIRECTION('',(0.,0.297960831006696,0.954578096954775));
#3020=DIRECTION('',(0.,-0.954578096954775,0.297960831006696));
#3021=DIRECTION('',(0.,-0.324188455688674,-0.945992518574113));
#3022=DIRECTION('',(0.,0.945992518574113,-0.324188455688674));
#3023=DIRECTION('',(0.,0.324188455688674,0.945992518574113));
#3024=DIRECTION('',(0.,-0.945992518574113,0.324188455688674));
#3025=DIRECTION('',(0.,-0.297960831006696,-0.954578096954775));
#3026=DIRECTION('',(0.,0.954578096954775,-0.297960831006696));
#3027=DIRECTION('',(-6.67067424877363E-32,5.44701889019595E-16,1.));
#3028=DIRECTION('',(-1.22464679914735E-16,1.,-5.44701889019595E-16));
#3029=DIRECTION('',(-6.67067424877363E-32,5.44701889019595E-16,1.));
#3030=DIRECTION('',(1.22464679914735E-16,-1.,5.44701889019595E-16));
#3031=DIRECTION('',(-6.67067424877363E-32,5.44701889019595E-16,1.));
#3032=DIRECTION('',(-1.22464679914735E-16,1.,-5.44701889019595E-16));
#3033=DIRECTION('',(1.,1.22464679914735E-16,0.));
#3034=DIRECTION('',(1.16902101097184E-16,-0.954578096954775,-0.297960831006696));
#3035=DIRECTION('',(3.64896777963635E-17,-0.297960831006696,0.954578096954775));
#3036=DIRECTION('',(1.,1.22464679914735E-16,0.));
#3037=DIRECTION('',(-3.64896777963635E-17,0.297960831006696,-0.954578096954775));
#3038=DIRECTION('',(1.,1.22464679914735E-16,0.));
#3039=DIRECTION('',(-3.64896777963635E-17,0.297960831006696,-0.954578096954775));
#3040=DIRECTION('',(1.22464679914735E-16,-1.,0.));
#3041=DIRECTION('',(0.,0.,1.));
#3042=DIRECTION('',(1.22464679914735E-16,-1.,0.));
#3043=DIRECTION('',(0.,0.,1.));
#3044=DIRECTION('',(1.22464679914735E-16,-1.,0.));
#3045=DIRECTION('',(0.,0.,-1.));
#3046=DIRECTION('',(-1.15850670988913E-16,0.945992518574112,0.324188455688674));
#3047=DIRECTION('',(-3.97016354579658E-17,0.324188455688674,-0.945992518574113));
#3048=DIRECTION('',(3.97016354579658E-17,-0.324188455688674,0.945992518574113));
#3049=DIRECTION('',(3.97016354579658E-17,-0.324188455688674,0.945992518574113));
#3050=DIRECTION('',(1.,1.22464679914735E-16,0.));
#3051=DIRECTION('',(0.,0.,-1.));
#3052=DIRECTION('',(1.,1.22464679914735E-16,0.));
#3053=DIRECTION('',(0.,0.,-1.));
#3054=DIRECTION('',(-1.22464679914735E-16,1.,0.));
#3055=DIRECTION('',(-1.22464679914735E-16,1.,0.));
#3056=DIRECTION('',(0.,0.,-1.));
#3057=DIRECTION('',(1.22464679914735E-16,-1.,0.));
#3058=DIRECTION('',(0.,0.,-1.));
#3059=DIRECTION('',(-1.22464679914735E-16,1.,0.));
#3060=DIRECTION('',(-1.22464679914735E-16,1.,0.));
#3061=DIRECTION('',(0.,0.,-1.));
#3062=DIRECTION('',(1.22464679914735E-16,-1.,0.));
#3063=DIRECTION('',(-1.,-1.22464679914735E-16,0.));
#3064=DIRECTION('',(1.22464679914735E-16,-1.,0.));
#3065=DIRECTION('',(-3.64896777963635E-17,0.297960831006696,-0.954578096954775));
#3066=DIRECTION('',(3.97016354579658E-17,-0.324188455688674,0.945992518574113));
#3067=DIRECTION('',(-1.,-1.22464679914735E-16,0.));
#3068=DIRECTION('',(1.22464679914735E-16,-1.,0.));
#3069=DIRECTION('',(-3.64896777963635E-17,0.297960831006696,-0.954578096954775));
#3070=DIRECTION('',(3.97016354579658E-17,-0.324188455688674,0.945992518574113));
#3071=DIRECTION('',(-3.97016354579658E-17,0.324188455688674,-0.945992518574113));
#3072=DIRECTION('',(0.,0.945992518574113,0.324188455688674));
#3073=DIRECTION('',(3.97016354579658E-17,-0.324188455688674,0.945992518574113));
#3074=DIRECTION('',(0.,-0.945992518574113,-0.324188455688674));
#3075=DIRECTION('',(3.64896777963635E-17,-0.297960831006696,0.954578096954775));
#3076=DIRECTION('',(0.,-0.954578096954775,-0.297960831006696));
#3077=DIRECTION('',(-3.64896777963635E-17,0.297960831006696,-0.954578096954775));
#3078=DIRECTION('',(0.,0.954578096954775,0.297960831006696));
#3079=DIRECTION('',(-5.44701889019595E-16,-3.33533712438682E-32,1.));
#3080=DIRECTION('',(-1.,-6.12323399573677E-17,-5.44701889019595E-16));
#3081=DIRECTION('',(-5.44701889019595E-16,-3.33533712438682E-32,1.));
#3082=DIRECTION('',(1.,6.12323399573677E-17,5.44701889019595E-16));
#3083=DIRECTION('',(-5.44701889019595E-16,-3.33533712438682E-32,1.));
#3084=DIRECTION('',(-1.,-6.12323399573677E-17,-5.44701889019595E-16));
#3085=DIRECTION('',(-6.12323399573677E-17,1.,0.));
#3086=DIRECTION('',(0.954578096954775,5.84510505485918E-17,-0.297960831006696));
#3087=DIRECTION('',(0.297960831006696,1.82448388981818E-17,0.954578096954775));
#3088=DIRECTION('',(-6.12323399573677E-17,1.,0.));
#3089=DIRECTION('',(-0.297960831006696,-1.82448388981818E-17,-0.954578096954775));
#3090=DIRECTION('',(-6.12323399573677E-17,1.,0.));
#3091=DIRECTION('',(-0.297960831006696,-1.82448388981818E-17,-0.954578096954775));
#3092=DIRECTION('',(1.,6.12323399573677E-17,0.));
#3093=DIRECTION('',(0.,0.,1.));
#3094=DIRECTION('',(1.,6.12323399573677E-17,0.));
#3095=DIRECTION('',(0.,0.,1.));
#3096=DIRECTION('',(1.,6.12323399573677E-17,0.));
#3097=DIRECTION('',(0.,0.,-1.));
#3098=DIRECTION('',(-0.945992518574112,-5.79253354944565E-17,0.324188455688674));
#3099=DIRECTION('',(-0.324188455688674,-1.98508177289829E-17,-0.945992518574113));
#3100=DIRECTION('',(0.324188455688674,1.98508177289829E-17,0.945992518574113));
#3101=DIRECTION('',(0.324188455688674,1.98508177289829E-17,0.945992518574113));
#3102=DIRECTION('',(-6.12323399573677E-17,1.,0.));
#3103=DIRECTION('',(0.,0.,-1.));
#3104=DIRECTION('',(-6.12323399573677E-17,1.,0.));
#3105=DIRECTION('',(0.,0.,-1.));
#3106=DIRECTION('',(-1.,-6.12323399573677E-17,0.));
#3107=DIRECTION('',(-1.,-6.12323399573677E-17,0.));
#3108=DIRECTION('',(0.,0.,-1.));
#3109=DIRECTION('',(1.,6.12323399573677E-17,0.));
#3110=DIRECTION('',(0.,0.,-1.));
#3111=DIRECTION('',(-1.,-6.12323399573677E-17,0.));
#3112=DIRECTION('',(-1.,-6.12323399573677E-17,0.));
#3113=DIRECTION('',(0.,0.,-1.));
#3114=DIRECTION('',(1.,6.12323399573677E-17,0.));
#3115=DIRECTION('',(6.12323399573677E-17,-1.,0.));
#3116=DIRECTION('',(1.,6.12323399573677E-17,0.));
#3117=DIRECTION('',(-0.297960831006696,-1.82448388981818E-17,-0.954578096954775));
#3118=DIRECTION('',(0.324188455688674,1.98508177289829E-17,0.945992518574113));
#3119=DIRECTION('',(6.12323399573677E-17,-1.,0.));
#3120=DIRECTION('',(1.,6.12323399573677E-17,0.));
#3121=DIRECTION('',(-0.297960831006696,-1.82448388981818E-17,-0.954578096954775));
#3122=DIRECTION('',(0.324188455688674,1.98508177289829E-17,0.945992518574113));
#3123=DIRECTION('',(-0.324188455688674,-1.98508177289829E-17,-0.945992518574113));
#3124=DIRECTION('',(-0.945992518574113,0.,0.324188455688674));
#3125=DIRECTION('',(0.297960831006696,1.82448388981818E-17,0.954578096954775));
#3126=DIRECTION('',(0.954578096954775,0.,-0.297960831006696));
#3127=DIRECTION('',(0.324188455688674,1.98508177289829E-17,0.945992518574113));
#3128=DIRECTION('',(0.945992518574113,0.,-0.324188455688674));
#3129=DIRECTION('',(-0.297960831006696,-1.82448388981818E-17,-0.954578096954775));
#3130=DIRECTION('',(-0.954578096954775,0.,0.297960831006696));
#3131=CARTESIAN_POINT('',(0.,0.,0.));
#3132=CARTESIAN_POINT('',(0.,0.,0.0331502510234713));
#3133=CARTESIAN_POINT('',(0.,0.,0.0391512326896192));
#3134=CARTESIAN_POINT('',(-4.60891762005013E-19,0.00752693368121982,0.0391512326896192));
#3135=CARTESIAN_POINT('',(0.,0.,0.));
#3136=CARTESIAN_POINT('',(-0.007450386370697,0.00107073506004696,0.));
#3137=CARTESIAN_POINT('',(-0.00107073506004696,0.00745038637069699,0.));
#3138=CARTESIAN_POINT('',(-0.00745038637069699,0.00107073506004696,0.0331502510234713));
#3139=CARTESIAN_POINT('',(-0.00745038637069699,0.00107073506004697,0.0261445259869106));
#3140=CARTESIAN_POINT('',(0.,0.,0.0565827372360262));
#3141=CARTESIAN_POINT('',(-0.00752693368121982,0.,0.0298263556423767));
#3142=CARTESIAN_POINT('',(0.,0.,0.0565827372360262));
#3143=CARTESIAN_POINT('',(-0.007450386370697,-0.00107073506004696,0.0261445259869106));
#3144=CARTESIAN_POINT('',(-0.00745038637069699,-0.00107073506004696,0.0331502510234713));
#3145=CARTESIAN_POINT('',(-0.00745038637069699,-0.00107073506004696,0.));
#3146=CARTESIAN_POINT('',(0.,0.,0.));
#3147=CARTESIAN_POINT('',(-0.00107073506004696,-0.007450386370697,0.));
#3148=CARTESIAN_POINT('',(-0.00107073506004696,-0.00745038637069699,0.0331502510234713));
#3149=CARTESIAN_POINT('',(-0.00107073506004696,-0.007450386370697,0.0261445259869106));
#3150=CARTESIAN_POINT('',(0.,0.,0.0565827372360262));
#3151=CARTESIAN_POINT('',(0.,-0.00752693368121982,0.0298263556423767));
#3152=CARTESIAN_POINT('',(0.,0.,0.0565827372360262));
#3153=CARTESIAN_POINT('',(0.00107073506004696,-0.00745038637069699,0.0261445259869106));
#3154=CARTESIAN_POINT('',(0.00107073506004696,-0.00745038637069699,0.0331502510234713));
#3155=CARTESIAN_POINT('',(0.00107073506004696,-0.007450386370697,0.));
#3156=CARTESIAN_POINT('',(0.,0.,0.));
#3157=CARTESIAN_POINT('',(0.007450386370697,-0.00107073506004696,0.));
#3158=CARTESIAN_POINT('',(0.00745038637069699,-0.00107073506004696,0.0331502510234713));
#3159=CARTESIAN_POINT('',(0.007450386370697,-0.00107073506004696,0.0261445259869106));
#3160=CARTESIAN_POINT('',(0.,0.,0.0565827372360262));
#3161=CARTESIAN_POINT('',(0.00752693368121982,2.38524477946811E-18,0.0298263556423767));
#3162=CARTESIAN_POINT('',(0.,0.,0.0565827372360262));
#3163=CARTESIAN_POINT('',(0.00745038637069699,0.00107073506004696,0.0261445259869106));
#3164=CARTESIAN_POINT('',(0.00745038637069699,0.00107073506004696,0.0331502510234713));
#3165=CARTESIAN_POINT('',(0.00745038637069699,0.00107073506004696,0.));
#3166=CARTESIAN_POINT('',(0.,0.,0.));
#3167=CARTESIAN_POINT('',(0.00190548401514759,0.00728174850633406,0.));
#3168=CARTESIAN_POINT('',(0.00190548401514759,0.00728174850633406,0.));
#3169=CARTESIAN_POINT('',(0.0015721865435361,0.00736896560864024,9.50005712015822E-19));
#3170=CARTESIAN_POINT('',(0.00130369261629219,0.00741690678848959,0.000264839070527757));
#3171=CARTESIAN_POINT('',(0.00107073506004696,0.00745038637069699,0.000508));
#3172=CARTESIAN_POINT('',(0.00107073506004696,0.00745038637069699,0.000508));
#3173=CARTESIAN_POINT('',(0.00107073506004696,0.00745038637069699,0.0331502510234713));
#3174=CARTESIAN_POINT('',(0.00107073506004696,0.00745038637069699,0.0251891028357793));
#3175=CARTESIAN_POINT('',(0.00107073506004696,0.00745038637069699,0.0251891028357793));
#3176=CARTESIAN_POINT('',(0.00107073506004696,0.00745038637069699,0.0254830750659573));
#3177=CARTESIAN_POINT('',(0.00105361293836562,0.00745290399543387,0.026069660528043));
#3178=CARTESIAN_POINT('',(0.000966019221451177,0.00746492715361761,0.0269440158290186));
#3179=CARTESIAN_POINT('',(0.000822621049655836,0.00748278436903809,0.0276679451916663));
#3180=CARTESIAN_POINT('',(0.000619759500673325,0.00750200951965588,0.0282182294243126));
#3181=CARTESIAN_POINT('',(0.00046408788103378,0.00751351652223774,0.0284778243552461));
#3182=CARTESIAN_POINT('',(0.000347689948951341,0.00751889901121697,0.0285709915120972));
#3183=CARTESIAN_POINT('',(0.00034768994894738,0.00751889901121715,0.0285709915120961));
#3184=CARTESIAN_POINT('',(0.,0.,0.0565827372360262));
#3185=CARTESIAN_POINT('',(6.50521303491303E-19,0.00752693368121982,0.0298263556423767));
#3186=CARTESIAN_POINT('',(0.,0.,0.0565827372360262));
#3187=CARTESIAN_POINT('',(-0.00107073506004696,0.00745038637069699,0.0261445259869106));
#3188=CARTESIAN_POINT('',(-0.00107073506004696,0.00745038637069699,0.0331502510234713));
#3189=CARTESIAN_POINT('',(1.84760305268626E-19,-0.00301736476831138,0.0391512326896192));
#3190=CARTESIAN_POINT('',(0.,0.,0.0391512326896192));
#3191=CARTESIAN_POINT('',(-3.69520610537253E-19,0.00603472953662276,0.0391512326896192));
#3192=CARTESIAN_POINT('',(0.,0.,0.0331502510234713));
#3193=CARTESIAN_POINT('',(0.,0.,0.));
#3194=CARTESIAN_POINT('',(-3.69520610537253E-19,0.00603472953662276,0.));
#3195=CARTESIAN_POINT('',(4.15206186271132E-19,-0.00678083160892129,0.));
#3196=CARTESIAN_POINT('',(0.0114823938347399,0.000635,0.));
#3197=CARTESIAN_POINT('',(0.0152578450259642,0.000635,0.));
#3198=CARTESIAN_POINT('',(0.00795322011902101,0.000635,0.));
#3199=CARTESIAN_POINT('',(0.0129175438098566,0.00288785582566134,0.));
#3200=CARTESIAN_POINT('',(0.0159174927740805,2.81892564846231E-18,0.));
#3201=CARTESIAN_POINT('',(0.0136789916321889,-0.002154859512763,0.));
#3202=CARTESIAN_POINT('',(0.0152578450259642,-0.000635,0.));
#3203=CARTESIAN_POINT('',(0.0114823938347399,-0.000635,0.));
#3204=CARTESIAN_POINT('',(0.00795322011902101,-0.000635,0.));
#3205=CARTESIAN_POINT('',(0.00795322011902101,-0.001143,0.));
#3206=CARTESIAN_POINT('',(0.001143,-0.00795322011902101,0.));
#3207=CARTESIAN_POINT('',(0.000635,-0.00795322011902101,0.));
#3208=CARTESIAN_POINT('',(0.000635,-0.0114823938347399,0.));
#3209=CARTESIAN_POINT('',(0.000635,-0.0152578450259642,0.));
#3210=CARTESIAN_POINT('',(0.00288785582566134,-0.0129175438098566,0.));
#3211=CARTESIAN_POINT('',(-2.16840434497101E-19,-0.0159174927740805,0.));
#3212=CARTESIAN_POINT('',(-0.002154859512763,-0.0136789916321889,0.));
#3213=CARTESIAN_POINT('',(-0.000635,-0.0152578450259642,0.));
#3214=CARTESIAN_POINT('',(-0.000635,-0.0114823938347399,0.));
#3215=CARTESIAN_POINT('',(-0.000635,-0.00795322011902101,0.));
#3216=CARTESIAN_POINT('',(-0.001143,-0.00795322011902101,0.));
#3217=CARTESIAN_POINT('',(-0.00795322011902101,-0.001143,0.));
#3218=CARTESIAN_POINT('',(-0.00795322011902101,-0.000635,0.));
#3219=CARTESIAN_POINT('',(-0.0114823938347399,-0.000635,0.));
#3220=CARTESIAN_POINT('',(-0.0152578450259642,-0.000635,0.));
#3221=CARTESIAN_POINT('',(-0.0129175438098566,-0.00288785582566134,0.));
#3222=CARTESIAN_POINT('',(-0.0159174927740805,-6.50521303491303E-19,0.));
#3223=CARTESIAN_POINT('',(-0.0136789916321889,0.002154859512763,0.));
#3224=CARTESIAN_POINT('',(-0.0152578450259642,0.000635,0.));
#3225=CARTESIAN_POINT('',(-0.0114823938347399,0.000635,0.));
#3226=CARTESIAN_POINT('',(-0.00795322011902101,0.000635,0.));
#3227=CARTESIAN_POINT('',(-0.00795322011902101,0.001143,0.));
#3228=CARTESIAN_POINT('',(-0.001143,0.00795322011902101,0.));
#3229=CARTESIAN_POINT('',(-0.000635,0.00795322011902101,0.));
#3230=CARTESIAN_POINT('',(-0.000635,0.0114823938347399,0.));
#3231=CARTESIAN_POINT('',(-0.000635,0.0152578450259642,0.));
#3232=CARTESIAN_POINT('',(-0.00288785582566134,0.0129175438098566,0.));
#3233=CARTESIAN_POINT('',(-1.95156391047391E-18,0.0159174927740805,0.));
#3234=CARTESIAN_POINT('',(0.002154859512763,0.0136789916321889,0.));
#3235=CARTESIAN_POINT('',(0.000126999999999998,0.0157855632244573,0.));
#3236=CARTESIAN_POINT('',(0.000127,-0.00678083160892129,0.));
#3237=CARTESIAN_POINT('',(0.000127,0.00795322011902101,0.));
#3238=CARTESIAN_POINT('',(0.001143,0.00795322011902101,0.));
#3239=CARTESIAN_POINT('',(0.00795322011902101,0.001143,0.));
#3240=CARTESIAN_POINT('',(0.,0.,0.0466699749231339));
#3241=CARTESIAN_POINT('',(0.,0.,0.0466699749231339));
#3242=CARTESIAN_POINT('',(-4.47854976785558E-19,0.0073140268214047,0.0466699749231339));
#3243=CARTESIAN_POINT('',(-7.73789500871954E-19,1.86809310742699E-18,0.0755956470966339));
#3244=CARTESIAN_POINT('',(-1.66111457703399E-33,2.02200940889895E-18,0.0755956470966339));
#3245=CARTESIAN_POINT('',(7.73789500871958E-19,1.86809310742699E-18,0.0755956470966339));
#3246=CARTESIAN_POINT('',(1.42977656465545E-18,1.42977656465545E-18,0.0755956470966339));
#3247=CARTESIAN_POINT('',(1.86809310742699E-18,7.73789500871958E-19,0.0755956470966339));
#3248=CARTESIAN_POINT('',(2.02200940889895E-18,6.40973559616377E-34,0.0755956470966339));
#3249=CARTESIAN_POINT('',(1.86809310742699E-18,-7.73789500871958E-19,0.0755956470966339));
#3250=CARTESIAN_POINT('',(1.42977656465545E-18,-1.42977656465545E-18,0.0755956470966339));
#3251=CARTESIAN_POINT('',(7.73789500871958E-19,-1.86809310742699E-18,0.0755956470966339));
#3252=CARTESIAN_POINT('',(3.44838614653411E-34,-2.02200940889895E-18,0.0755956470966339));
#3253=CARTESIAN_POINT('',(-7.73789500871957E-19,-1.86809310742699E-18,0.0755956470966339));
#3254=CARTESIAN_POINT('',(-1.42977656465545E-18,-1.42977656465545E-18,0.0755956470966339));
#3255=CARTESIAN_POINT('',(-1.86809310742699E-18,-7.73789500871958E-19,0.0755956470966339));
#3256=CARTESIAN_POINT('',(-2.02200940889895E-18,-5.89816045468591E-34,0.0755956470966339));
#3257=CARTESIAN_POINT('',(-1.86809310742699E-18,7.73789500871958E-19,0.0755956470966339));
#3258=CARTESIAN_POINT('',(-1.42977656465545E-18,1.42977656465545E-18,0.0755956470966339));
#3259=CARTESIAN_POINT('',(-7.73789500871954E-19,1.86809310742699E-18,0.0755956470966339));
#3260=CARTESIAN_POINT('',(-1.66111457703399E-33,2.02200940889895E-18,0.0755956470966339));
#3261=CARTESIAN_POINT('',(7.73789500871958E-19,1.86809310742699E-18,0.0755956470966339));
#3262=CARTESIAN_POINT('',(0.00160195679854932,-0.00386746582939357,0.0740918666124344));
#3263=CARTESIAN_POINT('',(3.3881317890172E-18,-0.00418611484863295,0.0740918666124343));
#3264=CARTESIAN_POINT('',(-0.00160195679854933,-0.00386746582939357,0.0740918666124344));
#3265=CARTESIAN_POINT('',(-0.00296003019629406,-0.00296003019629406,0.0740918666124344));
#3266=CARTESIAN_POINT('',(-0.00386746582939357,-0.00160195679854933,0.0740918666124344));
#3267=CARTESIAN_POINT('',(-0.00418611484863296,-4.40457132572236E-19,0.0740918666124344));
#3268=CARTESIAN_POINT('',(-0.00386746582939357,0.00160195679854933,0.0740918666124344));
#3269=CARTESIAN_POINT('',(-0.00296003019629406,0.00296003019629406,0.0740918666124344));
#3270=CARTESIAN_POINT('',(-0.00160195679854933,0.00386746582939357,0.0740918666124344));
#3271=CARTESIAN_POINT('',(-1.12247416506711E-18,0.00418611484863295,0.0740918666124344));
#3272=CARTESIAN_POINT('',(0.00160195679854933,0.00386746582939357,0.0740918666124344));
#3273=CARTESIAN_POINT('',(0.00296003019629406,0.00296003019629406,0.0740918666124344));
#3274=CARTESIAN_POINT('',(0.00386746582939357,0.00160195679854933,0.0740918666124344));
#3275=CARTESIAN_POINT('',(0.00418611484863296,3.32036915323686E-19,0.0740918666124344));
#3276=CARTESIAN_POINT('',(0.00386746582939357,-0.00160195679854933,0.0740918666124344));
#3277=CARTESIAN_POINT('',(0.00296003019629406,-0.00296003019629406,0.0740918666124344));
#3278=CARTESIAN_POINT('',(0.00160195679854932,-0.00386746582939357,0.0740918666124344));
#3279=CARTESIAN_POINT('',(3.3881317890172E-18,-0.00418611484863295,0.0740918666124343));
#3280=CARTESIAN_POINT('',(-0.00160195679854933,-0.00386746582939357,0.0740918666124344));
#3281=CARTESIAN_POINT('',(0.00255923183580828,-0.00617853220726539,0.0644499758879344));
#3282=CARTESIAN_POINT('',(4.98732999343332E-18,-0.0066875950703994,0.0644499758879343));
#3283=CARTESIAN_POINT('',(-0.0025592318358083,-0.00617853220726538,0.0644499758879344));
#3284=CARTESIAN_POINT('',(-0.00472884382410914,-0.00472884382410914,0.0644499758879343));
#3285=CARTESIAN_POINT('',(-0.00617853220726538,-0.0025592318358083,0.0644499758879344));
#3286=CARTESIAN_POINT('',(-0.0066875950703994,-1.53821183221381E-18,0.0644499758879344));
#3287=CARTESIAN_POINT('',(-0.00617853220726538,0.00255923183580829,0.0644499758879343));
#3288=CARTESIAN_POINT('',(-0.00472884382410914,0.00472884382410914,0.0644499758879343));
#3289=CARTESIAN_POINT('',(-0.0025592318358083,0.00617853220726538,0.0644499758879344));
#3290=CARTESIAN_POINT('',(-5.81828916702449E-19,0.0066875950703994,0.0644499758879343));
#3291=CARTESIAN_POINT('',(0.00255923183580829,0.00617853220726539,0.0644499758879344));
#3292=CARTESIAN_POINT('',(0.00472884382410914,0.00472884382410914,0.0644499758879343));
#3293=CARTESIAN_POINT('',(0.00617853220726538,0.0025592318358083,0.0644499758879344));
#3294=CARTESIAN_POINT('',(0.0066875950703994,4.07931067397671E-18,0.0644499758879344));
#3295=CARTESIAN_POINT('',(0.00617853220726538,-0.0025592318358083,0.0644499758879344));
#3296=CARTESIAN_POINT('',(0.00472884382410914,-0.00472884382410914,0.0644499758879343));
#3297=CARTESIAN_POINT('',(0.00255923183580828,-0.00617853220726539,0.0644499758879344));
#3298=CARTESIAN_POINT('',(4.98732999343332E-18,-0.0066875950703994,0.0644499758879343));
#3299=CARTESIAN_POINT('',(-0.0025592318358083,-0.00617853220726538,0.0644499758879344));
#3300=CARTESIAN_POINT('',(0.00287182511177689,-0.00693319913361544,0.0466699749231339));
#3301=CARTESIAN_POINT('',(5.96311194867027E-18,-0.00750444066529933,0.0466699749231339));
#3302=CARTESIAN_POINT('',(-0.00287182511177691,-0.00693319913361544,0.0466699749231339));
#3303=CARTESIAN_POINT('',(-0.00530644088344524,-0.00530644088344524,0.0466699749231339));
#3304=CARTESIAN_POINT('',(-0.00693319913361544,-0.00287182511177691,0.0466699749231339));
#3305=CARTESIAN_POINT('',(-0.00750444066529933,-1.11469535858666E-18,0.0466699749231339));
#3306=CARTESIAN_POINT('',(-0.00693319913361544,0.0028718251117769,0.0466699749231339));
#3307=CARTESIAN_POINT('',(-0.00530644088344524,0.00530644088344524,0.0466699749231339));
#3308=CARTESIAN_POINT('',(-0.00287182511177691,0.00693319913361543,0.0466699749231339));
#3309=CARTESIAN_POINT('',(-1.60267898043374E-18,0.00750444066529933,0.0466699749231339));
#3310=CARTESIAN_POINT('',(0.00287182511177691,0.00693319913361544,0.0466699749231339));
#3311=CARTESIAN_POINT('',(0.00530644088344524,0.00530644088344525,0.0466699749231339));
#3312=CARTESIAN_POINT('',(0.00693319913361543,0.00287182511177691,0.0466699749231339));
#3313=CARTESIAN_POINT('',(0.00750444066529933,2.51060565566175E-18,0.0466699749231339));
#3314=CARTESIAN_POINT('',(0.00693319913361544,-0.00287182511177691,0.0466699749231339));
#3315=CARTESIAN_POINT('',(0.00530644088344524,-0.00530644088344525,0.0466699749231339));
#3316=CARTESIAN_POINT('',(0.00287182511177689,-0.00693319913361544,0.0466699749231339));
#3317=CARTESIAN_POINT('',(5.96311194867027E-18,-0.00750444066529933,0.0466699749231339));
#3318=CARTESIAN_POINT('',(-0.00287182511177691,-0.00693319913361544,0.0466699749231339));
#3319=CARTESIAN_POINT('',(0.,0.,0.0755956470966339));
#3320=CARTESIAN_POINT('',(-0.0114823938347399,-0.000635,0.016234653070569));
#3321=CARTESIAN_POINT('',(-0.00795322011902101,-0.000635,0.0275768573189056));
#3322=CARTESIAN_POINT('',(-0.00795322011902101,-0.000635,0.02596612906213));
#3323=CARTESIAN_POINT('',(-0.0153158944652646,-0.000635,-0.000206351353021122));
#3324=CARTESIAN_POINT('',(-0.0114823938347399,0.000635,0.016234653070569));
#3325=CARTESIAN_POINT('',(-0.0107488659763008,0.000635,0.0160283017175479));
#3326=CARTESIAN_POINT('',(-0.00795322011902101,0.000635,0.02596612906213));
#3327=CARTESIAN_POINT('',(-0.00795322011902101,0.000635,0.016234653070569));
#3328=CARTESIAN_POINT('',(0.0114823938347399,0.000635,0.016234653070569));
#3329=CARTESIAN_POINT('',(0.00795322011902101,0.000635,0.0275768573189056));
#3330=CARTESIAN_POINT('',(0.00795322011902101,0.000635,0.02596612906213));
#3331=CARTESIAN_POINT('',(0.0153158944652646,0.000635,-0.000206351353021122));
#3332=CARTESIAN_POINT('',(0.0114823938347399,-0.000635,0.016234653070569));
#3333=CARTESIAN_POINT('',(0.0107488659763008,-0.000635,0.0160283017175479));
#3334=CARTESIAN_POINT('',(0.00795322011902101,-0.000635,0.02596612906213));
#3335=CARTESIAN_POINT('',(0.00795322011902101,-0.000635,0.016234653070569));
#3336=CARTESIAN_POINT('',(-0.000635,0.0114823938347399,0.016234653070569));
#3337=CARTESIAN_POINT('',(-0.000635,0.00795322011902101,0.0275768573189056));
#3338=CARTESIAN_POINT('',(-0.000635,0.00795322011902101,0.02596612906213));
#3339=CARTESIAN_POINT('',(-0.000635,0.0153158944652646,-0.000206351353021122));
#3340=CARTESIAN_POINT('',(0.000635,0.0114823938347399,0.016234653070569));
#3341=CARTESIAN_POINT('',(0.000635,0.00729754225053107,0.0275198749662153));
#3342=CARTESIAN_POINT('',(0.000635,0.0148963496888418,0.000508));
#3343=CARTESIAN_POINT('',(0.000635,0.00795322011902101,0.0251891028357793));
#3344=CARTESIAN_POINT('',(0.000635,0.00795322011902101,0.016234653070569));
#3345=CARTESIAN_POINT('',(0.000635,0.00795322011902101,0.000508));
#3346=CARTESIAN_POINT('',(0.000635,0.0114823938347399,0.000508));
#3347=CARTESIAN_POINT('',(0.000635,-0.0114823938347399,0.016234653070569));
#3348=CARTESIAN_POINT('',(0.000635,-0.00795322011902101,0.0275768573189056));
#3349=CARTESIAN_POINT('',(0.000635,-0.00795322011902101,0.02596612906213));
#3350=CARTESIAN_POINT('',(0.000635,-0.0153158944652646,-0.000206351353021122));
#3351=CARTESIAN_POINT('',(-0.000635,-0.0114823938347399,0.016234653070569));
#3352=CARTESIAN_POINT('',(-0.000635,-0.0107488659763008,0.0160283017175479));
#3353=CARTESIAN_POINT('',(-0.000635,-0.00795322011902101,0.02596612906213));
#3354=CARTESIAN_POINT('',(-0.000635,-0.00795322011902101,0.016234653070569));
#3355=CARTESIAN_POINT('',(0.0114823938347399,0.000127000000000002,0.016234653070569));
#3356=CARTESIAN_POINT('',(0.0113601391916667,2.05998412772246E-18,0.0162002611783989));
#3357=CARTESIAN_POINT('',(0.00795322011902101,-0.001143,0.0240902218081543));
#3358=CARTESIAN_POINT('',(0.0107488659763008,0.000635,0.0160283017175479));
#3359=CARTESIAN_POINT('',(0.00795322011902101,0.001143,0.0240902218081543));
#3360=CARTESIAN_POINT('',(-0.000127000000000001,0.0114823938347399,0.016234653070569));
#3361=CARTESIAN_POINT('',(0.000347689948951345,0.00751889901121697,0.0285709915120972));
#3362=CARTESIAN_POINT('',(0.000437055986401642,0.00751476653477969,0.0282556767201492));
#3363=CARTESIAN_POINT('',(0.000456797217941095,0.00758538009254096,0.0279317639894645));
#3364=CARTESIAN_POINT('',(0.000486210244841251,0.00764454477695319,0.0276128338260004));
#3365=CARTESIAN_POINT('',(0.000486210244842767,0.00764454477695304,0.0276128338259953));
#3366=CARTESIAN_POINT('',(0.000486210244842765,0.0154010752496625,4.02926079952475E-5));
#3367=CARTESIAN_POINT('',(0.000486210244842765,0.0153705535280152,0.000148789755157235));
#3368=CARTESIAN_POINT('',(0.000126999999999998,0.0156426559222618,0.000508));
#3369=CARTESIAN_POINT('',(-1.40946282423116E-18,0.0113601391916667,0.0162002611783989));
#3370=CARTESIAN_POINT('',(-0.000635,0.0107488659763008,0.0160283017175479));
#3371=CARTESIAN_POINT('',(-0.001143,0.00795322011902101,0.0240902218081543));
#3372=CARTESIAN_POINT('',(-0.0114823938347399,-0.000127,0.016234653070569));
#3373=CARTESIAN_POINT('',(-0.0113601391916667,-5.42101086242752E-19,0.0162002611783989));
#3374=CARTESIAN_POINT('',(-0.00795322011902101,0.001143,0.0240902218081543));
#3375=CARTESIAN_POINT('',(-0.0107488659763008,-0.000635,0.0160283017175479));
#3376=CARTESIAN_POINT('',(-0.00795322011902101,-0.001143,0.0240902218081543));
#3377=CARTESIAN_POINT('',(0.000127,-0.0114823938347399,0.016234653070569));
#3378=CARTESIAN_POINT('',(-1.0842021724855E-19,-0.0113601391916667,0.0162002611783989));
#3379=CARTESIAN_POINT('',(-0.001143,-0.00795322011902101,0.0240902218081543));
#3380=CARTESIAN_POINT('',(0.000635,-0.0107488659763008,0.0160283017175479));
#3381=CARTESIAN_POINT('',(0.001143,-0.00795322011902101,0.0240902218081543));
#3382=CARTESIAN_POINT('',(-0.00795322011902101,0.001143,0.0331502510234713));
#3383=CARTESIAN_POINT('',(-0.00795322011902101,-0.001143,0.0331502510234713));
#3384=CARTESIAN_POINT('',(0.00795322011902101,-0.001143,0.0331502510234713));
#3385=CARTESIAN_POINT('',(-0.001143,0.00795322011902101,0.0331502510234713));
#3386=CARTESIAN_POINT('',(0.000127,-0.00678083160892129,0.000508));
#3387=CARTESIAN_POINT('',(0.000126999999999998,0.0148963496888418,0.000508));
#3388=CARTESIAN_POINT('',(0.000127,0.00795322011902101,0.000508));
#3389=CARTESIAN_POINT('',(0.000126999999999999,0.0105463078514048,0.0159713193648576));
#3390=CARTESIAN_POINT('',(0.000635,0.00795322011902101,0.0251891028357793));
#3391=CARTESIAN_POINT('',(0.000634999999999994,0.00784367760496447,0.025998711547147));
#3392=CARTESIAN_POINT('',(0.000612311182835529,0.00773924962804705,0.0268105247597673));
#3393=CARTESIAN_POINT('',(0.000486210244842765,0.00764454477695304,0.0276128338259953));
#3394=CARTESIAN_POINT('',(0.001143,0.00795322011902101,0.000508));
#3395=CARTESIAN_POINT('',(0.001143,0.00795322011902101,0.000508));
#3396=CARTESIAN_POINT('',(0.00107073506004696,0.00745038637069701,0.0251891028357793));
#3397=CARTESIAN_POINT('',(0.000635000000000012,0.00751300819760238,0.0251891028357793));
#3398=CARTESIAN_POINT('',(0.000635,0.00795322011902102,0.0251891028357793));
#3399=CARTESIAN_POINT('',(0.00107073506066132,0.00745038637060872,0.0254864244767924));
#3400=CARTESIAN_POINT('',(0.000667507674449787,0.00750833634488422,0.0254676726499149));
#3401=CARTESIAN_POINT('',(0.000634999999999998,0.00791446665605089,0.0254755226011429));
#3402=CARTESIAN_POINT('',(0.00105321745046397,0.00745296124538219,0.0260794264983941));
#3403=CARTESIAN_POINT('',(0.000711159126391492,0.00750114069297594,0.0260313897736297));
#3404=CARTESIAN_POINT('',(0.00062565005544774,0.00783864876868961,0.026046422786835));
#3405=CARTESIAN_POINT('',(0.000963643653227716,0.00746525283273585,0.026962835964464));
#3406=CARTESIAN_POINT('',(0.000706865712909869,0.00749804656311492,0.0269004946675983));
#3407=CARTESIAN_POINT('',(0.000577840444590805,0.00773054520217627,0.0268957300902694));
#3408=CARTESIAN_POINT('',(0.000816485596438599,0.00748348603311007,0.0276924910741596));
#3409=CARTESIAN_POINT('',(0.000631261294571301,0.0075030787475025,0.0276284200225091));
#3410=CARTESIAN_POINT('',(0.000499295500276247,0.00764588615842576,0.0275960940372011));
#3411=CARTESIAN_POINT('',(0.00060854304584952,0.00750299115489031,0.0282433617477425));
#3412=CARTESIAN_POINT('',(0.000490388335245021,0.00751216617618764,0.0281762453955364));
#3413=CARTESIAN_POINT('',(0.000388307096408788,0.00758525884408569,0.0281240520383736));
#3414=CARTESIAN_POINT('',(0.000447714475315404,0.00751451035686456,0.0284980216574999));
#3415=CARTESIAN_POINT('',(0.000372059723478716,0.00751858095949905,0.0284300643338292));
#3416=CARTESIAN_POINT('',(0.00030246558808933,0.00755866524616937,0.0283677716001618));
#3417=CARTESIAN_POINT('',(0.000331279082336147,0.00751963993892579,0.0285835880354394));
#3418=CARTESIAN_POINT('',(0.00028396253855526,0.00752172447772424,0.028514722378103));
#3419=CARTESIAN_POINT('',(0.00024031871325555,0.00755045099873644,0.0284494867828999));
#3420=CARTESIAN_POINT('',(0.001143,0.00795322011902101,0.0251891028357793));
#3421=CARTESIAN_POINT('',(0.001143,0.00795322011902101,0.0331502510234713));
#3422=CARTESIAN_POINT('',(0.00795322011902101,0.001143,0.0331502510234713));
#3423=CARTESIAN_POINT('',(-0.001143,-0.00795322011902101,0.0331502510234713));
#3424=CARTESIAN_POINT('',(0.001143,-0.00795322011902101,0.0331502510234713));
#3425=CARTESIAN_POINT('',(0.,0.,0.));
#3426=CARTESIAN_POINT('',(0.,4.22784452824571E-19,-0.00254));
#3427=CARTESIAN_POINT('',(0.,4.22784452824571E-19,-0.00254));
#3428=CARTESIAN_POINT('',(0.00690459409388781,4.22784452824571E-19,-0.00254));
#3429=CARTESIAN_POINT('',(0.,4.22784452824571E-19,0.));
#3430=CARTESIAN_POINT('',(0.00690459409388781,4.22784452824571E-19,0.));
#3431=CARTESIAN_POINT('',(0.,0.,-0.00254));
#3432=CARTESIAN_POINT('',(0.,1.73151258792572E-19,-0.00254));
#3433=CARTESIAN_POINT('',(0.00282777465164858,1.73151258792572E-19,-0.00254));
#3434=CARTESIAN_POINT('',(0.,0.,0.));
#3435=CARTESIAN_POINT('',(0.,3.68464626624801E-19,0.));
#3436=CARTESIAN_POINT('',(0.0060174840105954,3.68464626624801E-19,0.));
#3437=CARTESIAN_POINT('',(0.,1.73151258792572E-19,0.00254));
#3438=CARTESIAN_POINT('',(0.,1.73151258792572E-19,0.00254));
#3439=CARTESIAN_POINT('',(0.00282777465164858,1.73151258792572E-19,0.00254));
#3440=CARTESIAN_POINT('',(0.,3.68464626624801E-19,0.00254));
#3441=CARTESIAN_POINT('',(0.,3.68464626624801E-19,0.00254));
#3442=CARTESIAN_POINT('',(0.0060174840105954,3.68464626624801E-19,0.00254));
#3443=CARTESIAN_POINT('',(0.,0.,0.00254));
#3444=CARTESIAN_POINT('',(0.,0.,0.));
#3445=CARTESIAN_POINT('',(0.,0.,0.));
#3446=CARTESIAN_POINT('',(-0.0122848249510748,0.000885491026565433,0.));
#3447=CARTESIAN_POINT('',(-0.00774736022667542,0.000885491026565432,0.));
#3448=CARTESIAN_POINT('',(-0.0106264063507978,0.000885491026565433,0.));
#3449=CARTESIAN_POINT('',(0.,-6.52934904140044E-19,0.));
#3450=CARTESIAN_POINT('',(-0.000885491026565431,0.0106264063507978,0.));
#3451=CARTESIAN_POINT('',(-0.00088549102656543,0.0122848249510748,0.));
#3452=CARTESIAN_POINT('',(-0.00088549102656543,0.00774736022667542,0.));
#3453=CARTESIAN_POINT('',(-3.79470760369927E-19,1.0842021724855E-19,0.));
#3454=CARTESIAN_POINT('',(0.,0.,0.));
#3455=CARTESIAN_POINT('',(0.000885491026565435,0.0122848249510748,0.));
#3456=CARTESIAN_POINT('',(0.000885491026565433,0.00774736022667542,0.));
#3457=CARTESIAN_POINT('',(0.000885491026565435,0.0106264063507978,0.));
#3458=CARTESIAN_POINT('',(0.,-6.52934904140044E-19,0.));
#3459=CARTESIAN_POINT('',(0.0106264063507978,0.000885491026565431,0.));
#3460=CARTESIAN_POINT('',(0.0122848249510748,0.000885491026565431,0.));
#3461=CARTESIAN_POINT('',(0.00774736022667542,0.000885491026565431,0.));
#3462=CARTESIAN_POINT('',(1.57209315010398E-18,-2.71050543121376E-19,0.));
#3463=CARTESIAN_POINT('',(0.,0.,0.));
#3464=CARTESIAN_POINT('',(0.0122848249510748,-0.000885491026565434,0.));
#3465=CARTESIAN_POINT('',(0.00774736022667542,-0.000885491026565433,0.));
#3466=CARTESIAN_POINT('',(0.0106264063507978,-0.000885491026565434,0.));
#3467=CARTESIAN_POINT('',(0.,-6.52934904140044E-19,0.));
#3468=CARTESIAN_POINT('',(0.000885491026565432,-0.0106264063507978,0.));
#3469=CARTESIAN_POINT('',(0.000885491026565432,-0.0122848249510748,0.));
#3470=CARTESIAN_POINT('',(0.000885491026565429,-0.00774736022667542,0.));
#3471=CARTESIAN_POINT('',(1.0842021724855E-19,-2.05998412772246E-18,0.));
#3472=CARTESIAN_POINT('',(0.,0.,0.));
#3473=CARTESIAN_POINT('',(-0.000885491026565433,-0.0122848249510748,0.));
#3474=CARTESIAN_POINT('',(-0.000885491026565432,-0.00774736022667542,0.));
#3475=CARTESIAN_POINT('',(-0.000885491026565433,-0.0106264063507978,0.));
#3476=CARTESIAN_POINT('',(0.,-6.52934904140044E-19,0.));
#3477=CARTESIAN_POINT('',(-0.0106264063507978,-0.000885491026565433,0.));
#3478=CARTESIAN_POINT('',(-0.0122848249510748,-0.000885491026565433,0.));
#3479=CARTESIAN_POINT('',(-0.00774736022667542,-0.00088549102656543,0.));
#3480=CARTESIAN_POINT('',(-4.87890977618477E-19,3.79470760369927E-19,0.));
#3481=CARTESIAN_POINT('',(0.,0.,0.0127));
#3482=CARTESIAN_POINT('',(-0.00088549102656543,0.0122848249510748,0.0127));
#3483=CARTESIAN_POINT('',(-0.00088549102656543,0.00774736022667542,0.0127));
#3484=CARTESIAN_POINT('',(-0.00088549102656543,0.0125052502880547,0.0127));
#3485=CARTESIAN_POINT('',(0.,1.07870329456981E-18,0.0127));
#3486=CARTESIAN_POINT('',(-0.0125052502880547,0.000885491026565433,0.0127));
#3487=CARTESIAN_POINT('',(-0.0122848249510748,0.000885491026565433,0.0127));
#3488=CARTESIAN_POINT('',(-0.00774736022667542,0.000885491026565432,0.0127));
#3489=CARTESIAN_POINT('',(-3.79470760369927E-19,1.0842021724855E-19,0.0127));
#3490=CARTESIAN_POINT('',(0.,0.,0.0127));
#3491=CARTESIAN_POINT('',(-0.0122848249510748,-0.000885491026565433,0.0127));
#3492=CARTESIAN_POINT('',(-0.00774736022667542,-0.00088549102656543,0.0127));
#3493=CARTESIAN_POINT('',(-0.0125052502880547,-0.000885491026565433,0.0127));
#3494=CARTESIAN_POINT('',(0.,1.07870329456981E-18,0.0127));
#3495=CARTESIAN_POINT('',(-0.000885491026565433,-0.0125052502880547,0.0127));
#3496=CARTESIAN_POINT('',(-0.000885491026565433,-0.0122848249510748,0.0127));
#3497=CARTESIAN_POINT('',(-0.000885491026565432,-0.00774736022667542,0.0127));
#3498=CARTESIAN_POINT('',(-4.87890977618477E-19,3.79470760369927E-19,0.0127));
#3499=CARTESIAN_POINT('',(0.,0.,0.0127));
#3500=CARTESIAN_POINT('',(0.000885491026565432,-0.0122848249510748,0.0127));
#3501=CARTESIAN_POINT('',(0.000885491026565429,-0.00774736022667542,0.0127));
#3502=CARTESIAN_POINT('',(0.000885491026565432,-0.0125052502880547,0.0127));
#3503=CARTESIAN_POINT('',(0.,1.07870329456981E-18,0.0127));
#3504=CARTESIAN_POINT('',(0.0125052502880547,-0.000885491026565434,0.0127));
#3505=CARTESIAN_POINT('',(0.0122848249510748,-0.000885491026565434,0.0127));
#3506=CARTESIAN_POINT('',(0.00774736022667542,-0.000885491026565433,0.0127));
#3507=CARTESIAN_POINT('',(1.0842021724855E-19,-2.05998412772246E-18,0.0127));
#3508=CARTESIAN_POINT('',(-4.87890977618477E-19,3.79470760369927E-19,0.0127));
#3509=CARTESIAN_POINT('',(-0.00774736022667542,-0.00088549102656543,0.0127));
#3510=CARTESIAN_POINT('',(-0.000885491026565432,-0.00774736022667542,0.0127));
#3511=CARTESIAN_POINT('',(-0.0122848249510748,-0.000885491026565433,0.0127));
#3512=CARTESIAN_POINT('',(-0.0168222896754741,-0.000885491026565433,0.0127));
#3513=CARTESIAN_POINT('',(-0.0168222896754741,-0.000885491026565433,0.00839098291913723));
#3514=CARTESIAN_POINT('',(-0.0168222896754741,-0.000885491026565433,0.));
#3515=CARTESIAN_POINT('',(-0.0168222896754741,-0.000885491026565433,0.00839098291913723));
#3516=CARTESIAN_POINT('',(-0.0153836187938573,-0.000885491026565433,0.0098276648307933));
#3517=CARTESIAN_POINT('',(-0.0139447235571637,-0.000885491026565433,0.0112641219696799));
#3518=CARTESIAN_POINT('',(-0.0125052502880547,-0.000885491026565433,0.0127));
#3519=CARTESIAN_POINT('',(-0.0122848249510748,-0.000885491026565433,0.));
#3520=CARTESIAN_POINT('',(-0.0168222896754741,-0.000442745513282716,0.0127));
#3521=CARTESIAN_POINT('',(-0.0168222896754741,0.000885491026565433,0.0127));
#3522=CARTESIAN_POINT('',(-0.0168222896754741,0.000885491026565433,0.00839098291913723));
#3523=CARTESIAN_POINT('',(-0.0168222896754741,0.000885491026565433,0.));
#3524=CARTESIAN_POINT('',(-0.0168222896754741,0.000885491026565433,0.00839098291913723));
#3525=CARTESIAN_POINT('',(-0.0168222896754741,0.000295163675521811,0.00842201358772094));
#3526=CARTESIAN_POINT('',(-0.0168222896754741,-0.00029516367552181,0.00842201358772094));
#3527=CARTESIAN_POINT('',(-0.0168222896754741,-0.000885491026565432,0.00839098291913723));
#3528=CARTESIAN_POINT('',(-0.0168222896754741,-0.000442745513282716,0.));
#3529=CARTESIAN_POINT('',(-0.0122848249510748,0.000885491026565433,0.0127));
#3530=CARTESIAN_POINT('',(-0.0125052502880547,0.000885491026565433,0.0127));
#3531=CARTESIAN_POINT('',(-0.0139447235571637,0.000885491026565433,0.0112641219696799));
#3532=CARTESIAN_POINT('',(-0.0153836187938573,0.000885491026565433,0.0098276648307933));
#3533=CARTESIAN_POINT('',(-0.0168222896754741,0.000885491026565433,0.00839098291913723));
#3534=CARTESIAN_POINT('',(-0.0122848249510748,0.000885491026565433,0.));
#3535=CARTESIAN_POINT('',(-0.00774736022667542,0.000885491026565432,0.0127));
#3536=CARTESIAN_POINT('',(-3.79470760369927E-19,1.0842021724855E-19,0.0127));
#3537=CARTESIAN_POINT('',(-0.00088549102656543,0.00774736022667542,0.0127));
#3538=CARTESIAN_POINT('',(-0.00088549102656543,0.0122848249510748,0.0127));
#3539=CARTESIAN_POINT('',(-0.000885491026565438,0.0168222896754741,0.0127));
#3540=CARTESIAN_POINT('',(-0.000885491026565438,0.0168222896754741,0.00839098291913723));
#3541=CARTESIAN_POINT('',(-0.000885491026565438,0.0168222896754741,0.));
#3542=CARTESIAN_POINT('',(-0.000885491026565438,0.0168222896754741,0.00839098291913723));
#3543=CARTESIAN_POINT('',(-0.000885491026565438,0.0153836187938573,0.0098276648307933));
#3544=CARTESIAN_POINT('',(-0.00088549102656543,0.0139447235571637,0.0112641219696799));
#3545=CARTESIAN_POINT('',(-0.00088549102656543,0.0125052502880547,0.0127));
#3546=CARTESIAN_POINT('',(-0.00088549102656543,0.0122848249510748,0.));
#3547=CARTESIAN_POINT('',(-0.000442745513282719,0.0168222896754741,0.0127));
#3548=CARTESIAN_POINT('',(0.000885491026565432,0.0168222896754741,0.0127));
#3549=CARTESIAN_POINT('',(0.000885491026565432,0.0168222896754741,0.00839098291913723));
#3550=CARTESIAN_POINT('',(0.000885491026565432,0.0168222896754741,0.));
#3551=CARTESIAN_POINT('',(0.000885491026565432,0.0168222896754741,0.00839098291913723));
#3552=CARTESIAN_POINT('',(0.000295163675521809,0.0168222896754741,0.00842201358772094));
#3553=CARTESIAN_POINT('',(-0.000295163675521814,0.0168222896754741,0.00842201358772094));
#3554=CARTESIAN_POINT('',(-0.000885491026565437,0.0168222896754741,0.00839098291913723));
#3555=CARTESIAN_POINT('',(-0.000442745513282719,0.0168222896754741,0.));
#3556=CARTESIAN_POINT('',(0.000885491026565435,0.0122848249510748,0.0127));
#3557=CARTESIAN_POINT('',(0.000885491026565435,0.0122848249510748,0.0127));
#3558=CARTESIAN_POINT('',(0.000885491026565433,0.00774736022667542,0.0127));
#3559=CARTESIAN_POINT('',(0.000885491026565435,0.0125052502880547,0.0127));
#3560=CARTESIAN_POINT('',(0.000885491026565435,0.0125052502880547,0.0127));
#3561=CARTESIAN_POINT('',(0.000885491026565435,0.0139447235571637,0.0112641219696799));
#3562=CARTESIAN_POINT('',(0.000885491026565436,0.0153836187938573,0.0098276648307933));
#3563=CARTESIAN_POINT('',(0.000885491026565436,0.0168222896754741,0.00839098291913723));
#3564=CARTESIAN_POINT('',(0.000885491026565435,0.0122848249510748,0.));
#3565=CARTESIAN_POINT('',(0.000885491026565433,0.00774736022667542,0.0127));
#3566=CARTESIAN_POINT('',(1.57209315010398E-18,-2.71050543121376E-19,0.0127));
#3567=CARTESIAN_POINT('',(0.00774736022667542,0.000885491026565431,0.0127));
#3568=CARTESIAN_POINT('',(0.00774736022667542,0.000885491026565431,0.0127));
#3569=CARTESIAN_POINT('',(1.57209315010398E-18,-2.71050543121376E-19,0.0127));
#3570=CARTESIAN_POINT('',(0.0122848249510748,0.000885491026565431,0.0127));
#3571=CARTESIAN_POINT('',(0.0168222896754741,0.000885491026565431,0.0127));
#3572=CARTESIAN_POINT('',(0.0168222896754741,0.000885491026565431,0.00839098291913723));
#3573=CARTESIAN_POINT('',(0.0168222896754741,0.000885491026565431,0.));
#3574=CARTESIAN_POINT('',(0.0168222896754741,0.000885491026565431,0.00839098291913723));
#3575=CARTESIAN_POINT('',(0.0153836187938573,0.000885491026565431,0.0098276648307933));
#3576=CARTESIAN_POINT('',(0.0139447235571637,0.000885491026565431,0.0112641219696799));
#3577=CARTESIAN_POINT('',(0.0125052502880547,0.000885491026565431,0.0127));
#3578=CARTESIAN_POINT('',(0.0125052502880547,0.000885491026565431,0.0127));
#3579=CARTESIAN_POINT('',(0.0122848249510748,0.000885491026565431,0.0127));
#3580=CARTESIAN_POINT('',(0.0122848249510748,0.000885491026565431,0.));
#3581=CARTESIAN_POINT('',(0.0168222896754741,0.000442745513282714,0.0127));
#3582=CARTESIAN_POINT('',(0.0168222896754741,-0.000885491026565435,0.0127));
#3583=CARTESIAN_POINT('',(0.0168222896754741,-0.000885491026565435,0.00839098291913723));
#3584=CARTESIAN_POINT('',(0.0168222896754741,-0.000885491026565435,0.));
#3585=CARTESIAN_POINT('',(0.0168222896754741,-0.000885491026565435,0.00839098291913723));
#3586=CARTESIAN_POINT('',(0.0168222896754741,-0.000295163675521813,0.00842201358772094));
#3587=CARTESIAN_POINT('',(0.0168222896754741,0.000295163675521809,0.00842201358772094));
#3588=CARTESIAN_POINT('',(0.0168222896754741,0.000885491026565431,0.00839098291913723));
#3589=CARTESIAN_POINT('',(0.0168222896754741,0.000442745513282714,0.));
#3590=CARTESIAN_POINT('',(0.0122848249510748,-0.000885491026565434,0.0127));
#3591=CARTESIAN_POINT('',(0.0125052502880547,-0.000885491026565434,0.0127));
#3592=CARTESIAN_POINT('',(0.0139447235571637,-0.000885491026565434,0.0112641219696799));
#3593=CARTESIAN_POINT('',(0.0153836187938573,-0.000885491026565435,0.0098276648307933));
#3594=CARTESIAN_POINT('',(0.0168222896754741,-0.000885491026565435,0.00839098291913723));
#3595=CARTESIAN_POINT('',(0.0122848249510748,-0.000885491026565434,0.));
#3596=CARTESIAN_POINT('',(0.00774736022667542,-0.000885491026565433,0.0127));
#3597=CARTESIAN_POINT('',(1.0842021724855E-19,-2.05998412772246E-18,0.0127));
#3598=CARTESIAN_POINT('',(0.000885491026565429,-0.00774736022667542,0.0127));
#3599=CARTESIAN_POINT('',(0.000885491026565432,-0.0122848249510748,0.0127));
#3600=CARTESIAN_POINT('',(0.000885491026565432,-0.0168222896754741,0.0127));
#3601=CARTESIAN_POINT('',(0.000885491026565432,-0.0168222896754741,0.00839098291913723));
#3602=CARTESIAN_POINT('',(0.000885491026565432,-0.0168222896754741,0.));
#3603=CARTESIAN_POINT('',(0.000885491026565432,-0.0168222896754741,0.00839098291913723));
#3604=CARTESIAN_POINT('',(0.000885491026565432,-0.0153836187938573,0.0098276648307933));
#3605=CARTESIAN_POINT('',(0.000885491026565432,-0.0139447235571637,0.0112641219696799));
#3606=CARTESIAN_POINT('',(0.000885491026565432,-0.0125052502880547,0.0127));
#3607=CARTESIAN_POINT('',(0.000885491026565432,-0.0122848249510748,0.));
#3608=CARTESIAN_POINT('',(0.000442745513282715,-0.0168222896754741,0.0127));
#3609=CARTESIAN_POINT('',(-0.000885491026565434,-0.0168222896754741,0.0127));
#3610=CARTESIAN_POINT('',(-0.000885491026565434,-0.0168222896754741,0.00839098291913723));
#3611=CARTESIAN_POINT('',(-0.000885491026565434,-0.0168222896754741,0.));
#3612=CARTESIAN_POINT('',(-0.000885491026565434,-0.0168222896754741,0.00839098291913723));
#3613=CARTESIAN_POINT('',(-0.000295163675521812,-0.0168222896754741,0.00842201358772094));
#3614=CARTESIAN_POINT('',(0.000295163675521809,-0.0168222896754741,0.00842201358772094));
#3615=CARTESIAN_POINT('',(0.000885491026565431,-0.0168222896754741,0.00839098291913723));
#3616=CARTESIAN_POINT('',(0.000442745513282715,-0.0168222896754741,0.));
#3617=CARTESIAN_POINT('',(0.,1.07870329456981E-18,0.0127));
#3618=CARTESIAN_POINT('',(0.,1.07870329456981E-18,0.00762));
#3619=CARTESIAN_POINT('',(0.0176165616947001,1.07870329456981E-18,0.00762));
#3620=CARTESIAN_POINT('',(0.,1.07870329456981E-18,0.));
#3621=CARTESIAN_POINT('',(0.0176165616947001,1.07870329456981E-18,0.));
#3622=CARTESIAN_POINT('',(-0.000885491026565433,-0.0122848249510748,0.0127));
#3623=CARTESIAN_POINT('',(-0.000885491026565433,-0.0125052502880547,0.0127));
#3624=CARTESIAN_POINT('',(-0.000885491026565433,-0.0139447235571637,0.0112641219696799));
#3625=CARTESIAN_POINT('',(-0.000885491026565434,-0.0153836187938573,0.0098276648307933));
#3626=CARTESIAN_POINT('',(-0.000885491026565434,-0.0168222896754741,0.00839098291913723));
#3627=CARTESIAN_POINT('',(-0.000885491026565433,-0.0122848249510748,0.));
#3628=CARTESIAN_POINT('',(0.,0.,0.0127));
#3629=CARTESIAN_POINT('',(0.,1.07870329456981E-18,0.0127));
#3630=CARTESIAN_POINT('',(0.,0.,0.));
#3631=CARTESIAN_POINT('',(0.,-1.06419861604353E-18,0.));
#3632=CARTESIAN_POINT('',(-0.0173796823179462,-1.06419861604353E-18,0.));
#3633=CARTESIAN_POINT('',(0.,1.07870329456981E-18,0.0127));
#3634=CARTESIAN_POINT('',(0.,0.,0.));
#3635=CARTESIAN_POINT('',(0.,-6.52934904140044E-19,0.));
#3636=CARTESIAN_POINT('',(0.,0.,0.));
#3637=CARTESIAN_POINT('',(0.,-6.52934904140044E-19,0.));
#3638=CARTESIAN_POINT('',(0.,0.,0.));
#3639=CARTESIAN_POINT('',(0.,-6.52934904140044E-19,0.));
#3640=CARTESIAN_POINT('',(0.,0.,0.));
#3641=CARTESIAN_POINT('',(0.,-6.52934904140044E-19,0.));
#3642=CARTESIAN_POINT('',(0.,-6.52934904140044E-19,-0.004572));
#3643=CARTESIAN_POINT('',(-0.0111026206144773,0.00123625796748811,-0.00508000000000009));
#3644=CARTESIAN_POINT('',(-0.0109590749801854,0.00118365803121617,-0.00508000000000007));
#3645=CARTESIAN_POINT('',(-0.0108147290740262,0.00105317983872639,-0.0050013060318648));
#3646=CARTESIAN_POINT('',(-0.0107120431059686,0.000906468831350894,-0.00486065327385678));
#3647=CARTESIAN_POINT('',(-0.01067090110177,0.000826433349075255,-0.00477910989182994));
#3648=CARTESIAN_POINT('',(-0.0106349593840747,0.000829413721495472,-0.00466236240847493));
#3649=CARTESIAN_POINT('',(-0.0106266609326863,0.000882755961983189,-0.0046023311905879));
#3650=CARTESIAN_POINT('',(-0.0106246232250765,0.000906635326663011,-0.00457199999999982));
#3651=CARTESIAN_POINT('',(-0.0111026206144774,0.00123625796748784,-0.00508));
#3652=CARTESIAN_POINT('',(-0.0106246232250772,0.000906635326663374,-0.004572));
#3653=CARTESIAN_POINT('',(0.,-6.52934904140044E-19,-0.00508));
#3654=CARTESIAN_POINT('',(-0.00123625796748786,0.0111026206144774,-0.00508));
#3655=CARTESIAN_POINT('',(-0.000906635326663026,0.0106246232250766,-0.00457199999999983));
#3656=CARTESIAN_POINT('',(-0.000882638228127367,0.0106266709793177,-0.00460248073426581));
#3657=CARTESIAN_POINT('',(-0.000828842638350643,0.0106350349201505,-0.0046628583156258));
#3658=CARTESIAN_POINT('',(-0.000827104591822681,0.0106713260944619,-0.0047802130555255));
#3659=CARTESIAN_POINT('',(-0.000907111965733085,0.0107124333012362,-0.00486123577436236));
#3660=CARTESIAN_POINT('',(-0.00105256208102818,0.0108145092104976,-0.0050006836604256));
#3661=CARTESIAN_POINT('',(-0.00118297846198188,0.0109572204304719,-0.00508));
#3662=CARTESIAN_POINT('',(-0.00123625796748785,0.0111026206144774,-0.00508));
#3663=CARTESIAN_POINT('',(-0.000906635326663376,0.0106246232250772,-0.004572));
#3664=CARTESIAN_POINT('',(0.,-6.52934904140044E-19,-0.004572));
#3665=CARTESIAN_POINT('',(0.,-6.52934904140044E-19,-0.004572));
#3666=CARTESIAN_POINT('',(0.00123625796748811,0.0111026206144773,-0.00508000000000009));
#3667=CARTESIAN_POINT('',(0.00118365803121617,0.0109590749801854,-0.00508000000000007));
#3668=CARTESIAN_POINT('',(0.00105317983872639,0.0108147290740261,-0.00500130603186479));
#3669=CARTESIAN_POINT('',(0.000906468831350893,0.0107120431059686,-0.00486065327385678));
#3670=CARTESIAN_POINT('',(0.000826433349075254,0.01067090110177,-0.00477910989182994));
#3671=CARTESIAN_POINT('',(0.000829413721495472,0.0106349593840747,-0.00466236240847493));
#3672=CARTESIAN_POINT('',(0.00088275596198319,0.0106266609326863,-0.0046023311905879));
#3673=CARTESIAN_POINT('',(0.000906635326663011,0.0106246232250765,-0.00457199999999982));
#3674=CARTESIAN_POINT('',(0.00123625796748787,0.0111026206144774,-0.00508));
#3675=CARTESIAN_POINT('',(0.000906635326663373,0.0106246232250772,-0.004572));
#3676=CARTESIAN_POINT('',(0.,-6.52934904140044E-19,-0.00508));
#3677=CARTESIAN_POINT('',(0.0111026206144774,0.00123625796748784,-0.00508));
#3678=CARTESIAN_POINT('',(0.0106246232250766,0.000906635326663025,-0.00457199999999983));
#3679=CARTESIAN_POINT('',(0.0106266709793177,0.00088263822812738,-0.00460248073426579));
#3680=CARTESIAN_POINT('',(0.0106350349201505,0.000828842638350676,-0.00466285831562577));
#3681=CARTESIAN_POINT('',(0.0106713260944619,0.000827104591822653,-0.00478021305552547));
#3682=CARTESIAN_POINT('',(0.0107124333012362,0.000907111965733062,-0.00486123577436233));
#3683=CARTESIAN_POINT('',(0.0108145092104975,0.00105256208102817,-0.0050006836604256));
#3684=CARTESIAN_POINT('',(0.0109572204304721,0.00118297846198192,-0.00508));
#3685=CARTESIAN_POINT('',(0.0111026206144774,0.00123625796748785,-0.00508));
#3686=CARTESIAN_POINT('',(0.0106246232250772,0.000906635326663376,-0.004572));
#3687=CARTESIAN_POINT('',(0.,-6.52934904140044E-19,-0.004572));
#3688=CARTESIAN_POINT('',(0.,-6.52934904140044E-19,-0.004572));
#3689=CARTESIAN_POINT('',(-0.0106246232250766,-0.000906635326663027,-0.00457199999999983));
#3690=CARTESIAN_POINT('',(-0.0106266709793177,-0.000882638228127368,-0.00460248073426581));
#3691=CARTESIAN_POINT('',(-0.0106350349201505,-0.000828842638350642,-0.0046628583156258));
#3692=CARTESIAN_POINT('',(-0.0106713260944619,-0.000827104591822685,-0.0047802130555255));
#3693=CARTESIAN_POINT('',(-0.0107124333012362,-0.000907111965733086,-0.00486123577436236));
#3694=CARTESIAN_POINT('',(-0.0108145092104976,-0.00105256208102818,-0.0050006836604256));
#3695=CARTESIAN_POINT('',(-0.0109572204304719,-0.00118297846198187,-0.00508));
#3696=CARTESIAN_POINT('',(-0.0111026206144774,-0.00123625796748785,-0.00508));
#3697=CARTESIAN_POINT('',(-0.0106246232250772,-0.000906635326663377,-0.004572));
#3698=CARTESIAN_POINT('',(-0.0111026206144774,-0.00123625796748784,-0.00508));
#3699=CARTESIAN_POINT('',(0.,-6.52934904140044E-19,-0.004572));
#3700=CARTESIAN_POINT('',(-0.000906635326663374,-0.0106246232250772,-0.004572));
#3701=CARTESIAN_POINT('',(-0.00123625796748811,-0.0111026206144773,-0.00508000000000009));
#3702=CARTESIAN_POINT('',(-0.00118365803121617,-0.0109590749801854,-0.00508000000000007));
#3703=CARTESIAN_POINT('',(-0.0010531798387264,-0.0108147290740262,-0.0050013060318648));
#3704=CARTESIAN_POINT('',(-0.000906468831350907,-0.0107120431059686,-0.00486065327385679));
#3705=CARTESIAN_POINT('',(-0.000826433349075275,-0.01067090110177,-0.00477910989182996));
#3706=CARTESIAN_POINT('',(-0.000829413721495456,-0.0106349593840747,-0.00466236240847496));
#3707=CARTESIAN_POINT('',(-0.000882755961983175,-0.0106266609326863,-0.00460233119058792));
#3708=CARTESIAN_POINT('',(-0.000906635326663012,-0.0106246232250765,-0.00457199999999982));
#3709=CARTESIAN_POINT('',(-0.00123625796748784,-0.0111026206144774,-0.00508));
#3710=CARTESIAN_POINT('',(0.,-6.52934904140044E-19,-0.00508));
#3711=CARTESIAN_POINT('',(0.,-6.52934904140044E-19,-0.00508));
#3712=CARTESIAN_POINT('',(-0.0106246232250773,0.000906635326661772,-0.00457200000000204));
#3713=CARTESIAN_POINT('',(-0.0106168373244158,0.000997876268375968,-0.00445610720177815));
#3714=CARTESIAN_POINT('',(-0.0106063422829487,0.00110143861111798,-0.00417988604733613));
#3715=CARTESIAN_POINT('',(-0.0105922481356184,0.00123070889485117,-0.00361938242503038));
#3716=CARTESIAN_POINT('',(-0.0105878536289131,0.00126569212269668,-0.00318396797063549));
#3717=CARTESIAN_POINT('',(-0.0105873967596978,0.00126950232104746,-0.00289382785558701));
#3718=CARTESIAN_POINT('',(-0.0105873967596978,0.0012695023210474,-0.002893827855587));
#3719=CARTESIAN_POINT('',(-0.0012695023210506,0.0105873967596974,-0.002893827855587));
#3720=CARTESIAN_POINT('',(-0.00126569511955359,0.0105878532695692,-0.00318373976532214));
#3721=CARTESIAN_POINT('',(-0.00123107355329616,0.0105922061064975,-0.00361755680484517));
#3722=CARTESIAN_POINT('',(-0.00110105200209622,0.0106063874706418,-0.00418174394938157));
#3723=CARTESIAN_POINT('',(-0.00099723555966954,0.0106168919982744,-0.00445692101982473));
#3724=CARTESIAN_POINT('',(-0.000906635326663847,0.0106246232250772,-0.00457200000000204));
#3725=CARTESIAN_POINT('',(-0.0012695023210506,0.0105873967596974,-0.002893827855587));
#3726=CARTESIAN_POINT('',(0.,-6.52934904140044E-19,-0.002893827855587));
#3727=CARTESIAN_POINT('',(0.0012695023210474,0.0105873967596978,-0.002893827855587));
#3728=CARTESIAN_POINT('',(0.000906635326662306,0.0106246232250773,-0.00457200000000136));
#3729=CARTESIAN_POINT('',(0.000997876268376313,0.0106168373244158,-0.00445610720177733));
#3730=CARTESIAN_POINT('',(0.00110143861111783,0.0106063422829487,-0.00417988604733648));
#3731=CARTESIAN_POINT('',(0.00123070889485127,0.0105922481356184,-0.00361938242503011));
#3732=CARTESIAN_POINT('',(0.00126569212269668,0.0105878536289131,-0.0031839679706355));
#3733=CARTESIAN_POINT('',(0.00126950232104746,0.0105873967596978,-0.00289382785558701));
#3734=CARTESIAN_POINT('',(0.0105873967596974,0.00126950232105059,-0.0028938278555873));
#3735=CARTESIAN_POINT('',(0.0105878532695692,0.00126569511955357,-0.00318373976532238));
#3736=CARTESIAN_POINT('',(0.0105922061064975,0.00123107355329631,-0.0036175568048449));
#3737=CARTESIAN_POINT('',(0.0106063874706418,0.00110105200209591,-0.00418174394938233));
#3738=CARTESIAN_POINT('',(0.0106168919982744,0.000997235559670205,-0.00445692101982312));
#3739=CARTESIAN_POINT('',(0.0106246232250771,0.000906635326664916,-0.00457200000000068));
#3740=CARTESIAN_POINT('',(0.0105873967596978,0.0012695023210474,-0.002893827855587));
#3741=CARTESIAN_POINT('',(0.,-6.52934904140044E-19,-0.002893827855587));
#3742=CARTESIAN_POINT('',(0.0105873967596977,-0.00126950232104746,-0.00289382785558701));
#3743=CARTESIAN_POINT('',(0.0106246232250772,-0.000906635326663372,-0.004572));
#3744=CARTESIAN_POINT('',(0.0106168373244157,-0.000997876268377002,-0.00445610720177569));
#3745=CARTESIAN_POINT('',(0.0106063422829487,-0.00110143861111754,-0.00417988604733718));
#3746=CARTESIAN_POINT('',(0.0105922481356184,-0.00123070889485147,-0.00361938242502955));
#3747=CARTESIAN_POINT('',(0.0105878536289131,-0.00126569212269668,-0.00318396797063551));
#3748=CARTESIAN_POINT('',(0.0105873967596978,-0.00126950232104746,-0.00289382785558701));
#3749=CARTESIAN_POINT('',(0.0106246232250772,-0.000906635326663372,-0.004572));
#3750=CARTESIAN_POINT('',(0.,-6.52934904140044E-19,-0.004572));
#3751=CARTESIAN_POINT('',(0.000906635326663374,-0.0106246232250772,-0.004572));
#3752=CARTESIAN_POINT('',(0.0012695023210506,-0.0105873967596974,-0.002893827855587));
#3753=CARTESIAN_POINT('',(0.00126569511955359,-0.0105878532695692,-0.00318373976532213));
#3754=CARTESIAN_POINT('',(0.00123107355329625,-0.0105922061064975,-0.00361755680484495));
#3755=CARTESIAN_POINT('',(0.00110105200209607,-0.0106063874706418,-0.00418174394938191));
#3756=CARTESIAN_POINT('',(0.000997235559669884,-0.0106168919982744,-0.00445692101982392));
#3757=CARTESIAN_POINT('',(0.000906635326664383,-0.0106246232250771,-0.00457200000000136));
#3758=CARTESIAN_POINT('',(0.0012695023210506,-0.0105873967596974,-0.002893827855587));
#3759=CARTESIAN_POINT('',(0.,-6.52934904140044E-19,-0.002893827855587));
#3760=CARTESIAN_POINT('',(-0.0012695023210474,-0.0105873967596978,-0.002893827855587));
#3761=CARTESIAN_POINT('',(-0.000906635326662836,-0.0106246232250772,-0.00457200000000068));
#3762=CARTESIAN_POINT('',(-0.000997876268376655,-0.0106168373244158,-0.00445610720177651));
#3763=CARTESIAN_POINT('',(-0.00110143861111768,-0.0106063422829487,-0.00417988604733683));
#3764=CARTESIAN_POINT('',(-0.00123070889485137,-0.0105922481356184,-0.00361938242502983));
#3765=CARTESIAN_POINT('',(-0.00126569212269668,-0.0105878536289131,-0.0031839679706355));
#3766=CARTESIAN_POINT('',(-0.00126950232104746,-0.0105873967596978,-0.00289382785558701));
#3767=CARTESIAN_POINT('',(-0.0105873967596974,-0.0012695023210506,-0.002893827855587));
#3768=CARTESIAN_POINT('',(-0.0105878532695692,-0.00126569511955359,-0.00318373976532214));
#3769=CARTESIAN_POINT('',(-0.0105922061064975,-0.00123107355329607,-0.00361755680484539));
#3770=CARTESIAN_POINT('',(-0.0106063874706418,-0.00110105200209637,-0.00418174394938122));
#3771=CARTESIAN_POINT('',(-0.0106168919982744,-0.000997235559669197,-0.00445692101982554));
#3772=CARTESIAN_POINT('',(-0.0106246232250772,-0.00090663532666331,-0.00457200000000272));
#3773=CARTESIAN_POINT('',(-0.0105873967596974,-0.0012695023210506,-0.002893827855587));
#3774=CARTESIAN_POINT('',(0.,-6.52934904140044E-19,-0.002893827855587));
#3775=CARTESIAN_POINT('',(0.,-1.06419861604353E-18,-0.00508));
#3776=CARTESIAN_POINT('',(0.,-1.06419861604353E-18,-0.002794));
#3777=CARTESIAN_POINT('',(-0.0173796823179462,-1.06419861604353E-18,-0.002794));
#3778=CARTESIAN_POINT('',(0.,0.,-0.00508));
#3779=CARTESIAN_POINT('',(-0.0112933365289814,0.000762,-0.00508));
#3780=CARTESIAN_POINT('',(-0.0112933365289814,0.00127,-0.00508));
#3781=CARTESIAN_POINT('',(-7.77650717458569E-20,0.00127,-0.00508));
#3782=CARTESIAN_POINT('',(-0.0136218751921309,0.00127,-0.00508));
#3783=CARTESIAN_POINT('',(-0.0136218751921309,0.000762,-0.00508));
#3784=CARTESIAN_POINT('',(-0.0141588773248388,0.000762,-0.00508));
#3785=CARTESIAN_POINT('',(-0.0141588773248388,-8.66981189769193E-19,-0.00508));
#3786=CARTESIAN_POINT('',(-0.0141588773248388,-0.000762,-0.00508));
#3787=CARTESIAN_POINT('',(-0.0136218751921309,-0.000762,-0.00508));
#3788=CARTESIAN_POINT('',(-0.0136218751921309,-0.00127,-0.00508));
#3789=CARTESIAN_POINT('',(7.77650717458569E-20,-0.00127,-0.00508));
#3790=CARTESIAN_POINT('',(-0.0112933365289814,-0.00127,-0.00508));
#3791=CARTESIAN_POINT('',(-0.0112933365289814,-0.000762,-0.00508));
#3792=CARTESIAN_POINT('',(-0.000762,-0.0112933365289814,-0.00508));
#3793=CARTESIAN_POINT('',(-0.00127,-0.0112933365289814,-0.00508));
#3794=CARTESIAN_POINT('',(-0.00127,0.,-0.00508));
#3795=CARTESIAN_POINT('',(-0.00127,-0.0136218751921309,-0.00508));
#3796=CARTESIAN_POINT('',(-0.000762,-0.0136218751921309,-0.00508));
#3797=CARTESIAN_POINT('',(-0.000762,-0.0141588773248388,-0.00508));
#3798=CARTESIAN_POINT('',(0.,-0.0141588773248388,-0.00508));
#3799=CARTESIAN_POINT('',(0.000762,-0.0141588773248388,-0.00508));
#3800=CARTESIAN_POINT('',(0.000762,-0.0136218751921309,-0.00508));
#3801=CARTESIAN_POINT('',(0.00127,-0.0136218751921309,-0.00508));
#3802=CARTESIAN_POINT('',(0.00127,0.,-0.00508));
#3803=CARTESIAN_POINT('',(0.00127,-0.0112933365289814,-0.00508));
#3804=CARTESIAN_POINT('',(0.000762,-0.0112933365289814,-0.00508));
#3805=CARTESIAN_POINT('',(0.00123625796748784,-0.0111026206144774,-0.00508));
#3806=CARTESIAN_POINT('',(0.,-6.52934904140044E-19,-0.00508));
#3807=CARTESIAN_POINT('',(0.0111026206144774,-0.00123625796748784,-0.00508));
#3808=CARTESIAN_POINT('',(0.0112933365289814,-0.000762,-0.00508));
#3809=CARTESIAN_POINT('',(0.0112933365289814,-0.00127,-0.00508));
#3810=CARTESIAN_POINT('',(2.33295215237571E-19,-0.00127,-0.00508));
#3811=CARTESIAN_POINT('',(0.0136218751921309,-0.00127,-0.00508));
#3812=CARTESIAN_POINT('',(0.0136218751921309,-0.000762,-0.00508));
#3813=CARTESIAN_POINT('',(0.0141588773248388,-0.000762,-0.00508));
#3814=CARTESIAN_POINT('',(0.0141588773248388,2.60094356930758E-18,-0.00508));
#3815=CARTESIAN_POINT('',(0.0141588773248388,0.000762,-0.00508));
#3816=CARTESIAN_POINT('',(0.0136218751921309,0.000762,-0.00508));
#3817=CARTESIAN_POINT('',(0.0136218751921309,0.00127,-0.00508));
#3818=CARTESIAN_POINT('',(-2.33295215237571E-19,0.00127,-0.00508));
#3819=CARTESIAN_POINT('',(0.0112933365289814,0.00127,-0.00508));
#3820=CARTESIAN_POINT('',(0.0112933365289814,0.000762,-0.00508));
#3821=CARTESIAN_POINT('',(0.000762,0.0112933365289814,-0.00508));
#3822=CARTESIAN_POINT('',(0.00127,0.0112933365289814,-0.00508));
#3823=CARTESIAN_POINT('',(0.00127,1.55530143491714E-19,-0.00508));
#3824=CARTESIAN_POINT('',(0.00127,0.0136218751921309,-0.00508));
#3825=CARTESIAN_POINT('',(0.000762,0.0136218751921309,-0.00508));
#3826=CARTESIAN_POINT('',(0.000762,0.0141588773248388,-0.00508));
#3827=CARTESIAN_POINT('',(-1.73396237953839E-18,0.0141588773248388,-0.00508));
#3828=CARTESIAN_POINT('',(-0.000762,0.0141588773248388,-0.00508));
#3829=CARTESIAN_POINT('',(-0.000762,0.0136218751921309,-0.00508));
#3830=CARTESIAN_POINT('',(-0.00127,0.0136218751921309,-0.00508));
#3831=CARTESIAN_POINT('',(-0.00127,-1.55530143491714E-19,-0.00508));
#3832=CARTESIAN_POINT('',(-0.00127,0.0112933365289814,-0.00508));
#3833=CARTESIAN_POINT('',(-0.000762,0.0112933365289814,-0.00508));
#3834=CARTESIAN_POINT('',(0.,-1.06419861604353E-18,-0.00508));
#3835=CARTESIAN_POINT('',(-0.0150936823179462,-1.06419861604353E-18,-0.00508));
#3836=CARTESIAN_POINT('',(0.,-1.06419861604353E-18,-0.002794));
#3837=CARTESIAN_POINT('',(0.,-6.52934904140044E-19,-0.004572));
#3838=CARTESIAN_POINT('',(0.000906635326663024,-0.0106246232250766,-0.00457199999999983));
#3839=CARTESIAN_POINT('',(0.000882638228127381,-0.0106266709793177,-0.00460248073426579));
#3840=CARTESIAN_POINT('',(0.00082884263835068,-0.0106350349201505,-0.00466285831562577));
#3841=CARTESIAN_POINT('',(0.000827104591822654,-0.0106713260944619,-0.00478021305552545));
#3842=CARTESIAN_POINT('',(0.000907111965733048,-0.0107124333012362,-0.00486123577436232));
#3843=CARTESIAN_POINT('',(0.00105256208102816,-0.0108145092104975,-0.00500068366042559));
#3844=CARTESIAN_POINT('',(0.00118297846198191,-0.010957220430472,-0.00507999999999999));
#3845=CARTESIAN_POINT('',(0.00123625796748784,-0.0111026206144774,-0.00508));
#3846=CARTESIAN_POINT('',(0.0111026206144773,-0.00123625796748811,-0.00508000000000009));
#3847=CARTESIAN_POINT('',(0.0109590749801854,-0.00118365803121617,-0.00508000000000007));
#3848=CARTESIAN_POINT('',(0.0108147290740262,-0.00105317983872641,-0.00500130603186481));
#3849=CARTESIAN_POINT('',(0.0107120431059686,-0.000906468831350911,-0.00486065327385679));
#3850=CARTESIAN_POINT('',(0.01067090110177,-0.000826433349075279,-0.00477910989182997));
#3851=CARTESIAN_POINT('',(0.0106349593840747,-0.000829413721495453,-0.00466236240847496));
#3852=CARTESIAN_POINT('',(0.0106266609326863,-0.000882755961983173,-0.00460233119058792));
#3853=CARTESIAN_POINT('',(0.0106246232250765,-0.000906635326663011,-0.00457199999999982));
#3854=CARTESIAN_POINT('',(0.0118173230439424,0.00127,-0.002893827855587));
#3855=CARTESIAN_POINT('',(0.0106109474495012,-0.000762,-0.00289382785558701));
#3856=CARTESIAN_POINT('',(0.0102249626070261,-0.00111172364127411,-0.002893827855587));
#3857=CARTESIAN_POINT('',(0.0106109474495012,0.000762,-0.002893827855587));
#3858=CARTESIAN_POINT('',(0.0102249626070261,0.00111172364127411,-0.002893827855587));
#3859=CARTESIAN_POINT('',(0.0102249626070261,0.00127,-0.002893827855587));
#3860=CARTESIAN_POINT('',(0.0127540053799748,0.00127,-0.0114644716959447));
#3861=CARTESIAN_POINT('',(0.0102249626070261,0.00127,-0.0033621690236032));
#3862=CARTESIAN_POINT('',(0.0102249626070261,0.000762,-0.0033621690236032));
#3863=CARTESIAN_POINT('',(0.0102249626070261,-0.000762,-0.0033621690236032));
#3864=CARTESIAN_POINT('',(0.0127540053799748,0.000762,-0.0114644716959447));
#3865=CARTESIAN_POINT('',(0.0152830481529236,0.000762,-0.0195667743682862));
#3866=CARTESIAN_POINT('',(0.0152830481529236,0.00127,-0.0195667743682862));
#3867=CARTESIAN_POINT('',(0.0152830481529236,-0.000762,-0.0195667743682862));
#3868=CARTESIAN_POINT('',(0.0102249626070261,-0.000762,-0.0033621690236032));
#3869=CARTESIAN_POINT('',(0.0102249626070261,0.00127,-0.0031279984395951));
#3870=CARTESIAN_POINT('',(0.0102249626070261,0.000762,-0.00165724694279257));
#3871=CARTESIAN_POINT('',(0.0102249626070261,-0.000762,-0.00165724694279257));
#3872=CARTESIAN_POINT('',(0.0162665648385883,0.00127,-0.0112303011119366));
#3873=CARTESIAN_POINT('',(0.0162665648385883,0.000762,-0.0112303011119366));
#3874=CARTESIAN_POINT('',(0.0191234461963177,0.000762,-0.0195667743682862));
#3875=CARTESIAN_POINT('',(0.0191234461963177,-0.000762,-0.0195667743682862));
#3876=CARTESIAN_POINT('',(0.0191234461963177,-0.000762,-0.0195667743682862));
#3877=CARTESIAN_POINT('',(0.0191234461963177,0.00127,-0.0195667743682862));
#3878=CARTESIAN_POINT('',(0.0172032471746207,0.00127,-0.0195667743682862));
#3879=CARTESIAN_POINT('',(0.0185864440636098,-0.000762,-0.0195667743682862));
#3880=CARTESIAN_POINT('',(0.0185864440636098,-0.00127,-0.0195667743682862));
#3881=CARTESIAN_POINT('',(0.0172032471746207,-0.00127,-0.0195667743682862));
#3882=CARTESIAN_POINT('',(0.0158152204305199,-0.00127,-0.0195667743682862));
#3883=CARTESIAN_POINT('',(0.0158152204305199,-0.000762,-0.0195667743682862));
#3884=CARTESIAN_POINT('',(0.0158152204305199,0.000762,-0.0195667743682862));
#3885=CARTESIAN_POINT('',(0.0158152204305199,0.00127,-0.0195667743682862));
#3886=CARTESIAN_POINT('',(0.0172032471746207,0.00127,-0.0195667743682862));
#3887=CARTESIAN_POINT('',(0.0185864440636098,0.00127,-0.0195667743682862));
#3888=CARTESIAN_POINT('',(0.0185864440636098,0.000762,-0.0195667743682862));
#3889=CARTESIAN_POINT('',(0.0146742044016719,0.00127,-0.0112303011119366));
#3890=CARTESIAN_POINT('',(0.0133428031742815,0.00127,-0.0116458830505774));
#3891=CARTESIAN_POINT('',(0.0156186464954533,0.00127,-0.0109066439816118));
#3892=CARTESIAN_POINT('',(0.0146742044016719,-0.00127,-0.0112303011119366));
#3893=CARTESIAN_POINT('',(0.0157679738261766,-0.00127,-0.0194154102661348));
#3894=CARTESIAN_POINT('',(0.0129291192814232,-0.00127,-0.00305851559107685));
#3895=CARTESIAN_POINT('',(0.0156186464954533,-0.000762,-0.0109066439816118));
#3896=CARTESIAN_POINT('',(0.0157860006391526,0.000762,-0.0113949888474264));
#3897=CARTESIAN_POINT('',(0.0132389310532279,0.000762,-0.0113131075937933));
#3898=CARTESIAN_POINT('',(0.0133428031742815,-0.000762,-0.0116458830505774));
#3899=CARTESIAN_POINT('',(0.00127,-0.0118173230439424,-0.002893827855587));
#3900=CARTESIAN_POINT('',(-0.000762,-0.0106109474495012,-0.00289382785558701));
#3901=CARTESIAN_POINT('',(-0.00111172364127411,-0.0102249626070261,-0.002893827855587));
#3902=CARTESIAN_POINT('',(0.000762,-0.0106109474495012,-0.002893827855587));
#3903=CARTESIAN_POINT('',(0.00111172364127411,-0.0102249626070261,-0.002893827855587));
#3904=CARTESIAN_POINT('',(0.00127,-0.0102249626070261,-0.002893827855587));
#3905=CARTESIAN_POINT('',(0.00127,-0.0127540053799748,-0.0114644716959447));
#3906=CARTESIAN_POINT('',(0.00127,-0.0152830481529236,-0.0195667743682862));
#3907=CARTESIAN_POINT('',(0.000762,-0.0152830481529236,-0.0195667743682862));
#3908=CARTESIAN_POINT('',(-0.000762,-0.0152830481529236,-0.0195667743682862));
#3909=CARTESIAN_POINT('',(-0.000762,-0.0102249626070261,-0.0033621690236032));
#3910=CARTESIAN_POINT('',(-0.000762,-0.0102249626070261,-0.0033621690236032));
#3911=CARTESIAN_POINT('',(0.00127,-0.0102249626070261,-0.0033621690236032));
#3912=CARTESIAN_POINT('',(0.000762,-0.0102249626070261,-0.0033621690236032));
#3913=CARTESIAN_POINT('',(0.000762,-0.0127540053799748,-0.0114644716959447));
#3914=CARTESIAN_POINT('',(0.00127,-0.0102249626070261,-0.0031279984395951));
#3915=CARTESIAN_POINT('',(-0.000762,-0.0102249626070261,-0.00165724694279257));
#3916=CARTESIAN_POINT('',(0.000762,-0.0102249626070261,-0.00165724694279257));
#3917=CARTESIAN_POINT('',(0.00127,-0.0162665648385883,-0.0112303011119366));
#3918=CARTESIAN_POINT('',(0.000762,-0.0162665648385883,-0.0112303011119366));
#3919=CARTESIAN_POINT('',(0.000762,-0.0191234461963177,-0.0195667743682862));
#3920=CARTESIAN_POINT('',(-0.000762,-0.0191234461963177,-0.0195667743682862));
#3921=CARTESIAN_POINT('',(-0.000762,-0.0191234461963177,-0.0195667743682862));
#3922=CARTESIAN_POINT('',(0.00127,-0.0191234461963177,-0.0195667743682862));
#3923=CARTESIAN_POINT('',(0.00127,-0.0172032471746207,-0.0195667743682862));
#3924=CARTESIAN_POINT('',(-0.00127,-0.0172032471746207,-0.0195667743682862));
#3925=CARTESIAN_POINT('',(-0.00127,-0.0158152204305199,-0.0195667743682862));
#3926=CARTESIAN_POINT('',(-0.00127,-0.0185864440636098,-0.0195667743682862));
#3927=CARTESIAN_POINT('',(-0.000762,-0.0158152204305199,-0.0195667743682862));
#3928=CARTESIAN_POINT('',(0.000762,-0.0158152204305199,-0.0195667743682862));
#3929=CARTESIAN_POINT('',(0.00127,-0.0158152204305199,-0.0195667743682862));
#3930=CARTESIAN_POINT('',(0.00127,-0.0172032471746207,-0.0195667743682862));
#3931=CARTESIAN_POINT('',(0.00127,-0.0185864440636098,-0.0195667743682862));
#3932=CARTESIAN_POINT('',(0.000762,-0.0185864440636098,-0.0195667743682862));
#3933=CARTESIAN_POINT('',(-0.000762,-0.0185864440636098,-0.0195667743682862));
#3934=CARTESIAN_POINT('',(0.00127,-0.0146742044016719,-0.0112303011119366));
#3935=CARTESIAN_POINT('',(0.00127,-0.0133428031742815,-0.0116458830505774));
#3936=CARTESIAN_POINT('',(0.00127,-0.0156186464954533,-0.0109066439816118));
#3937=CARTESIAN_POINT('',(-0.00127,-0.0146742044016719,-0.0112303011119366));
#3938=CARTESIAN_POINT('',(-0.00127,-0.0157679738261766,-0.0194154102661348));
#3939=CARTESIAN_POINT('',(-0.00127,-0.0129291192814232,-0.00305851559107685));
#3940=CARTESIAN_POINT('',(-0.000762,-0.0133428031742815,-0.0116458830505774));
#3941=CARTESIAN_POINT('',(-0.000762,-0.0156186464954533,-0.0109066439816118));
#3942=CARTESIAN_POINT('',(0.000762,-0.0157860006391526,-0.0113949888474264));
#3943=CARTESIAN_POINT('',(0.000762,-0.0132389310532279,-0.0113131075937933));
#3944=CARTESIAN_POINT('',(-0.00127,0.0118173230439424,-0.002893827855587));
#3945=CARTESIAN_POINT('',(0.000762,0.0106109474495012,-0.00289382785558701));
#3946=CARTESIAN_POINT('',(0.00111172364127411,0.0102249626070261,-0.002893827855587));
#3947=CARTESIAN_POINT('',(-0.000762,0.0106109474495012,-0.002893827855587));
#3948=CARTESIAN_POINT('',(-0.00111172364127411,0.0102249626070261,-0.002893827855587));
#3949=CARTESIAN_POINT('',(-0.00127,0.0102249626070261,-0.002893827855587));
#3950=CARTESIAN_POINT('',(-0.00127,0.0127540053799748,-0.0114644716959447));
#3951=CARTESIAN_POINT('',(-0.00127,0.0152830481529236,-0.0195667743682862));
#3952=CARTESIAN_POINT('',(-0.000762,0.0152830481529236,-0.0195667743682862));
#3953=CARTESIAN_POINT('',(0.000762,0.0152830481529236,-0.0195667743682862));
#3954=CARTESIAN_POINT('',(0.000762,0.0102249626070261,-0.0033621690236032));
#3955=CARTESIAN_POINT('',(0.000762,0.0102249626070261,-0.0033621690236032));
#3956=CARTESIAN_POINT('',(-0.00127,0.0102249626070261,-0.0033621690236032));
#3957=CARTESIAN_POINT('',(-0.000762,0.0102249626070261,-0.0033621690236032));
#3958=CARTESIAN_POINT('',(-0.000762,0.0127540053799748,-0.0114644716959447));
#3959=CARTESIAN_POINT('',(-0.00127,0.0102249626070261,-0.0031279984395951));
#3960=CARTESIAN_POINT('',(0.000762,0.0102249626070261,-0.00165724694279257));
#3961=CARTESIAN_POINT('',(-0.000762,0.0102249626070261,-0.00165724694279257));
#3962=CARTESIAN_POINT('',(-0.00127,0.0162665648385883,-0.0112303011119366));
#3963=CARTESIAN_POINT('',(-0.000762,0.0162665648385883,-0.0112303011119366));
#3964=CARTESIAN_POINT('',(-0.000762,0.0191234461963177,-0.0195667743682862));
#3965=CARTESIAN_POINT('',(0.000762,0.0191234461963177,-0.0195667743682862));
#3966=CARTESIAN_POINT('',(0.000762,0.0191234461963177,-0.0195667743682862));
#3967=CARTESIAN_POINT('',(-0.00127,0.0191234461963177,-0.0195667743682862));
#3968=CARTESIAN_POINT('',(-0.00127,0.0172032471746207,-0.0195667743682862));
#3969=CARTESIAN_POINT('',(0.000762,0.0185864440636098,-0.0195667743682862));
#3970=CARTESIAN_POINT('',(0.00127,0.0185864440636098,-0.0195667743682862));
#3971=CARTESIAN_POINT('',(0.00127,0.0172032471746207,-0.0195667743682862));
#3972=CARTESIAN_POINT('',(0.00127,0.0158152204305199,-0.0195667743682862));
#3973=CARTESIAN_POINT('',(0.000762,0.0158152204305199,-0.0195667743682862));
#3974=CARTESIAN_POINT('',(-0.000762,0.0158152204305199,-0.0195667743682862));
#3975=CARTESIAN_POINT('',(-0.00127,0.0158152204305199,-0.0195667743682862));
#3976=CARTESIAN_POINT('',(-0.00127,0.0172032471746207,-0.0195667743682862));
#3977=CARTESIAN_POINT('',(-0.00127,0.0185864440636098,-0.0195667743682862));
#3978=CARTESIAN_POINT('',(-0.000762,0.0185864440636098,-0.0195667743682862));
#3979=CARTESIAN_POINT('',(-0.00127,0.0146742044016719,-0.0112303011119366));
#3980=CARTESIAN_POINT('',(-0.00127,0.0133428031742815,-0.0116458830505774));
#3981=CARTESIAN_POINT('',(-0.00127,0.0156186464954533,-0.0109066439816118));
#3982=CARTESIAN_POINT('',(0.00127,0.0146742044016719,-0.0112303011119366));
#3983=CARTESIAN_POINT('',(0.00127,0.0157679738261766,-0.0194154102661348));
#3984=CARTESIAN_POINT('',(0.00127,0.0129291192814232,-0.00305851559107685));
#3985=CARTESIAN_POINT('',(0.000762,0.0156186464954533,-0.0109066439816118));
#3986=CARTESIAN_POINT('',(-0.000762,0.0157860006391526,-0.0113949888474264));
#3987=CARTESIAN_POINT('',(0.000762,0.0133428031742815,-0.0116458830505774));
#3988=CARTESIAN_POINT('',(-0.000762,0.0132389310532279,-0.0113131075937933));
#3989=CARTESIAN_POINT('',(-0.0118173230439424,-0.00127,-0.002893827855587));
#3990=CARTESIAN_POINT('',(-0.0106109474495012,0.000762,-0.00289382785558701));
#3991=CARTESIAN_POINT('',(-0.0102249626070261,0.00111172364127411,-0.002893827855587));
#3992=CARTESIAN_POINT('',(-0.0106109474495012,-0.000762,-0.002893827855587));
#3993=CARTESIAN_POINT('',(-0.0102249626070261,-0.00111172364127411,-0.002893827855587));
#3994=CARTESIAN_POINT('',(-0.0102249626070261,-0.00127,-0.002893827855587));
#3995=CARTESIAN_POINT('',(-0.0127540053799748,-0.00127,-0.0114644716959447));
#3996=CARTESIAN_POINT('',(-0.0152830481529236,-0.00127,-0.0195667743682862));
#3997=CARTESIAN_POINT('',(-0.0152830481529236,-0.000762,-0.0195667743682862));
#3998=CARTESIAN_POINT('',(-0.0152830481529236,0.000762,-0.0195667743682862));
#3999=CARTESIAN_POINT('',(-0.0102249626070261,0.000762,-0.0033621690236032));
#4000=CARTESIAN_POINT('',(-0.0102249626070261,0.000762,-0.0033621690236032));
#4001=CARTESIAN_POINT('',(-0.0102249626070261,-0.00127,-0.0033621690236032));
#4002=CARTESIAN_POINT('',(-0.0102249626070261,-0.000762,-0.0033621690236032));
#4003=CARTESIAN_POINT('',(-0.0127540053799748,-0.000762,-0.0114644716959447));
#4004=CARTESIAN_POINT('',(-0.0102249626070261,-0.00127,-0.0031279984395951));
#4005=CARTESIAN_POINT('',(-0.0102249626070261,0.000762,-0.00165724694279257));
#4006=CARTESIAN_POINT('',(-0.0102249626070261,-0.000762,-0.00165724694279257));
#4007=CARTESIAN_POINT('',(-0.0162665648385883,-0.00127,-0.0112303011119366));
#4008=CARTESIAN_POINT('',(-0.0162665648385883,-0.000762,-0.0112303011119366));
#4009=CARTESIAN_POINT('',(-0.0191234461963177,-0.000762,-0.0195667743682862));
#4010=CARTESIAN_POINT('',(-0.0191234461963177,0.000762,-0.0195667743682862));
#4011=CARTESIAN_POINT('',(-0.0191234461963177,0.000762,-0.0195667743682862));
#4012=CARTESIAN_POINT('',(-0.0191234461963177,-0.00127,-0.0195667743682862));
#4013=CARTESIAN_POINT('',(-0.0172032471746207,-0.00127,-0.0195667743682862));
#4014=CARTESIAN_POINT('',(-0.0185864440636098,0.000762,-0.0195667743682862));
#4015=CARTESIAN_POINT('',(-0.0185864440636098,0.00127,-0.0195667743682862));
#4016=CARTESIAN_POINT('',(-0.0172032471746207,0.00127,-0.0195667743682862));
#4017=CARTESIAN_POINT('',(-0.0158152204305199,0.00127,-0.0195667743682862));
#4018=CARTESIAN_POINT('',(-0.0158152204305199,0.000762,-0.0195667743682862));
#4019=CARTESIAN_POINT('',(-0.0158152204305199,-0.000762,-0.0195667743682862));
#4020=CARTESIAN_POINT('',(-0.0158152204305199,-0.00127,-0.0195667743682862));
#4021=CARTESIAN_POINT('',(-0.0172032471746207,-0.00127,-0.0195667743682862));
#4022=CARTESIAN_POINT('',(-0.0185864440636098,-0.00127,-0.0195667743682862));
#4023=CARTESIAN_POINT('',(-0.0185864440636098,-0.000762,-0.0195667743682862));
#4024=CARTESIAN_POINT('',(-0.0146742044016719,-0.00127,-0.0112303011119366));
#4025=CARTESIAN_POINT('',(-0.0133428031742815,-0.00127,-0.0116458830505774));
#4026=CARTESIAN_POINT('',(-0.0156186464954533,-0.00127,-0.0109066439816118));
#4027=CARTESIAN_POINT('',(-0.0146742044016719,0.00127,-0.0112303011119366));
#4028=CARTESIAN_POINT('',(-0.0157679738261766,0.00127,-0.0194154102661348));
#4029=CARTESIAN_POINT('',(-0.0129291192814232,0.00127,-0.00305851559107685));
#4030=CARTESIAN_POINT('',(-0.0156186464954533,0.000762,-0.0109066439816118));
#4031=CARTESIAN_POINT('',(-0.0133428031742815,0.000762,-0.0116458830505774));
#4032=CARTESIAN_POINT('',(-0.0157860006391526,-0.000762,-0.0113949888474264));
#4033=CARTESIAN_POINT('',(-0.0132389310532279,-0.000762,-0.0113131075937933));
#4034=MECHANICAL_DESIGN_GEOMETRIC_PRESENTATION_REPRESENTATION('',(#2187),
#4037);
#4035=MECHANICAL_DESIGN_GEOMETRIC_PRESENTATION_REPRESENTATION('',(#2188),
#4038);
#4036=MECHANICAL_DESIGN_GEOMETRIC_PRESENTATION_REPRESENTATION('',(#2189),
#4039);
#4037=(
GEOMETRIC_REPRESENTATION_CONTEXT(3)
GLOBAL_UNCERTAINTY_ASSIGNED_CONTEXT((#4040))
GLOBAL_UNIT_ASSIGNED_CONTEXT((#4049,#4046,#4043))
REPRESENTATION_CONTEXT('Part 1','TOP_LEVEL_ASSEMBLY_PART')
);
#4038=(
GEOMETRIC_REPRESENTATION_CONTEXT(3)
GLOBAL_UNCERTAINTY_ASSIGNED_CONTEXT((#4041))
GLOBAL_UNIT_ASSIGNED_CONTEXT((#4050,#4047,#4044))
REPRESENTATION_CONTEXT('Part 3','TOP_LEVEL_ASSEMBLY_PART')
);
#4039=(
GEOMETRIC_REPRESENTATION_CONTEXT(3)
GLOBAL_UNCERTAINTY_ASSIGNED_CONTEXT((#4042))
GLOBAL_UNIT_ASSIGNED_CONTEXT((#4051,#4048,#4045))
REPRESENTATION_CONTEXT('Part 2','TOP_LEVEL_ASSEMBLY_PART')
);
#4040=UNCERTAINTY_MEASURE_WITH_UNIT(LENGTH_MEASURE(2.E-5),#4049,
'DISTANCE_ACCURACY_VALUE','Maximum Tolerance applied to model');
#4041=UNCERTAINTY_MEASURE_WITH_UNIT(LENGTH_MEASURE(1.E-8),#4050,
'DISTANCE_ACCURACY_VALUE','Maximum Tolerance applied to model');
#4042=UNCERTAINTY_MEASURE_WITH_UNIT(LENGTH_MEASURE(2.E-5),#4051,
'DISTANCE_ACCURACY_VALUE','Maximum Tolerance applied to model');
#4043=(
NAMED_UNIT(*)
SI_UNIT($,.STERADIAN.)
SOLID_ANGLE_UNIT()
);
#4044=(
NAMED_UNIT(*)
SI_UNIT($,.STERADIAN.)
SOLID_ANGLE_UNIT()
);
#4045=(
NAMED_UNIT(*)
SI_UNIT($,.STERADIAN.)
SOLID_ANGLE_UNIT()
);
#4046=(
NAMED_UNIT(*)
PLANE_ANGLE_UNIT()
SI_UNIT($,.RADIAN.)
);
#4047=(
NAMED_UNIT(*)
PLANE_ANGLE_UNIT()
SI_UNIT($,.RADIAN.)
);
#4048=(
NAMED_UNIT(*)
PLANE_ANGLE_UNIT()
SI_UNIT($,.RADIAN.)
);
#4049=(
LENGTH_UNIT()
NAMED_UNIT(*)
SI_UNIT($,.METRE.)
);
#4050=(
LENGTH_UNIT()
NAMED_UNIT(*)
SI_UNIT($,.METRE.)
);
#4051=(
LENGTH_UNIT()
NAMED_UNIT(*)
SI_UNIT($,.METRE.)
);
#4052=PRODUCT_DEFINITION_SHAPE('','',#4055);
#4053=PRODUCT_DEFINITION_SHAPE('','',#4056);
#4054=PRODUCT_DEFINITION_SHAPE('','',#4057);
#4055=PRODUCT_DEFINITION('','',#4061,#4058);
#4056=PRODUCT_DEFINITION('','',#4062,#4059);
#4057=PRODUCT_DEFINITION('','',#4063,#4060);
#4058=PRODUCT_DEFINITION_CONTEXT('',#4079,'design');
#4059=PRODUCT_DEFINITION_CONTEXT('',#4080,'design');
#4060=PRODUCT_DEFINITION_CONTEXT('',#4081,'design');
#4061=PRODUCT_DEFINITION_FORMATION_WITH_SPECIFIED_SOURCE('','',#4067,
 .NOT_KNOWN.);
#4062=PRODUCT_DEFINITION_FORMATION_WITH_SPECIFIED_SOURCE('','',#4068,
 .NOT_KNOWN.);
#4063=PRODUCT_DEFINITION_FORMATION_WITH_SPECIFIED_SOURCE('','',#4069,
 .NOT_KNOWN.);
#4064=PRODUCT_RELATED_PRODUCT_CATEGORY('','',(#4067));
#4065=PRODUCT_RELATED_PRODUCT_CATEGORY('','',(#4068));
#4066=PRODUCT_RELATED_PRODUCT_CATEGORY('','',(#4069));
#4067=PRODUCT('Part 1','Part 1','Part 1',(#4073));
#4068=PRODUCT('Part 3','Part 3','Part 3',(#4074));
#4069=PRODUCT('Part 2','Part 2','Part 2',(#4075));
#4070=PRODUCT_CATEGORY('','');
#4071=PRODUCT_CATEGORY('','');
#4072=PRODUCT_CATEGORY('','');
#4073=PRODUCT_CONTEXT('',#4079,'mechanical');
#4074=PRODUCT_CONTEXT('',#4080,'mechanical');
#4075=PRODUCT_CONTEXT('',#4081,'mechanical');
#4076=APPLICATION_PROTOCOL_DEFINITION('international standard',
'ap242_managed_model_based_3d_engineering',2020,#4079);
#4077=APPLICATION_PROTOCOL_DEFINITION('international standard',
'ap242_managed_model_based_3d_engineering',2020,#4080);
#4078=APPLICATION_PROTOCOL_DEFINITION('international standard',
'ap242_managed_model_based_3d_engineering',2020,#4081);
#4079=APPLICATION_CONTEXT('managed model based 3d engineering');
#4080=APPLICATION_CONTEXT('managed model based 3d engineering');
#4081=APPLICATION_CONTEXT('managed model based 3d engineering');
ENDSEC;
END-ISO-10303-21;
