ISO-10303-21;
HEADER;
/* Generated by software containing ST-Developer
 * from STEP Tools, Inc. (www.steptools.com) 
 */
/* OPTION: using custom renumber hook */

FILE_DESCRIPTION(
/* description */ ('STEP AP242 Edition 2',
'CAx-IF Rec.Pracs.---Representation and Presentation of Product Manufa
cturing Information (PMI)---4.0---2014-10-13',
'CAx-IF Rec.Pracs.---3D Tessellated Geometry---0.4---2014-09-14','2;1',
'CAx-IF Rec.Pracs.---User Defined Attributes---1.5---2016-08-15'),
/* implementation_level */ '2;1');

FILE_NAME(
/* name */ 'rocket mk 2',
/* time_stamp */ '2026-08-03T01:29:17Z',
/* author */ (''),
/* organization */ (''),
/* preprocessor_version */ 'ST-DEVELOPER v20',
/* originating_system */ 'ONSHAPE BY PTC INC, 1.218',
/* authorisation */ '  ');

FILE_SCHEMA (('AP242_MANAGED_MODEL_BASED_3D_ENGINEERING_MIM_LF { 1 0 10303 442 3 1 4 }'));
ENDSEC;

DATA;
#10=CONICAL_SURFACE('',#560,0.00838589016348124,0.413941392048712);
#11=CONICAL_SURFACE('',#562,0.00987470429390669,0.08857651298221);
#12=SHAPE_REPRESENTATION_RELATIONSHIP('','',#514,#14);
#13=SHAPE_REPRESENTATION_RELATIONSHIP('','',#515,#15);
#14=ADVANCED_BREP_SHAPE_REPRESENTATION('',(#510),#1489);
#15=ADVANCED_BREP_SHAPE_REPRESENTATION('',(#511),#1490);
#16=TOROIDAL_SURFACE('',#545,0.0154447916682499,0.002286);
#17=TOROIDAL_SURFACE('',#546,0.0154447916682499,0.002286);
#18=TOROIDAL_SURFACE('',#547,0.0154447916682499,0.002286);
#19=B_SPLINE_CURVE_WITH_KNOTS('',3,(#836,#837,#838,#839,#840),
 .UNSPECIFIED.,.F.,.F.,(4,1,4),(0.,0.00178685927782492,0.00357371855564985),
 .UNSPECIFIED.);
#20=B_SPLINE_CURVE_WITH_KNOTS('',3,(#849,#850,#851,#852,#853),
 .UNSPECIFIED.,.F.,.F.,(4,1,4),(0.,0.00178686210944169,0.00357372421888338),
 .UNSPECIFIED.);
#21=B_SPLINE_CURVE_WITH_KNOTS('',3,(#857,#858,#859,#860,#861),
 .UNSPECIFIED.,.F.,.F.,(4,1,4),(0.,0.00178685927782493,0.00357371855564986),
 .UNSPECIFIED.);
#22=B_SPLINE_CURVE_WITH_KNOTS('',3,(#866,#867,#868,#869,#870),
 .UNSPECIFIED.,.F.,.F.,(4,1,4),(0.,0.00178686210944169,0.00357372421888337),
 .UNSPECIFIED.);
#23=B_SPLINE_CURVE_WITH_KNOTS('',3,(#878,#879,#880,#881,#882),
 .UNSPECIFIED.,.F.,.F.,(4,1,4),(0.,0.00178686210944168,0.00357372421888337),
 .UNSPECIFIED.);
#24=B_SPLINE_CURVE_WITH_KNOTS('',3,(#887,#888,#889,#890,#891),
 .UNSPECIFIED.,.F.,.F.,(4,1,4),(0.,0.00178685927782493,0.00357371855564986),
 .UNSPECIFIED.);
#25=VERTEX_LOOP('',#304);
#26=B_SPLINE_SURFACE_WITH_KNOTS('',3,3,((#757,#758,#759,#760,#761,#762,
#763,#764,#765,#766,#767,#768,#769,#770,#771,#772,#773,#774,#775),(#776,
#777,#778,#779,#780,#781,#782,#783,#784,#785,#786,#787,#788,#789,#790,#791,
#792,#793,#794),(#795,#796,#797,#798,#799,#800,#801,#802,#803,#804,#805,
#806,#807,#808,#809,#810,#811,#812,#813),(#814,#815,#816,#817,#818,#819,
#820,#821,#822,#823,#824,#825,#826,#827,#828,#829,#830,#831,#832)),
 .UNSPECIFIED.,.F.,.T.,.F.,(4,4),(1,1,1,1,1,1,1,1,1,1,1,1,1,1,1,1,1,1,1,
1,1,1,1),(0.,1.),(-1.17809724509617,-0.785398163397448,-0.392699081698725,
0.,0.392699081698724,0.785398163397448,1.17809724509617,1.5707963267949,
1.96349540849362,2.35619449019234,2.74889357189107,3.14159265358979,3.53429173528852,
3.92699081698724,4.31968989868597,4.71238898038469,5.10508806208341,5.49778714378214,
5.89048622548086,6.28318530717959,6.67588438887831,7.06858347057703,7.46128255227576),
 .UNSPECIFIED.);
#27=B_SPLINE_SURFACE_WITH_KNOTS('',3,3,((#902,#903,#904,#905,#906,#907,
#908,#909,#910,#911,#912),(#913,#914,#915,#916,#917,#918,#919,#920,#921,
#922,#923),(#924,#925,#926,#927,#928,#929,#930,#931,#932,#933,#934),(#935,
#936,#937,#938,#939,#940,#941,#942,#943,#944,#945),(#946,#947,#948,#949,
#950,#951,#952,#953,#954,#955,#956),(#957,#958,#959,#960,#961,#962,#963,
#964,#965,#966,#967),(#968,#969,#970,#971,#972,#973,#974,#975,#976,#977,
#978),(#979,#980,#981,#982,#983,#984,#985,#986,#987,#988,#989),(#990,#991,
#992,#993,#994,#995,#996,#997,#998,#999,#1000)),.UNSPECIFIED.,.F.,.T.,.F.,
(4,1,1,1,1,1,4),(1,1,1,1,1,1,1,1,1,1,1,1,1,1,1),(0.,0.25,0.375,0.5,0.625,
0.75,1.),(-2.35619449019234,-1.5707963267949,-0.785398163397448,0.,0.785398163397448,
1.5707963267949,2.35619449019234,3.14159265358979,3.92699081698724,4.71238898038469,
5.49778714378214,6.28318530717959,7.06858347057703,7.85398163397448,8.63937979737193),
 .UNSPECIFIED.);
#28=B_SPLINE_SURFACE_WITH_KNOTS('',3,3,((#1005,#1006,#1007,#1008,#1009,
#1010,#1011,#1012,#1013,#1014,#1015,#1016,#1017,#1018,#1019,#1020,#1021,
#1022,#1023),(#1024,#1025,#1026,#1027,#1028,#1029,#1030,#1031,#1032,#1033,
#1034,#1035,#1036,#1037,#1038,#1039,#1040,#1041,#1042),(#1043,#1044,#1045,
#1046,#1047,#1048,#1049,#1050,#1051,#1052,#1053,#1054,#1055,#1056,#1057,
#1058,#1059,#1060,#1061),(#1062,#1063,#1064,#1065,#1066,#1067,#1068,#1069,
#1070,#1071,#1072,#1073,#1074,#1075,#1076,#1077,#1078,#1079,#1080)),
 .UNSPECIFIED.,.F.,.T.,.F.,(4,4),(1,1,1,1,1,1,1,1,1,1,1,1,1,1,1,1,1,1,1,
1,1,1,1),(0.,0.620195424307381),(-1.17809724509617,-0.785398163397448,-0.392699081698725,
0.,0.392699081698724,0.785398163397448,1.17809724509617,1.5707963267949,
1.96349540849362,2.35619449019234,2.74889357189107,3.14159265358979,3.53429173528852,
3.92699081698724,4.31968989868597,4.71238898038469,5.10508806208341,5.49778714378214,
5.89048622548086,6.28318530717959,6.67588438887831,7.06858347057703,7.46128255227576),
 .UNSPECIFIED.);
#29=B_SPLINE_SURFACE_WITH_KNOTS('',3,3,((#1083,#1084,#1085,#1086,#1087,
#1088,#1089,#1090,#1091,#1092,#1093,#1094,#1095,#1096,#1097,#1098,#1099,
#1100,#1101),(#1102,#1103,#1104,#1105,#1106,#1107,#1108,#1109,#1110,#1111,
#1112,#1113,#1114,#1115,#1116,#1117,#1118,#1119,#1120),(#1121,#1122,#1123,
#1124,#1125,#1126,#1127,#1128,#1129,#1130,#1131,#1132,#1133,#1134,#1135,
#1136,#1137,#1138,#1139),(#1140,#1141,#1142,#1143,#1144,#1145,#1146,#1147,
#1148,#1149,#1150,#1151,#1152,#1153,#1154,#1155,#1156,#1157,#1158)),
 .UNSPECIFIED.,.F.,.T.,.F.,(4,4),(1,1,1,1,1,1,1,1,1,1,1,1,1,1,1,1,1,1,1,
1,1,1,1),(0.620195424307381,0.961964500824597),(-1.17809724509617,-0.785398163397448,
-0.392699081698725,0.,0.392699081698724,0.785398163397448,1.17809724509617,
1.5707963267949,1.96349540849362,2.35619449019234,2.74889357189107,3.14159265358979,
3.53429173528852,3.92699081698724,4.31968989868597,4.71238898038469,5.10508806208341,
5.49778714378214,5.89048622548086,6.28318530717959,6.67588438887831,7.06858347057703,
7.46128255227576),.UNSPECIFIED.);
#30=B_SPLINE_SURFACE_WITH_KNOTS('',3,3,((#1161,#1162,#1163,#1164,#1165,
#1166,#1167,#1168,#1169,#1170,#1171,#1172,#1173,#1174,#1175,#1176,#1177,
#1178,#1179),(#1180,#1181,#1182,#1183,#1184,#1185,#1186,#1187,#1188,#1189,
#1190,#1191,#1192,#1193,#1194,#1195,#1196,#1197,#1198),(#1199,#1200,#1201,
#1202,#1203,#1204,#1205,#1206,#1207,#1208,#1209,#1210,#1211,#1212,#1213,
#1214,#1215,#1216,#1217),(#1218,#1219,#1220,#1221,#1222,#1223,#1224,#1225,
#1226,#1227,#1228,#1229,#1230,#1231,#1232,#1233,#1234,#1235,#1236)),
 .UNSPECIFIED.,.F.,.T.,.F.,(4,4),(1,1,1,1,1,1,1,1,1,1,1,1,1,1,1,1,1,1,1,
1,1,1,1),(0.117915497548529,1.),(-1.17809724509617,-0.785398163397448,-0.392699081698725,
0.,0.392699081698724,0.785398163397448,1.17809724509617,1.5707963267949,
1.96349540849362,2.35619449019234,2.74889357189107,3.14159265358979,3.53429173528852,
3.92699081698724,4.31968989868597,4.71238898038469,5.10508806208341,5.49778714378214,
5.89048622548086,6.28318530717959,6.67588438887831,7.06858347057703,7.46128255227576),
 .UNSPECIFIED.);
#31=B_SPLINE_SURFACE_WITH_KNOTS('',3,3,((#1239,#1240,#1241,#1242,#1243,
#1244,#1245,#1246,#1247,#1248,#1249,#1250,#1251,#1252,#1253,#1254,#1255,
#1256,#1257),(#1258,#1259,#1260,#1261,#1262,#1263,#1264,#1265,#1266,#1267,
#1268,#1269,#1270,#1271,#1272,#1273,#1274,#1275,#1276),(#1277,#1278,#1279,
#1280,#1281,#1282,#1283,#1284,#1285,#1286,#1287,#1288,#1289,#1290,#1291,
#1292,#1293,#1294,#1295),(#1296,#1297,#1298,#1299,#1300,#1301,#1302,#1303,
#1304,#1305,#1306,#1307,#1308,#1309,#1310,#1311,#1312,#1313,#1314)),
 .UNSPECIFIED.,.F.,.T.,.F.,(4,4),(1,1,1,1,1,1,1,1,1,1,1,1,1,1,1,1,1,1,1,
1,1,1,1),(0.,1.),(-1.17809724509617,-0.785398163397448,-0.392699081698725,
0.,0.392699081698724,0.785398163397448,1.17809724509617,1.5707963267949,
1.96349540849362,2.35619449019234,2.74889357189107,3.14159265358979,3.53429173528852,
3.92699081698724,4.31968989868597,4.71238898038469,5.10508806208341,5.49778714378214,
5.89048622548086,6.28318530717959,6.67588438887831,7.06858347057703,7.46128255227576),
 .UNSPECIFIED.);
#32=B_SPLINE_SURFACE_WITH_KNOTS('',3,3,((#1333,#1334,#1335,#1336,#1337,
#1338,#1339,#1340,#1341,#1342,#1343,#1344,#1345,#1346,#1347,#1348,#1349,
#1350,#1351),(#1352,#1353,#1354,#1355,#1356,#1357,#1358,#1359,#1360,#1361,
#1362,#1363,#1364,#1365,#1366,#1367,#1368,#1369,#1370),(#1371,#1372,#1373,
#1374,#1375,#1376,#1377,#1378,#1379,#1380,#1381,#1382,#1383,#1384,#1385,
#1386,#1387,#1388,#1389),(#1390,#1391,#1392,#1393,#1394,#1395,#1396,#1397,
#1398,#1399,#1400,#1401,#1402,#1403,#1404,#1405,#1406,#1407,#1408)),
 .UNSPECIFIED.,.F.,.T.,.F.,(4,4),(1,1,1,1,1,1,1,1,1,1,1,1,1,1,1,1,1,1,1,
1,1,1,1),(0.,1.),(-1.17809724509617,-0.785398163397448,-0.392699081698725,
0.,0.392699081698724,0.785398163397448,1.17809724509617,1.5707963267949,
1.96349540849362,2.35619449019234,2.74889357189107,3.14159265358979,3.53429173528852,
3.92699081698724,4.31968989868597,4.71238898038469,5.10508806208341,5.49778714378214,
5.89048622548086,6.28318530717959,6.67588438887831,7.06858347057703,7.46128255227576),
 .UNSPECIFIED.);
#33=B_SPLINE_SURFACE_WITH_KNOTS('',3,3,((#1411,#1412,#1413,#1414,#1415,
#1416,#1417,#1418,#1419,#1420,#1421,#1422,#1423,#1424,#1425,#1426,#1427,
#1428,#1429),(#1430,#1431,#1432,#1433,#1434,#1435,#1436,#1437,#1438,#1439,
#1440,#1441,#1442,#1443,#1444,#1445,#1446,#1447,#1448),(#1449,#1450,#1451,
#1452,#1453,#1454,#1455,#1456,#1457,#1458,#1459,#1460,#1461,#1462,#1463,
#1464,#1465,#1466,#1467),(#1468,#1469,#1470,#1471,#1472,#1473,#1474,#1475,
#1476,#1477,#1478,#1479,#1480,#1481,#1482,#1483,#1484,#1485,#1486)),
 .UNSPECIFIED.,.F.,.T.,.F.,(4,4),(1,1,1,1,1,1,1,1,1,1,1,1,1,1,1,1,1,1,1,
1,1,1,1),(0.,1.),(-1.17809724509617,-0.785398163397448,-0.392699081698725,
0.,0.392699081698724,0.785398163397448,1.17809724509617,1.5707963267949,
1.96349540849362,2.35619449019234,2.74889357189107,3.14159265358979,3.53429173528852,
3.92699081698724,4.31968989868597,4.71238898038469,5.10508806208341,5.49778714378214,
5.89048622548086,6.28318530717959,6.67588438887831,7.06858347057703,7.46128255227576),
 .UNSPECIFIED.);
#34=CYLINDRICAL_SURFACE('',#522,0.0177307916682498);
#35=CYLINDRICAL_SURFACE('',#530,0.0112850200384855);
#36=CYLINDRICAL_SURFACE('',#558,0.0105931619182229);
#37=LINE('',#703,#67);
#38=LINE('',#708,#68);
#39=LINE('',#710,#69);
#40=LINE('',#712,#70);
#41=LINE('',#716,#71);
#42=LINE('',#718,#72);
#43=LINE('',#720,#73);
#44=LINE('',#724,#74);
#45=LINE('',#726,#75);
#46=LINE('',#730,#76);
#47=LINE('',#735,#77);
#48=LINE('',#739,#78);
#49=LINE('',#743,#79);
#50=LINE('',#747,#80);
#51=LINE('',#751,#81);
#52=LINE('',#841,#82);
#53=LINE('',#843,#83);
#54=LINE('',#845,#84);
#55=LINE('',#847,#85);
#56=LINE('',#854,#86);
#57=LINE('',#862,#87);
#58=LINE('',#864,#88);
#59=LINE('',#871,#89);
#60=LINE('',#873,#90);
#61=LINE('',#875,#91);
#62=LINE('',#883,#92);
#63=LINE('',#885,#93);
#64=LINE('',#892,#94);
#65=LINE('',#894,#95);
#66=LINE('',#896,#96);
#67=VECTOR('',#573,1.);
#68=VECTOR('',#576,1.);
#69=VECTOR('',#577,1.);
#70=VECTOR('',#578,1.);
#71=VECTOR('',#581,1.);
#72=VECTOR('',#582,1.);
#73=VECTOR('',#583,1.);
#74=VECTOR('',#586,1.);
#75=VECTOR('',#587,1.);
#76=VECTOR('',#592,1.);
#77=VECTOR('',#595,1.);
#78=VECTOR('',#598,1.);
#79=VECTOR('',#601,1.);
#80=VECTOR('',#604,1.);
#81=VECTOR('',#607,1.);
#82=VECTOR('',#618,1.);
#83=VECTOR('',#619,1.);
#84=VECTOR('',#622,1.);
#85=VECTOR('',#623,1.);
#86=VECTOR('',#626,1.);
#87=VECTOR('',#631,1.);
#88=VECTOR('',#632,1.);
#89=VECTOR('',#635,1.);
#90=VECTOR('',#636,1.);
#91=VECTOR('',#639,1.);
#92=VECTOR('',#644,1.);
#93=VECTOR('',#645,1.);
#94=VECTOR('',#648,1.);
#95=VECTOR('',#649,1.);
#96=VECTOR('',#652,1.);
#97=ORIENTED_EDGE('',*,*,#217,.F.);
#98=ORIENTED_EDGE('',*,*,#218,.F.);
#99=ORIENTED_EDGE('',*,*,#219,.T.);
#100=ORIENTED_EDGE('',*,*,#220,.T.);
#101=ORIENTED_EDGE('',*,*,#221,.T.);
#102=ORIENTED_EDGE('',*,*,#222,.F.);
#103=ORIENTED_EDGE('',*,*,#223,.T.);
#104=ORIENTED_EDGE('',*,*,#224,.T.);
#105=ORIENTED_EDGE('',*,*,#225,.T.);
#106=ORIENTED_EDGE('',*,*,#226,.F.);
#107=ORIENTED_EDGE('',*,*,#227,.T.);
#108=ORIENTED_EDGE('',*,*,#228,.T.);
#109=ORIENTED_EDGE('',*,*,#229,.T.);
#110=ORIENTED_EDGE('',*,*,#230,.T.);
#111=ORIENTED_EDGE('',*,*,#231,.F.);
#112=ORIENTED_EDGE('',*,*,#232,.T.);
#113=ORIENTED_EDGE('',*,*,#233,.F.);
#114=ORIENTED_EDGE('',*,*,#234,.F.);
#115=ORIENTED_EDGE('',*,*,#235,.T.);
#116=ORIENTED_EDGE('',*,*,#236,.T.);
#117=ORIENTED_EDGE('',*,*,#237,.T.);
#118=ORIENTED_EDGE('',*,*,#238,.F.);
#119=ORIENTED_EDGE('',*,*,#239,.F.);
#120=ORIENTED_EDGE('',*,*,#240,.T.);
#121=ORIENTED_EDGE('',*,*,#241,.T.);
#122=ORIENTED_EDGE('',*,*,#242,.F.);
#123=ORIENTED_EDGE('',*,*,#243,.F.);
#124=ORIENTED_EDGE('',*,*,#217,.T.);
#125=ORIENTED_EDGE('',*,*,#230,.F.);
#126=ORIENTED_EDGE('',*,*,#243,.T.);
#127=ORIENTED_EDGE('',*,*,#233,.T.);
#128=ORIENTED_EDGE('',*,*,#244,.T.);
#129=ORIENTED_EDGE('',*,*,#218,.T.);
#130=ORIENTED_EDGE('',*,*,#245,.F.);
#131=ORIENTED_EDGE('',*,*,#246,.F.);
#132=ORIENTED_EDGE('',*,*,#229,.F.);
#133=ORIENTED_EDGE('',*,*,#247,.F.);
#134=ORIENTED_EDGE('',*,*,#248,.T.);
#135=ORIENTED_EDGE('',*,*,#245,.T.);
#136=ORIENTED_EDGE('',*,*,#228,.F.);
#137=ORIENTED_EDGE('',*,*,#249,.T.);
#138=ORIENTED_EDGE('',*,*,#235,.F.);
#139=ORIENTED_EDGE('',*,*,#250,.T.);
#140=ORIENTED_EDGE('',*,*,#247,.T.);
#141=ORIENTED_EDGE('',*,*,#234,.T.);
#142=ORIENTED_EDGE('',*,*,#246,.T.);
#143=ORIENTED_EDGE('',*,*,#248,.F.);
#144=ORIENTED_EDGE('',*,*,#250,.F.);
#145=ORIENTED_EDGE('',*,*,#241,.F.);
#146=ORIENTED_EDGE('',*,*,#251,.T.);
#147=ORIENTED_EDGE('',*,*,#222,.T.);
#148=ORIENTED_EDGE('',*,*,#252,.F.);
#149=ORIENTED_EDGE('',*,*,#253,.F.);
#150=ORIENTED_EDGE('',*,*,#220,.F.);
#151=ORIENTED_EDGE('',*,*,#254,.T.);
#152=ORIENTED_EDGE('',*,*,#231,.T.);
#153=ORIENTED_EDGE('',*,*,#255,.T.);
#154=ORIENTED_EDGE('',*,*,#256,.T.);
#155=ORIENTED_EDGE('',*,*,#242,.T.);
#156=ORIENTED_EDGE('',*,*,#253,.T.);
#157=ORIENTED_EDGE('',*,*,#257,.F.);
#158=ORIENTED_EDGE('',*,*,#255,.F.);
#159=ORIENTED_EDGE('',*,*,#221,.F.);
#160=ORIENTED_EDGE('',*,*,#256,.F.);
#161=ORIENTED_EDGE('',*,*,#257,.T.);
#162=ORIENTED_EDGE('',*,*,#252,.T.);
#163=ORIENTED_EDGE('',*,*,#224,.F.);
#164=ORIENTED_EDGE('',*,*,#258,.T.);
#165=ORIENTED_EDGE('',*,*,#239,.T.);
#166=ORIENTED_EDGE('',*,*,#259,.T.);
#167=ORIENTED_EDGE('',*,*,#260,.T.);
#168=ORIENTED_EDGE('',*,*,#237,.F.);
#169=ORIENTED_EDGE('',*,*,#261,.T.);
#170=ORIENTED_EDGE('',*,*,#226,.T.);
#171=ORIENTED_EDGE('',*,*,#262,.F.);
#172=ORIENTED_EDGE('',*,*,#263,.F.);
#173=ORIENTED_EDGE('',*,*,#238,.T.);
#174=ORIENTED_EDGE('',*,*,#263,.T.);
#175=ORIENTED_EDGE('',*,*,#264,.F.);
#176=ORIENTED_EDGE('',*,*,#259,.F.);
#177=ORIENTED_EDGE('',*,*,#225,.F.);
#178=ORIENTED_EDGE('',*,*,#260,.F.);
#179=ORIENTED_EDGE('',*,*,#264,.T.);
#180=ORIENTED_EDGE('',*,*,#262,.T.);
#181=ORIENTED_EDGE('',*,*,#244,.F.);
#182=ORIENTED_EDGE('',*,*,#232,.F.);
#183=ORIENTED_EDGE('',*,*,#254,.F.);
#184=ORIENTED_EDGE('',*,*,#219,.F.);
#185=ORIENTED_EDGE('',*,*,#251,.F.);
#186=ORIENTED_EDGE('',*,*,#240,.F.);
#187=ORIENTED_EDGE('',*,*,#258,.F.);
#188=ORIENTED_EDGE('',*,*,#223,.F.);
#189=ORIENTED_EDGE('',*,*,#261,.F.);
#190=ORIENTED_EDGE('',*,*,#236,.F.);
#191=ORIENTED_EDGE('',*,*,#249,.F.);
#192=ORIENTED_EDGE('',*,*,#227,.F.);
#193=ORIENTED_EDGE('',*,*,#265,.T.);
#194=ORIENTED_EDGE('',*,*,#266,.F.);
#195=ORIENTED_EDGE('',*,*,#267,.F.);
#196=ORIENTED_EDGE('',*,*,#266,.T.);
#197=ORIENTED_EDGE('',*,*,#268,.F.);
#198=ORIENTED_EDGE('',*,*,#267,.T.);
#199=ORIENTED_EDGE('',*,*,#269,.F.);
#200=ORIENTED_EDGE('',*,*,#268,.T.);
#201=ORIENTED_EDGE('',*,*,#270,.F.);
#202=ORIENTED_EDGE('',*,*,#269,.T.);
#203=ORIENTED_EDGE('',*,*,#270,.T.);
#204=ORIENTED_EDGE('',*,*,#271,.F.);
#205=ORIENTED_EDGE('',*,*,#271,.T.);
#206=ORIENTED_EDGE('',*,*,#272,.F.);
#207=ORIENTED_EDGE('',*,*,#272,.T.);
#208=ORIENTED_EDGE('',*,*,#273,.F.);
#209=ORIENTED_EDGE('',*,*,#273,.T.);
#210=ORIENTED_EDGE('',*,*,#274,.F.);
#211=ORIENTED_EDGE('',*,*,#274,.T.);
#212=ORIENTED_EDGE('',*,*,#275,.F.);
#213=ORIENTED_EDGE('',*,*,#275,.T.);
#214=ORIENTED_EDGE('',*,*,#276,.F.);
#215=ORIENTED_EDGE('',*,*,#276,.T.);
#216=ORIENTED_EDGE('',*,*,#265,.F.);
#217=EDGE_CURVE('',#277,#277,#323,.T.);
#218=EDGE_CURVE('',#278,#279,#37,.T.);
#219=EDGE_CURVE('',#278,#280,#324,.F.);
#220=EDGE_CURVE('',#280,#281,#38,.T.);
#221=EDGE_CURVE('',#281,#282,#39,.T.);
#222=EDGE_CURVE('',#283,#282,#40,.T.);
#223=EDGE_CURVE('',#283,#284,#325,.F.);
#224=EDGE_CURVE('',#284,#285,#41,.T.);
#225=EDGE_CURVE('',#285,#286,#42,.T.);
#226=EDGE_CURVE('',#287,#286,#43,.T.);
#227=EDGE_CURVE('',#287,#288,#326,.F.);
#228=EDGE_CURVE('',#288,#289,#44,.T.);
#229=EDGE_CURVE('',#289,#279,#45,.T.);
#230=EDGE_CURVE('',#290,#290,#327,.T.);
#231=EDGE_CURVE('',#291,#292,#46,.F.);
#232=EDGE_CURVE('',#291,#293,#328,.T.);
#233=EDGE_CURVE('',#294,#293,#47,.T.);
#234=EDGE_CURVE('',#295,#294,#329,.T.);
#235=EDGE_CURVE('',#295,#296,#48,.T.);
#236=EDGE_CURVE('',#296,#297,#330,.T.);
#237=EDGE_CURVE('',#297,#298,#49,.F.);
#238=EDGE_CURVE('',#299,#298,#331,.T.);
#239=EDGE_CURVE('',#300,#299,#50,.F.);
#240=EDGE_CURVE('',#300,#301,#332,.T.);
#241=EDGE_CURVE('',#301,#302,#51,.F.);
#242=EDGE_CURVE('',#292,#302,#333,.T.);
#243=EDGE_CURVE('',#303,#303,#334,.T.);
#244=EDGE_CURVE('',#293,#278,#19,.T.);
#245=EDGE_CURVE('',#305,#279,#52,.T.);
#246=EDGE_CURVE('',#294,#305,#53,.T.);
#247=EDGE_CURVE('',#306,#289,#54,.T.);
#248=EDGE_CURVE('',#306,#305,#55,.T.);
#249=EDGE_CURVE('',#288,#296,#20,.T.);
#250=EDGE_CURVE('',#295,#306,#56,.T.);
#251=EDGE_CURVE('',#301,#283,#21,.T.);
#252=EDGE_CURVE('',#307,#282,#57,.T.);
#253=EDGE_CURVE('',#302,#307,#58,.T.);
#254=EDGE_CURVE('',#280,#291,#22,.T.);
#255=EDGE_CURVE('',#292,#308,#59,.T.);
#256=EDGE_CURVE('',#308,#281,#60,.T.);
#257=EDGE_CURVE('',#308,#307,#61,.T.);
#258=EDGE_CURVE('',#284,#300,#23,.T.);
#259=EDGE_CURVE('',#299,#309,#62,.T.);
#260=EDGE_CURVE('',#309,#285,#63,.T.);
#261=EDGE_CURVE('',#297,#287,#24,.T.);
#262=EDGE_CURVE('',#310,#286,#64,.T.);
#263=EDGE_CURVE('',#298,#310,#65,.T.);
#264=EDGE_CURVE('',#309,#310,#66,.T.);
#265=EDGE_CURVE('',#311,#311,#335,.T.);
#266=EDGE_CURVE('',#312,#312,#336,.T.);
#267=EDGE_CURVE('',#313,#313,#337,.T.);
#268=EDGE_CURVE('',#314,#314,#338,.T.);
#269=EDGE_CURVE('',#315,#315,#339,.T.);
#270=EDGE_CURVE('',#316,#316,#340,.T.);
#271=EDGE_CURVE('',#317,#317,#341,.T.);
#272=EDGE_CURVE('',#318,#318,#342,.T.);
#273=EDGE_CURVE('',#319,#319,#343,.T.);
#274=EDGE_CURVE('',#320,#320,#344,.T.);
#275=EDGE_CURVE('',#321,#321,#345,.T.);
#276=EDGE_CURVE('',#322,#322,#346,.T.);
#277=VERTEX_POINT('',#702);
#278=VERTEX_POINT('',#704);
#279=VERTEX_POINT('',#705);
#280=VERTEX_POINT('',#707);
#281=VERTEX_POINT('',#709);
#282=VERTEX_POINT('',#711);
#283=VERTEX_POINT('',#713);
#284=VERTEX_POINT('',#715);
#285=VERTEX_POINT('',#717);
#286=VERTEX_POINT('',#719);
#287=VERTEX_POINT('',#721);
#288=VERTEX_POINT('',#723);
#289=VERTEX_POINT('',#725);
#290=VERTEX_POINT('',#729);
#291=VERTEX_POINT('',#731);
#292=VERTEX_POINT('',#732);
#293=VERTEX_POINT('',#734);
#294=VERTEX_POINT('',#736);
#295=VERTEX_POINT('',#738);
#296=VERTEX_POINT('',#740);
#297=VERTEX_POINT('',#742);
#298=VERTEX_POINT('',#744);
#299=VERTEX_POINT('',#746);
#300=VERTEX_POINT('',#748);
#301=VERTEX_POINT('',#750);
#302=VERTEX_POINT('',#752);
#303=VERTEX_POINT('',#756);
#304=VERTEX_POINT('',#833);
#305=VERTEX_POINT('',#842);
#306=VERTEX_POINT('',#846);
#307=VERTEX_POINT('',#863);
#308=VERTEX_POINT('',#872);
#309=VERTEX_POINT('',#884);
#310=VERTEX_POINT('',#893);
#311=VERTEX_POINT('',#1002);
#312=VERTEX_POINT('',#1004);
#313=VERTEX_POINT('',#1082);
#314=VERTEX_POINT('',#1160);
#315=VERTEX_POINT('',#1238);
#316=VERTEX_POINT('',#1316);
#317=VERTEX_POINT('',#1320);
#318=VERTEX_POINT('',#1323);
#319=VERTEX_POINT('',#1326);
#320=VERTEX_POINT('',#1329);
#321=VERTEX_POINT('',#1332);
#322=VERTEX_POINT('',#1410);
#323=CIRCLE('',#518,0.0112850200384855);
#324=CIRCLE('',#519,0.0154447916682499);
#325=CIRCLE('',#520,0.0154447916682499);
#326=CIRCLE('',#521,0.0154447916682499);
#327=CIRCLE('',#523,0.0177307916682498);
#328=CIRCLE('',#524,0.0177307916682498);
#329=CIRCLE('',#525,0.0177307916682498);
#330=CIRCLE('',#526,0.0177307916682498);
#331=CIRCLE('',#527,0.0177307916682498);
#332=CIRCLE('',#528,0.0177307916682498);
#333=CIRCLE('',#529,0.0177307916682498);
#334=CIRCLE('',#531,0.0112850200384855);
#335=CIRCLE('',#549,0.00257577514275909);
#336=CIRCLE('',#550,0.00403534900397062);
#337=CIRCLE('',#551,0.00680595934498573);
#338=CIRCLE('',#552,0.00753169642168978);
#339=CIRCLE('',#553,0.00757726561278105);
#340=CIRCLE('',#554,0.00403534900397062);
#341=CIRCLE('',#557,0.0105931619182229);
#342=CIRCLE('',#559,0.0105931619182229);
#343=CIRCLE('',#561,0.00838589016348124);
#344=CIRCLE('',#563,0.00987470429390669);
#345=CIRCLE('',#565,0.00841272994875908);
#346=CIRCLE('',#566,0.00770265481637243);
#347=EDGE_LOOP('',(#97));
#348=EDGE_LOOP('',(#98,#99,#100,#101,#102,#103,#104,#105,#106,#107,#108,
#109));
#349=EDGE_LOOP('',(#110));
#350=EDGE_LOOP('',(#111,#112,#113,#114,#115,#116,#117,#118,#119,#120,#121,
#122));
#351=EDGE_LOOP('',(#123));
#352=EDGE_LOOP('',(#124));
#353=EDGE_LOOP('',(#125));
#354=EDGE_LOOP('',(#126));
#355=EDGE_LOOP('',(#127,#128,#129,#130,#131));
#356=EDGE_LOOP('',(#132,#133,#134,#135));
#357=EDGE_LOOP('',(#136,#137,#138,#139,#140));
#358=EDGE_LOOP('',(#141,#142,#143,#144));
#359=EDGE_LOOP('',(#145,#146,#147,#148,#149));
#360=EDGE_LOOP('',(#150,#151,#152,#153,#154));
#361=EDGE_LOOP('',(#155,#156,#157,#158));
#362=EDGE_LOOP('',(#159,#160,#161,#162));
#363=EDGE_LOOP('',(#163,#164,#165,#166,#167));
#364=EDGE_LOOP('',(#168,#169,#170,#171,#172));
#365=EDGE_LOOP('',(#173,#174,#175,#176));
#366=EDGE_LOOP('',(#177,#178,#179,#180));
#367=EDGE_LOOP('',(#181,#182,#183,#184));
#368=EDGE_LOOP('',(#185,#186,#187,#188));
#369=EDGE_LOOP('',(#189,#190,#191,#192));
#370=EDGE_LOOP('',(#193));
#371=EDGE_LOOP('',(#194));
#372=EDGE_LOOP('',(#195));
#373=EDGE_LOOP('',(#196));
#374=EDGE_LOOP('',(#197));
#375=EDGE_LOOP('',(#198));
#376=EDGE_LOOP('',(#199));
#377=EDGE_LOOP('',(#200));
#378=EDGE_LOOP('',(#201));
#379=EDGE_LOOP('',(#202));
#380=EDGE_LOOP('',(#203));
#381=EDGE_LOOP('',(#204));
#382=EDGE_LOOP('',(#205));
#383=EDGE_LOOP('',(#206));
#384=EDGE_LOOP('',(#207));
#385=EDGE_LOOP('',(#208));
#386=EDGE_LOOP('',(#209));
#387=EDGE_LOOP('',(#210));
#388=EDGE_LOOP('',(#211));
#389=EDGE_LOOP('',(#212));
#390=EDGE_LOOP('',(#213));
#391=EDGE_LOOP('',(#214));
#392=EDGE_LOOP('',(#215));
#393=EDGE_LOOP('',(#216));
#394=FACE_BOUND('',#347,.T.);
#395=FACE_BOUND('',#348,.T.);
#396=FACE_BOUND('',#349,.T.);
#397=FACE_BOUND('',#350,.T.);
#398=FACE_BOUND('',#351,.T.);
#399=FACE_BOUND('',#352,.T.);
#400=FACE_BOUND('',#353,.T.);
#401=FACE_BOUND('',#25,.T.);
#402=FACE_BOUND('',#354,.T.);
#403=FACE_BOUND('',#355,.T.);
#404=FACE_BOUND('',#356,.T.);
#405=FACE_BOUND('',#357,.T.);
#406=FACE_BOUND('',#358,.T.);
#407=FACE_BOUND('',#359,.T.);
#408=FACE_BOUND('',#360,.T.);
#409=FACE_BOUND('',#361,.T.);
#410=FACE_BOUND('',#362,.T.);
#411=FACE_BOUND('',#363,.T.);
#412=FACE_BOUND('',#364,.T.);
#413=FACE_BOUND('',#365,.T.);
#414=FACE_BOUND('',#366,.T.);
#415=FACE_BOUND('',#367,.T.);
#416=FACE_BOUND('',#368,.T.);
#417=FACE_BOUND('',#369,.T.);
#418=FACE_BOUND('',#370,.T.);
#419=FACE_BOUND('',#371,.T.);
#420=FACE_BOUND('',#372,.T.);
#421=FACE_BOUND('',#373,.T.);
#422=FACE_BOUND('',#374,.T.);
#423=FACE_BOUND('',#375,.T.);
#424=FACE_BOUND('',#376,.T.);
#425=FACE_BOUND('',#377,.T.);
#426=FACE_BOUND('',#378,.T.);
#427=FACE_BOUND('',#379,.T.);
#428=FACE_BOUND('',#380,.T.);
#429=FACE_BOUND('',#381,.T.);
#430=FACE_BOUND('',#382,.T.);
#431=FACE_BOUND('',#383,.T.);
#432=FACE_BOUND('',#384,.T.);
#433=FACE_BOUND('',#385,.T.);
#434=FACE_BOUND('',#386,.T.);
#435=FACE_BOUND('',#387,.T.);
#436=FACE_BOUND('',#388,.T.);
#437=FACE_BOUND('',#389,.T.);
#438=FACE_BOUND('',#390,.T.);
#439=FACE_BOUND('',#391,.T.);
#440=FACE_BOUND('',#392,.T.);
#441=FACE_BOUND('',#393,.T.);
#442=PLANE('',#517);
#443=PLANE('',#532);
#444=PLANE('',#533);
#445=PLANE('',#534);
#446=PLANE('',#535);
#447=PLANE('',#536);
#448=PLANE('',#537);
#449=PLANE('',#538);
#450=PLANE('',#539);
#451=PLANE('',#540);
#452=PLANE('',#541);
#453=PLANE('',#542);
#454=PLANE('',#543);
#455=PLANE('',#544);
#456=PLANE('',#555);
#457=PLANE('',#556);
#458=PLANE('',#564);
#459=ADVANCED_FACE('',(#394,#395),#442,.F.);
#460=ADVANCED_FACE('',(#396,#397),#34,.T.);
#461=ADVANCED_FACE('',(#398,#399),#35,.F.);
#462=ADVANCED_FACE('',(#400,#401),#26,.F.);
#463=ADVANCED_FACE('',(#402),#443,.F.);
#464=ADVANCED_FACE('',(#403),#444,.F.);
#465=ADVANCED_FACE('',(#404),#445,.T.);
#466=ADVANCED_FACE('',(#405),#446,.T.);
#467=ADVANCED_FACE('',(#406),#447,.T.);
#468=ADVANCED_FACE('',(#407),#448,.F.);
#469=ADVANCED_FACE('',(#408),#449,.T.);
#470=ADVANCED_FACE('',(#409),#450,.T.);
#471=ADVANCED_FACE('',(#410),#451,.T.);
#472=ADVANCED_FACE('',(#411),#452,.T.);
#473=ADVANCED_FACE('',(#412),#453,.F.);
#474=ADVANCED_FACE('',(#413),#454,.T.);
#475=ADVANCED_FACE('',(#414),#455,.T.);
#476=ADVANCED_FACE('',(#415),#16,.T.);
#477=ADVANCED_FACE('',(#416),#17,.T.);
#478=ADVANCED_FACE('',(#417),#18,.T.);
#479=ADVANCED_FACE('',(#418,#419),#27,.T.);
#480=ADVANCED_FACE('',(#420,#421),#28,.F.);
#481=ADVANCED_FACE('',(#422,#423),#29,.F.);
#482=ADVANCED_FACE('',(#424,#425),#30,.F.);
#483=ADVANCED_FACE('',(#426,#427),#31,.F.);
#484=ADVANCED_FACE('',(#428),#456,.F.);
#485=ADVANCED_FACE('',(#429),#457,.T.);
#486=ADVANCED_FACE('',(#430,#431),#36,.T.);
#487=ADVANCED_FACE('',(#432,#433),#10,.T.);
#488=ADVANCED_FACE('',(#434,#435),#11,.T.);
#489=ADVANCED_FACE('',(#436,#437),#458,.T.);
#490=ADVANCED_FACE('',(#438,#439),#32,.T.);
#491=ADVANCED_FACE('',(#440,#441),#33,.T.);
#492=CLOSED_SHELL('',(#459,#460,#461,#462,#463,#464,#465,#466,#467,#468,
#469,#470,#471,#472,#473,#474,#475,#476,#477,#478));
#493=CLOSED_SHELL('',(#479,#480,#481,#482,#483,#484,#485,#486,#487,#488,
#489,#490,#491));
#494=STYLED_ITEM('',(#496),#510);
#495=STYLED_ITEM('',(#497),#511);
#496=PRESENTATION_STYLE_ASSIGNMENT((#498));
#497=PRESENTATION_STYLE_ASSIGNMENT((#499));
#498=SURFACE_STYLE_USAGE(.BOTH.,#500);
#499=SURFACE_STYLE_USAGE(.BOTH.,#501);
#500=SURFACE_SIDE_STYLE('',(#502));
#501=SURFACE_SIDE_STYLE('',(#503));
#502=SURFACE_STYLE_FILL_AREA(#504);
#503=SURFACE_STYLE_FILL_AREA(#505);
#504=FILL_AREA_STYLE('',(#506));
#505=FILL_AREA_STYLE('',(#507));
#506=FILL_AREA_STYLE_COLOUR('',#508);
#507=FILL_AREA_STYLE_COLOUR('',#509);
#508=COLOUR_RGB('',0.647058823529412,0.647058823529412,0.647058823529412);
#509=COLOUR_RGB('',0.615686274509804,0.811764705882353,0.929411764705882);
#510=MANIFOLD_SOLID_BREP('Part 2',#492);
#511=MANIFOLD_SOLID_BREP('Part 1',#493);
#512=SHAPE_DEFINITION_REPRESENTATION(#1499,#514);
#513=SHAPE_DEFINITION_REPRESENTATION(#1500,#515);
#514=SHAPE_REPRESENTATION('Part 2',(#516),#1489);
#515=SHAPE_REPRESENTATION('Part 1',(#548),#1490);
#516=AXIS2_PLACEMENT_3D('',#699,#567,#568);
#517=AXIS2_PLACEMENT_3D('',#700,#569,#570);
#518=AXIS2_PLACEMENT_3D('',#701,#571,#572);
#519=AXIS2_PLACEMENT_3D('',#706,#574,#575);
#520=AXIS2_PLACEMENT_3D('',#714,#579,#580);
#521=AXIS2_PLACEMENT_3D('',#722,#584,#585);
#522=AXIS2_PLACEMENT_3D('',#727,#588,#589);
#523=AXIS2_PLACEMENT_3D('',#728,#590,#591);
#524=AXIS2_PLACEMENT_3D('',#733,#593,#594);
#525=AXIS2_PLACEMENT_3D('',#737,#596,#597);
#526=AXIS2_PLACEMENT_3D('',#741,#599,#600);
#527=AXIS2_PLACEMENT_3D('',#745,#602,#603);
#528=AXIS2_PLACEMENT_3D('',#749,#605,#606);
#529=AXIS2_PLACEMENT_3D('',#753,#608,#609);
#530=AXIS2_PLACEMENT_3D('',#754,#610,#611);
#531=AXIS2_PLACEMENT_3D('',#755,#612,#613);
#532=AXIS2_PLACEMENT_3D('',#834,#614,#615);
#533=AXIS2_PLACEMENT_3D('',#835,#616,#617);
#534=AXIS2_PLACEMENT_3D('',#844,#620,#621);
#535=AXIS2_PLACEMENT_3D('',#848,#624,#625);
#536=AXIS2_PLACEMENT_3D('',#855,#627,#628);
#537=AXIS2_PLACEMENT_3D('',#856,#629,#630);
#538=AXIS2_PLACEMENT_3D('',#865,#633,#634);
#539=AXIS2_PLACEMENT_3D('',#874,#637,#638);
#540=AXIS2_PLACEMENT_3D('',#876,#640,#641);
#541=AXIS2_PLACEMENT_3D('',#877,#642,#643);
#542=AXIS2_PLACEMENT_3D('',#886,#646,#647);
#543=AXIS2_PLACEMENT_3D('',#895,#650,#651);
#544=AXIS2_PLACEMENT_3D('',#897,#653,#654);
#545=AXIS2_PLACEMENT_3D('',#898,#655,#656);
#546=AXIS2_PLACEMENT_3D('',#899,#657,#658);
#547=AXIS2_PLACEMENT_3D('',#900,#659,#660);
#548=AXIS2_PLACEMENT_3D('',#901,#661,#662);
#549=AXIS2_PLACEMENT_3D('',#1001,#663,#664);
#550=AXIS2_PLACEMENT_3D('',#1003,#665,#666);
#551=AXIS2_PLACEMENT_3D('',#1081,#667,#668);
#552=AXIS2_PLACEMENT_3D('',#1159,#669,#670);
#553=AXIS2_PLACEMENT_3D('',#1237,#671,#672);
#554=AXIS2_PLACEMENT_3D('',#1315,#673,#674);
#555=AXIS2_PLACEMENT_3D('',#1317,#675,#676);
#556=AXIS2_PLACEMENT_3D('',#1318,#677,#678);
#557=AXIS2_PLACEMENT_3D('',#1319,#679,#680);
#558=AXIS2_PLACEMENT_3D('',#1321,#681,#682);
#559=AXIS2_PLACEMENT_3D('',#1322,#683,#684);
#560=AXIS2_PLACEMENT_3D('',#1324,#685,#686);
#561=AXIS2_PLACEMENT_3D('',#1325,#687,#688);
#562=AXIS2_PLACEMENT_3D('',#1327,#689,#690);
#563=AXIS2_PLACEMENT_3D('',#1328,#691,#692);
#564=AXIS2_PLACEMENT_3D('',#1330,#693,#694);
#565=AXIS2_PLACEMENT_3D('',#1331,#695,#696);
#566=AXIS2_PLACEMENT_3D('',#1409,#697,#698);
#567=DIRECTION('',(0.,0.,1.));
#568=DIRECTION('',(1.,0.,0.));
#569=DIRECTION('',(0.,0.,1.));
#570=DIRECTION('',(1.,0.,0.));
#571=DIRECTION('',(0.,0.,-1.));
#572=DIRECTION('',(-1.,0.,0.));
#573=DIRECTION('',(0.866025403784439,-0.5,0.));
#574=DIRECTION('',(0.,0.,1.));
#575=DIRECTION('',(1.,0.,0.));
#576=DIRECTION('',(-0.866025403784438,-0.5,0.));
#577=DIRECTION('',(0.5,-0.866025403784439,0.));
#578=DIRECTION('',(-0.866025403784438,-0.5,0.));
#579=DIRECTION('',(0.,0.,1.));
#580=DIRECTION('',(1.,0.,0.));
#581=DIRECTION('',(6.40276873515061E-17,1.,0.));
#582=DIRECTION('',(-1.,0.,0.));
#583=DIRECTION('',(6.40276873515061E-17,1.,0.));
#584=DIRECTION('',(0.,0.,1.));
#585=DIRECTION('',(1.,0.,0.));
#586=DIRECTION('',(0.866025403784439,-0.5,0.));
#587=DIRECTION('',(0.5,0.866025403784439,0.));
#588=DIRECTION('',(0.,0.,-1.));
#589=DIRECTION('',(-1.,0.,0.));
#590=DIRECTION('',(0.,0.,-1.));
#591=DIRECTION('',(-1.,0.,0.));
#592=DIRECTION('',(0.,0.,-1.));
#593=DIRECTION('',(0.,0.,1.));
#594=DIRECTION('',(1.,0.,0.));
#595=DIRECTION('',(0.,0.,-1.));
#596=DIRECTION('',(0.,0.,-1.));
#597=DIRECTION('',(-1.,0.,0.));
#598=DIRECTION('',(0.,0.,-1.));
#599=DIRECTION('',(0.,0.,1.));
#600=DIRECTION('',(1.,0.,0.));
#601=DIRECTION('',(0.,0.,-1.));
#602=DIRECTION('',(0.,0.,-1.));
#603=DIRECTION('',(-1.,0.,0.));
#604=DIRECTION('',(0.,0.,-1.));
#605=DIRECTION('',(0.,0.,1.));
#606=DIRECTION('',(1.,0.,0.));
#607=DIRECTION('',(0.,0.,-1.));
#608=DIRECTION('',(0.,0.,-1.));
#609=DIRECTION('',(-1.,0.,0.));
#610=DIRECTION('',(0.,0.,-1.));
#611=DIRECTION('',(-1.,0.,0.));
#612=DIRECTION('',(0.,0.,-1.));
#613=DIRECTION('',(-1.,0.,0.));
#614=DIRECTION('',(0.,0.,1.));
#615=DIRECTION('',(1.,0.,0.));
#616=DIRECTION('',(0.5,0.866025403784439,0.));
#617=DIRECTION('',(-0.866025403784439,0.5,0.));
#618=DIRECTION('',(0.,0.,-1.));
#619=DIRECTION('',(0.866025403784439,-0.5,0.));
#620=DIRECTION('',(-0.866025403784439,0.5,0.));
#621=DIRECTION('',(-0.5,-0.866025403784439,0.));
#622=DIRECTION('',(0.,0.,-1.));
#623=DIRECTION('',(0.5,0.866025403784439,0.));
#624=DIRECTION('',(0.5,0.866025403784439,0.));
#625=DIRECTION('',(-0.866025403784439,0.5,0.));
#626=DIRECTION('',(0.866025403784439,-0.5,0.));
#627=DIRECTION('',(0.,0.,-1.));
#628=DIRECTION('',(1.,0.,0.));
#629=DIRECTION('',(0.5,-0.866025403784439,0.));
#630=DIRECTION('',(0.866025403784439,0.5,0.));
#631=DIRECTION('',(0.,0.,-1.));
#632=DIRECTION('',(-0.866025403784438,-0.5,0.));
#633=DIRECTION('',(0.5,-0.866025403784438,0.));
#634=DIRECTION('',(0.866025403784439,0.5,0.));
#635=DIRECTION('',(-0.866025403784438,-0.5,0.));
#636=DIRECTION('',(0.,0.,-1.));
#637=DIRECTION('',(0.,0.,-1.));
#638=DIRECTION('',(1.,0.,0.));
#639=DIRECTION('',(0.5,-0.866025403784439,0.));
#640=DIRECTION('',(0.866025403784439,0.5,0.));
#641=DIRECTION('',(-0.5,0.866025403784439,0.));
#642=DIRECTION('',(-1.,6.40276873515061E-17,0.));
#643=DIRECTION('',(-6.40276873515061E-17,-1.,0.));
#644=DIRECTION('',(6.40276873515061E-17,1.,0.));
#645=DIRECTION('',(0.,0.,-1.));
#646=DIRECTION('',(-1.,6.40276873515061E-17,0.));
#647=DIRECTION('',(-6.40276873515061E-17,-1.,0.));
#648=DIRECTION('',(0.,0.,-1.));
#649=DIRECTION('',(6.40276873515061E-17,1.,0.));
#650=DIRECTION('',(0.,0.,-1.));
#651=DIRECTION('',(1.,0.,0.));
#652=DIRECTION('',(-1.,0.,0.));
#653=DIRECTION('',(0.,-1.,0.));
#654=DIRECTION('',(0.,0.,-1.));
#655=DIRECTION('',(0.,0.,1.));
#656=DIRECTION('',(1.,0.,0.));
#657=DIRECTION('',(0.,0.,1.));
#658=DIRECTION('',(1.,0.,0.));
#659=DIRECTION('',(0.,0.,1.));
#660=DIRECTION('',(1.,0.,0.));
#661=DIRECTION('',(0.,0.,1.));
#662=DIRECTION('',(1.,0.,0.));
#663=DIRECTION('',(0.,0.,-1.));
#664=DIRECTION('',(-1.,0.,0.));
#665=DIRECTION('',(0.,0.,-1.));
#666=DIRECTION('',(-1.,0.,0.));
#667=DIRECTION('',(0.,0.,-1.));
#668=DIRECTION('',(-1.,0.,0.));
#669=DIRECTION('',(0.,0.,-1.));
#670=DIRECTION('',(-1.,0.,0.));
#671=DIRECTION('',(0.,0.,-1.));
#672=DIRECTION('',(-1.,0.,0.));
#673=DIRECTION('',(0.,0.,-1.));
#674=DIRECTION('',(-1.,0.,0.));
#675=DIRECTION('',(0.,0.,1.));
#676=DIRECTION('',(1.,0.,0.));
#677=DIRECTION('',(0.,0.,1.));
#678=DIRECTION('',(1.,0.,0.));
#679=DIRECTION('',(0.,0.,-1.));
#680=DIRECTION('',(-1.,0.,0.));
#681=DIRECTION('',(0.,0.,-1.));
#682=DIRECTION('',(-1.,0.,0.));
#683=DIRECTION('',(0.,0.,-1.));
#684=DIRECTION('',(-1.,0.,0.));
#685=DIRECTION('',(0.,0.,1.));
#686=DIRECTION('',(1.,0.,0.));
#687=DIRECTION('',(0.,0.,-1.));
#688=DIRECTION('',(-1.,0.,0.));
#689=DIRECTION('',(0.,0.,-1.));
#690=DIRECTION('',(-1.,0.,0.));
#691=DIRECTION('',(0.,0.,-1.));
#692=DIRECTION('',(-1.,0.,0.));
#693=DIRECTION('',(0.,0.,-1.));
#694=DIRECTION('',(-1.,0.,0.));
#695=DIRECTION('',(0.,0.,-1.));
#696=DIRECTION('',(-1.,0.,0.));
#697=DIRECTION('',(0.,0.,-1.));
#698=DIRECTION('',(-1.,0.,0.));
#699=CARTESIAN_POINT('',(0.,0.,0.));
#700=CARTESIAN_POINT('',(0.0145079058533677,0.,0.0459864139556885));
#701=CARTESIAN_POINT('',(0.,0.,0.0459864139556885));
#702=CARTESIAN_POINT('',(-0.0112850200384855,0.,0.0459864139556885));
#703=CARTESIAN_POINT('',(-0.0149118624927863,0.00963347986351316,0.0459864139556885));
#704=CARTESIAN_POINT('',(-0.0129100568480798,0.00847773683567657,0.0459864139556885));
#705=CARTESIAN_POINT('',(-0.0105124534415613,0.00709347986351316,0.0459864139556885));
#706=CARTESIAN_POINT('',(0.,0.,0.0459864139556885));
#707=CARTESIAN_POINT('',(0.0129100568480798,0.00847773683567659,0.0459864139556885));
#708=CARTESIAN_POINT('',(0.0149118624927862,0.00963347986351318,0.0459864139556885));
#709=CARTESIAN_POINT('',(0.0105124534415613,0.00709347986351318,0.0459864139556885));
#710=CARTESIAN_POINT('',(0.0109559069626889,0.00632539583412492,0.0459864139556885));
#711=CARTESIAN_POINT('',(0.0113993604838164,0.00555731180473667,0.0459864139556885));
#712=CARTESIAN_POINT('',(0.0157987695350413,0.00809731180473668,0.0459864139556885));
#713=CARTESIAN_POINT('',(0.0137969638903349,0.00694156877690008,0.0459864139556885));
#714=CARTESIAN_POINT('',(0.,0.,0.0459864139556885));
#715=CARTESIAN_POINT('',(0.000886907042255126,-0.0154193056125767,0.0459864139556885));
#716=CARTESIAN_POINT('',(0.000886907042255126,-0.0177307916682498,0.0459864139556885));
#717=CARTESIAN_POINT('',(0.000886907042255125,-0.0126507916682498,0.0459864139556885));
#718=CARTESIAN_POINT('',(4.77048955893622E-18,-0.0126507916682498,0.0459864139556885));
#719=CARTESIAN_POINT('',(-0.000886907042255115,-0.0126507916682498,0.0459864139556885));
#720=CARTESIAN_POINT('',(-0.000886907042255115,-0.0177307916682498,0.0459864139556885));
#721=CARTESIAN_POINT('',(-0.000886907042255115,-0.0154193056125767,0.0459864139556885));
#722=CARTESIAN_POINT('',(0.,0.,0.0459864139556885));
#723=CARTESIAN_POINT('',(-0.0137969638903349,0.00694156877690006,0.0459864139556885));
#724=CARTESIAN_POINT('',(-0.0157987695350414,0.00809731180473665,0.0459864139556885));
#725=CARTESIAN_POINT('',(-0.0113993604838164,0.00555731180473665,0.0459864139556885));
#726=CARTESIAN_POINT('',(-0.0109559069626889,0.00632539583412491,0.0459864139556885));
#727=CARTESIAN_POINT('',(0.,0.,0.172864913940429));
#728=CARTESIAN_POINT('',(0.,0.,0.119004131772729));
#729=CARTESIAN_POINT('',(-0.0177307916682498,0.,0.119004131772729));
#730=CARTESIAN_POINT('',(0.0148926404017381,0.00962238198407213,0.172864913940429));
#731=CARTESIAN_POINT('',(0.0148926404017381,0.00962238198407213,0.0482724139556885));
#732=CARTESIAN_POINT('',(0.0148926404017381,0.00962238198407214,0.0713864139556885));
#733=CARTESIAN_POINT('',(0.,0.,0.0482724139556885));
#734=CARTESIAN_POINT('',(-0.0148926404017381,0.00962238198407211,0.0482724139556885));
#735=CARTESIAN_POINT('',(-0.0148926404017381,0.00962238198407211,0.0713864139556885));
#736=CARTESIAN_POINT('',(-0.0148926404017381,0.00962238198407211,0.0713864139556885));
#737=CARTESIAN_POINT('',(0.,0.,0.0713864139556885));
#738=CARTESIAN_POINT('',(-0.0157795474439932,0.00808621392529561,0.0713864139556885));
#739=CARTESIAN_POINT('',(-0.0157795474439932,0.00808621392529561,0.0713864139556885));
#740=CARTESIAN_POINT('',(-0.0157795474439932,0.00808621392529561,0.0482724139556885));
#741=CARTESIAN_POINT('',(0.,0.,0.0482724139556885));
#742=CARTESIAN_POINT('',(-0.000886907042255115,-0.0177085959093677,0.0482724139556885));
#743=CARTESIAN_POINT('',(-0.000886907042255115,-0.0177085959093677,0.172864913940429));
#744=CARTESIAN_POINT('',(-0.000886907042255115,-0.0177085959093677,0.0713864139556885));
#745=CARTESIAN_POINT('',(0.,0.,0.0713864139556885));
#746=CARTESIAN_POINT('',(0.000886907042255126,-0.0177085959093677,0.0713864139556885));
#747=CARTESIAN_POINT('',(0.000886907042255126,-0.0177085959093677,0.172864913940429));
#748=CARTESIAN_POINT('',(0.000886907042255126,-0.0177085959093677,0.0482724139556885));
#749=CARTESIAN_POINT('',(0.,0.,0.0482724139556885));
#750=CARTESIAN_POINT('',(0.0157795474439932,0.00808621392529563,0.0482724139556885));
#751=CARTESIAN_POINT('',(0.0157795474439932,0.00808621392529563,0.172864913940429));
#752=CARTESIAN_POINT('',(0.0157795474439932,0.00808621392529563,0.0713864139556885));
#753=CARTESIAN_POINT('',(0.,0.,0.0713864139556885));
#754=CARTESIAN_POINT('',(0.,0.,0.172864913940429));
#755=CARTESIAN_POINT('',(0.,0.,0.0766978338360786));
#756=CARTESIAN_POINT('',(-0.0112850200384855,0.,0.0766978338360786));
#757=CARTESIAN_POINT('',(-8.11887782198755E-18,-3.36294930511736E-18,0.188981980085373));
#758=CARTESIAN_POINT('',(-8.78781002964621E-18,-6.64445830813596E-33,0.188981980085373));
#759=CARTESIAN_POINT('',(-8.11887782198754E-18,3.36294930511738E-18,0.188981980085373));
#760=CARTESIAN_POINT('',(-6.21392006374199E-18,6.21392006374199E-18,0.188981980085373));
#761=CARTESIAN_POINT('',(-3.36294930511737E-18,8.11887782198754E-18,0.188981980085373));
#762=CARTESIAN_POINT('',(-1.55278101766221E-33,8.78781002964621E-18,0.188981980085373));
#763=CARTESIAN_POINT('',(3.36294930511737E-18,8.11887782198754E-18,0.188981980085373));
#764=CARTESIAN_POINT('',(6.21392006374199E-18,6.21392006374199E-18,0.188981980085373));
#765=CARTESIAN_POINT('',(8.11887782198754E-18,3.36294930511737E-18,0.188981980085373));
#766=CARTESIAN_POINT('',(8.78781002964621E-18,1.36341475521649E-33,0.188981980085373));
#767=CARTESIAN_POINT('',(8.11887782198754E-18,-3.36294930511737E-18,0.188981980085373));
#768=CARTESIAN_POINT('',(6.21392006374199E-18,-6.21392006374199E-18,0.188981980085373));
#769=CARTESIAN_POINT('',(3.36294930511738E-18,-8.11887782198754E-18,0.188981980085373));
#770=CARTESIAN_POINT('',(1.52870689335737E-33,-8.78781002964621E-18,0.188981980085373));
#771=CARTESIAN_POINT('',(-3.36294930511737E-18,-8.11887782198754E-18,0.188981980085373));
#772=CARTESIAN_POINT('',(-6.21392006374199E-18,-6.21392006374199E-18,0.188981980085373));
#773=CARTESIAN_POINT('',(-8.11887782198755E-18,-3.36294930511736E-18,0.188981980085373));
#774=CARTESIAN_POINT('',(-8.78781002964621E-18,-6.64445830813596E-33,0.188981980085373));
#775=CARTESIAN_POINT('',(-8.11887782198754E-18,3.36294930511738E-18,0.188981980085373));
#776=CARTESIAN_POINT('',(0.00703222282992674,0.00291284206978534,0.184652360152681));
#777=CARTESIAN_POINT('',(0.0076116231418308,6.01732205729455E-18,0.184652360152681));
#778=CARTESIAN_POINT('',(0.00703222282992673,-0.00291284206978536,0.184652360152681));
#779=CARTESIAN_POINT('',(0.00538223033942501,-0.00538223033942501,0.184652360152681));
#780=CARTESIAN_POINT('',(0.00291284206978535,-0.00703222282992673,0.184652360152681));
#781=CARTESIAN_POINT('',(3.74388562686401E-18,-0.0076116231418308,0.184652360152681));
#782=CARTESIAN_POINT('',(-0.00291284206978536,-0.00703222282992673,0.184652360152681));
#783=CARTESIAN_POINT('',(-0.00538223033942501,-0.00538223033942501,0.184652360152681));
#784=CARTESIAN_POINT('',(-0.00703222282992673,-0.00291284206978536,0.184652360152681));
#785=CARTESIAN_POINT('',(-0.0076116231418308,-9.1644332681485E-19,0.184652360152681));
#786=CARTESIAN_POINT('',(-0.00703222282992674,0.00291284206978536,0.184652360152681));
#787=CARTESIAN_POINT('',(-0.00538223033942501,0.00538223033942501,0.184652360152681));
#788=CARTESIAN_POINT('',(-0.00291284206978535,0.00703222282992673,0.184652360152681));
#789=CARTESIAN_POINT('',(-2.61224960933226E-18,0.0076116231418308,0.184652360152681));
#790=CARTESIAN_POINT('',(0.00291284206978536,0.00703222282992673,0.184652360152681));
#791=CARTESIAN_POINT('',(0.00538223033942502,0.00538223033942501,0.184652360152681));
#792=CARTESIAN_POINT('',(0.00703222282992674,0.00291284206978534,0.184652360152681));
#793=CARTESIAN_POINT('',(0.0076116231418308,6.01732205729455E-18,0.184652360152681));
#794=CARTESIAN_POINT('',(0.00703222282992673,-0.00291284206978536,0.184652360152681));
#795=CARTESIAN_POINT('',(0.0126347503401652,0.00523348494809447,0.161326410715133));
#796=CARTESIAN_POINT('',(0.0136757552208365,9.64939933512099E-18,0.161326410715133));
#797=CARTESIAN_POINT('',(0.0126347503401652,-0.0052334849480945,0.161326410715133));
#798=CARTESIAN_POINT('',(0.00967021925450079,-0.00967021925450079,0.161326410715133));
#799=CARTESIAN_POINT('',(0.0052334849480945,-0.0126347503401652,0.161326410715133));
#800=CARTESIAN_POINT('',(-2.61563774112128E-18,-0.0136757552208365,0.161326410715133));
#801=CARTESIAN_POINT('',(-0.00523348494809448,-0.0126347503401652,0.161326410715133));
#802=CARTESIAN_POINT('',(-0.00967021925450079,-0.00967021925450079,0.161326410715133));
#803=CARTESIAN_POINT('',(-0.0126347503401652,-0.0052334849480945,0.161326410715133));
#804=CARTESIAN_POINT('',(-0.0136757552208365,-2.19032132248121E-18,0.161326410715133));
#805=CARTESIAN_POINT('',(-0.0126347503401652,0.00523348494809449,0.161326410715133));
#806=CARTESIAN_POINT('',(-0.0096702192545008,0.00967021925450079,0.161326410715133));
#807=CARTESIAN_POINT('',(-0.0052334849480945,0.0126347503401652,0.161326410715133));
#808=CARTESIAN_POINT('',(-5.02121131132349E-18,0.0136757552208365,0.161326410715133));
#809=CARTESIAN_POINT('',(0.00523348494809449,0.0126347503401652,0.161326410715133));
#810=CARTESIAN_POINT('',(0.0096702192545008,0.00967021925450079,0.161326410715133));
#811=CARTESIAN_POINT('',(0.0126347503401652,0.00523348494809447,0.161326410715133));
#812=CARTESIAN_POINT('',(0.0136757552208365,9.64939933512099E-18,0.161326410715133));
#813=CARTESIAN_POINT('',(0.0126347503401652,-0.0052334849480945,0.161326410715133));
#814=CARTESIAN_POINT('',(0.0168075825307154,0.00696192863492738,0.119004131772729));
#815=CARTESIAN_POINT('',(0.018192396237017,1.31188462870746E-17,0.119004131772729));
#816=CARTESIAN_POINT('',(0.0168075825307154,-0.00696192863492742,0.119004131772729));
#817=CARTESIAN_POINT('',(0.0128639667452274,-0.0128639667452274,0.119004131772729));
#818=CARTESIAN_POINT('',(0.00696192863492741,-0.0168075825307154,0.119004131772729));
#819=CARTESIAN_POINT('',(4.51976780654895E-18,-0.018192396237017,0.119004131772729));
#820=CARTESIAN_POINT('',(-0.00696192863492741,-0.0168075825307154,0.119004131772729));
#821=CARTESIAN_POINT('',(-0.0128639667452274,-0.0128639667452274,0.119004131772729));
#822=CARTESIAN_POINT('',(-0.0168075825307154,-0.00696192863492742,0.119004131772729));
#823=CARTESIAN_POINT('',(-0.018192396237017,-2.33992851679E-18,0.119004131772729));
#824=CARTESIAN_POINT('',(-0.0168075825307154,0.00696192863492741,0.119004131772729));
#825=CARTESIAN_POINT('',(-0.0128639667452274,0.0128639667452274,0.119004131772729));
#826=CARTESIAN_POINT('',(-0.00696192863492742,0.0168075825307154,0.119004131772729));
#827=CARTESIAN_POINT('',(-5.00088252058939E-18,0.018192396237017,0.119004131772729));
#828=CARTESIAN_POINT('',(0.00696192863492742,0.0168075825307154,0.119004131772729));
#829=CARTESIAN_POINT('',(0.0128639667452274,0.0128639667452274,0.119004131772729));
#830=CARTESIAN_POINT('',(0.0168075825307154,0.00696192863492738,0.119004131772729));
#831=CARTESIAN_POINT('',(0.018192396237017,1.31188462870746E-17,0.119004131772729));
#832=CARTESIAN_POINT('',(0.0168075825307154,-0.00696192863492742,0.119004131772729));
#833=CARTESIAN_POINT('',(-8.56483262709332E-18,0.,0.188981980085373));
#834=CARTESIAN_POINT('',(0.00564251001924276,0.,0.0766978338360786));
#835=CARTESIAN_POINT('',(-0.0149118624927863,0.00963347986351316,0.0713864139556885));
#836=CARTESIAN_POINT('',(-0.0148926404017381,0.00962238198407211,0.0482724139556885));
#837=CARTESIAN_POINT('',(-0.0148926404017381,0.00962238198407211,0.0476682145917821));
#838=CARTESIAN_POINT('',(-0.0144610157930055,0.0093731834000315,0.0464845187750494));
#839=CARTESIAN_POINT('',(-0.0134332873949889,0.00877982413278276,0.0459864139556885));
#840=CARTESIAN_POINT('',(-0.0129100568480798,0.00847773683567656,0.0459864139556885));
#841=CARTESIAN_POINT('',(-0.0105124534415613,0.00709347986351316,0.0713864139556885));
#842=CARTESIAN_POINT('',(-0.0105124534415613,0.00709347986351316,0.0713864139556885));
#843=CARTESIAN_POINT('',(-0.0149118624927863,0.00963347986351316,0.0713864139556885));
#844=CARTESIAN_POINT('',(-0.0109559069626889,0.00632539583412491,0.0713864139556885));
#845=CARTESIAN_POINT('',(-0.0113993604838164,0.00555731180473665,0.0713864139556885));
#846=CARTESIAN_POINT('',(-0.0113993604838164,0.00555731180473665,0.0713864139556885));
#847=CARTESIAN_POINT('',(-0.0109559069626889,0.00632539583412491,0.0713864139556885));
#848=CARTESIAN_POINT('',(-0.0157987695350414,0.00809731180473665,0.0713864139556885));
#849=CARTESIAN_POINT('',(-0.0137969638903349,0.00694156877690006,0.0459864139556885));
#850=CARTESIAN_POINT('',(-0.0143202063303853,0.00724366294051457,0.0459864139556885));
#851=CARTESIAN_POINT('',(-0.0153459068925902,0.0078358514362115,0.0464822103071649));
#852=CARTESIAN_POINT('',(-0.0157795474439932,0.00808621392529561,0.0476681995321892));
#853=CARTESIAN_POINT('',(-0.0157795474439932,0.00808621392529561,0.0482724139556885));
#854=CARTESIAN_POINT('',(-0.0157987695350414,0.00809731180473665,0.0713864139556885));
#855=CARTESIAN_POINT('',(-6.93889390390723E-18,-0.00254,0.0713864139556885));
#856=CARTESIAN_POINT('',(0.0157987695350413,0.00809731180473668,0.0713864139556885));
#857=CARTESIAN_POINT('',(0.0157795474439932,0.00808621392529563,0.0482724139556885));
#858=CARTESIAN_POINT('',(0.0157795474439932,0.00808621392529563,0.0476682145917821));
#859=CARTESIAN_POINT('',(0.0153479228352606,0.00783701534125503,0.0464845187750494));
#860=CARTESIAN_POINT('',(0.014320194437244,0.00724365607400629,0.0459864139556885));
#861=CARTESIAN_POINT('',(0.0137969638903349,0.00694156877690008,0.0459864139556885));
#862=CARTESIAN_POINT('',(0.0113993604838164,0.00555731180473667,0.0713864139556885));
#863=CARTESIAN_POINT('',(0.0113993604838164,0.00555731180473667,0.0713864139556885));
#864=CARTESIAN_POINT('',(0.0157987695350413,0.00809731180473668,0.0713864139556885));
#865=CARTESIAN_POINT('',(0.0149118624927862,0.00963347986351318,0.0713864139556885));
#866=CARTESIAN_POINT('',(0.0129100568480798,0.00847773683567659,0.0459864139556885));
#867=CARTESIAN_POINT('',(0.0134332992881301,0.0087798309992911,0.0459864139556885));
#868=CARTESIAN_POINT('',(0.014458999850335,0.00937201949498806,0.0464822103071649));
#869=CARTESIAN_POINT('',(0.0148926404017381,0.00962238198407213,0.0476681995321892));
#870=CARTESIAN_POINT('',(0.0148926404017381,0.00962238198407213,0.0482724139556885));
#871=CARTESIAN_POINT('',(0.0149118624927862,0.00963347986351318,0.0713864139556885));
#872=CARTESIAN_POINT('',(0.0105124534415613,0.00709347986351318,0.0713864139556885));
#873=CARTESIAN_POINT('',(0.0105124534415613,0.00709347986351318,0.0713864139556885));
#874=CARTESIAN_POINT('',(-6.93889390390723E-18,-0.00254,0.0713864139556885));
#875=CARTESIAN_POINT('',(0.0109559069626889,0.00632539583412492,0.0713864139556885));
#876=CARTESIAN_POINT('',(0.0109559069626889,0.00632539583412492,0.0713864139556885));
#877=CARTESIAN_POINT('',(0.000886907042255126,-0.0177307916682498,0.0713864139556885));
#878=CARTESIAN_POINT('',(0.000886907042255126,-0.0154193056125767,0.0459864139556885));
#879=CARTESIAN_POINT('',(0.000886907042255126,-0.0160234939398057,0.0459864139556885));
#880=CARTESIAN_POINT('',(0.000886907042255126,-0.0172078709311996,0.0464822103071649));
#881=CARTESIAN_POINT('',(0.000886907042255126,-0.0177085959093677,0.0476681995321892));
#882=CARTESIAN_POINT('',(0.000886907042255126,-0.0177085959093677,0.0482724139556885));
#883=CARTESIAN_POINT('',(0.000886907042255126,-0.0177307916682498,0.0713864139556885));
#884=CARTESIAN_POINT('',(0.000886907042255125,-0.0126507916682498,0.0713864139556885));
#885=CARTESIAN_POINT('',(0.000886907042255125,-0.0126507916682498,0.0713864139556885));
#886=CARTESIAN_POINT('',(-0.000886907042255115,-0.0177307916682498,0.0713864139556885));
#887=CARTESIAN_POINT('',(-0.000886907042255115,-0.0177085959093677,0.0482724139556885));
#888=CARTESIAN_POINT('',(-0.000886907042255115,-0.0177085959093677,0.0476682145917821));
#889=CARTESIAN_POINT('',(-0.000886907042255115,-0.0172101987412865,0.0464845187750494));
#890=CARTESIAN_POINT('',(-0.000886907042255115,-0.0160234802067891,0.0459864139556885));
#891=CARTESIAN_POINT('',(-0.000886907042255115,-0.0154193056125767,0.0459864139556885));
#892=CARTESIAN_POINT('',(-0.000886907042255115,-0.0126507916682498,0.0713864139556885));
#893=CARTESIAN_POINT('',(-0.000886907042255115,-0.0126507916682498,0.0713864139556885));
#894=CARTESIAN_POINT('',(-0.000886907042255115,-0.0177307916682498,0.0713864139556885));
#895=CARTESIAN_POINT('',(-6.93889390390723E-18,-0.00254,0.0713864139556885));
#896=CARTESIAN_POINT('',(4.77048955893622E-18,-0.0126507916682498,0.0713864139556885));
#897=CARTESIAN_POINT('',(4.77048955893622E-18,-0.0126507916682498,0.0713864139556885));
#898=CARTESIAN_POINT('',(0.,0.,0.0482724139556885));
#899=CARTESIAN_POINT('',(0.,0.,0.0482724139556885));
#900=CARTESIAN_POINT('',(0.,0.,0.0482724139556885));
#901=CARTESIAN_POINT('',(0.,0.,0.));
#902=CARTESIAN_POINT('',(-0.00316214639000461,-0.0031621463900046,0.0446744598448277));
#903=CARTESIAN_POINT('',(-0.00447195031095363,-1.02999206386123E-18,0.0446744598448277));
#904=CARTESIAN_POINT('',(-0.0031621463900046,0.0031621463900046,0.0446744598448277));
#905=CARTESIAN_POINT('',(-1.11130722679764E-18,0.00447195031095363,0.0446744598448277));
#906=CARTESIAN_POINT('',(0.0031621463900046,0.0031621463900046,0.0446744598448276));
#907=CARTESIAN_POINT('',(0.00447195031095363,5.68359107607636E-19,0.0446744598448277));
#908=CARTESIAN_POINT('',(0.0031621463900046,-0.0031621463900046,0.0446744598448277));
#909=CARTESIAN_POINT('',(2.33103467084383E-18,-0.00447195031095363,0.0446744598448277));
#910=CARTESIAN_POINT('',(-0.00316214639000461,-0.0031621463900046,0.0446744598448277));
#911=CARTESIAN_POINT('',(-0.00447195031095363,-1.02999206386123E-18,0.0446744598448277));
#912=CARTESIAN_POINT('',(-0.0031621463900046,0.0031621463900046,0.0446744598448277));
#913=CARTESIAN_POINT('',(-0.00301396788060145,-0.00301396788060145,0.0445861593001675));
#914=CARTESIAN_POINT('',(-0.00426239425330346,-1.02999206386123E-18,0.0445861593001675));
#915=CARTESIAN_POINT('',(-0.00301396788060145,0.00301396788060145,0.0445861593001675));
#916=CARTESIAN_POINT('',(2.71050543121376E-19,0.00426239425330346,0.0445861593001675));
#917=CARTESIAN_POINT('',(0.00301396788060145,0.00301396788060145,0.0445861593001675));
#918=CARTESIAN_POINT('',(0.00426239425330346,6.01393392550553E-19,0.0445861593001675));
#919=CARTESIAN_POINT('',(0.00301396788060145,-0.00301396788060145,0.0445861593001675));
#920=CARTESIAN_POINT('',(2.22261445359528E-18,-0.00426239425330347,0.0445861593001675));
#921=CARTESIAN_POINT('',(-0.00301396788060145,-0.00301396788060145,0.0445861593001675));
#922=CARTESIAN_POINT('',(-0.00426239425330346,-1.02999206386123E-18,0.0445861593001675));
#923=CARTESIAN_POINT('',(-0.00301396788060145,0.00301396788060145,0.0445861593001675));
#924=CARTESIAN_POINT('',(-0.00273866573561955,-0.00273866573561955,0.0443101273673212));
#925=CARTESIAN_POINT('',(-0.00387305822611966,-4.87890977618477E-19,0.0443101273673213));
#926=CARTESIAN_POINT('',(-0.00273866573561955,0.00273866573561955,0.0443101273673212));
#927=CARTESIAN_POINT('',(-2.43945488809238E-19,0.00387305822611966,0.0443101273673212));
#928=CARTESIAN_POINT('',(0.00273866573561955,0.00273866573561955,0.0443101273673213));
#929=CARTESIAN_POINT('',(0.00387305822611966,3.11708124589583E-19,0.0443101273673213));
#930=CARTESIAN_POINT('',(0.00273866573561955,-0.00273866573561955,0.0443101273673212));
#931=CARTESIAN_POINT('',(2.7376104855259E-18,-0.00387305822611966,0.0443101273673213));
#932=CARTESIAN_POINT('',(-0.00273866573561955,-0.00273866573561955,0.0443101273673212));
#933=CARTESIAN_POINT('',(-0.00387305822611966,-4.87890977618477E-19,0.0443101273673213));
#934=CARTESIAN_POINT('',(-0.00273866573561955,0.00273866573561955,0.0443101273673212));
#935=CARTESIAN_POINT('',(-0.00236141493934927,-0.00236141493934927,0.0435776295514072));
#936=CARTESIAN_POINT('',(-0.00333954503361818,-5.96311194867027E-19,0.0435776295514071));
#937=CARTESIAN_POINT('',(-0.00236141493934927,0.00236141493934927,0.0435776295514072));
#938=CARTESIAN_POINT('',(-1.20617491689012E-18,0.00333954503361818,0.0435776295514071));
#939=CARTESIAN_POINT('',(0.00236141493934927,0.00236141493934927,0.0435776295514071));
#940=CARTESIAN_POINT('',(0.00333954503361818,6.91178884959509E-19,0.0435776295514072));
#941=CARTESIAN_POINT('',(0.00236141493934927,-0.00236141493934927,0.0435776295514072));
#942=CARTESIAN_POINT('',(2.33103467084383E-18,-0.00333954503361818,0.0435776295514072));
#943=CARTESIAN_POINT('',(-0.00236141493934927,-0.00236141493934927,0.0435776295514072));
#944=CARTESIAN_POINT('',(-0.00333954503361818,-5.96311194867027E-19,0.0435776295514071));
#945=CARTESIAN_POINT('',(-0.00236141493934927,0.00236141493934927,0.0435776295514072));
#946=CARTESIAN_POINT('',(-0.0021206409861253,-0.0021206409861253,0.0428942252584431));
#947=CARTESIAN_POINT('',(-0.00299903924350265,-5.42101086242752E-19,0.0428942252584431));
#948=CARTESIAN_POINT('',(-0.0021206409861253,0.0021206409861253,0.0428942252584431));
#949=CARTESIAN_POINT('',(-1.76182853028894E-19,0.00299903924350266,0.0428942252584431));
#950=CARTESIAN_POINT('',(0.0021206409861253,0.0021206409861253,0.0428942252584431));
#951=CARTESIAN_POINT('',(0.00299903924350266,3.2102548700938E-19,0.0428942252584431));
#952=CARTESIAN_POINT('',(0.0021206409861253,-0.0021206409861253,0.0428942252584431));
#953=CARTESIAN_POINT('',(1.16551733542192E-18,-0.00299903924350266,0.0428942252584431));
#954=CARTESIAN_POINT('',(-0.0021206409861253,-0.0021206409861253,0.0428942252584431));
#955=CARTESIAN_POINT('',(-0.00299903924350265,-5.42101086242752E-19,0.0428942252584431));
#956=CARTESIAN_POINT('',(-0.0021206409861253,0.0021206409861253,0.0428942252584431));
#957=CARTESIAN_POINT('',(-0.00196145980613409,-0.00196145980613409,0.0421705818619631));
#958=CARTESIAN_POINT('',(-0.00277392305988453,-5.42101086242752E-19,0.0421705818619631));
#959=CARTESIAN_POINT('',(-0.00196145980613409,0.00196145980613409,0.0421705818619631));
#960=CARTESIAN_POINT('',(-7.18283939271647E-19,0.00277392305988453,0.0421705818619631));
#961=CARTESIAN_POINT('',(0.00196145980613409,0.00196145980613409,0.0421705818619631));
#962=CARTESIAN_POINT('',(0.00277392305988453,1.89311863711336E-19,0.0421705818619631));
#963=CARTESIAN_POINT('',(0.00196145980613409,-0.00196145980613409,0.0421705818619631));
#964=CARTESIAN_POINT('',(8.67361737988404E-19,-0.00277392305988454,0.0421705818619631));
#965=CARTESIAN_POINT('',(-0.00196145980613409,-0.00196145980613409,0.0421705818619631));
#966=CARTESIAN_POINT('',(-0.00277392305988453,-5.42101086242752E-19,0.0421705818619631));
#967=CARTESIAN_POINT('',(-0.00196145980613409,0.00196145980613409,0.0421705818619631));
#968=CARTESIAN_POINT('',(-0.00188071783903404,-0.00188071783903404,0.0412918548029721));
#969=CARTESIAN_POINT('',(-0.00265973667495896,-4.60785923306339E-19,0.0412918548029721));
#970=CARTESIAN_POINT('',(-0.00188071783903404,0.00188071783903404,0.0412918548029721));
#971=CARTESIAN_POINT('',(-3.25260651745651E-19,0.00265973667495896,0.0412918548029721));
#972=CARTESIAN_POINT('',(0.00188071783903404,0.00188071783903404,0.0412918548029721));
#973=CARTESIAN_POINT('',(0.00265973667495897,4.12081528839217E-19,0.0412918548029721));
#974=CARTESIAN_POINT('',(0.00188071783903404,-0.00188071783903404,0.0412918548029721));
#975=CARTESIAN_POINT('',(1.24683249835833E-18,-0.00265973667495897,0.0412918548029721));
#976=CARTESIAN_POINT('',(-0.00188071783903404,-0.00188071783903404,0.0412918548029721));
#977=CARTESIAN_POINT('',(-0.00265973667495896,-4.60785923306339E-19,0.0412918548029721));
#978=CARTESIAN_POINT('',(-0.00188071783903404,0.00188071783903404,0.0412918548029721));
#979=CARTESIAN_POINT('',(-0.00195069272909312,-0.00195069272909312,0.040845542613625));
#980=CARTESIAN_POINT('',(-0.00275869611350608,-6.50521303491303E-19,0.040845542613625));
#981=CARTESIAN_POINT('',(-0.00195069272909312,0.00195069272909312,0.040845542613625));
#982=CARTESIAN_POINT('',(-8.13151629364128E-19,0.00275869611350608,0.040845542613625));
#983=CARTESIAN_POINT('',(0.00195069272909312,0.00195069272909312,0.040845542613625));
#984=CARTESIAN_POINT('',(0.00275869611350608,5.28548559086683E-19,0.040845542613625));
#985=CARTESIAN_POINT('',(0.00195069272909312,-0.00195069272909312,0.040845542613625));
#986=CARTESIAN_POINT('',(7.86046575051991E-19,-0.00275869611350608,0.040845542613625));
#987=CARTESIAN_POINT('',(-0.00195069272909312,-0.00195069272909312,0.040845542613625));
#988=CARTESIAN_POINT('',(-0.00275869611350608,-6.50521303491303E-19,0.040845542613625));
#989=CARTESIAN_POINT('',(-0.00195069272909312,0.00195069272909312,0.040845542613625));
#990=CARTESIAN_POINT('',(-0.00201840734497187,-0.00201840734497187,0.0406507700681686));
#991=CARTESIAN_POINT('',(-0.00285445904165269,-5.96311194867027E-19,0.0406507700681687));
#992=CARTESIAN_POINT('',(-0.00201840734497187,0.00201840734497187,0.0406507700681687));
#993=CARTESIAN_POINT('',(-4.87890977618477E-19,0.00285445904165269,0.0406507700681687));
#994=CARTESIAN_POINT('',(0.00201840734497187,0.00201840734497187,0.0406507700681687));
#995=CARTESIAN_POINT('',(0.00285445904165269,4.00646584051284E-19,0.0406507700681687));
#996=CARTESIAN_POINT('',(0.00201840734497187,-0.00201840734497187,0.0406507700681687));
#997=CARTESIAN_POINT('',(1.24683249835833E-18,-0.00285445904165269,0.0406507700681687));
#998=CARTESIAN_POINT('',(-0.00201840734497187,-0.00201840734497187,0.0406507700681686));
#999=CARTESIAN_POINT('',(-0.00285445904165269,-5.96311194867027E-19,0.0406507700681687));
#1000=CARTESIAN_POINT('',(-0.00201840734497187,0.00201840734497187,0.0406507700681687));
#1001=CARTESIAN_POINT('',(0.,0.,0.0406507700681687));
#1002=CARTESIAN_POINT('',(-0.00257577514275909,0.,0.0406507700681687));
#1003=CARTESIAN_POINT('',(0.,0.,0.0446744598448277));
#1004=CARTESIAN_POINT('',(-0.00403534900397062,0.,0.0446744598448277));
#1005=CARTESIAN_POINT('',(-0.00382523593382062,-0.0015844646030654,0.0446744598448277));
#1006=CARTESIAN_POINT('',(-0.00414040553904562,-3.03576608295941E-18,0.0446744598448277));
#1007=CARTESIAN_POINT('',(-0.00382523593382061,0.00158446460306541,0.0446744598448276));
#1008=CARTESIAN_POINT('',(-0.0029277088335215,0.0029277088335215,0.0446744598448277));
#1009=CARTESIAN_POINT('',(-0.00158446460306541,0.00382523593382061,0.0446744598448276));
#1010=CARTESIAN_POINT('',(-1.08081404069649E-18,0.00414040553904562,0.0446744598448277));
#1011=CARTESIAN_POINT('',(0.00158446460306541,0.00382523593382061,0.0446744598448277));
#1012=CARTESIAN_POINT('',(0.0029277088335215,0.0029277088335215,0.0446744598448277));
#1013=CARTESIAN_POINT('',(0.00382523593382061,0.00158446460306541,0.0446744598448277));
#1014=CARTESIAN_POINT('',(0.00414040553904562,6.06707200805594E-19,0.0446744598448277));
#1015=CARTESIAN_POINT('',(0.00382523593382061,-0.00158446460306541,0.0446744598448277));
#1016=CARTESIAN_POINT('',(0.0029277088335215,-0.0029277088335215,0.0446744598448277));
#1017=CARTESIAN_POINT('',(0.00158446460306541,-0.00382523593382061,0.0446744598448277));
#1018=CARTESIAN_POINT('',(1.21633931225718E-18,-0.00414040553904562,0.0446744598448277));
#1019=CARTESIAN_POINT('',(-0.00158446460306541,-0.00382523593382061,0.0446744598448277));
#1020=CARTESIAN_POINT('',(-0.00292770883352151,-0.0029277088335215,0.0446744598448277));
#1021=CARTESIAN_POINT('',(-0.00382523593382062,-0.0015844646030654,0.0446744598448277));
#1022=CARTESIAN_POINT('',(-0.00414040553904562,-3.03576608295941E-18,0.0446744598448277));
#1023=CARTESIAN_POINT('',(-0.00382523593382061,0.00158446460306541,0.0446744598448276));
#1024=CARTESIAN_POINT('',(-0.00499681632912792,-0.00206974909221212,0.0452132054024594));
#1025=CARTESIAN_POINT('',(-0.00540851502094172,-3.57786716920216E-18,0.0452132054024593));
#1026=CARTESIAN_POINT('',(-0.00499681632912791,0.00206974909221213,0.0452132054024593));
#1027=CARTESIAN_POINT('',(-0.0038243976474572,0.00382439764745719,0.0452132054024594));
#1028=CARTESIAN_POINT('',(-0.00206974909221212,0.00499681632912791,0.0452132054024593));
#1029=CARTESIAN_POINT('',(-8.02987233997077E-19,0.00540851502094173,0.0452132054024594));
#1030=CARTESIAN_POINT('',(0.00206974909221212,0.00499681632912791,0.0452132054024594));
#1031=CARTESIAN_POINT('',(0.00382439764745719,0.0038243976474572,0.0452132054024594));
#1032=CARTESIAN_POINT('',(0.00499681632912791,0.00206974909221213,0.0452132054024594));
#1033=CARTESIAN_POINT('',(0.00540851502094172,6.32753463933664E-19,0.0452132054024594));
#1034=CARTESIAN_POINT('',(0.00499681632912792,-0.00206974909221212,0.0452132054024594));
#1035=CARTESIAN_POINT('',(0.00382439764745719,-0.00382439764745719,0.0452132054024594));
#1036=CARTESIAN_POINT('',(0.00206974909221213,-0.00499681632912791,0.0452132054024594));
#1037=CARTESIAN_POINT('',(-9.75781955236954E-19,-0.00540851502094172,0.0452132054024594));
#1038=CARTESIAN_POINT('',(-0.00206974909221212,-0.00499681632912792,0.0452132054024594));
#1039=CARTESIAN_POINT('',(-0.0038243976474572,-0.00382439764745719,0.0452132054024593));
#1040=CARTESIAN_POINT('',(-0.00499681632912792,-0.00206974909221212,0.0452132054024594));
#1041=CARTESIAN_POINT('',(-0.00540851502094172,-3.57786716920216E-18,0.0452132054024593));
#1042=CARTESIAN_POINT('',(-0.00499681632912791,0.00206974909221213,0.0452132054024593));
#1043=CARTESIAN_POINT('',(-0.00587226627778893,-0.00243237233412633,0.0460207819884529));
#1044=CARTESIAN_POINT('',(-0.00635609521711877,-4.93311988480905E-18,0.0460207819884529));
#1045=CARTESIAN_POINT('',(-0.00587226627778892,0.00243237233412634,0.0460207819884529));
#1046=CARTESIAN_POINT('',(-0.00449443802989207,0.00449443802989207,0.0460207819884529));
#1047=CARTESIAN_POINT('',(-0.00243237233412634,0.00587226627778892,0.0460207819884529));
#1048=CARTESIAN_POINT('',(-1.42809754907075E-18,0.00635609521711877,0.0460207819884529));
#1049=CARTESIAN_POINT('',(0.00243237233412634,0.00587226627778892,0.0460207819884529));
#1050=CARTESIAN_POINT('',(0.00449443802989207,0.00449443802989207,0.0460207819884529));
#1051=CARTESIAN_POINT('',(0.00587226627778892,0.00243237233412635,0.0460207819884529));
#1052=CARTESIAN_POINT('',(0.00635609521711878,6.46931339632823E-19,0.0460207819884529));
#1053=CARTESIAN_POINT('',(0.00587226627778892,-0.00243237233412634,0.0460207819884529));
#1054=CARTESIAN_POINT('',(0.00449443802989207,-0.00449443802989207,0.0460207819884529));
#1055=CARTESIAN_POINT('',(0.00243237233412634,-0.00587226627778892,0.0460207819884529));
#1056=CARTESIAN_POINT('',(4.23855286806052E-18,-0.00635609521711878,0.0460207819884529));
#1057=CARTESIAN_POINT('',(-0.00243237233412634,-0.00587226627778892,0.0460207819884529));
#1058=CARTESIAN_POINT('',(-0.00449443802989207,-0.00449443802989207,0.0460207819884529));
#1059=CARTESIAN_POINT('',(-0.00587226627778893,-0.00243237233412633,0.0460207819884529));
#1060=CARTESIAN_POINT('',(-0.00635609521711877,-4.93311988480905E-18,0.0460207819884529));
#1061=CARTESIAN_POINT('',(-0.00587226627778892,0.00243237233412634,0.0460207819884529));
#1062=CARTESIAN_POINT('',(-0.00645158577980364,-0.00267233432880805,0.0470971896028084));
#1063=CARTESIAN_POINT('',(-0.00698314612757677,-5.31259064517897E-18,0.0470971896028084));
#1064=CARTESIAN_POINT('',(-0.00645158577980364,0.00267233432880807,0.0470971896028084));
#1065=CARTESIAN_POINT('',(-0.00493782998082612,0.00493782998082612,0.0470971896028084));
#1066=CARTESIAN_POINT('',(-0.00267233432880807,0.00645158577980364,0.0470971896028084));
#1067=CARTESIAN_POINT('',(-8.92772726406033E-19,0.00698314612757678,0.0470971896028084));
#1068=CARTESIAN_POINT('',(0.00267233432880807,0.00645158577980364,0.0470971896028084));
#1069=CARTESIAN_POINT('',(0.00493782998082612,0.00493782998082612,0.0470971896028084));
#1070=CARTESIAN_POINT('',(0.00645158577980363,0.00267233432880807,0.0470971896028084));
#1071=CARTESIAN_POINT('',(0.00698314612757678,1.08519478922057E-18,0.0470971896028084));
#1072=CARTESIAN_POINT('',(0.00645158577980364,-0.00267233432880807,0.0470971896028084));
#1073=CARTESIAN_POINT('',(0.00493782998082612,-0.00493782998082612,0.0470971896028084));
#1074=CARTESIAN_POINT('',(0.00267233432880807,-0.00645158577980363,0.0470971896028084));
#1075=CARTESIAN_POINT('',(1.62630325872826E-18,-0.00698314612757678,0.0470971896028084));
#1076=CARTESIAN_POINT('',(-0.00267233432880807,-0.00645158577980364,0.0470971896028084));
#1077=CARTESIAN_POINT('',(-0.00493782998082612,-0.00493782998082612,0.0470971896028084));
#1078=CARTESIAN_POINT('',(-0.00645158577980364,-0.00267233432880805,0.0470971896028084));
#1079=CARTESIAN_POINT('',(-0.00698314612757677,-5.31259064517897E-18,0.0470971896028084));
#1080=CARTESIAN_POINT('',(-0.00645158577980364,0.00267233432880807,0.0470971896028084));
#1081=CARTESIAN_POINT('',(0.,0.,0.0470971896028084));
#1082=CARTESIAN_POINT('',(-0.00680595934498573,0.,0.0470971896028084));
#1083=CARTESIAN_POINT('',(-0.00645158577980364,-0.00267233432880805,0.0470971896028084));
#1084=CARTESIAN_POINT('',(-0.00698314612757678,-5.36680075380325E-18,0.0470971896028084));
#1085=CARTESIAN_POINT('',(-0.00645158577980364,0.00267233432880807,0.0470971896028084));
#1086=CARTESIAN_POINT('',(-0.00493782998082612,0.00493782998082612,0.0470971896028084));
#1087=CARTESIAN_POINT('',(-0.00267233432880807,0.00645158577980364,0.0470971896028084));
#1088=CARTESIAN_POINT('',(-8.97854924089558E-19,0.00698314612757678,0.0470971896028084));
#1089=CARTESIAN_POINT('',(0.00267233432880807,0.00645158577980364,0.0470971896028084));
#1090=CARTESIAN_POINT('',(0.00493782998082612,0.00493782998082612,0.0470971896028084));
#1091=CARTESIAN_POINT('',(0.00645158577980363,0.00267233432880807,0.0470971896028084));
#1092=CARTESIAN_POINT('',(0.00698314612757678,1.17235977344896E-18,0.0470971896028084));
#1093=CARTESIAN_POINT('',(0.00645158577980364,-0.00267233432880807,0.0470971896028084));
#1094=CARTESIAN_POINT('',(0.00493782998082612,-0.00493782998082612,0.0470971896028084));
#1095=CARTESIAN_POINT('',(0.00267233432880807,-0.00645158577980364,0.0470971896028084));
#1096=CARTESIAN_POINT('',(1.79570984817912E-18,-0.00698314612757678,0.0470971896028084));
#1097=CARTESIAN_POINT('',(-0.00267233432880807,-0.00645158577980364,0.0470971896028084));
#1098=CARTESIAN_POINT('',(-0.00493782998082612,-0.00493782998082612,0.0470971896028084));
#1099=CARTESIAN_POINT('',(-0.00645158577980364,-0.00267233432880805,0.0470971896028084));
#1100=CARTESIAN_POINT('',(-0.00698314612757678,-5.36680075380325E-18,0.0470971896028084));
#1101=CARTESIAN_POINT('',(-0.00645158577980364,0.00267233432880807,0.0470971896028084));
#1102=CARTESIAN_POINT('',(-0.00677082949469093,-0.00280456940521673,0.0476903620479698));
#1103=CARTESIAN_POINT('',(-0.00732869303456313,-4.87890977618477E-18,0.0476903620479698));
#1104=CARTESIAN_POINT('',(-0.00677082949469092,0.00280456940521675,0.0476903620479698));
#1105=CARTESIAN_POINT('',(-0.00518216854197421,0.00518216854197421,0.0476903620479698));
#1106=CARTESIAN_POINT('',(-0.00280456940521675,0.00677082949469092,0.0476903620479698));
#1107=CARTESIAN_POINT('',(-1.48061359180052E-18,0.00732869303456314,0.0476903620479698));
#1108=CARTESIAN_POINT('',(0.00280456940521675,0.00677082949469092,0.0476903620479698));
#1109=CARTESIAN_POINT('',(0.00518216854197421,0.00518216854197421,0.0476903620479698));
#1110=CARTESIAN_POINT('',(0.00677082949469092,0.00280456940521675,0.0476903620479698));
#1111=CARTESIAN_POINT('',(0.00732869303456314,8.01994617262013E-19,0.0476903620479698));
#1112=CARTESIAN_POINT('',(0.00677082949469092,-0.00280456940521675,0.0476903620479698));
#1113=CARTESIAN_POINT('',(0.00518216854197421,-0.00518216854197421,0.0476903620479698));
#1114=CARTESIAN_POINT('',(0.00280456940521675,-0.00677082949469091,0.0476903620479698));
#1115=CARTESIAN_POINT('',(1.0638733817514E-18,-0.00732869303456314,0.0476903620479698));
#1116=CARTESIAN_POINT('',(-0.00280456940521675,-0.00677082949469092,0.0476903620479698));
#1117=CARTESIAN_POINT('',(-0.00518216854197421,-0.00518216854197421,0.0476903620479698));
#1118=CARTESIAN_POINT('',(-0.00677082949469093,-0.00280456940521673,0.0476903620479698));
#1119=CARTESIAN_POINT('',(-0.00732869303456313,-4.87890977618477E-18,0.0476903620479698));
#1120=CARTESIAN_POINT('',(-0.00677082949469092,0.00280456940521675,0.0476903620479698));
#1121=CARTESIAN_POINT('',(-0.00700014592578383,-0.00289955538105041,0.0483651716380247));
#1122=CARTESIAN_POINT('',(-0.00757690335097699,-6.1257422745431E-18,0.0483651716380247));
#1123=CARTESIAN_POINT('',(-0.00700014592578382,0.00289955538105043,0.0483651716380247));
#1124=CARTESIAN_POINT('',(-0.0053576797398709,0.0053576797398709,0.0483651716380247));
#1125=CARTESIAN_POINT('',(-0.00289955538105043,0.00700014592578382,0.0483651716380247));
#1126=CARTESIAN_POINT('',(-1.24683249835833E-18,0.00757690335097699,0.0483651716380247));
#1127=CARTESIAN_POINT('',(0.00289955538105043,0.00700014592578382,0.0483651716380247));
#1128=CARTESIAN_POINT('',(0.00535767973987091,0.0053576797398709,0.0483651716380247));
#1129=CARTESIAN_POINT('',(0.00700014592578383,0.00289955538105042,0.0483651716380247));
#1130=CARTESIAN_POINT('',(0.00757690335097699,1.0989226786665E-18,0.0483651716380247));
#1131=CARTESIAN_POINT('',(0.00700014592578383,-0.00289955538105042,0.0483651716380247));
#1132=CARTESIAN_POINT('',(0.00535767973987091,-0.0053576797398709,0.0483651716380247));
#1133=CARTESIAN_POINT('',(0.00289955538105042,-0.00700014592578382,0.0483651716380247));
#1134=CARTESIAN_POINT('',(3.54398585131199E-18,-0.00757690335097699,0.0483651716380247));
#1135=CARTESIAN_POINT('',(-0.00289955538105043,-0.00700014592578383,0.0483651716380247));
#1136=CARTESIAN_POINT('',(-0.00535767973987091,-0.00535767973987091,0.0483651716380247));
#1137=CARTESIAN_POINT('',(-0.00700014592578383,-0.00289955538105041,0.0483651716380247));
#1138=CARTESIAN_POINT('',(-0.00757690335097699,-6.1257422745431E-18,0.0483651716380247));
#1139=CARTESIAN_POINT('',(-0.00700014592578382,0.00289955538105043,0.0483651716380247));
#1140=CARTESIAN_POINT('',(-0.00713953507308238,-0.00295729225630909,0.0491216183729731));
#1141=CARTESIAN_POINT('',(-0.00772777707681834,-5.4752209710518E-18,0.0491216183729731));
#1142=CARTESIAN_POINT('',(-0.00713953507308237,0.0029572922563091,0.0491216183729731));
#1143=CARTESIAN_POINT('',(-0.00546436357451621,0.0054643635745162,0.0491216183729731));
#1144=CARTESIAN_POINT('',(-0.0029572922563091,0.00713953507308237,0.0491216183729731));
#1145=CARTESIAN_POINT('',(-7.96210970419042E-19,0.00772777707681834,0.0491216183729731));
#1146=CARTESIAN_POINT('',(0.0029572922563091,0.00713953507308237,0.0491216183729731));
#1147=CARTESIAN_POINT('',(0.00546436357451621,0.00546436357451621,0.0491216183729731));
#1148=CARTESIAN_POINT('',(0.00713953507308237,0.0029572922563091,0.0491216183729731));
#1149=CARTESIAN_POINT('',(0.00772777707681834,1.45333979264342E-18,0.0491216183729731));
#1150=CARTESIAN_POINT('',(0.00713953507308237,-0.0029572922563091,0.0491216183729731));
#1151=CARTESIAN_POINT('',(0.00546436357451621,-0.0054643635745162,0.0491216183729731));
#1152=CARTESIAN_POINT('',(0.00295729225630911,-0.00713953507308237,0.0491216183729731));
#1153=CARTESIAN_POINT('',(2.19550939928315E-18,-0.00772777707681834,0.0491216183729731));
#1154=CARTESIAN_POINT('',(-0.0029572922563091,-0.00713953507308237,0.0491216183729731));
#1155=CARTESIAN_POINT('',(-0.00546436357451621,-0.0054643635745162,0.0491216183729731));
#1156=CARTESIAN_POINT('',(-0.00713953507308238,-0.00295729225630909,0.0491216183729731));
#1157=CARTESIAN_POINT('',(-0.00772777707681834,-5.4752209710518E-18,0.0491216183729731));
#1158=CARTESIAN_POINT('',(-0.00713953507308237,0.0029572922563091,0.0491216183729731));
#1159=CARTESIAN_POINT('',(0.,0.,0.0491216184387028));
#1160=CARTESIAN_POINT('',(-0.00753169642168978,0.,0.0491216184387028));
#1161=CARTESIAN_POINT('',(-0.0071395350852002,-0.00295729226132845,0.0491216184387028));
#1162=CARTESIAN_POINT('',(-0.00772777708993457,-5.80048162279745E-18,0.0491216184387028));
#1163=CARTESIAN_POINT('',(-0.00713953508520019,0.00295729226132847,0.0491216184387028));
#1164=CARTESIAN_POINT('',(-0.00546436358379078,0.00546436358379078,0.0491216184387028));
#1165=CARTESIAN_POINT('',(-0.00295729226132847,0.00713953508520019,0.0491216184387028));
#1166=CARTESIAN_POINT('',(-7.04731412115578E-19,0.00772777708993458,0.0491216184387028));
#1167=CARTESIAN_POINT('',(0.00295729226132847,0.00713953508520019,0.0491216184387028));
#1168=CARTESIAN_POINT('',(0.00546436358379078,0.00546436358379078,0.0491216184387028));
#1169=CARTESIAN_POINT('',(0.00713953508520019,0.00295729226132847,0.0491216184387028));
#1170=CARTESIAN_POINT('',(0.00772777708993458,1.14678996635372E-18,0.0491216184387028));
#1171=CARTESIAN_POINT('',(0.00713953508520019,-0.00295729226132847,0.0491216184387028));
#1172=CARTESIAN_POINT('',(0.00546436358379078,-0.00546436358379078,0.0491216184387028));
#1173=CARTESIAN_POINT('',(0.00295729226132847,-0.00713953508520019,0.0491216184387028));
#1174=CARTESIAN_POINT('',(2.17179247676003E-18,-0.00772777708993458,0.0491216184387028));
#1175=CARTESIAN_POINT('',(-0.00295729226132847,-0.00713953508520019,0.0491216184387028));
#1176=CARTESIAN_POINT('',(-0.00546436358379079,-0.00546436358379078,0.0491216184387028));
#1177=CARTESIAN_POINT('',(-0.0071395350852002,-0.00295729226132845,0.0491216184387028));
#1178=CARTESIAN_POINT('',(-0.00772777708993457,-5.80048162279745E-18,0.0491216184387028));
#1179=CARTESIAN_POINT('',(-0.00713953508520019,0.00295729226132847,0.0491216184387028));
#1180=CARTESIAN_POINT('',(-0.00865439232455005,-0.00358476667492622,0.0544207761196581));
#1181=CARTESIAN_POINT('',(-0.00936744675036332,-7.04731412115578E-18,0.0544207761196581));
#1182=CARTESIAN_POINT('',(-0.00865439232455003,0.00358476667492624,0.0544207761196581));
#1183=CARTESIAN_POINT('',(-0.00662378511958579,0.00662378511958579,0.0544207761196581));
#1184=CARTESIAN_POINT('',(-0.00358476667492624,0.00865439232455003,0.0544207761196581));
#1185=CARTESIAN_POINT('',(-3.08319992800565E-18,0.00936744675036333,0.0544207761196581));
#1186=CARTESIAN_POINT('',(0.00358476667492624,0.00865439232455003,0.0544207761196581));
#1187=CARTESIAN_POINT('',(0.0066237851195858,0.0066237851195858,0.0544207761196581));
#1188=CARTESIAN_POINT('',(0.00865439232455003,0.00358476667492624,0.0544207761196581));
#1189=CARTESIAN_POINT('',(0.00936744675036332,7.52350545619031E-19,0.0544207761196581));
#1190=CARTESIAN_POINT('',(0.00865439232455004,-0.00358476667492624,0.0544207761196581));
#1191=CARTESIAN_POINT('',(0.0066237851195858,-0.00662378511958579,0.0544207761196581));
#1192=CARTESIAN_POINT('',(0.00358476667492624,-0.00865439232455003,0.0544207761196581));
#1193=CARTESIAN_POINT('',(2.36491598873401E-18,-0.00936744675036333,0.0544207761196581));
#1194=CARTESIAN_POINT('',(-0.00358476667492624,-0.00865439232455003,0.0544207761196581));
#1195=CARTESIAN_POINT('',(-0.0066237851195858,-0.00662378511958579,0.0544207761196581));
#1196=CARTESIAN_POINT('',(-0.00865439232455005,-0.00358476667492622,0.0544207761196581));
#1197=CARTESIAN_POINT('',(-0.00936744675036332,-7.04731412115578E-18,0.0544207761196581));
#1198=CARTESIAN_POINT('',(-0.00865439232455003,0.00358476667492624,0.0544207761196581));
#1199=CARTESIAN_POINT('',(-0.0086687911540826,-0.0035907308654009,0.0615986504379478));
#1200=CARTESIAN_POINT('',(-0.00938303193114269,-6.9931040125315E-18,0.0615986504379478));
#1201=CARTESIAN_POINT('',(-0.00866879115408259,0.00359073086540092,0.0615986504379478));
#1202=CARTESIAN_POINT('',(-0.00663480550660091,0.0066348055066009,0.0615986504379478));
#1203=CARTESIAN_POINT('',(-0.00359073086540092,0.00866879115408259,0.0615986504379478));
#1204=CARTESIAN_POINT('',(-2.09047731382361E-18,0.00938303193114269,0.0615986504379478));
#1205=CARTESIAN_POINT('',(0.00359073086540092,0.00866879115408259,0.0615986504379478));
#1206=CARTESIAN_POINT('',(0.0066348055066009,0.0066348055066009,0.0615986504379478));
#1207=CARTESIAN_POINT('',(0.00866879115408259,0.00359073086540092,0.0615986504379478));
#1208=CARTESIAN_POINT('',(0.00938303193114269,1.46857645952665E-18,0.0615986504379478));
#1209=CARTESIAN_POINT('',(0.0086687911540826,-0.00359073086540092,0.0615986504379478));
#1210=CARTESIAN_POINT('',(0.0066348055066009,-0.0066348055066009,0.0615986504379478));
#1211=CARTESIAN_POINT('',(0.00359073086540093,-0.00866879115408258,0.0615986504379478));
#1212=CARTESIAN_POINT('',(7.65717784317888E-19,-0.0093830319311427,0.0615986504379478));
#1213=CARTESIAN_POINT('',(-0.00359073086540092,-0.00866879115408259,0.0615986504379478));
#1214=CARTESIAN_POINT('',(-0.00663480550660091,-0.0066348055066009,0.0615986504379478));
#1215=CARTESIAN_POINT('',(-0.0086687911540826,-0.0035907308654009,0.0615986504379478));
#1216=CARTESIAN_POINT('',(-0.00938303193114269,-6.9931040125315E-18,0.0615986504379478));
#1217=CARTESIAN_POINT('',(-0.00866879115408259,0.00359073086540092,0.0615986504379478));
#1218=CARTESIAN_POINT('',(-0.00718273157379782,-0.00297518483275248,0.0706552413935719));
#1219=CARTESIAN_POINT('',(-0.00777453263227267,-5.96311194867027E-18,0.0706552413935719));
#1220=CARTESIAN_POINT('',(-0.00718273157379781,0.0029751848327525,0.0706552413935719));
#1221=CARTESIAN_POINT('',(-0.0054974247448361,0.0054974247448361,0.0706552413935719));
#1222=CARTESIAN_POINT('',(-0.0029751848327525,0.00718273157379782,0.0706552413935719));
#1223=CARTESIAN_POINT('',(-8.19927892942163E-19,0.00777453263227267,0.0706552413935719));
#1224=CARTESIAN_POINT('',(0.0029751848327525,0.00718273157379781,0.0706552413935719));
#1225=CARTESIAN_POINT('',(0.0054974247448361,0.0054974247448361,0.0706552413935719));
#1226=CARTESIAN_POINT('',(0.00718273157379781,0.0029751848327525,0.0706552413935719));
#1227=CARTESIAN_POINT('',(0.00777453263227267,1.37798694756229E-18,0.0706552413935719));
#1228=CARTESIAN_POINT('',(0.00718273157379782,-0.0029751848327525,0.0706552413935719));
#1229=CARTESIAN_POINT('',(0.0054974247448361,-0.0054974247448361,0.0706552413935719));
#1230=CARTESIAN_POINT('',(0.0029751848327525,-0.00718273157379782,0.0706552413935719));
#1231=CARTESIAN_POINT('',(2.16501621318199E-18,-0.00777453263227267,0.0706552413935719));
#1232=CARTESIAN_POINT('',(-0.0029751848327525,-0.00718273157379782,0.0706552413935719));
#1233=CARTESIAN_POINT('',(-0.00549742474483611,-0.0054974247448361,0.0706552413935719));
#1234=CARTESIAN_POINT('',(-0.00718273157379782,-0.00297518483275248,0.0706552413935719));
#1235=CARTESIAN_POINT('',(-0.00777453263227267,-5.96311194867027E-18,0.0706552413935719));
#1236=CARTESIAN_POINT('',(-0.00718273157379781,0.0029751848327525,0.0706552413935719));
#1237=CARTESIAN_POINT('',(0.,0.,0.0706552413935719));
#1238=CARTESIAN_POINT('',(-0.00757726561278105,0.,0.0706552413935719));
#1239=CARTESIAN_POINT('',(-0.00718273157379782,-0.00297518483275248,0.0706552413935719));
#1240=CARTESIAN_POINT('',(-0.00777453263227267,-5.96311194867027E-18,0.0706552413935719));
#1241=CARTESIAN_POINT('',(-0.00718273157379781,0.0029751848327525,0.0706552413935719));
#1242=CARTESIAN_POINT('',(-0.0054974247448361,0.0054974247448361,0.0706552413935719));
#1243=CARTESIAN_POINT('',(-0.0029751848327525,0.00718273157379782,0.0706552413935719));
#1244=CARTESIAN_POINT('',(-8.19927892942163E-19,0.00777453263227267,0.0706552413935719));
#1245=CARTESIAN_POINT('',(0.0029751848327525,0.00718273157379781,0.0706552413935719));
#1246=CARTESIAN_POINT('',(0.0054974247448361,0.0054974247448361,0.0706552413935719));
#1247=CARTESIAN_POINT('',(0.00718273157379781,0.0029751848327525,0.0706552413935719));
#1248=CARTESIAN_POINT('',(0.00777453263227267,1.37798694756229E-18,0.0706552413935719));
#1249=CARTESIAN_POINT('',(0.00718273157379782,-0.0029751848327525,0.0706552413935719));
#1250=CARTESIAN_POINT('',(0.0054974247448361,-0.0054974247448361,0.0706552413935719));
#1251=CARTESIAN_POINT('',(0.0029751848327525,-0.00718273157379782,0.0706552413935719));
#1252=CARTESIAN_POINT('',(2.16501621318199E-18,-0.00777453263227267,0.0706552413935719));
#1253=CARTESIAN_POINT('',(-0.0029751848327525,-0.00718273157379782,0.0706552413935719));
#1254=CARTESIAN_POINT('',(-0.00549742474483611,-0.0054974247448361,0.0706552413935719));
#1255=CARTESIAN_POINT('',(-0.00718273157379782,-0.00297518483275248,0.0706552413935719));
#1256=CARTESIAN_POINT('',(-0.00777453263227267,-5.96311194867027E-18,0.0706552413935719));
#1257=CARTESIAN_POINT('',(-0.00718273157379781,0.0029751848327525,0.0706552413935719));
#1258=CARTESIAN_POINT('',(-0.00718273157379782,-0.00297518483275249,0.0722099939265271));
#1259=CARTESIAN_POINT('',(-0.00777453263227266,-5.0415401020576E-18,0.072209993926527));
#1260=CARTESIAN_POINT('',(-0.00718273157379782,0.0029751848327525,0.072209993926527));
#1261=CARTESIAN_POINT('',(-0.0054974247448361,0.0054974247448361,0.072209993926527));
#1262=CARTESIAN_POINT('',(-0.0029751848327525,0.00718273157379782,0.072209993926527));
#1263=CARTESIAN_POINT('',(7.58941520739853E-19,0.00777453263227266,0.072209993926527));
#1264=CARTESIAN_POINT('',(0.0029751848327525,0.00718273157379782,0.072209993926527));
#1265=CARTESIAN_POINT('',(0.00549742474483611,0.0054974247448361,0.072209993926527));
#1266=CARTESIAN_POINT('',(0.00718273157379781,0.0029751848327525,0.072209993926527));
#1267=CARTESIAN_POINT('',(0.00777453263227267,1.55233676835376E-18,0.072209993926527));
#1268=CARTESIAN_POINT('',(0.00718273157379782,-0.0029751848327525,0.072209993926527));
#1269=CARTESIAN_POINT('',(0.00549742474483611,-0.0054974247448361,0.072209993926527));
#1270=CARTESIAN_POINT('',(0.0029751848327525,-0.00718273157379781,0.072209993926527));
#1271=CARTESIAN_POINT('',(1.83636742964732E-18,-0.00777453263227267,0.072209993926527));
#1272=CARTESIAN_POINT('',(-0.0029751848327525,-0.00718273157379782,0.0722099939265271));
#1273=CARTESIAN_POINT('',(-0.00549742474483611,-0.0054974247448361,0.072209993926527));
#1274=CARTESIAN_POINT('',(-0.00718273157379782,-0.00297518483275249,0.0722099939265271));
#1275=CARTESIAN_POINT('',(-0.00777453263227266,-5.0415401020576E-18,0.072209993926527));
#1276=CARTESIAN_POINT('',(-0.00718273157379782,0.0029751848327525,0.072209993926527));
#1277=CARTESIAN_POINT('',(-0.00606356636047209,-0.00251161142285679,0.0732300529877345));
#1278=CARTESIAN_POINT('',(-0.00656315693453032,-5.31259064517897E-18,0.0732300529877344));
#1279=CARTESIAN_POINT('',(-0.00606356636047208,0.00251161142285681,0.0732300529877345));
#1280=CARTESIAN_POINT('',(-0.0046408527743979,0.00464085277439791,0.0732300529877345));
#1281=CARTESIAN_POINT('',(-0.0025116114228568,0.00606356636047208,0.0732300529877345));
#1282=CARTESIAN_POINT('',(-8.89384594617015E-19,0.00656315693453032,0.0732300529877345));
#1283=CARTESIAN_POINT('',(0.0025116114228568,0.00606356636047208,0.0732300529877345));
#1284=CARTESIAN_POINT('',(0.00464085277439791,0.0046408527743979,0.0732300529877345));
#1285=CARTESIAN_POINT('',(0.00606356636047208,0.00251161142285681,0.0732300529877344));
#1286=CARTESIAN_POINT('',(0.00656315693453032,3.0745641624106E-19,0.0732300529877345));
#1287=CARTESIAN_POINT('',(0.00606356636047209,-0.0025116114228568,0.0732300529877345));
#1288=CARTESIAN_POINT('',(0.00464085277439791,-0.00464085277439791,0.0732300529877345));
#1289=CARTESIAN_POINT('',(0.0025116114228568,-0.00606356636047208,0.0732300529877345));
#1290=CARTESIAN_POINT('',(4.41473572108941E-18,-0.00656315693453032,0.0732300529877345));
#1291=CARTESIAN_POINT('',(-0.00251161142285681,-0.00606356636047208,0.0732300529877345));
#1292=CARTESIAN_POINT('',(-0.00464085277439791,-0.0046408527743979,0.0732300529877345));
#1293=CARTESIAN_POINT('',(-0.00606356636047209,-0.00251161142285679,0.0732300529877345));
#1294=CARTESIAN_POINT('',(-0.00656315693453032,-5.31259064517897E-18,0.0732300529877344));
#1295=CARTESIAN_POINT('',(-0.00606356636047208,0.00251161142285681,0.0732300529877345));
#1296=CARTESIAN_POINT('',(-0.00382523593382062,-0.0015844646030654,0.0737154185771942));
#1297=CARTESIAN_POINT('',(-0.00414040553904563,-3.11708124589583E-18,0.0737154185771942));
#1298=CARTESIAN_POINT('',(-0.00382523593382062,0.00158446460306541,0.0737154185771942));
#1299=CARTESIAN_POINT('',(-0.00292770883352151,0.00292770883352151,0.0737154185771942));
#1300=CARTESIAN_POINT('',(-0.00158446460306541,0.00382523593382062,0.0737154185771942));
#1301=CARTESIAN_POINT('',(-1.26546722319792E-18,0.00414040553904563,0.0737154185771942));
#1302=CARTESIAN_POINT('',(0.00158446460306541,0.00382523593382062,0.0737154185771942));
#1303=CARTESIAN_POINT('',(0.00292770883352151,0.00292770883352151,0.0737154185771942));
#1304=CARTESIAN_POINT('',(0.00382523593382062,0.00158446460306541,0.0737154185771942));
#1305=CARTESIAN_POINT('',(0.00414040553904563,6.93878802478882E-19,0.0737154185771942));
#1306=CARTESIAN_POINT('',(0.00382523593382062,-0.00158446460306541,0.0737154185771942));
#1307=CARTESIAN_POINT('',(0.00292770883352151,-0.00292770883352151,0.0737154185771942));
#1308=CARTESIAN_POINT('',(0.00158446460306541,-0.00382523593382062,0.0737154185771942));
#1309=CARTESIAN_POINT('',(7.6232965252887E-19,-0.00414040553904563,0.0737154185771942));
#1310=CARTESIAN_POINT('',(-0.00158446460306541,-0.00382523593382062,0.0737154185771942));
#1311=CARTESIAN_POINT('',(-0.00292770883352151,-0.00292770883352151,0.0737154185771942));
#1312=CARTESIAN_POINT('',(-0.00382523593382062,-0.0015844646030654,0.0737154185771942));
#1313=CARTESIAN_POINT('',(-0.00414040553904563,-3.11708124589583E-18,0.0737154185771942));
#1314=CARTESIAN_POINT('',(-0.00382523593382062,0.00158446460306541,0.0737154185771942));
#1315=CARTESIAN_POINT('',(0.,0.,0.0737154185771942));
#1316=CARTESIAN_POINT('',(-0.00403534900397062,0.,0.0737154185771942));
#1317=CARTESIAN_POINT('',(-0.00201767450198531,0.,0.0737154185771942));
#1318=CARTESIAN_POINT('',(-0.00529658095911146,0.,0.0759612545371056));
#1319=CARTESIAN_POINT('',(0.,0.,0.0759612545371056));
#1320=CARTESIAN_POINT('',(-0.0105931619182229,0.,0.0759612545371056));
#1321=CARTESIAN_POINT('',(0.,0.,0.0379806272685528));
#1322=CARTESIAN_POINT('',(0.,0.,0.0456720888614655));
#1323=CARTESIAN_POINT('',(-0.0105931619182229,0.,0.0456720888614655));
#1324=CARTESIAN_POINT('',(0.,0.,0.0406478568911552));
#1325=CARTESIAN_POINT('',(0.,0.,0.0406478568911552));
#1326=CARTESIAN_POINT('',(-0.00838589016348124,0.,0.0406478568911552));
#1327=CARTESIAN_POINT('',(0.,0.,0.0238836109638214));
#1328=CARTESIAN_POINT('',(0.,0.,0.0238836109638214));
#1329=CARTESIAN_POINT('',(-0.00987470429390669,0.,0.0238836109638214));
#1330=CARTESIAN_POINT('',(-0.00914371712133288,0.,0.0238836109638214));
#1331=CARTESIAN_POINT('',(0.,0.,0.0238836109638214));
#1332=CARTESIAN_POINT('',(-0.00841272994875908,0.,0.0238836109638214));
#1333=CARTESIAN_POINT('',(-0.00730159199623438,-0.0030244184317551,0.0284990202635527));
#1334=CARTESIAN_POINT('',(-0.00790318622644146,-5.74627151417317E-18,0.0284990202635526));
#1335=CARTESIAN_POINT('',(-0.00730159199623437,0.00302441843175512,0.0284990202635527));
#1336=CARTESIAN_POINT('',(-0.00558839657369688,0.00558839657369688,0.0284990202635526));
#1337=CARTESIAN_POINT('',(-0.00302441843175512,0.00730159199623438,0.0284990202635527));
#1338=CARTESIAN_POINT('',(-7.96210970419042E-19,0.00790318622644146,0.0284990202635526));
#1339=CARTESIAN_POINT('',(0.00302441843175512,0.00730159199623438,0.0284990202635527));
#1340=CARTESIAN_POINT('',(0.00558839657369688,0.00558839657369688,0.0284990202635527));
#1341=CARTESIAN_POINT('',(0.00730159199623437,0.00302441843175512,0.0284990202635526));
#1342=CARTESIAN_POINT('',(0.00790318622644146,1.33826242582504E-18,0.0284990202635526));
#1343=CARTESIAN_POINT('',(0.00730159199623438,-0.00302441843175512,0.0284990202635527));
#1344=CARTESIAN_POINT('',(0.00558839657369688,-0.00558839657369688,0.0284990202635526));
#1345=CARTESIAN_POINT('',(0.00302441843175512,-0.00730159199623438,0.0284990202635527));
#1346=CARTESIAN_POINT('',(2.14807555423691E-18,-0.00790318622644146,0.0284990202635527));
#1347=CARTESIAN_POINT('',(-0.00302441843175512,-0.00730159199623438,0.0284990202635527));
#1348=CARTESIAN_POINT('',(-0.00558839657369688,-0.00558839657369687,0.0284990202635526));
#1349=CARTESIAN_POINT('',(-0.00730159199623438,-0.0030244184317551,0.0284990202635527));
#1350=CARTESIAN_POINT('',(-0.00790318622644146,-5.74627151417317E-18,0.0284990202635526));
#1351=CARTESIAN_POINT('',(-0.00730159199623437,0.00302441843175512,0.0284990202635527));
#1352=CARTESIAN_POINT('',(-0.00799962027505796,-0.00331355121176377,0.0268159080296755));
#1353=CARTESIAN_POINT('',(-0.00865872659102362,-7.2099444470286E-18,0.0268159080296755));
#1354=CARTESIAN_POINT('',(-0.00799962027505795,0.00331355121176379,0.0268159080296755));
#1355=CARTESIAN_POINT('',(-0.00612264428895308,0.00612264428895308,0.0268159080296755));
#1356=CARTESIAN_POINT('',(-0.00331355121176379,0.00799962027505795,0.0268159080296755));
#1357=CARTESIAN_POINT('',(-6.06814403412981E-18,0.00865872659102362,0.0268159080296755));
#1358=CARTESIAN_POINT('',(0.0033135512117638,0.00799962027505795,0.0268159080296755));
#1359=CARTESIAN_POINT('',(0.00612264428895307,0.00612264428895308,0.0268159080296755));
#1360=CARTESIAN_POINT('',(0.00799962027505795,0.00331355121176379,0.0268159080296755));
#1361=CARTESIAN_POINT('',(0.00865872659102362,2.32979059120255E-18,0.0268159080296755));
#1362=CARTESIAN_POINT('',(0.00799962027505794,-0.00331355121176379,0.0268159080296755));
#1363=CARTESIAN_POINT('',(0.00612264428895308,-0.00612264428895307,0.0268159080296755));
#1364=CARTESIAN_POINT('',(0.0033135512117638,-0.00799962027505795,0.0268159080296755));
#1365=CARTESIAN_POINT('',(-1.0842021724855E-19,-0.00865872659102362,0.0268159080296755));
#1366=CARTESIAN_POINT('',(-0.00331355121176379,-0.00799962027505795,0.0268159080296755));
#1367=CARTESIAN_POINT('',(-0.00612264428895309,-0.00612264428895308,0.0268159080296755));
#1368=CARTESIAN_POINT('',(-0.00799962027505796,-0.00331355121176377,0.0268159080296755));
#1369=CARTESIAN_POINT('',(-0.00865872659102362,-7.2099444470286E-18,0.0268159080296755));
#1370=CARTESIAN_POINT('',(-0.00799962027505795,0.00331355121176379,0.0268159080296755));
#1371=CARTESIAN_POINT('',(-0.00822398789146035,-0.00340648732143497,0.0252774382630984));
#1372=CARTESIAN_POINT('',(-0.00890158034901575,-6.17995238316738E-18,0.0252774382630984));
#1373=CARTESIAN_POINT('',(-0.00822398789146034,0.00340648732143498,0.0252774382630984));
#1374=CARTESIAN_POINT('',(-0.00629436782806595,0.00629436782806596,0.0252774382630984));
#1375=CARTESIAN_POINT('',(-0.00340648732143499,0.00822398789146033,0.0252774382630984));
#1376=CARTESIAN_POINT('',(1.18584612615602E-18,0.00890158034901575,0.0252774382630984));
#1377=CARTESIAN_POINT('',(0.00340648732143497,0.00822398789146033,0.0252774382630984));
#1378=CARTESIAN_POINT('',(0.00629436782806596,0.00629436782806595,0.0252774382630984));
#1379=CARTESIAN_POINT('',(0.00822398789146033,0.00340648732143499,0.0252774382630984));
#1380=CARTESIAN_POINT('',(0.00890158034901575,5.61013743768165E-19,0.0252774382630984));
#1381=CARTESIAN_POINT('',(0.00822398789146034,-0.00340648732143498,0.0252774382630984));
#1382=CARTESIAN_POINT('',(0.00629436782806596,-0.00629436782806596,0.0252774382630984));
#1383=CARTESIAN_POINT('',(0.00340648732143498,-0.00822398789146033,0.0252774382630984));
#1384=CARTESIAN_POINT('',(4.58753044232929E-18,-0.00890158034901576,0.0252774382630984));
#1385=CARTESIAN_POINT('',(-0.00340648732143499,-0.00822398789146034,0.0252774382630984));
#1386=CARTESIAN_POINT('',(-0.00629436782806595,-0.00629436782806595,0.0252774382630984));
#1387=CARTESIAN_POINT('',(-0.00822398789146035,-0.00340648732143497,0.0252774382630984));
#1388=CARTESIAN_POINT('',(-0.00890158034901575,-6.17995238316738E-18,0.0252774382630984));
#1389=CARTESIAN_POINT('',(-0.00822398789146034,0.00340648732143498,0.0252774382630984));
#1390=CARTESIAN_POINT('',(-0.00797469484544153,-0.00330322676076867,0.0238836109638214));
#1391=CARTESIAN_POINT('',(-0.00863174750041786,-6.1257422745431E-18,0.0238836109638214));
#1392=CARTESIAN_POINT('',(-0.00797469484544152,0.00330322676076869,0.0238836109638214));
#1393=CARTESIAN_POINT('',(-0.0061035671910355,0.0061035671910355,0.0238836109638214));
#1394=CARTESIAN_POINT('',(-0.00330322676076869,0.00797469484544152,0.0238836109638214));
#1395=CARTESIAN_POINT('',(-2.58514455502012E-18,0.00863174750041786,0.0238836109638214));
#1396=CARTESIAN_POINT('',(0.00330322676076869,0.00797469484544152,0.0238836109638214));
#1397=CARTESIAN_POINT('',(0.0061035671910355,0.0061035671910355,0.0238836109638214));
#1398=CARTESIAN_POINT('',(0.00797469484544152,0.00330322676076869,0.0238836109638214));
#1399=CARTESIAN_POINT('',(0.00863174750041786,1.26086809899213E-18,0.0238836109638214));
#1400=CARTESIAN_POINT('',(0.00797469484544152,-0.00330322676076869,0.0238836109638214));
#1401=CARTESIAN_POINT('',(0.0061035671910355,-0.0061035671910355,0.0238836109638214));
#1402=CARTESIAN_POINT('',(0.00330322676076869,-0.00797469484544152,0.0238836109638214));
#1403=CARTESIAN_POINT('',(2.05998412772246E-18,-0.00863174750041786,0.0238836109638214));
#1404=CARTESIAN_POINT('',(-0.00330322676076869,-0.00797469484544153,0.0238836109638214));
#1405=CARTESIAN_POINT('',(-0.00610356719103551,-0.0061035671910355,0.0238836109638214));
#1406=CARTESIAN_POINT('',(-0.00797469484544153,-0.00330322676076867,0.0238836109638214));
#1407=CARTESIAN_POINT('',(-0.00863174750041786,-6.1257422745431E-18,0.0238836109638214));
#1408=CARTESIAN_POINT('',(-0.00797469484544152,0.00330322676076869,0.0238836109638214));
#1409=CARTESIAN_POINT('',(0.,0.,0.0284990202635526));
#1410=CARTESIAN_POINT('',(-0.00770265481637243,0.,0.0284990202635526));
#1411=CARTESIAN_POINT('',(-0.00244165935185013,-0.00101136841823142,0.0406507700681687));
#1412=CARTESIAN_POINT('',(-0.00264283303821356,-1.95156391047391E-18,0.0406507700681687));
#1413=CARTESIAN_POINT('',(-0.00244165935185013,0.00101136841823143,0.0406507700681687));
#1414=CARTESIAN_POINT('',(-0.00186876516286466,0.00186876516286466,0.0406507700681686));
#1415=CARTESIAN_POINT('',(-0.00101136841823142,0.00244165935185013,0.0406507700681687));
#1416=CARTESIAN_POINT('',(-4.95514274143766E-19,0.00264283303821356,0.0406507700681687));
#1417=CARTESIAN_POINT('',(0.00101136841823142,0.00244165935185013,0.0406507700681687));
#1418=CARTESIAN_POINT('',(0.00186876516286466,0.00186876516286466,0.0406507700681687));
#1419=CARTESIAN_POINT('',(0.00244165935185013,0.00101136841823143,0.0406507700681686));
#1420=CARTESIAN_POINT('',(0.00264283303821356,3.26061362578603E-19,0.0406507700681686));
#1421=CARTESIAN_POINT('',(0.00244165935185013,-0.00101136841823142,0.0406507700681687));
#1422=CARTESIAN_POINT('',(0.00186876516286466,-0.00186876516286466,0.0406507700681687));
#1423=CARTESIAN_POINT('',(0.00101136841823142,-0.00244165935185013,0.0406507700681686));
#1424=CARTESIAN_POINT('',(5.28548559086683E-19,-0.00264283303821356,0.0406507700681687));
#1425=CARTESIAN_POINT('',(-0.00101136841823142,-0.00244165935185013,0.0406507700681687));
#1426=CARTESIAN_POINT('',(-0.00186876516286466,-0.00186876516286466,0.0406507700681687));
#1427=CARTESIAN_POINT('',(-0.00244165935185013,-0.00101136841823142,0.0406507700681687));
#1428=CARTESIAN_POINT('',(-0.00264283303821356,-1.95156391047391E-18,0.0406507700681687));
#1429=CARTESIAN_POINT('',(-0.00244165935185013,0.00101136841823143,0.0406507700681687));
#1430=CARTESIAN_POINT('',(-0.00495133680952379,-0.00205091085838187,0.0353349124391874));
#1431=CARTESIAN_POINT('',(-0.00535928834364917,-3.84891771232354E-18,0.0353349124391874));
#1432=CARTESIAN_POINT('',(-0.00495133680952379,0.00205091085838188,0.0353349124391874));
#1433=CARTESIAN_POINT('',(-0.00378958913012835,0.00378958913012835,0.0353349124391874));
#1434=CARTESIAN_POINT('',(-0.00205091085838188,0.00495133680952379,0.0353349124391874));
#1435=CARTESIAN_POINT('',(-1.93631731742333E-18,0.00535928834364917,0.0353349124391874));
#1436=CARTESIAN_POINT('',(0.00205091085838188,0.00495133680952379,0.0353349124391874));
#1437=CARTESIAN_POINT('',(0.00378958913012835,0.00378958913012835,0.0353349124391874));
#1438=CARTESIAN_POINT('',(0.00495133680952378,0.00205091085838188,0.0353349124391874));
#1439=CARTESIAN_POINT('',(0.00535928834364917,1.11792136297562E-18,0.0353349124391874));
#1440=CARTESIAN_POINT('',(0.00495133680952379,-0.00205091085838188,0.0353349124391874));
#1441=CARTESIAN_POINT('',(0.00378958913012835,-0.00378958913012835,0.0353349124391874));
#1442=CARTESIAN_POINT('',(0.00205091085838188,-0.00495133680952378,0.0353349124391874));
#1443=CARTESIAN_POINT('',(-1.42301535138722E-19,-0.00535928834364917,0.0353349124391874));
#1444=CARTESIAN_POINT('',(-0.00205091085838188,-0.00495133680952379,0.0353349124391874));
#1445=CARTESIAN_POINT('',(-0.00378958913012835,-0.00378958913012835,0.0353349124391874));
#1446=CARTESIAN_POINT('',(-0.00495133680952379,-0.00205091085838187,0.0353349124391874));
#1447=CARTESIAN_POINT('',(-0.00535928834364917,-3.84891771232354E-18,0.0353349124391874));
#1448=CARTESIAN_POINT('',(-0.00495133680952379,0.00205091085838188,0.0353349124391874));
#1449=CARTESIAN_POINT('',(-0.00657131435765188,-0.00272192752955643,0.0312843291709821));
#1450=CARTESIAN_POINT('',(-0.0071127394063918,-5.31259064517897E-18,0.031284329170982));
#1451=CARTESIAN_POINT('',(-0.00657131435765186,0.00272192752955645,0.0312843291709821));
#1452=CARTESIAN_POINT('',(-0.00502946626707242,0.00502946626707242,0.031284329170982));
#1453=CARTESIAN_POINT('',(-0.00272192752955645,0.00657131435765186,0.0312843291709821));
#1454=CARTESIAN_POINT('',(1.14518854468781E-18,0.00711273940639181,0.0312843291709821));
#1455=CARTESIAN_POINT('',(0.00272192752955644,0.00657131435765186,0.0312843291709821));
#1456=CARTESIAN_POINT('',(0.00502946626707242,0.00502946626707242,0.031284329170982));
#1457=CARTESIAN_POINT('',(0.00657131435765186,0.00272192752955645,0.031284329170982));
#1458=CARTESIAN_POINT('',(0.0071127394063918,7.29007508732784E-19,0.031284329170982));
#1459=CARTESIAN_POINT('',(0.00657131435765186,-0.00272192752955644,0.031284329170982));
#1460=CARTESIAN_POINT('',(0.00502946626707242,-0.00502946626707242,0.031284329170982));
#1461=CARTESIAN_POINT('',(0.00272192752955645,-0.00657131435765186,0.031284329170982));
#1462=CARTESIAN_POINT('',(3.5643146420461E-18,-0.0071127394063918,0.0312843291709821));
#1463=CARTESIAN_POINT('',(-0.00272192752955645,-0.00657131435765187,0.0312843291709821));
#1464=CARTESIAN_POINT('',(-0.00502946626707242,-0.00502946626707242,0.031284329170982));
#1465=CARTESIAN_POINT('',(-0.00657131435765188,-0.00272192752955643,0.0312843291709821));
#1466=CARTESIAN_POINT('',(-0.0071127394063918,-5.31259064517897E-18,0.031284329170982));
#1467=CARTESIAN_POINT('',(-0.00657131435765186,0.00272192752955645,0.0312843291709821));
#1468=CARTESIAN_POINT('',(-0.00730159199623438,-0.0030244184317551,0.0284990202635527));
#1469=CARTESIAN_POINT('',(-0.00790318622644146,-5.74627151417317E-18,0.0284990202635526));
#1470=CARTESIAN_POINT('',(-0.00730159199623437,0.00302441843175512,0.0284990202635527));
#1471=CARTESIAN_POINT('',(-0.00558839657369688,0.00558839657369688,0.0284990202635526));
#1472=CARTESIAN_POINT('',(-0.00302441843175512,0.00730159199623438,0.0284990202635527));
#1473=CARTESIAN_POINT('',(-7.96210970419042E-19,0.00790318622644146,0.0284990202635526));
#1474=CARTESIAN_POINT('',(0.00302441843175512,0.00730159199623438,0.0284990202635527));
#1475=CARTESIAN_POINT('',(0.00558839657369688,0.00558839657369688,0.0284990202635527));
#1476=CARTESIAN_POINT('',(0.00730159199623437,0.00302441843175512,0.0284990202635526));
#1477=CARTESIAN_POINT('',(0.00790318622644146,1.33826242582504E-18,0.0284990202635526));
#1478=CARTESIAN_POINT('',(0.00730159199623438,-0.00302441843175512,0.0284990202635527));
#1479=CARTESIAN_POINT('',(0.00558839657369688,-0.00558839657369688,0.0284990202635526));
#1480=CARTESIAN_POINT('',(0.00302441843175512,-0.00730159199623438,0.0284990202635527));
#1481=CARTESIAN_POINT('',(2.14807555423691E-18,-0.00790318622644146,0.0284990202635527));
#1482=CARTESIAN_POINT('',(-0.00302441843175512,-0.00730159199623438,0.0284990202635527));
#1483=CARTESIAN_POINT('',(-0.00558839657369688,-0.00558839657369687,0.0284990202635526));
#1484=CARTESIAN_POINT('',(-0.00730159199623438,-0.0030244184317551,0.0284990202635527));
#1485=CARTESIAN_POINT('',(-0.00790318622644146,-5.74627151417317E-18,0.0284990202635526));
#1486=CARTESIAN_POINT('',(-0.00730159199623437,0.00302441843175512,0.0284990202635527));
#1487=MECHANICAL_DESIGN_GEOMETRIC_PRESENTATION_REPRESENTATION('',(#494),
#1489);
#1488=MECHANICAL_DESIGN_GEOMETRIC_PRESENTATION_REPRESENTATION('',(#495),
#1490);
#1489=(
GEOMETRIC_REPRESENTATION_CONTEXT(3)
GLOBAL_UNCERTAINTY_ASSIGNED_CONTEXT((#1491))
GLOBAL_UNIT_ASSIGNED_CONTEXT((#1497,#1495,#1493))
REPRESENTATION_CONTEXT('Part 2','TOP_LEVEL_ASSEMBLY_PART')
);
#1490=(
GEOMETRIC_REPRESENTATION_CONTEXT(3)
GLOBAL_UNCERTAINTY_ASSIGNED_CONTEXT((#1492))
GLOBAL_UNIT_ASSIGNED_CONTEXT((#1498,#1496,#1494))
REPRESENTATION_CONTEXT('Part 1','TOP_LEVEL_ASSEMBLY_PART')
);
#1491=UNCERTAINTY_MEASURE_WITH_UNIT(LENGTH_MEASURE(2.E-5),#1497,
'DISTANCE_ACCURACY_VALUE','Maximum Tolerance applied to model');
#1492=UNCERTAINTY_MEASURE_WITH_UNIT(LENGTH_MEASURE(2.E-5),#1498,
'DISTANCE_ACCURACY_VALUE','Maximum Tolerance applied to model');
#1493=(
NAMED_UNIT(*)
SI_UNIT($,.STERADIAN.)
SOLID_ANGLE_UNIT()
);
#1494=(
NAMED_UNIT(*)
SI_UNIT($,.STERADIAN.)
SOLID_ANGLE_UNIT()
);
#1495=(
NAMED_UNIT(*)
PLANE_ANGLE_UNIT()
SI_UNIT($,.RADIAN.)
);
#1496=(
NAMED_UNIT(*)
PLANE_ANGLE_UNIT()
SI_UNIT($,.RADIAN.)
);
#1497=(
LENGTH_UNIT()
NAMED_UNIT(*)
SI_UNIT($,.METRE.)
);
#1498=(
LENGTH_UNIT()
NAMED_UNIT(*)
SI_UNIT($,.METRE.)
);
#1499=PRODUCT_DEFINITION_SHAPE('','',#1501);
#1500=PRODUCT_DEFINITION_SHAPE('','',#1502);
#1501=PRODUCT_DEFINITION('','',#1505,#1503);
#1502=PRODUCT_DEFINITION('','',#1506,#1504);
#1503=PRODUCT_DEFINITION_CONTEXT('',#1517,'design');
#1504=PRODUCT_DEFINITION_CONTEXT('',#1518,'design');
#1505=PRODUCT_DEFINITION_FORMATION_WITH_SPECIFIED_SOURCE('','',#1509,
 .NOT_KNOWN.);
#1506=PRODUCT_DEFINITION_FORMATION_WITH_SPECIFIED_SOURCE('','',#1510,
 .NOT_KNOWN.);
#1507=PRODUCT_RELATED_PRODUCT_CATEGORY('','',(#1509));
#1508=PRODUCT_RELATED_PRODUCT_CATEGORY('','',(#1510));
#1509=PRODUCT('Part 2','Part 2','Part 2',(#1513));
#1510=PRODUCT('Part 1','Part 1','Part 1',(#1514));
#1511=PRODUCT_CATEGORY('','');
#1512=PRODUCT_CATEGORY('','');
#1513=PRODUCT_CONTEXT('',#1517,'mechanical');
#1514=PRODUCT_CONTEXT('',#1518,'mechanical');
#1515=APPLICATION_PROTOCOL_DEFINITION('international standard',
'ap242_managed_model_based_3d_engineering',2020,#1517);
#1516=APPLICATION_PROTOCOL_DEFINITION('international standard',
'ap242_managed_model_based_3d_engineering',2020,#1518);
#1517=APPLICATION_CONTEXT('managed model based 3d engineering');
#1518=APPLICATION_CONTEXT('managed model based 3d engineering');
ENDSEC;
END-ISO-10303-21;
