ISO-10303-21;
HEADER;
/* Generated by software containing ST-Developer
 * from STEP Tools, Inc. (www.steptools.com) 
 */
/* OPTION: using custom renumber hook */

FILE_DESCRIPTION(
/* description */ ('STEP AP242 Edition 2',
'CAx-IF Rec.Pracs.---Representation and Presentation of Product Manufa
cturing Information (PMI)---4.0---2014-10-13',
'CAx-IF Rec.Pracs.---3D Tessellated Geometry---0.4---2014-09-14','2;1',
'CAx-IF Rec.Pracs.---User Defined Attributes---1.5---2016-08-15'),
/* implementation_level */ '2;1');

FILE_NAME(
/* name */ 'tvc  buld',
/* time_stamp */ '2026-08-03T01:30:01Z',
/* author */ (''),
/* organization */ (''),
/* preprocessor_version */ 'ST-DEVELOPER v20',
/* originating_system */ 'ONSHAPE BY PTC INC, 1.218',
/* authorisation */ '  ');

FILE_SCHEMA (('AP242_MANAGED_MODEL_BASED_3D_ENGINEERING_MIM_LF { 1 0 10303 442 3 1 4 }'));
ENDSEC;

DATA;
#10=B_SPLINE_CURVE_WITH_KNOTS('',3,(#2587,#2588,#2589,#2590,#2591,#2592,
#2593,#2594,#2595,#2596,#2597),.UNSPECIFIED.,.T.,.F.,(1,1,1,1,1,1,1,1,1,
1,1,1,1,1,1),(-0.00446690097370735,-0.00297793398247157,-0.00148896699123578,
4.21743562477874E-19,0.00148896699123578,0.00297793398247157,0.00446690097370735,
0.00595586796494314,0.00744483495617892,0.0089338019474147,0.0104227689386505,
0.0119117359298863,0.0134007029211221,0.0148896699123578,0.0163786369035936),
 .UNSPECIFIED.);
#11=B_SPLINE_CURVE_WITH_KNOTS('',3,(#2599,#2600,#2601,#2602,#2603,#2604,
#2605,#2606,#2607,#2608,#2609),.UNSPECIFIED.,.T.,.F.,(1,1,1,1,1,1,1,1,1,
1,1,1,1,1,1),(-0.00447441560394541,-0.00298294373596361,-0.0014914718679818,
2.0743296357296E-19,0.0014914718679818,0.00298294373596361,0.00447441560394541,
0.00596588747192722,0.00745735933990902,0.00894883120789083,0.0104403030758726,
0.0119317749438544,0.0134232468118362,0.014914718679818,0.0164061905477998),
 .UNSPECIFIED.);
#12=B_SPLINE_CURVE_WITH_KNOTS('',3,(#2615,#2616,#2617,#2618,#2619,#2620,
#2621,#2622,#2623,#2624,#2625),.UNSPECIFIED.,.T.,.F.,(1,1,1,1,1,1,1,1,1,
1,1,1,1,1,1),(-0.00446699213824876,-0.0029779947588325,-0.00148899737941625,
2.30288107319479E-20,0.00148899737941625,0.0029779947588325,0.00446699213824876,
0.00595598951766501,0.00744498689708126,0.00893398427649751,0.0104229816559138,
0.01191197903533,0.0134009764147463,0.0148899737941625,0.0163789711735788),
 .UNSPECIFIED.);
#13=B_SPLINE_CURVE_WITH_KNOTS('',3,(#2629,#2630,#2631,#2632,#2633,#2634,
#2635,#2636,#2637,#2638,#2639),.UNSPECIFIED.,.T.,.F.,(1,1,1,1,1,1,1,1,1,
1,1,1,1,1,1),(-0.00447450722977618,-0.00298300481985078,-0.00149150240992539,
3.84108832716972E-19,0.00149150240992539,0.00298300481985078,0.00447450722977618,
0.00596600963970157,0.00745751204962696,0.00894901445955235,0.0104405168694777,
0.0119320192794031,0.0134235216893285,0.0149150240992539,0.0164065265091793),
 .UNSPECIFIED.);
#14=B_SPLINE_CURVE_WITH_KNOTS('',3,(#2770,#2771,#2772,#2773,#2774,#2775,
#2776,#2777,#2778,#2779,#2780),.UNSPECIFIED.,.T.,.F.,(1,1,1,1,1,1,1,1,1,
1,1,1,1,1,1),(-0.00446718793690104,-0.00297812529126736,-0.00148906264563368,
6.12431632398497E-20,0.00148906264563368,0.00297812529126736,0.00446718793690104,
0.00595625058253472,0.0074453132281684,0.00893437587380208,0.0104234385194358,
0.0119125011650694,0.0134015638107031,0.0148906264563368,0.0163796891019705),
 .UNSPECIFIED.);
#15=B_SPLINE_CURVE_WITH_KNOTS('',3,(#2782,#2783,#2784,#2785,#2786,#2787,
#2788,#2789,#2790,#2791,#2792),.UNSPECIFIED.,.T.,.F.,(1,1,1,1,1,1,1,1,1,
1,1,1,1,1,1),(-0.00433172378424048,-0.00288781585616032,-0.00144390792808016,
5.22642868603219E-20,0.00144390792808016,0.00288781585616032,0.00433172378424048,
0.00577563171232064,0.00721953964040081,0.00866344756848097,0.0101073554965611,
0.0115512634246413,0.0129951713527214,0.0144390792808016,0.0158829872088818),
 .UNSPECIFIED.);
#16=B_SPLINE_CURVE_WITH_KNOTS('',3,(#2799,#2800,#2801,#2802,#2803,#2804,
#2805,#2806,#2807,#2808,#2809),.UNSPECIFIED.,.T.,.F.,(1,1,1,1,1,1,1,1,1,
1,1,1,1,1,1),(-0.00446733707513901,-0.00297822471675934,-0.00148911235837967,
2.89026145343725E-19,0.00148911235837967,0.00297822471675934,0.00446733707513901,
0.00595644943351868,0.00744556179189835,0.00893467415027801,0.0104237865086577,
0.0119128988670374,0.013402011225417,0.0148911235837967,0.0163802359421764),
 .UNSPECIFIED.);
#17=B_SPLINE_CURVE_WITH_KNOTS('',3,(#2811,#2812,#2813,#2814,#2815,#2816,
#2817,#2818,#2819,#2820,#2821),.UNSPECIFIED.,.T.,.F.,(1,1,1,1,1,1,1,1,1,
1,1,1,1,1,1),(-0.00433185974449636,-0.00288790649633091,-0.00144395324816545,
1.75165115552778E-19,0.00144395324816545,0.00288790649633091,0.00433185974449636,
0.00577581299266181,0.00721976624082727,0.00866371948899272,0.0101076727371582,
0.0115516259853236,0.0129955792334891,0.0144395324816545,0.01588348572982),
 .UNSPECIFIED.);
#18=VERTEX_LOOP('',#1082);
#19=VERTEX_LOOP('',#1083);
#20=CONICAL_SURFACE('',#1785,0.084294967353344,0.815512757861938);
#21=CONICAL_SURFACE('',#1786,0.0633512437343598,0.848900055415216);
#22=LINE('',#2350,#179);
#23=LINE('',#2354,#180);
#24=LINE('',#2358,#181);
#25=LINE('',#2362,#182);
#26=LINE('',#2364,#183);
#27=LINE('',#2366,#184);
#28=LINE('',#2368,#185);
#29=LINE('',#2369,#186);
#30=LINE('',#2371,#187);
#31=LINE('',#2373,#188);
#32=LINE('',#2381,#189);
#33=LINE('',#2383,#190);
#34=LINE('',#2387,#191);
#35=LINE('',#2389,#192);
#36=LINE('',#2391,#193);
#37=LINE('',#2396,#194);
#38=LINE('',#2398,#195);
#39=LINE('',#2400,#196);
#40=LINE('',#2402,#197);
#41=LINE('',#2404,#198);
#42=LINE('',#2448,#199);
#43=LINE('',#2451,#200);
#44=LINE('',#2453,#201);
#45=LINE('',#2455,#202);
#46=LINE('',#2457,#203);
#47=LINE('',#2459,#204);
#48=LINE('',#2461,#205);
#49=LINE('',#2463,#206);
#50=LINE('',#2465,#207);
#51=LINE('',#2467,#208);
#52=LINE('',#2469,#209);
#53=LINE('',#2471,#210);
#54=LINE('',#2473,#211);
#55=LINE('',#2476,#212);
#56=LINE('',#2478,#213);
#57=LINE('',#2480,#214);
#58=LINE('',#2482,#215);
#59=LINE('',#2484,#216);
#60=LINE('',#2486,#217);
#61=LINE('',#2488,#218);
#62=LINE('',#2490,#219);
#63=LINE('',#2494,#220);
#64=LINE('',#2497,#221);
#65=LINE('',#2501,#222);
#66=LINE('',#2503,#223);
#67=LINE('',#2505,#224);
#68=LINE('',#2507,#225);
#69=LINE('',#2509,#226);
#70=LINE('',#2511,#227);
#71=LINE('',#2513,#228);
#72=LINE('',#2515,#229);
#73=LINE('',#2517,#230);
#74=LINE('',#2519,#231);
#75=LINE('',#2521,#232);
#76=LINE('',#2523,#233);
#77=LINE('',#2525,#234);
#78=LINE('',#2526,#235);
#79=LINE('',#2528,#236);
#80=LINE('',#2530,#237);
#81=LINE('',#2532,#238);
#82=LINE('',#2534,#239);
#83=LINE('',#2536,#240);
#84=LINE('',#2538,#241);
#85=LINE('',#2540,#242);
#86=LINE('',#2542,#243);
#87=LINE('',#2543,#244);
#88=LINE('',#2545,#245);
#89=LINE('',#2547,#246);
#90=LINE('',#2549,#247);
#91=LINE('',#2551,#248);
#92=LINE('',#2553,#249);
#93=LINE('',#2555,#250);
#94=LINE('',#2557,#251);
#95=LINE('',#2559,#252);
#96=LINE('',#2561,#253);
#97=LINE('',#2563,#254);
#98=LINE('',#2565,#255);
#99=LINE('',#2567,#256);
#100=LINE('',#2569,#257);
#101=LINE('',#2571,#258);
#102=LINE('',#2573,#259);
#103=LINE('',#2582,#260);
#104=LINE('',#2586,#261);
#105=LINE('',#2613,#262);
#106=LINE('',#2642,#263);
#107=LINE('',#2644,#264);
#108=LINE('',#2646,#265);
#109=LINE('',#2647,#266);
#110=LINE('',#2649,#267);
#111=LINE('',#2653,#268);
#112=LINE('',#2655,#269);
#113=LINE('',#2657,#270);
#114=LINE('',#2659,#271);
#115=LINE('',#2660,#272);
#116=LINE('',#2664,#273);
#117=LINE('',#2666,#274);
#118=LINE('',#2669,#275);
#119=LINE('',#2671,#276);
#120=LINE('',#2672,#277);
#121=LINE('',#2674,#278);
#122=LINE('',#2676,#279);
#123=LINE('',#2678,#280);
#124=LINE('',#2680,#281);
#125=LINE('',#2682,#282);
#126=LINE('',#2684,#283);
#127=LINE('',#2686,#284);
#128=LINE('',#2688,#285);
#129=LINE('',#2690,#286);
#130=LINE('',#2692,#287);
#131=LINE('',#2694,#288);
#132=LINE('',#2696,#289);
#133=LINE('',#2698,#290);
#134=LINE('',#2700,#291);
#135=LINE('',#2701,#292);
#136=LINE('',#2703,#293);
#137=LINE('',#2705,#294);
#138=LINE('',#2707,#295);
#139=LINE('',#2709,#296);
#140=LINE('',#2711,#297);
#141=LINE('',#2713,#298);
#142=LINE('',#2716,#299);
#143=LINE('',#2718,#300);
#144=LINE('',#2720,#301);
#145=LINE('',#2722,#302);
#146=LINE('',#2724,#303);
#147=LINE('',#2726,#304);
#148=LINE('',#2728,#305);
#149=LINE('',#2730,#306);
#150=LINE('',#2732,#307);
#151=LINE('',#2734,#308);
#152=LINE('',#2736,#309);
#153=LINE('',#2738,#310);
#154=LINE('',#2740,#311);
#155=LINE('',#2742,#312);
#156=LINE('',#2744,#313);
#157=LINE('',#2746,#314);
#158=LINE('',#2748,#315);
#159=LINE('',#2757,#316);
#160=LINE('',#2761,#317);
#161=LINE('',#2765,#318);
#162=LINE('',#2769,#319);
#163=LINE('',#2824,#320);
#164=LINE('',#2826,#321);
#165=LINE('',#2828,#322);
#166=LINE('',#2829,#323);
#167=LINE('',#2831,#324);
#168=LINE('',#2833,#325);
#169=LINE('',#2836,#326);
#170=LINE('',#2838,#327);
#171=LINE('',#2840,#328);
#172=LINE('',#2842,#329);
#173=LINE('',#2846,#330);
#174=LINE('',#2849,#331);
#175=LINE('',#2851,#332);
#176=LINE('',#2853,#333);
#177=LINE('',#2855,#334);
#178=LINE('',#2859,#335);
#179=VECTOR('',#1900,1.);
#180=VECTOR('',#1903,1.);
#181=VECTOR('',#1906,1.);
#182=VECTOR('',#1909,1.);
#183=VECTOR('',#1912,1.);
#184=VECTOR('',#1913,1.);
#185=VECTOR('',#1914,1.);
#186=VECTOR('',#1915,1.);
#187=VECTOR('',#1916,1.);
#188=VECTOR('',#1917,1.);
#189=VECTOR('',#1928,1.);
#190=VECTOR('',#1929,1.);
#191=VECTOR('',#1934,1.);
#192=VECTOR('',#1935,1.);
#193=VECTOR('',#1938,1.);
#194=VECTOR('',#1945,1.);
#195=VECTOR('',#1946,1.);
#196=VECTOR('',#1947,1.);
#197=VECTOR('',#1950,1.);
#198=VECTOR('',#1953,1.);
#199=VECTOR('',#2016,1.);
#200=VECTOR('',#2017,1.);
#201=VECTOR('',#2018,1.);
#202=VECTOR('',#2019,1.);
#203=VECTOR('',#2020,1.);
#204=VECTOR('',#2021,1.);
#205=VECTOR('',#2022,1.);
#206=VECTOR('',#2023,1.);
#207=VECTOR('',#2024,1.);
#208=VECTOR('',#2025,1.);
#209=VECTOR('',#2026,1.);
#210=VECTOR('',#2027,1.);
#211=VECTOR('',#2030,1.);
#212=VECTOR('',#2031,1.);
#213=VECTOR('',#2032,1.);
#214=VECTOR('',#2033,1.);
#215=VECTOR('',#2034,1.);
#216=VECTOR('',#2035,1.);
#217=VECTOR('',#2036,1.);
#218=VECTOR('',#2037,1.);
#219=VECTOR('',#2038,1.);
#220=VECTOR('',#2043,1.);
#221=VECTOR('',#2044,1.);
#222=VECTOR('',#2047,1.);
#223=VECTOR('',#2048,1.);
#224=VECTOR('',#2049,1.);
#225=VECTOR('',#2050,1.);
#226=VECTOR('',#2051,1.);
#227=VECTOR('',#2052,1.);
#228=VECTOR('',#2055,1.);
#229=VECTOR('',#2056,1.);
#230=VECTOR('',#2057,1.);
#231=VECTOR('',#2058,1.);
#232=VECTOR('',#2059,1.);
#233=VECTOR('',#2060,1.);
#234=VECTOR('',#2063,1.);
#235=VECTOR('',#2064,1.);
#236=VECTOR('',#2065,1.);
#237=VECTOR('',#2066,1.);
#238=VECTOR('',#2069,1.);
#239=VECTOR('',#2070,1.);
#240=VECTOR('',#2071,1.);
#241=VECTOR('',#2072,1.);
#242=VECTOR('',#2073,1.);
#243=VECTOR('',#2076,1.);
#244=VECTOR('',#2077,1.);
#245=VECTOR('',#2078,1.);
#246=VECTOR('',#2079,1.);
#247=VECTOR('',#2080,1.);
#248=VECTOR('',#2083,1.);
#249=VECTOR('',#2084,1.);
#250=VECTOR('',#2087,1.);
#251=VECTOR('',#2088,1.);
#252=VECTOR('',#2091,1.);
#253=VECTOR('',#2092,1.);
#254=VECTOR('',#2095,1.);
#255=VECTOR('',#2098,1.);
#256=VECTOR('',#2099,1.);
#257=VECTOR('',#2102,1.);
#258=VECTOR('',#2103,1.);
#259=VECTOR('',#2106,1.);
#260=VECTOR('',#2117,1.);
#261=VECTOR('',#2120,1.);
#262=VECTOR('',#2125,1.);
#263=VECTOR('',#2132,1.);
#264=VECTOR('',#2133,1.);
#265=VECTOR('',#2134,1.);
#266=VECTOR('',#2135,1.);
#267=VECTOR('',#2136,1.);
#268=VECTOR('',#2143,1.);
#269=VECTOR('',#2144,1.);
#270=VECTOR('',#2145,1.);
#271=VECTOR('',#2148,1.);
#272=VECTOR('',#2149,1.);
#273=VECTOR('',#2156,1.);
#274=VECTOR('',#2159,1.);
#275=VECTOR('',#2164,1.);
#276=VECTOR('',#2165,1.);
#277=VECTOR('',#2166,1.);
#278=VECTOR('',#2169,1.);
#279=VECTOR('',#2172,1.);
#280=VECTOR('',#2175,1.);
#281=VECTOR('',#2178,1.);
#282=VECTOR('',#2179,1.);
#283=VECTOR('',#2180,1.);
#284=VECTOR('',#2181,1.);
#285=VECTOR('',#2184,1.);
#286=VECTOR('',#2185,1.);
#287=VECTOR('',#2186,1.);
#288=VECTOR('',#2187,1.);
#289=VECTOR('',#2188,1.);
#290=VECTOR('',#2191,1.);
#291=VECTOR('',#2192,1.);
#292=VECTOR('',#2193,1.);
#293=VECTOR('',#2194,1.);
#294=VECTOR('',#2195,1.);
#295=VECTOR('',#2196,1.);
#296=VECTOR('',#2199,1.);
#297=VECTOR('',#2200,1.);
#298=VECTOR('',#2203,1.);
#299=VECTOR('',#2208,1.);
#300=VECTOR('',#2209,1.);
#301=VECTOR('',#2212,1.);
#302=VECTOR('',#2213,1.);
#303=VECTOR('',#2216,1.);
#304=VECTOR('',#2217,1.);
#305=VECTOR('',#2220,1.);
#306=VECTOR('',#2221,1.);
#307=VECTOR('',#2224,1.);
#308=VECTOR('',#2227,1.);
#309=VECTOR('',#2228,1.);
#310=VECTOR('',#2229,1.);
#311=VECTOR('',#2232,1.);
#312=VECTOR('',#2233,1.);
#313=VECTOR('',#2236,1.);
#314=VECTOR('',#2237,1.);
#315=VECTOR('',#2240,1.);
#316=VECTOR('',#2251,1.);
#317=VECTOR('',#2254,1.);
#318=VECTOR('',#2257,1.);
#319=VECTOR('',#2260,1.);
#320=VECTOR('',#2269,1.);
#321=VECTOR('',#2270,1.);
#322=VECTOR('',#2271,1.);
#323=VECTOR('',#2272,1.);
#324=VECTOR('',#2273,1.);
#325=VECTOR('',#2274,1.);
#326=VECTOR('',#2279,1.);
#327=VECTOR('',#2280,1.);
#328=VECTOR('',#2283,1.);
#329=VECTOR('',#2284,1.);
#330=VECTOR('',#2289,1.);
#331=VECTOR('',#2294,1.);
#332=VECTOR('',#2295,1.);
#333=VECTOR('',#2298,1.);
#334=VECTOR('',#2299,1.);
#335=VECTOR('',#2304,1.);
#336=SHAPE_REPRESENTATION_RELATIONSHIP('','',#1723,#344);
#337=SHAPE_REPRESENTATION_RELATIONSHIP('','',#1724,#345);
#338=SHAPE_REPRESENTATION_RELATIONSHIP('','',#1725,#346);
#339=SHAPE_REPRESENTATION_RELATIONSHIP('','',#1726,#347);
#340=SHAPE_REPRESENTATION_RELATIONSHIP('','',#1727,#348);
#341=SHAPE_REPRESENTATION_RELATIONSHIP('','',#1728,#349);
#342=SHAPE_REPRESENTATION_RELATIONSHIP('','',#1729,#350);
#343=SHAPE_REPRESENTATION_RELATIONSHIP('','',#1730,#351);
#344=ADVANCED_BREP_SHAPE_REPRESENTATION('',(#1707),#2887);
#345=ADVANCED_BREP_SHAPE_REPRESENTATION('',(#1708),#2888);
#346=ADVANCED_BREP_SHAPE_REPRESENTATION('',(#1709),#2889);
#347=ADVANCED_BREP_SHAPE_REPRESENTATION('',(#1710),#2890);
#348=ADVANCED_BREP_SHAPE_REPRESENTATION('',(#1711),#2891);
#349=ADVANCED_BREP_SHAPE_REPRESENTATION('',(#1712),#2892);
#350=ADVANCED_BREP_SHAPE_REPRESENTATION('',(#1713),#2893);
#351=ADVANCED_BREP_SHAPE_REPRESENTATION('',(#1714),#2894);
#352=PLANE('',#1735);
#353=PLANE('',#1736);
#354=PLANE('',#1744);
#355=PLANE('',#1748);
#356=PLANE('',#1749);
#357=PLANE('',#1750);
#358=PLANE('',#1752);
#359=PLANE('',#1753);
#360=PLANE('',#1754);
#361=PLANE('',#1756);
#362=PLANE('',#1757);
#363=PLANE('',#1758);
#364=PLANE('',#1761);
#365=PLANE('',#1764);
#366=PLANE('',#1769);
#367=PLANE('',#1770);
#368=PLANE('',#1775);
#369=PLANE('',#1776);
#370=PLANE('',#1781);
#371=PLANE('',#1788);
#372=PLANE('',#1789);
#373=PLANE('',#1791);
#374=PLANE('',#1793);
#375=PLANE('',#1794);
#376=PLANE('',#1795);
#377=PLANE('',#1796);
#378=PLANE('',#1797);
#379=PLANE('',#1798);
#380=PLANE('',#1799);
#381=PLANE('',#1800);
#382=PLANE('',#1801);
#383=PLANE('',#1802);
#384=PLANE('',#1803);
#385=PLANE('',#1804);
#386=PLANE('',#1811);
#387=PLANE('',#1814);
#388=PLANE('',#1817);
#389=PLANE('',#1818);
#390=PLANE('',#1819);
#391=PLANE('',#1820);
#392=PLANE('',#1821);
#393=PLANE('',#1822);
#394=PLANE('',#1824);
#395=PLANE('',#1825);
#396=PLANE('',#1826);
#397=PLANE('',#1827);
#398=PLANE('',#1828);
#399=PLANE('',#1829);
#400=PLANE('',#1830);
#401=PLANE('',#1831);
#402=PLANE('',#1832);
#403=PLANE('',#1833);
#404=PLANE('',#1834);
#405=PLANE('',#1835);
#406=PLANE('',#1836);
#407=PLANE('',#1837);
#408=PLANE('',#1838);
#409=PLANE('',#1839);
#410=PLANE('',#1840);
#411=PLANE('',#1841);
#412=PLANE('',#1842);
#413=PLANE('',#1843);
#414=PLANE('',#1854);
#415=PLANE('',#1855);
#416=PLANE('',#1856);
#417=PLANE('',#1857);
#418=PLANE('',#1858);
#419=PLANE('',#1860);
#420=PLANE('',#1861);
#421=PLANE('',#1862);
#422=PLANE('',#1863);
#423=PLANE('',#1865);
#424=PLANE('',#1870);
#425=PLANE('',#1873);
#426=PLANE('',#1878);
#427=PLANE('',#1879);
#428=ORIENTED_EDGE('',*,*,#842,.F.);
#429=ORIENTED_EDGE('',*,*,#843,.T.);
#430=ORIENTED_EDGE('',*,*,#842,.T.);
#431=ORIENTED_EDGE('',*,*,#843,.F.);
#432=ORIENTED_EDGE('',*,*,#844,.F.);
#433=ORIENTED_EDGE('',*,*,#845,.F.);
#434=ORIENTED_EDGE('',*,*,#846,.T.);
#435=ORIENTED_EDGE('',*,*,#847,.T.);
#436=ORIENTED_EDGE('',*,*,#848,.F.);
#437=ORIENTED_EDGE('',*,*,#849,.F.);
#438=ORIENTED_EDGE('',*,*,#850,.T.);
#439=ORIENTED_EDGE('',*,*,#851,.T.);
#440=ORIENTED_EDGE('',*,*,#852,.F.);
#441=ORIENTED_EDGE('',*,*,#847,.F.);
#442=ORIENTED_EDGE('',*,*,#853,.F.);
#443=ORIENTED_EDGE('',*,*,#854,.T.);
#444=ORIENTED_EDGE('',*,*,#855,.T.);
#445=ORIENTED_EDGE('',*,*,#851,.F.);
#446=ORIENTED_EDGE('',*,*,#856,.F.);
#447=ORIENTED_EDGE('',*,*,#857,.F.);
#448=ORIENTED_EDGE('',*,*,#858,.T.);
#449=ORIENTED_EDGE('',*,*,#859,.T.);
#450=ORIENTED_EDGE('',*,*,#860,.T.);
#451=ORIENTED_EDGE('',*,*,#859,.F.);
#452=ORIENTED_EDGE('',*,*,#844,.T.);
#453=ORIENTED_EDGE('',*,*,#860,.F.);
#454=ORIENTED_EDGE('',*,*,#861,.T.);
#455=ORIENTED_EDGE('',*,*,#848,.T.);
#456=ORIENTED_EDGE('',*,*,#858,.F.);
#457=ORIENTED_EDGE('',*,*,#862,.F.);
#458=ORIENTED_EDGE('',*,*,#863,.F.);
#459=ORIENTED_EDGE('',*,*,#857,.T.);
#460=ORIENTED_EDGE('',*,*,#864,.F.);
#461=ORIENTED_EDGE('',*,*,#865,.F.);
#462=ORIENTED_EDGE('',*,*,#862,.T.);
#463=ORIENTED_EDGE('',*,*,#850,.F.);
#464=ORIENTED_EDGE('',*,*,#866,.F.);
#465=ORIENTED_EDGE('',*,*,#864,.T.);
#466=ORIENTED_EDGE('',*,*,#856,.T.);
#467=ORIENTED_EDGE('',*,*,#866,.T.);
#468=ORIENTED_EDGE('',*,*,#849,.T.);
#469=ORIENTED_EDGE('',*,*,#861,.F.);
#470=ORIENTED_EDGE('',*,*,#865,.T.);
#471=ORIENTED_EDGE('',*,*,#867,.F.);
#472=ORIENTED_EDGE('',*,*,#854,.F.);
#473=ORIENTED_EDGE('',*,*,#868,.F.);
#474=ORIENTED_EDGE('',*,*,#869,.T.);
#475=ORIENTED_EDGE('',*,*,#870,.T.);
#476=ORIENTED_EDGE('',*,*,#846,.F.);
#477=ORIENTED_EDGE('',*,*,#871,.F.);
#478=ORIENTED_EDGE('',*,*,#868,.T.);
#479=ORIENTED_EDGE('',*,*,#853,.T.);
#480=ORIENTED_EDGE('',*,*,#872,.T.);
#481=ORIENTED_EDGE('',*,*,#852,.T.);
#482=ORIENTED_EDGE('',*,*,#855,.F.);
#483=ORIENTED_EDGE('',*,*,#870,.F.);
#484=ORIENTED_EDGE('',*,*,#871,.T.);
#485=ORIENTED_EDGE('',*,*,#845,.T.);
#486=ORIENTED_EDGE('',*,*,#872,.F.);
#487=ORIENTED_EDGE('',*,*,#869,.F.);
#488=ORIENTED_EDGE('',*,*,#873,.F.);
#489=ORIENTED_EDGE('',*,*,#863,.T.);
#490=ORIENTED_EDGE('',*,*,#873,.T.);
#491=ORIENTED_EDGE('',*,*,#874,.F.);
#492=ORIENTED_EDGE('',*,*,#867,.T.);
#493=ORIENTED_EDGE('',*,*,#874,.T.);
#494=ORIENTED_EDGE('',*,*,#875,.F.);
#495=ORIENTED_EDGE('',*,*,#876,.T.);
#496=ORIENTED_EDGE('',*,*,#875,.T.);
#497=ORIENTED_EDGE('',*,*,#876,.F.);
#498=ORIENTED_EDGE('',*,*,#877,.T.);
#499=ORIENTED_EDGE('',*,*,#878,.F.);
#500=ORIENTED_EDGE('',*,*,#878,.T.);
#501=ORIENTED_EDGE('',*,*,#877,.F.);
#502=ORIENTED_EDGE('',*,*,#879,.T.);
#503=ORIENTED_EDGE('',*,*,#880,.F.);
#504=ORIENTED_EDGE('',*,*,#881,.F.);
#505=ORIENTED_EDGE('',*,*,#880,.T.);
#506=ORIENTED_EDGE('',*,*,#882,.F.);
#507=ORIENTED_EDGE('',*,*,#881,.T.);
#508=ORIENTED_EDGE('',*,*,#882,.T.);
#509=ORIENTED_EDGE('',*,*,#879,.F.);
#510=ORIENTED_EDGE('',*,*,#883,.T.);
#511=ORIENTED_EDGE('',*,*,#884,.T.);
#512=ORIENTED_EDGE('',*,*,#885,.T.);
#513=ORIENTED_EDGE('',*,*,#886,.T.);
#514=ORIENTED_EDGE('',*,*,#887,.T.);
#515=ORIENTED_EDGE('',*,*,#888,.T.);
#516=ORIENTED_EDGE('',*,*,#889,.T.);
#517=ORIENTED_EDGE('',*,*,#890,.T.);
#518=ORIENTED_EDGE('',*,*,#891,.T.);
#519=ORIENTED_EDGE('',*,*,#892,.T.);
#520=ORIENTED_EDGE('',*,*,#893,.T.);
#521=ORIENTED_EDGE('',*,*,#894,.T.);
#522=ORIENTED_EDGE('',*,*,#895,.F.);
#523=ORIENTED_EDGE('',*,*,#896,.F.);
#524=ORIENTED_EDGE('',*,*,#897,.F.);
#525=ORIENTED_EDGE('',*,*,#898,.T.);
#526=ORIENTED_EDGE('',*,*,#899,.T.);
#527=ORIENTED_EDGE('',*,*,#900,.F.);
#528=ORIENTED_EDGE('',*,*,#901,.F.);
#529=ORIENTED_EDGE('',*,*,#902,.T.);
#530=ORIENTED_EDGE('',*,*,#903,.T.);
#531=ORIENTED_EDGE('',*,*,#904,.T.);
#532=ORIENTED_EDGE('',*,*,#905,.T.);
#533=ORIENTED_EDGE('',*,*,#906,.T.);
#534=ORIENTED_EDGE('',*,*,#907,.T.);
#535=ORIENTED_EDGE('',*,*,#908,.F.);
#536=ORIENTED_EDGE('',*,*,#909,.T.);
#537=ORIENTED_EDGE('',*,*,#910,.F.);
#538=ORIENTED_EDGE('',*,*,#911,.F.);
#539=ORIENTED_EDGE('',*,*,#912,.F.);
#540=ORIENTED_EDGE('',*,*,#913,.F.);
#541=ORIENTED_EDGE('',*,*,#914,.F.);
#542=ORIENTED_EDGE('',*,*,#915,.F.);
#543=ORIENTED_EDGE('',*,*,#916,.F.);
#544=ORIENTED_EDGE('',*,*,#917,.T.);
#545=ORIENTED_EDGE('',*,*,#918,.T.);
#546=ORIENTED_EDGE('',*,*,#919,.F.);
#547=ORIENTED_EDGE('',*,*,#912,.T.);
#548=ORIENTED_EDGE('',*,*,#920,.F.);
#549=ORIENTED_EDGE('',*,*,#899,.F.);
#550=ORIENTED_EDGE('',*,*,#921,.F.);
#551=ORIENTED_EDGE('',*,*,#922,.F.);
#552=ORIENTED_EDGE('',*,*,#923,.F.);
#553=ORIENTED_EDGE('',*,*,#915,.T.);
#554=ORIENTED_EDGE('',*,*,#919,.T.);
#555=ORIENTED_EDGE('',*,*,#924,.T.);
#556=ORIENTED_EDGE('',*,*,#925,.T.);
#557=ORIENTED_EDGE('',*,*,#926,.T.);
#558=ORIENTED_EDGE('',*,*,#927,.T.);
#559=ORIENTED_EDGE('',*,*,#928,.T.);
#560=ORIENTED_EDGE('',*,*,#913,.T.);
#561=ORIENTED_EDGE('',*,*,#896,.T.);
#562=ORIENTED_EDGE('',*,*,#929,.T.);
#563=ORIENTED_EDGE('',*,*,#905,.F.);
#564=ORIENTED_EDGE('',*,*,#928,.F.);
#565=ORIENTED_EDGE('',*,*,#930,.F.);
#566=ORIENTED_EDGE('',*,*,#931,.T.);
#567=ORIENTED_EDGE('',*,*,#932,.F.);
#568=ORIENTED_EDGE('',*,*,#933,.F.);
#569=ORIENTED_EDGE('',*,*,#921,.T.);
#570=ORIENTED_EDGE('',*,*,#934,.T.);
#571=ORIENTED_EDGE('',*,*,#935,.T.);
#572=ORIENTED_EDGE('',*,*,#924,.F.);
#573=ORIENTED_EDGE('',*,*,#918,.F.);
#574=ORIENTED_EDGE('',*,*,#936,.T.);
#575=ORIENTED_EDGE('',*,*,#937,.T.);
#576=ORIENTED_EDGE('',*,*,#935,.F.);
#577=ORIENTED_EDGE('',*,*,#938,.F.);
#578=ORIENTED_EDGE('',*,*,#939,.T.);
#579=ORIENTED_EDGE('',*,*,#922,.T.);
#580=ORIENTED_EDGE('',*,*,#934,.F.);
#581=ORIENTED_EDGE('',*,*,#898,.F.);
#582=ORIENTED_EDGE('',*,*,#940,.T.);
#583=ORIENTED_EDGE('',*,*,#938,.T.);
#584=ORIENTED_EDGE('',*,*,#927,.F.);
#585=ORIENTED_EDGE('',*,*,#941,.F.);
#586=ORIENTED_EDGE('',*,*,#942,.T.);
#587=ORIENTED_EDGE('',*,*,#930,.T.);
#588=ORIENTED_EDGE('',*,*,#926,.F.);
#589=ORIENTED_EDGE('',*,*,#943,.F.);
#590=ORIENTED_EDGE('',*,*,#944,.T.);
#591=ORIENTED_EDGE('',*,*,#941,.T.);
#592=ORIENTED_EDGE('',*,*,#925,.F.);
#593=ORIENTED_EDGE('',*,*,#937,.F.);
#594=ORIENTED_EDGE('',*,*,#945,.T.);
#595=ORIENTED_EDGE('',*,*,#943,.T.);
#596=ORIENTED_EDGE('',*,*,#946,.F.);
#597=ORIENTED_EDGE('',*,*,#947,.T.);
#598=ORIENTED_EDGE('',*,*,#900,.T.);
#599=ORIENTED_EDGE('',*,*,#920,.T.);
#600=ORIENTED_EDGE('',*,*,#914,.T.);
#601=ORIENTED_EDGE('',*,*,#911,.T.);
#602=ORIENTED_EDGE('',*,*,#948,.T.);
#603=ORIENTED_EDGE('',*,*,#949,.F.);
#604=ORIENTED_EDGE('',*,*,#950,.T.);
#605=ORIENTED_EDGE('',*,*,#951,.T.);
#606=ORIENTED_EDGE('',*,*,#952,.F.);
#607=ORIENTED_EDGE('',*,*,#953,.F.);
#608=ORIENTED_EDGE('',*,*,#954,.F.);
#609=ORIENTED_EDGE('',*,*,#901,.T.);
#610=ORIENTED_EDGE('',*,*,#947,.F.);
#611=ORIENTED_EDGE('',*,*,#910,.T.);
#612=ORIENTED_EDGE('',*,*,#955,.F.);
#613=ORIENTED_EDGE('',*,*,#902,.F.);
#614=ORIENTED_EDGE('',*,*,#954,.T.);
#615=ORIENTED_EDGE('',*,*,#909,.F.);
#616=ORIENTED_EDGE('',*,*,#956,.T.);
#617=ORIENTED_EDGE('',*,*,#946,.T.);
#618=ORIENTED_EDGE('',*,*,#957,.F.);
#619=ORIENTED_EDGE('',*,*,#958,.T.);
#620=ORIENTED_EDGE('',*,*,#959,.F.);
#621=ORIENTED_EDGE('',*,*,#948,.F.);
#622=ORIENTED_EDGE('',*,*,#960,.F.);
#623=ORIENTED_EDGE('',*,*,#961,.F.);
#624=ORIENTED_EDGE('',*,*,#957,.T.);
#625=ORIENTED_EDGE('',*,*,#962,.F.);
#626=ORIENTED_EDGE('',*,*,#963,.F.);
#627=ORIENTED_EDGE('',*,*,#956,.F.);
#628=ORIENTED_EDGE('',*,*,#952,.T.);
#629=ORIENTED_EDGE('',*,*,#958,.F.);
#630=ORIENTED_EDGE('',*,*,#953,.T.);
#631=ORIENTED_EDGE('',*,*,#964,.T.);
#632=ORIENTED_EDGE('',*,*,#965,.F.);
#633=ORIENTED_EDGE('',*,*,#966,.F.);
#634=ORIENTED_EDGE('',*,*,#932,.T.);
#635=ORIENTED_EDGE('',*,*,#967,.F.);
#636=ORIENTED_EDGE('',*,*,#917,.F.);
#637=ORIENTED_EDGE('',*,*,#968,.T.);
#638=ORIENTED_EDGE('',*,*,#965,.T.);
#639=ORIENTED_EDGE('',*,*,#897,.T.);
#640=ORIENTED_EDGE('',*,*,#933,.T.);
#641=ORIENTED_EDGE('',*,*,#966,.T.);
#642=ORIENTED_EDGE('',*,*,#968,.F.);
#643=ORIENTED_EDGE('',*,*,#916,.T.);
#644=ORIENTED_EDGE('',*,*,#923,.T.);
#645=ORIENTED_EDGE('',*,*,#939,.F.);
#646=ORIENTED_EDGE('',*,*,#940,.F.);
#647=ORIENTED_EDGE('',*,*,#936,.F.);
#648=ORIENTED_EDGE('',*,*,#967,.T.);
#649=ORIENTED_EDGE('',*,*,#964,.F.);
#650=ORIENTED_EDGE('',*,*,#931,.F.);
#651=ORIENTED_EDGE('',*,*,#942,.F.);
#652=ORIENTED_EDGE('',*,*,#944,.F.);
#653=ORIENTED_EDGE('',*,*,#945,.F.);
#654=ORIENTED_EDGE('',*,*,#895,.T.);
#655=ORIENTED_EDGE('',*,*,#969,.T.);
#656=ORIENTED_EDGE('',*,*,#906,.F.);
#657=ORIENTED_EDGE('',*,*,#929,.F.);
#658=ORIENTED_EDGE('',*,*,#908,.T.);
#659=ORIENTED_EDGE('',*,*,#970,.T.);
#660=ORIENTED_EDGE('',*,*,#903,.F.);
#661=ORIENTED_EDGE('',*,*,#955,.T.);
#662=ORIENTED_EDGE('',*,*,#904,.F.);
#663=ORIENTED_EDGE('',*,*,#970,.F.);
#664=ORIENTED_EDGE('',*,*,#907,.F.);
#665=ORIENTED_EDGE('',*,*,#969,.F.);
#666=ORIENTED_EDGE('',*,*,#971,.T.);
#667=ORIENTED_EDGE('',*,*,#949,.T.);
#668=ORIENTED_EDGE('',*,*,#959,.T.);
#669=ORIENTED_EDGE('',*,*,#972,.F.);
#670=ORIENTED_EDGE('',*,*,#892,.F.);
#671=ORIENTED_EDGE('',*,*,#973,.T.);
#672=ORIENTED_EDGE('',*,*,#963,.T.);
#673=ORIENTED_EDGE('',*,*,#974,.F.);
#674=ORIENTED_EDGE('',*,*,#893,.F.);
#675=ORIENTED_EDGE('',*,*,#972,.T.);
#676=ORIENTED_EDGE('',*,*,#962,.T.);
#677=ORIENTED_EDGE('',*,*,#975,.F.);
#678=ORIENTED_EDGE('',*,*,#894,.F.);
#679=ORIENTED_EDGE('',*,*,#974,.T.);
#680=ORIENTED_EDGE('',*,*,#961,.T.);
#681=ORIENTED_EDGE('',*,*,#976,.F.);
#682=ORIENTED_EDGE('',*,*,#883,.F.);
#683=ORIENTED_EDGE('',*,*,#975,.T.);
#684=ORIENTED_EDGE('',*,*,#951,.F.);
#685=ORIENTED_EDGE('',*,*,#977,.T.);
#686=ORIENTED_EDGE('',*,*,#978,.F.);
#687=ORIENTED_EDGE('',*,*,#979,.F.);
#688=ORIENTED_EDGE('',*,*,#980,.T.);
#689=ORIENTED_EDGE('',*,*,#976,.T.);
#690=ORIENTED_EDGE('',*,*,#960,.T.);
#691=ORIENTED_EDGE('',*,*,#978,.T.);
#692=ORIENTED_EDGE('',*,*,#981,.T.);
#693=ORIENTED_EDGE('',*,*,#982,.F.);
#694=ORIENTED_EDGE('',*,*,#983,.F.);
#695=ORIENTED_EDGE('',*,*,#984,.T.);
#696=ORIENTED_EDGE('',*,*,#985,.T.);
#697=ORIENTED_EDGE('',*,*,#982,.T.);
#698=ORIENTED_EDGE('',*,*,#986,.T.);
#699=ORIENTED_EDGE('',*,*,#987,.F.);
#700=ORIENTED_EDGE('',*,*,#889,.F.);
#701=ORIENTED_EDGE('',*,*,#988,.F.);
#702=ORIENTED_EDGE('',*,*,#989,.T.);
#703=ORIENTED_EDGE('',*,*,#990,.F.);
#704=ORIENTED_EDGE('',*,*,#991,.F.);
#705=ORIENTED_EDGE('',*,*,#987,.T.);
#706=ORIENTED_EDGE('',*,*,#992,.T.);
#707=ORIENTED_EDGE('',*,*,#993,.F.);
#708=ORIENTED_EDGE('',*,*,#890,.F.);
#709=ORIENTED_EDGE('',*,*,#993,.T.);
#710=ORIENTED_EDGE('',*,*,#994,.T.);
#711=ORIENTED_EDGE('',*,*,#973,.F.);
#712=ORIENTED_EDGE('',*,*,#891,.F.);
#713=ORIENTED_EDGE('',*,*,#950,.F.);
#714=ORIENTED_EDGE('',*,*,#971,.F.);
#715=ORIENTED_EDGE('',*,*,#994,.F.);
#716=ORIENTED_EDGE('',*,*,#992,.F.);
#717=ORIENTED_EDGE('',*,*,#986,.F.);
#718=ORIENTED_EDGE('',*,*,#981,.F.);
#719=ORIENTED_EDGE('',*,*,#977,.F.);
#720=ORIENTED_EDGE('',*,*,#884,.F.);
#721=ORIENTED_EDGE('',*,*,#980,.F.);
#722=ORIENTED_EDGE('',*,*,#995,.T.);
#723=ORIENTED_EDGE('',*,*,#996,.T.);
#724=ORIENTED_EDGE('',*,*,#888,.F.);
#725=ORIENTED_EDGE('',*,*,#997,.F.);
#726=ORIENTED_EDGE('',*,*,#998,.T.);
#727=ORIENTED_EDGE('',*,*,#988,.T.);
#728=ORIENTED_EDGE('',*,*,#887,.F.);
#729=ORIENTED_EDGE('',*,*,#999,.F.);
#730=ORIENTED_EDGE('',*,*,#1000,.T.);
#731=ORIENTED_EDGE('',*,*,#997,.T.);
#732=ORIENTED_EDGE('',*,*,#886,.F.);
#733=ORIENTED_EDGE('',*,*,#1001,.F.);
#734=ORIENTED_EDGE('',*,*,#1002,.T.);
#735=ORIENTED_EDGE('',*,*,#999,.T.);
#736=ORIENTED_EDGE('',*,*,#885,.F.);
#737=ORIENTED_EDGE('',*,*,#996,.F.);
#738=ORIENTED_EDGE('',*,*,#1003,.T.);
#739=ORIENTED_EDGE('',*,*,#1001,.T.);
#740=ORIENTED_EDGE('',*,*,#995,.F.);
#741=ORIENTED_EDGE('',*,*,#979,.T.);
#742=ORIENTED_EDGE('',*,*,#985,.F.);
#743=ORIENTED_EDGE('',*,*,#1004,.T.);
#744=ORIENTED_EDGE('',*,*,#1005,.F.);
#745=ORIENTED_EDGE('',*,*,#1006,.F.);
#746=ORIENTED_EDGE('',*,*,#989,.F.);
#747=ORIENTED_EDGE('',*,*,#998,.F.);
#748=ORIENTED_EDGE('',*,*,#1000,.F.);
#749=ORIENTED_EDGE('',*,*,#1002,.F.);
#750=ORIENTED_EDGE('',*,*,#1003,.F.);
#751=ORIENTED_EDGE('',*,*,#1004,.F.);
#752=ORIENTED_EDGE('',*,*,#984,.F.);
#753=ORIENTED_EDGE('',*,*,#1007,.T.);
#754=ORIENTED_EDGE('',*,*,#1008,.T.);
#755=ORIENTED_EDGE('',*,*,#1006,.T.);
#756=ORIENTED_EDGE('',*,*,#1009,.F.);
#757=ORIENTED_EDGE('',*,*,#1010,.F.);
#758=ORIENTED_EDGE('',*,*,#990,.T.);
#759=ORIENTED_EDGE('',*,*,#1005,.T.);
#760=ORIENTED_EDGE('',*,*,#1008,.F.);
#761=ORIENTED_EDGE('',*,*,#1011,.F.);
#762=ORIENTED_EDGE('',*,*,#1009,.T.);
#763=ORIENTED_EDGE('',*,*,#1007,.F.);
#764=ORIENTED_EDGE('',*,*,#983,.T.);
#765=ORIENTED_EDGE('',*,*,#991,.T.);
#766=ORIENTED_EDGE('',*,*,#1010,.T.);
#767=ORIENTED_EDGE('',*,*,#1011,.T.);
#768=ORIENTED_EDGE('',*,*,#1012,.T.);
#769=ORIENTED_EDGE('',*,*,#1013,.F.);
#770=ORIENTED_EDGE('',*,*,#1014,.T.);
#771=ORIENTED_EDGE('',*,*,#1015,.T.);
#772=ORIENTED_EDGE('',*,*,#1016,.F.);
#773=ORIENTED_EDGE('',*,*,#1017,.F.);
#774=ORIENTED_EDGE('',*,*,#1018,.T.);
#775=ORIENTED_EDGE('',*,*,#1019,.T.);
#776=ORIENTED_EDGE('',*,*,#1020,.F.);
#777=ORIENTED_EDGE('',*,*,#1021,.F.);
#778=ORIENTED_EDGE('',*,*,#1022,.F.);
#779=ORIENTED_EDGE('',*,*,#1023,.F.);
#780=ORIENTED_EDGE('',*,*,#1024,.T.);
#781=ORIENTED_EDGE('',*,*,#1025,.F.);
#782=ORIENTED_EDGE('',*,*,#1026,.F.);
#783=ORIENTED_EDGE('',*,*,#1013,.T.);
#784=ORIENTED_EDGE('',*,*,#1027,.F.);
#785=ORIENTED_EDGE('',*,*,#1028,.T.);
#786=ORIENTED_EDGE('',*,*,#1029,.T.);
#787=ORIENTED_EDGE('',*,*,#1017,.T.);
#788=ORIENTED_EDGE('',*,*,#1030,.F.);
#789=ORIENTED_EDGE('',*,*,#1031,.F.);
#790=ORIENTED_EDGE('',*,*,#1032,.T.);
#791=ORIENTED_EDGE('',*,*,#1024,.F.);
#792=ORIENTED_EDGE('',*,*,#1012,.F.);
#793=ORIENTED_EDGE('',*,*,#1023,.T.);
#794=ORIENTED_EDGE('',*,*,#1027,.T.);
#795=ORIENTED_EDGE('',*,*,#1020,.T.);
#796=ORIENTED_EDGE('',*,*,#1033,.F.);
#797=ORIENTED_EDGE('',*,*,#1034,.T.);
#798=ORIENTED_EDGE('',*,*,#1018,.F.);
#799=ORIENTED_EDGE('',*,*,#1029,.F.);
#800=ORIENTED_EDGE('',*,*,#1035,.F.);
#801=ORIENTED_EDGE('',*,*,#1036,.T.);
#802=ORIENTED_EDGE('',*,*,#1037,.F.);
#803=ORIENTED_EDGE('',*,*,#1028,.F.);
#804=ORIENTED_EDGE('',*,*,#1034,.F.);
#805=ORIENTED_EDGE('',*,*,#1038,.T.);
#806=ORIENTED_EDGE('',*,*,#1035,.T.);
#807=ORIENTED_EDGE('',*,*,#1019,.F.);
#808=ORIENTED_EDGE('',*,*,#1036,.F.);
#809=ORIENTED_EDGE('',*,*,#1038,.F.);
#810=ORIENTED_EDGE('',*,*,#1033,.T.);
#811=ORIENTED_EDGE('',*,*,#1014,.F.);
#812=ORIENTED_EDGE('',*,*,#1032,.F.);
#813=ORIENTED_EDGE('',*,*,#1039,.F.);
#814=ORIENTED_EDGE('',*,*,#1040,.T.);
#815=ORIENTED_EDGE('',*,*,#1030,.T.);
#816=ORIENTED_EDGE('',*,*,#1016,.T.);
#817=ORIENTED_EDGE('',*,*,#1041,.F.);
#818=ORIENTED_EDGE('',*,*,#1042,.T.);
#819=ORIENTED_EDGE('',*,*,#1043,.F.);
#820=ORIENTED_EDGE('',*,*,#1031,.T.);
#821=ORIENTED_EDGE('',*,*,#1042,.F.);
#822=ORIENTED_EDGE('',*,*,#1044,.F.);
#823=ORIENTED_EDGE('',*,*,#1039,.T.);
#824=ORIENTED_EDGE('',*,*,#1015,.F.);
#825=ORIENTED_EDGE('',*,*,#1040,.F.);
#826=ORIENTED_EDGE('',*,*,#1044,.T.);
#827=ORIENTED_EDGE('',*,*,#1041,.T.);
#828=ORIENTED_EDGE('',*,*,#1025,.T.);
#829=ORIENTED_EDGE('',*,*,#1021,.T.);
#830=ORIENTED_EDGE('',*,*,#1026,.T.);
#831=ORIENTED_EDGE('',*,*,#1022,.T.);
#832=ORIENTED_EDGE('',*,*,#1045,.F.);
#833=ORIENTED_EDGE('',*,*,#1037,.T.);
#834=ORIENTED_EDGE('',*,*,#1045,.T.);
#835=ORIENTED_EDGE('',*,*,#1046,.F.);
#836=ORIENTED_EDGE('',*,*,#1043,.T.);
#837=ORIENTED_EDGE('',*,*,#1046,.T.);
#838=ORIENTED_EDGE('',*,*,#1047,.F.);
#839=ORIENTED_EDGE('',*,*,#1048,.T.);
#840=ORIENTED_EDGE('',*,*,#1047,.T.);
#841=ORIENTED_EDGE('',*,*,#1048,.F.);
#842=EDGE_CURVE('',#1049,#1049,#1199,.T.);
#843=EDGE_CURVE('',#1050,#1050,#1200,.T.);
#844=EDGE_CURVE('',#1051,#1051,#1201,.T.);
#845=EDGE_CURVE('',#1052,#1053,#1202,.F.);
#846=EDGE_CURVE('',#1052,#1054,#22,.F.);
#847=EDGE_CURVE('',#1054,#1055,#1203,.T.);
#848=EDGE_CURVE('',#1056,#1055,#23,.F.);
#849=EDGE_CURVE('',#1057,#1056,#1204,.F.);
#850=EDGE_CURVE('',#1057,#1058,#24,.F.);
#851=EDGE_CURVE('',#1058,#1059,#1205,.T.);
#852=EDGE_CURVE('',#1053,#1059,#25,.F.);
#853=EDGE_CURVE('',#1060,#1054,#26,.T.);
#854=EDGE_CURVE('',#1060,#1061,#27,.T.);
#855=EDGE_CURVE('',#1061,#1059,#28,.T.);
#856=EDGE_CURVE('',#1062,#1058,#29,.T.);
#857=EDGE_CURVE('',#1063,#1062,#30,.T.);
#858=EDGE_CURVE('',#1063,#1055,#31,.T.);
#859=EDGE_CURVE('',#1064,#1064,#1206,.T.);
#860=EDGE_CURVE('',#1065,#1065,#1207,.T.);
#861=EDGE_CURVE('',#1066,#1056,#32,.T.);
#862=EDGE_CURVE('',#1066,#1063,#33,.T.);
#863=EDGE_CURVE('',#1067,#1067,#1208,.T.);
#864=EDGE_CURVE('',#1068,#1062,#34,.T.);
#865=EDGE_CURVE('',#1066,#1068,#35,.T.);
#866=EDGE_CURVE('',#1068,#1057,#36,.T.);
#867=EDGE_CURVE('',#1069,#1069,#1209,.T.);
#868=EDGE_CURVE('',#1070,#1060,#37,.T.);
#869=EDGE_CURVE('',#1070,#1071,#38,.T.);
#870=EDGE_CURVE('',#1071,#1061,#39,.T.);
#871=EDGE_CURVE('',#1070,#1052,#40,.T.);
#872=EDGE_CURVE('',#1071,#1053,#41,.T.);
#873=EDGE_CURVE('',#1072,#1072,#1210,.T.);
#874=EDGE_CURVE('',#1073,#1073,#1211,.T.);
#875=EDGE_CURVE('',#1074,#1074,#1212,.T.);
#876=EDGE_CURVE('',#1075,#1075,#1213,.T.);
#877=EDGE_CURVE('',#1076,#1076,#1214,.T.);
#878=EDGE_CURVE('',#1077,#1077,#1215,.T.);
#879=EDGE_CURVE('',#1078,#1078,#1216,.T.);
#880=EDGE_CURVE('',#1079,#1079,#1217,.T.);
#881=EDGE_CURVE('',#1080,#1080,#1218,.T.);
#882=EDGE_CURVE('',#1081,#1081,#1219,.T.);
#883=EDGE_CURVE('',#1084,#1085,#42,.T.);
#884=EDGE_CURVE('',#1085,#1086,#43,.T.);
#885=EDGE_CURVE('',#1086,#1087,#44,.T.);
#886=EDGE_CURVE('',#1087,#1088,#45,.T.);
#887=EDGE_CURVE('',#1088,#1089,#46,.T.);
#888=EDGE_CURVE('',#1089,#1090,#47,.T.);
#889=EDGE_CURVE('',#1090,#1091,#48,.T.);
#890=EDGE_CURVE('',#1091,#1092,#49,.T.);
#891=EDGE_CURVE('',#1092,#1093,#50,.T.);
#892=EDGE_CURVE('',#1093,#1094,#51,.T.);
#893=EDGE_CURVE('',#1094,#1095,#52,.T.);
#894=EDGE_CURVE('',#1095,#1084,#53,.T.);
#895=EDGE_CURVE('',#1096,#1097,#54,.T.);
#896=EDGE_CURVE('',#1098,#1096,#55,.T.);
#897=EDGE_CURVE('',#1099,#1098,#56,.T.);
#898=EDGE_CURVE('',#1099,#1100,#57,.T.);
#899=EDGE_CURVE('',#1100,#1101,#58,.T.);
#900=EDGE_CURVE('',#1102,#1101,#59,.T.);
#901=EDGE_CURVE('',#1103,#1102,#60,.T.);
#902=EDGE_CURVE('',#1103,#1104,#61,.T.);
#903=EDGE_CURVE('',#1104,#1105,#62,.T.);
#904=EDGE_CURVE('',#1105,#1097,#1220,.T.);
#905=EDGE_CURVE('',#1106,#1107,#63,.T.);
#906=EDGE_CURVE('',#1107,#1108,#64,.T.);
#907=EDGE_CURVE('',#1108,#1109,#1221,.T.);
#908=EDGE_CURVE('',#1110,#1109,#65,.T.);
#909=EDGE_CURVE('',#1110,#1111,#66,.T.);
#910=EDGE_CURVE('',#1112,#1111,#67,.F.);
#911=EDGE_CURVE('',#1113,#1112,#68,.T.);
#912=EDGE_CURVE('',#1114,#1113,#69,.T.);
#913=EDGE_CURVE('',#1106,#1114,#70,.T.);
#914=EDGE_CURVE('',#1115,#1113,#71,.T.);
#915=EDGE_CURVE('',#1116,#1115,#72,.T.);
#916=EDGE_CURVE('',#1117,#1116,#73,.T.);
#917=EDGE_CURVE('',#1117,#1118,#74,.T.);
#918=EDGE_CURVE('',#1118,#1119,#75,.T.);
#919=EDGE_CURVE('',#1114,#1119,#76,.T.);
#920=EDGE_CURVE('',#1101,#1115,#77,.T.);
#921=EDGE_CURVE('',#1120,#1100,#78,.T.);
#922=EDGE_CURVE('',#1121,#1120,#79,.T.);
#923=EDGE_CURVE('',#1116,#1121,#80,.T.);
#924=EDGE_CURVE('',#1119,#1122,#81,.T.);
#925=EDGE_CURVE('',#1122,#1123,#82,.T.);
#926=EDGE_CURVE('',#1123,#1124,#83,.T.);
#927=EDGE_CURVE('',#1124,#1125,#84,.T.);
#928=EDGE_CURVE('',#1125,#1106,#85,.T.);
#929=EDGE_CURVE('',#1096,#1107,#86,.T.);
#930=EDGE_CURVE('',#1126,#1125,#87,.T.);
#931=EDGE_CURVE('',#1126,#1127,#88,.T.);
#932=EDGE_CURVE('',#1128,#1127,#89,.T.);
#933=EDGE_CURVE('',#1098,#1128,#90,.T.);
#934=EDGE_CURVE('',#1100,#1129,#91,.T.);
#935=EDGE_CURVE('',#1129,#1120,#92,.T.);
#936=EDGE_CURVE('',#1118,#1130,#93,.T.);
#937=EDGE_CURVE('',#1130,#1122,#94,.T.);
#938=EDGE_CURVE('',#1131,#1129,#95,.T.);
#939=EDGE_CURVE('',#1131,#1121,#96,.T.);
#940=EDGE_CURVE('',#1099,#1131,#97,.T.);
#941=EDGE_CURVE('',#1132,#1124,#98,.T.);
#942=EDGE_CURVE('',#1132,#1126,#99,.T.);
#943=EDGE_CURVE('',#1133,#1123,#100,.T.);
#944=EDGE_CURVE('',#1133,#1132,#101,.T.);
#945=EDGE_CURVE('',#1130,#1133,#102,.T.);
#946=EDGE_CURVE('',#1134,#1134,#1222,.T.);
#947=EDGE_CURVE('',#1112,#1102,#1223,.T.);
#948=EDGE_CURVE('',#1135,#1136,#1224,.T.);
#949=EDGE_CURVE('',#1137,#1136,#103,.T.);
#950=EDGE_CURVE('',#1137,#1138,#1225,.T.);
#951=EDGE_CURVE('',#1138,#1135,#104,.T.);
#952=EDGE_CURVE('',#1139,#1139,#10,.T.);
#953=EDGE_CURVE('',#1140,#1140,#11,.T.);
#954=EDGE_CURVE('',#1103,#1111,#1226,.F.);
#955=EDGE_CURVE('',#1104,#1110,#105,.T.);
#956=EDGE_CURVE('',#1141,#1141,#12,.T.);
#957=EDGE_CURVE('',#1142,#1142,#1227,.T.);
#958=EDGE_CURVE('',#1143,#1143,#13,.T.);
#959=EDGE_CURVE('',#1136,#1144,#106,.T.);
#960=EDGE_CURVE('',#1145,#1135,#107,.T.);
#961=EDGE_CURVE('',#1142,#1145,#108,.T.);
#962=EDGE_CURVE('',#1146,#1142,#109,.T.);
#963=EDGE_CURVE('',#1144,#1146,#110,.T.);
#964=EDGE_CURVE('',#1127,#1147,#111,.T.);
#965=EDGE_CURVE('',#1148,#1147,#112,.T.);
#966=EDGE_CURVE('',#1128,#1148,#113,.T.);
#967=EDGE_CURVE('',#1118,#1147,#114,.T.);
#968=EDGE_CURVE('',#1117,#1148,#115,.T.);
#969=EDGE_CURVE('',#1097,#1108,#116,.T.);
#970=EDGE_CURVE('',#1109,#1105,#117,.F.);
#971=EDGE_CURVE('',#1149,#1137,#118,.T.);
#972=EDGE_CURVE('',#1094,#1144,#119,.T.);
#973=EDGE_CURVE('',#1093,#1149,#120,.T.);
#974=EDGE_CURVE('',#1095,#1146,#121,.T.);
#975=EDGE_CURVE('',#1084,#1142,#122,.T.);
#976=EDGE_CURVE('',#1085,#1145,#123,.T.);
#977=EDGE_CURVE('',#1138,#1150,#124,.T.);
#978=EDGE_CURVE('',#1151,#1150,#125,.T.);
#979=EDGE_CURVE('',#1152,#1151,#126,.T.);
#980=EDGE_CURVE('',#1152,#1085,#127,.T.);
#981=EDGE_CURVE('',#1150,#1153,#128,.T.);
#982=EDGE_CURVE('',#1154,#1153,#129,.T.);
#983=EDGE_CURVE('',#1155,#1154,#130,.T.);
#984=EDGE_CURVE('',#1155,#1156,#131,.T.);
#985=EDGE_CURVE('',#1156,#1151,#132,.T.);
#986=EDGE_CURVE('',#1153,#1157,#133,.T.);
#987=EDGE_CURVE('',#1091,#1157,#134,.T.);
#988=EDGE_CURVE('',#1158,#1090,#135,.T.);
#989=EDGE_CURVE('',#1158,#1159,#136,.T.);
#990=EDGE_CURVE('',#1160,#1159,#137,.T.);
#991=EDGE_CURVE('',#1154,#1160,#138,.T.);
#992=EDGE_CURVE('',#1157,#1161,#139,.T.);
#993=EDGE_CURVE('',#1092,#1161,#140,.T.);
#994=EDGE_CURVE('',#1161,#1149,#141,.T.);
#995=EDGE_CURVE('',#1152,#1162,#142,.T.);
#996=EDGE_CURVE('',#1162,#1086,#143,.T.);
#997=EDGE_CURVE('',#1163,#1089,#144,.T.);
#998=EDGE_CURVE('',#1163,#1158,#145,.T.);
#999=EDGE_CURVE('',#1164,#1088,#146,.T.);
#1000=EDGE_CURVE('',#1164,#1163,#147,.T.);
#1001=EDGE_CURVE('',#1165,#1087,#148,.T.);
#1002=EDGE_CURVE('',#1165,#1164,#149,.T.);
#1003=EDGE_CURVE('',#1162,#1165,#150,.T.);
#1004=EDGE_CURVE('',#1156,#1166,#151,.T.);
#1005=EDGE_CURVE('',#1167,#1166,#152,.T.);
#1006=EDGE_CURVE('',#1159,#1167,#153,.T.);
#1007=EDGE_CURVE('',#1155,#1168,#154,.T.);
#1008=EDGE_CURVE('',#1168,#1166,#155,.T.);
#1009=EDGE_CURVE('',#1169,#1167,#156,.T.);
#1010=EDGE_CURVE('',#1160,#1169,#157,.T.);
#1011=EDGE_CURVE('',#1169,#1168,#158,.T.);
#1012=EDGE_CURVE('',#1170,#1170,#1228,.T.);
#1013=EDGE_CURVE('',#1171,#1172,#1229,.T.);
#1014=EDGE_CURVE('',#1171,#1173,#159,.F.);
#1015=EDGE_CURVE('',#1173,#1174,#1230,.T.);
#1016=EDGE_CURVE('',#1175,#1174,#160,.F.);
#1017=EDGE_CURVE('',#1176,#1175,#1231,.T.);
#1018=EDGE_CURVE('',#1176,#1177,#161,.F.);
#1019=EDGE_CURVE('',#1177,#1178,#1232,.T.);
#1020=EDGE_CURVE('',#1172,#1178,#162,.F.);
#1021=EDGE_CURVE('',#1179,#1179,#14,.T.);
#1022=EDGE_CURVE('',#1180,#1180,#15,.T.);
#1023=EDGE_CURVE('',#1181,#1181,#1233,.T.);
#1024=EDGE_CURVE('',#1182,#1182,#1234,.T.);
#1025=EDGE_CURVE('',#1183,#1183,#16,.T.);
#1026=EDGE_CURVE('',#1184,#1184,#17,.T.);
#1027=EDGE_CURVE('',#1185,#1172,#163,.T.);
#1028=EDGE_CURVE('',#1185,#1186,#164,.T.);
#1029=EDGE_CURVE('',#1186,#1176,#165,.T.);
#1030=EDGE_CURVE('',#1187,#1175,#166,.T.);
#1031=EDGE_CURVE('',#1188,#1187,#167,.T.);
#1032=EDGE_CURVE('',#1188,#1171,#168,.T.);
#1033=EDGE_CURVE('',#1189,#1178,#169,.T.);
#1034=EDGE_CURVE('',#1189,#1185,#170,.T.);
#1035=EDGE_CURVE('',#1190,#1186,#171,.T.);
#1036=EDGE_CURVE('',#1190,#1177,#172,.T.);
#1037=EDGE_CURVE('',#1191,#1191,#1235,.T.);
#1038=EDGE_CURVE('',#1189,#1190,#173,.T.);
#1039=EDGE_CURVE('',#1192,#1188,#174,.T.);
#1040=EDGE_CURVE('',#1192,#1173,#175,.T.);
#1041=EDGE_CURVE('',#1193,#1174,#176,.T.);
#1042=EDGE_CURVE('',#1193,#1187,#177,.T.);
#1043=EDGE_CURVE('',#1194,#1194,#1236,.T.);
#1044=EDGE_CURVE('',#1192,#1193,#178,.T.);
#1045=EDGE_CURVE('',#1195,#1195,#1237,.T.);
#1046=EDGE_CURVE('',#1196,#1196,#1238,.T.);
#1047=EDGE_CURVE('',#1197,#1197,#1239,.T.);
#1048=EDGE_CURVE('',#1198,#1198,#1240,.T.);
#1049=VERTEX_POINT('',#2338);
#1050=VERTEX_POINT('',#2340);
#1051=VERTEX_POINT('',#2346);
#1052=VERTEX_POINT('',#2348);
#1053=VERTEX_POINT('',#2349);
#1054=VERTEX_POINT('',#2351);
#1055=VERTEX_POINT('',#2353);
#1056=VERTEX_POINT('',#2355);
#1057=VERTEX_POINT('',#2357);
#1058=VERTEX_POINT('',#2359);
#1059=VERTEX_POINT('',#2361);
#1060=VERTEX_POINT('',#2365);
#1061=VERTEX_POINT('',#2367);
#1062=VERTEX_POINT('',#2370);
#1063=VERTEX_POINT('',#2372);
#1064=VERTEX_POINT('',#2375);
#1065=VERTEX_POINT('',#2378);
#1066=VERTEX_POINT('',#2382);
#1067=VERTEX_POINT('',#2386);
#1068=VERTEX_POINT('',#2388);
#1069=VERTEX_POINT('',#2395);
#1070=VERTEX_POINT('',#2397);
#1071=VERTEX_POINT('',#2399);
#1072=VERTEX_POINT('',#2408);
#1073=VERTEX_POINT('',#2412);
#1074=VERTEX_POINT('',#2417);
#1075=VERTEX_POINT('',#2419);
#1076=VERTEX_POINT('',#2425);
#1077=VERTEX_POINT('',#2427);
#1078=VERTEX_POINT('',#2433);
#1079=VERTEX_POINT('',#2435);
#1080=VERTEX_POINT('',#2438);
#1081=VERTEX_POINT('',#2441);
#1082=VERTEX_POINT('',#2443);
#1083=VERTEX_POINT('',#2445);
#1084=VERTEX_POINT('',#2449);
#1085=VERTEX_POINT('',#2450);
#1086=VERTEX_POINT('',#2452);
#1087=VERTEX_POINT('',#2454);
#1088=VERTEX_POINT('',#2456);
#1089=VERTEX_POINT('',#2458);
#1090=VERTEX_POINT('',#2460);
#1091=VERTEX_POINT('',#2462);
#1092=VERTEX_POINT('',#2464);
#1093=VERTEX_POINT('',#2466);
#1094=VERTEX_POINT('',#2468);
#1095=VERTEX_POINT('',#2470);
#1096=VERTEX_POINT('',#2474);
#1097=VERTEX_POINT('',#2475);
#1098=VERTEX_POINT('',#2477);
#1099=VERTEX_POINT('',#2479);
#1100=VERTEX_POINT('',#2481);
#1101=VERTEX_POINT('',#2483);
#1102=VERTEX_POINT('',#2485);
#1103=VERTEX_POINT('',#2487);
#1104=VERTEX_POINT('',#2489);
#1105=VERTEX_POINT('',#2491);
#1106=VERTEX_POINT('',#2495);
#1107=VERTEX_POINT('',#2496);
#1108=VERTEX_POINT('',#2498);
#1109=VERTEX_POINT('',#2500);
#1110=VERTEX_POINT('',#2502);
#1111=VERTEX_POINT('',#2504);
#1112=VERTEX_POINT('',#2506);
#1113=VERTEX_POINT('',#2508);
#1114=VERTEX_POINT('',#2510);
#1115=VERTEX_POINT('',#2514);
#1116=VERTEX_POINT('',#2516);
#1117=VERTEX_POINT('',#2518);
#1118=VERTEX_POINT('',#2520);
#1119=VERTEX_POINT('',#2522);
#1120=VERTEX_POINT('',#2527);
#1121=VERTEX_POINT('',#2529);
#1122=VERTEX_POINT('',#2533);
#1123=VERTEX_POINT('',#2535);
#1124=VERTEX_POINT('',#2537);
#1125=VERTEX_POINT('',#2539);
#1126=VERTEX_POINT('',#2544);
#1127=VERTEX_POINT('',#2546);
#1128=VERTEX_POINT('',#2548);
#1129=VERTEX_POINT('',#2552);
#1130=VERTEX_POINT('',#2556);
#1131=VERTEX_POINT('',#2560);
#1132=VERTEX_POINT('',#2566);
#1133=VERTEX_POINT('',#2570);
#1134=VERTEX_POINT('',#2576);
#1135=VERTEX_POINT('',#2580);
#1136=VERTEX_POINT('',#2581);
#1137=VERTEX_POINT('',#2583);
#1138=VERTEX_POINT('',#2585);
#1139=VERTEX_POINT('',#2598);
#1140=VERTEX_POINT('',#2610);
#1141=VERTEX_POINT('',#2626);
#1142=VERTEX_POINT('',#2628);
#1143=VERTEX_POINT('',#2640);
#1144=VERTEX_POINT('',#2643);
#1145=VERTEX_POINT('',#2645);
#1146=VERTEX_POINT('',#2648);
#1147=VERTEX_POINT('',#2654);
#1148=VERTEX_POINT('',#2656);
#1149=VERTEX_POINT('',#2670);
#1150=VERTEX_POINT('',#2681);
#1151=VERTEX_POINT('',#2683);
#1152=VERTEX_POINT('',#2685);
#1153=VERTEX_POINT('',#2689);
#1154=VERTEX_POINT('',#2691);
#1155=VERTEX_POINT('',#2693);
#1156=VERTEX_POINT('',#2695);
#1157=VERTEX_POINT('',#2699);
#1158=VERTEX_POINT('',#2702);
#1159=VERTEX_POINT('',#2704);
#1160=VERTEX_POINT('',#2706);
#1161=VERTEX_POINT('',#2710);
#1162=VERTEX_POINT('',#2717);
#1163=VERTEX_POINT('',#2721);
#1164=VERTEX_POINT('',#2725);
#1165=VERTEX_POINT('',#2729);
#1166=VERTEX_POINT('',#2735);
#1167=VERTEX_POINT('',#2737);
#1168=VERTEX_POINT('',#2741);
#1169=VERTEX_POINT('',#2745);
#1170=VERTEX_POINT('',#2753);
#1171=VERTEX_POINT('',#2755);
#1172=VERTEX_POINT('',#2756);
#1173=VERTEX_POINT('',#2758);
#1174=VERTEX_POINT('',#2760);
#1175=VERTEX_POINT('',#2762);
#1176=VERTEX_POINT('',#2764);
#1177=VERTEX_POINT('',#2766);
#1178=VERTEX_POINT('',#2768);
#1179=VERTEX_POINT('',#2781);
#1180=VERTEX_POINT('',#2793);
#1181=VERTEX_POINT('',#2796);
#1182=VERTEX_POINT('',#2798);
#1183=VERTEX_POINT('',#2810);
#1184=VERTEX_POINT('',#2822);
#1185=VERTEX_POINT('',#2825);
#1186=VERTEX_POINT('',#2827);
#1187=VERTEX_POINT('',#2830);
#1188=VERTEX_POINT('',#2832);
#1189=VERTEX_POINT('',#2837);
#1190=VERTEX_POINT('',#2841);
#1191=VERTEX_POINT('',#2845);
#1192=VERTEX_POINT('',#2850);
#1193=VERTEX_POINT('',#2854);
#1194=VERTEX_POINT('',#2858);
#1195=VERTEX_POINT('',#2865);
#1196=VERTEX_POINT('',#2869);
#1197=VERTEX_POINT('',#2874);
#1198=VERTEX_POINT('',#2876);
#1199=CIRCLE('',#1733,0.001778);
#1200=CIRCLE('',#1734,0.001778);
#1201=CIRCLE('',#1739,0.0270067287256516);
#1202=CIRCLE('',#1740,0.0270067287256516);
#1203=CIRCLE('',#1741,0.0270067287256516);
#1204=CIRCLE('',#1742,0.0270067287256516);
#1205=CIRCLE('',#1743,0.0270067287256516);
#1206=CIRCLE('',#1745,0.023114);
#1207=CIRCLE('',#1747,0.023114);
#1208=CIRCLE('',#1751,0.001905);
#1209=CIRCLE('',#1755,0.00184725122860536);
#1210=CIRCLE('',#1760,0.001905);
#1211=CIRCLE('',#1763,0.00184725122860536);
#1212=CIRCLE('',#1767,0.001778);
#1213=CIRCLE('',#1768,0.001778);
#1214=CIRCLE('',#1773,0.001778);
#1215=CIRCLE('',#1774,0.001778);
#1216=CIRCLE('',#1779,0.0633512437343598);
#1217=CIRCLE('',#1780,0.0633512437343598);
#1218=CIRCLE('',#1782,0.0842949673533441);
#1219=CIRCLE('',#1784,0.084294967353344);
#1220=CIRCLE('',#1790,0.00508);
#1221=CIRCLE('',#1792,0.00508);
#1222=CIRCLE('',#1805,0.0419063055049021);
#1223=CIRCLE('',#1806,0.0457163055049022);
#1224=CIRCLE('',#1808,0.0457163055049022);
#1225=CIRCLE('',#1809,0.0457163055049022);
#1226=CIRCLE('',#1810,0.0457163055049022);
#1227=CIRCLE('',#1813,0.0419063055049021);
#1228=CIRCLE('',#1846,0.0361622571945189);
#1229=CIRCLE('',#1847,0.0361622571945189);
#1230=CIRCLE('',#1848,0.0361622571945189);
#1231=CIRCLE('',#1849,0.0361622571945189);
#1232=CIRCLE('',#1850,0.0361622571945189);
#1233=CIRCLE('',#1852,0.0330889038741589);
#1234=CIRCLE('',#1853,0.0330889038741589);
#1235=CIRCLE('',#1859,0.001905);
#1236=CIRCLE('',#1864,0.00190820407599676);
#1237=CIRCLE('',#1869,0.001905);
#1238=CIRCLE('',#1872,0.00190820407599676);
#1239=CIRCLE('',#1876,0.001778);
#1240=CIRCLE('',#1877,0.001778);
#1241=EDGE_LOOP('',(#428));
#1242=EDGE_LOOP('',(#429));
#1243=EDGE_LOOP('',(#430));
#1244=EDGE_LOOP('',(#431));
#1245=EDGE_LOOP('',(#432));
#1246=EDGE_LOOP('',(#433,#434,#435,#436,#437,#438,#439,#440));
#1247=EDGE_LOOP('',(#441,#442,#443,#444,#445,#446,#447,#448));
#1248=EDGE_LOOP('',(#449));
#1249=EDGE_LOOP('',(#450));
#1250=EDGE_LOOP('',(#451));
#1251=EDGE_LOOP('',(#452));
#1252=EDGE_LOOP('',(#453));
#1253=EDGE_LOOP('',(#454,#455,#456,#457));
#1254=EDGE_LOOP('',(#458));
#1255=EDGE_LOOP('',(#459,#460,#461,#462));
#1256=EDGE_LOOP('',(#463,#464,#465,#466));
#1257=EDGE_LOOP('',(#467,#468,#469,#470));
#1258=EDGE_LOOP('',(#471));
#1259=EDGE_LOOP('',(#472,#473,#474,#475));
#1260=EDGE_LOOP('',(#476,#477,#478,#479));
#1261=EDGE_LOOP('',(#480,#481,#482,#483));
#1262=EDGE_LOOP('',(#484,#485,#486,#487));
#1263=EDGE_LOOP('',(#488));
#1264=EDGE_LOOP('',(#489));
#1265=EDGE_LOOP('',(#490));
#1266=EDGE_LOOP('',(#491));
#1267=EDGE_LOOP('',(#492));
#1268=EDGE_LOOP('',(#493));
#1269=EDGE_LOOP('',(#494));
#1270=EDGE_LOOP('',(#495));
#1271=EDGE_LOOP('',(#496));
#1272=EDGE_LOOP('',(#497));
#1273=EDGE_LOOP('',(#498));
#1274=EDGE_LOOP('',(#499));
#1275=EDGE_LOOP('',(#500));
#1276=EDGE_LOOP('',(#501));
#1277=EDGE_LOOP('',(#502));
#1278=EDGE_LOOP('',(#503));
#1279=EDGE_LOOP('',(#504));
#1280=EDGE_LOOP('',(#505));
#1281=EDGE_LOOP('',(#506));
#1282=EDGE_LOOP('',(#507));
#1283=EDGE_LOOP('',(#508));
#1284=EDGE_LOOP('',(#509));
#1285=EDGE_LOOP('',(#510,#511,#512,#513,#514,#515,#516,#517,#518,#519,#520,
#521));
#1286=EDGE_LOOP('',(#522,#523,#524,#525,#526,#527,#528,#529,#530,#531));
#1287=EDGE_LOOP('',(#532,#533,#534,#535,#536,#537,#538,#539,#540));
#1288=EDGE_LOOP('',(#541,#542,#543,#544,#545,#546,#547));
#1289=EDGE_LOOP('',(#548,#549,#550,#551,#552,#553));
#1290=EDGE_LOOP('',(#554,#555,#556,#557,#558,#559,#560));
#1291=EDGE_LOOP('',(#561,#562,#563,#564,#565,#566,#567,#568));
#1292=EDGE_LOOP('',(#569,#570,#571));
#1293=EDGE_LOOP('',(#572,#573,#574,#575));
#1294=EDGE_LOOP('',(#576,#577,#578,#579));
#1295=EDGE_LOOP('',(#580,#581,#582,#583));
#1296=EDGE_LOOP('',(#584,#585,#586,#587));
#1297=EDGE_LOOP('',(#588,#589,#590,#591));
#1298=EDGE_LOOP('',(#592,#593,#594,#595));
#1299=EDGE_LOOP('',(#596));
#1300=EDGE_LOOP('',(#597,#598,#599,#600,#601));
#1301=EDGE_LOOP('',(#602,#603,#604,#605));
#1302=EDGE_LOOP('',(#606));
#1303=EDGE_LOOP('',(#607));
#1304=EDGE_LOOP('',(#608,#609,#610,#611));
#1305=EDGE_LOOP('',(#612,#613,#614,#615));
#1306=EDGE_LOOP('',(#616));
#1307=EDGE_LOOP('',(#617));
#1308=EDGE_LOOP('',(#618));
#1309=EDGE_LOOP('',(#619));
#1310=EDGE_LOOP('',(#620,#621,#622,#623,#624,#625,#626));
#1311=EDGE_LOOP('',(#627));
#1312=EDGE_LOOP('',(#628));
#1313=EDGE_LOOP('',(#629));
#1314=EDGE_LOOP('',(#630));
#1315=EDGE_LOOP('',(#631,#632,#633,#634));
#1316=EDGE_LOOP('',(#635,#636,#637,#638));
#1317=EDGE_LOOP('',(#639,#640,#641,#642,#643,#644,#645,#646));
#1318=EDGE_LOOP('',(#647,#648,#649,#650,#651,#652,#653));
#1319=EDGE_LOOP('',(#654,#655,#656,#657));
#1320=EDGE_LOOP('',(#658,#659,#660,#661));
#1321=EDGE_LOOP('',(#662,#663,#664,#665));
#1322=EDGE_LOOP('',(#666,#667,#668,#669,#670,#671));
#1323=EDGE_LOOP('',(#672,#673,#674,#675));
#1324=EDGE_LOOP('',(#676,#677,#678,#679));
#1325=EDGE_LOOP('',(#680,#681,#682,#683));
#1326=EDGE_LOOP('',(#684,#685,#686,#687,#688,#689,#690));
#1327=EDGE_LOOP('',(#691,#692,#693,#694,#695,#696));
#1328=EDGE_LOOP('',(#697,#698,#699,#700,#701,#702,#703,#704));
#1329=EDGE_LOOP('',(#705,#706,#707,#708));
#1330=EDGE_LOOP('',(#709,#710,#711,#712));
#1331=EDGE_LOOP('',(#713,#714,#715,#716,#717,#718,#719));
#1332=EDGE_LOOP('',(#720,#721,#722,#723));
#1333=EDGE_LOOP('',(#724,#725,#726,#727));
#1334=EDGE_LOOP('',(#728,#729,#730,#731));
#1335=EDGE_LOOP('',(#732,#733,#734,#735));
#1336=EDGE_LOOP('',(#736,#737,#738,#739));
#1337=EDGE_LOOP('',(#740,#741,#742,#743,#744,#745,#746,#747,#748,#749,#750));
#1338=EDGE_LOOP('',(#751,#752,#753,#754));
#1339=EDGE_LOOP('',(#755,#756,#757,#758));
#1340=EDGE_LOOP('',(#759,#760,#761,#762));
#1341=EDGE_LOOP('',(#763,#764,#765,#766,#767));
#1342=EDGE_LOOP('',(#768));
#1343=EDGE_LOOP('',(#769,#770,#771,#772,#773,#774,#775,#776));
#1344=EDGE_LOOP('',(#777));
#1345=EDGE_LOOP('',(#778));
#1346=EDGE_LOOP('',(#779));
#1347=EDGE_LOOP('',(#780));
#1348=EDGE_LOOP('',(#781));
#1349=EDGE_LOOP('',(#782));
#1350=EDGE_LOOP('',(#783,#784,#785,#786,#787,#788,#789,#790));
#1351=EDGE_LOOP('',(#791));
#1352=EDGE_LOOP('',(#792));
#1353=EDGE_LOOP('',(#793));
#1354=EDGE_LOOP('',(#794,#795,#796,#797));
#1355=EDGE_LOOP('',(#798,#799,#800,#801));
#1356=EDGE_LOOP('',(#802));
#1357=EDGE_LOOP('',(#803,#804,#805,#806));
#1358=EDGE_LOOP('',(#807,#808,#809,#810));
#1359=EDGE_LOOP('',(#811,#812,#813,#814));
#1360=EDGE_LOOP('',(#815,#816,#817,#818));
#1361=EDGE_LOOP('',(#819));
#1362=EDGE_LOOP('',(#820,#821,#822,#823));
#1363=EDGE_LOOP('',(#824,#825,#826,#827));
#1364=EDGE_LOOP('',(#828));
#1365=EDGE_LOOP('',(#829));
#1366=EDGE_LOOP('',(#830));
#1367=EDGE_LOOP('',(#831));
#1368=EDGE_LOOP('',(#832));
#1369=EDGE_LOOP('',(#833));
#1370=EDGE_LOOP('',(#834));
#1371=EDGE_LOOP('',(#835));
#1372=EDGE_LOOP('',(#836));
#1373=EDGE_LOOP('',(#837));
#1374=EDGE_LOOP('',(#838));
#1375=EDGE_LOOP('',(#839));
#1376=EDGE_LOOP('',(#840));
#1377=EDGE_LOOP('',(#841));
#1378=FACE_BOUND('',#1241,.T.);
#1379=FACE_BOUND('',#1242,.T.);
#1380=FACE_BOUND('',#1243,.T.);
#1381=FACE_BOUND('',#1244,.T.);
#1382=FACE_BOUND('',#1245,.T.);
#1383=FACE_BOUND('',#1246,.T.);
#1384=FACE_BOUND('',#1247,.T.);
#1385=FACE_BOUND('',#1248,.T.);
#1386=FACE_BOUND('',#1249,.T.);
#1387=FACE_BOUND('',#1250,.T.);
#1388=FACE_BOUND('',#1251,.T.);
#1389=FACE_BOUND('',#1252,.T.);
#1390=FACE_BOUND('',#1253,.T.);
#1391=FACE_BOUND('',#1254,.T.);
#1392=FACE_BOUND('',#1255,.T.);
#1393=FACE_BOUND('',#1256,.T.);
#1394=FACE_BOUND('',#1257,.T.);
#1395=FACE_BOUND('',#1258,.T.);
#1396=FACE_BOUND('',#1259,.T.);
#1397=FACE_BOUND('',#1260,.T.);
#1398=FACE_BOUND('',#1261,.T.);
#1399=FACE_BOUND('',#1262,.T.);
#1400=FACE_BOUND('',#1263,.T.);
#1401=FACE_BOUND('',#1264,.T.);
#1402=FACE_BOUND('',#1265,.T.);
#1403=FACE_BOUND('',#1266,.T.);
#1404=FACE_BOUND('',#1267,.T.);
#1405=FACE_BOUND('',#1268,.T.);
#1406=FACE_BOUND('',#1269,.T.);
#1407=FACE_BOUND('',#1270,.T.);
#1408=FACE_BOUND('',#1271,.T.);
#1409=FACE_BOUND('',#1272,.T.);
#1410=FACE_BOUND('',#1273,.T.);
#1411=FACE_BOUND('',#1274,.T.);
#1412=FACE_BOUND('',#1275,.T.);
#1413=FACE_BOUND('',#1276,.T.);
#1414=FACE_BOUND('',#1277,.T.);
#1415=FACE_BOUND('',#1278,.T.);
#1416=FACE_BOUND('',#1279,.T.);
#1417=FACE_BOUND('',#1280,.T.);
#1418=FACE_BOUND('',#1281,.T.);
#1419=FACE_BOUND('',#1282,.T.);
#1420=FACE_BOUND('',#18,.T.);
#1421=FACE_BOUND('',#1283,.T.);
#1422=FACE_BOUND('',#19,.T.);
#1423=FACE_BOUND('',#1284,.T.);
#1424=FACE_BOUND('',#1285,.T.);
#1425=FACE_BOUND('',#1286,.T.);
#1426=FACE_BOUND('',#1287,.T.);
#1427=FACE_BOUND('',#1288,.T.);
#1428=FACE_BOUND('',#1289,.T.);
#1429=FACE_BOUND('',#1290,.T.);
#1430=FACE_BOUND('',#1291,.T.);
#1431=FACE_BOUND('',#1292,.T.);
#1432=FACE_BOUND('',#1293,.T.);
#1433=FACE_BOUND('',#1294,.T.);
#1434=FACE_BOUND('',#1295,.T.);
#1435=FACE_BOUND('',#1296,.T.);
#1436=FACE_BOUND('',#1297,.T.);
#1437=FACE_BOUND('',#1298,.T.);
#1438=FACE_BOUND('',#1299,.T.);
#1439=FACE_BOUND('',#1300,.T.);
#1440=FACE_BOUND('',#1301,.T.);
#1441=FACE_BOUND('',#1302,.T.);
#1442=FACE_BOUND('',#1303,.T.);
#1443=FACE_BOUND('',#1304,.T.);
#1444=FACE_BOUND('',#1305,.T.);
#1445=FACE_BOUND('',#1306,.T.);
#1446=FACE_BOUND('',#1307,.T.);
#1447=FACE_BOUND('',#1308,.T.);
#1448=FACE_BOUND('',#1309,.T.);
#1449=FACE_BOUND('',#1310,.T.);
#1450=FACE_BOUND('',#1311,.T.);
#1451=FACE_BOUND('',#1312,.T.);
#1452=FACE_BOUND('',#1313,.T.);
#1453=FACE_BOUND('',#1314,.T.);
#1454=FACE_BOUND('',#1315,.T.);
#1455=FACE_BOUND('',#1316,.T.);
#1456=FACE_BOUND('',#1317,.T.);
#1457=FACE_BOUND('',#1318,.T.);
#1458=FACE_BOUND('',#1319,.T.);
#1459=FACE_BOUND('',#1320,.T.);
#1460=FACE_BOUND('',#1321,.T.);
#1461=FACE_BOUND('',#1322,.T.);
#1462=FACE_BOUND('',#1323,.T.);
#1463=FACE_BOUND('',#1324,.T.);
#1464=FACE_BOUND('',#1325,.T.);
#1465=FACE_BOUND('',#1326,.T.);
#1466=FACE_BOUND('',#1327,.T.);
#1467=FACE_BOUND('',#1328,.T.);
#1468=FACE_BOUND('',#1329,.T.);
#1469=FACE_BOUND('',#1330,.T.);
#1470=FACE_BOUND('',#1331,.T.);
#1471=FACE_BOUND('',#1332,.T.);
#1472=FACE_BOUND('',#1333,.T.);
#1473=FACE_BOUND('',#1334,.T.);
#1474=FACE_BOUND('',#1335,.T.);
#1475=FACE_BOUND('',#1336,.T.);
#1476=FACE_BOUND('',#1337,.T.);
#1477=FACE_BOUND('',#1338,.T.);
#1478=FACE_BOUND('',#1339,.T.);
#1479=FACE_BOUND('',#1340,.T.);
#1480=FACE_BOUND('',#1341,.T.);
#1481=FACE_BOUND('',#1342,.T.);
#1482=FACE_BOUND('',#1343,.T.);
#1483=FACE_BOUND('',#1344,.T.);
#1484=FACE_BOUND('',#1345,.T.);
#1485=FACE_BOUND('',#1346,.T.);
#1486=FACE_BOUND('',#1347,.T.);
#1487=FACE_BOUND('',#1348,.T.);
#1488=FACE_BOUND('',#1349,.T.);
#1489=FACE_BOUND('',#1350,.T.);
#1490=FACE_BOUND('',#1351,.T.);
#1491=FACE_BOUND('',#1352,.T.);
#1492=FACE_BOUND('',#1353,.T.);
#1493=FACE_BOUND('',#1354,.T.);
#1494=FACE_BOUND('',#1355,.T.);
#1495=FACE_BOUND('',#1356,.T.);
#1496=FACE_BOUND('',#1357,.T.);
#1497=FACE_BOUND('',#1358,.T.);
#1498=FACE_BOUND('',#1359,.T.);
#1499=FACE_BOUND('',#1360,.T.);
#1500=FACE_BOUND('',#1361,.T.);
#1501=FACE_BOUND('',#1362,.T.);
#1502=FACE_BOUND('',#1363,.T.);
#1503=FACE_BOUND('',#1364,.T.);
#1504=FACE_BOUND('',#1365,.T.);
#1505=FACE_BOUND('',#1366,.T.);
#1506=FACE_BOUND('',#1367,.T.);
#1507=FACE_BOUND('',#1368,.T.);
#1508=FACE_BOUND('',#1369,.T.);
#1509=FACE_BOUND('',#1370,.T.);
#1510=FACE_BOUND('',#1371,.T.);
#1511=FACE_BOUND('',#1372,.T.);
#1512=FACE_BOUND('',#1373,.T.);
#1513=FACE_BOUND('',#1374,.T.);
#1514=FACE_BOUND('',#1375,.T.);
#1515=FACE_BOUND('',#1376,.T.);
#1516=FACE_BOUND('',#1377,.T.);
#1517=CYLINDRICAL_SURFACE('',#1732,0.001778);
#1518=CYLINDRICAL_SURFACE('',#1738,0.0270067287256516);
#1519=CYLINDRICAL_SURFACE('',#1746,0.023114);
#1520=CYLINDRICAL_SURFACE('',#1759,0.001905);
#1521=CYLINDRICAL_SURFACE('',#1762,0.00184725122860536);
#1522=CYLINDRICAL_SURFACE('',#1766,0.001778);
#1523=CYLINDRICAL_SURFACE('',#1772,0.001778);
#1524=CYLINDRICAL_SURFACE('',#1778,0.0633512437343598);
#1525=CYLINDRICAL_SURFACE('',#1783,0.084294967353344);
#1526=CYLINDRICAL_SURFACE('',#1807,0.0457163055049022);
#1527=CYLINDRICAL_SURFACE('',#1812,0.0419063055049021);
#1528=CYLINDRICAL_SURFACE('',#1815,0.001905);
#1529=CYLINDRICAL_SURFACE('',#1816,0.00190820407599676);
#1530=CYLINDRICAL_SURFACE('',#1823,0.00508);
#1531=CYLINDRICAL_SURFACE('',#1845,0.0361622571945189);
#1532=CYLINDRICAL_SURFACE('',#1851,0.0330889038741589);
#1533=CYLINDRICAL_SURFACE('',#1866,0.001905);
#1534=CYLINDRICAL_SURFACE('',#1867,0.00184725122860536);
#1535=CYLINDRICAL_SURFACE('',#1868,0.001905);
#1536=CYLINDRICAL_SURFACE('',#1871,0.00190820407599676);
#1537=CYLINDRICAL_SURFACE('',#1875,0.001778);
#1538=ADVANCED_FACE('',(#1378,#1379),#1517,.T.);
#1539=ADVANCED_FACE('',(#1380),#352,.T.);
#1540=ADVANCED_FACE('',(#1381),#353,.F.);
#1541=ADVANCED_FACE('',(#1382,#1383),#1518,.T.);
#1542=ADVANCED_FACE('',(#1384,#1385),#354,.T.);
#1543=ADVANCED_FACE('',(#1386,#1387),#1519,.F.);
#1544=ADVANCED_FACE('',(#1388,#1389),#355,.T.);
#1545=ADVANCED_FACE('',(#1390),#356,.T.);
#1546=ADVANCED_FACE('',(#1391,#1392),#357,.F.);
#1547=ADVANCED_FACE('',(#1393),#358,.F.);
#1548=ADVANCED_FACE('',(#1394),#359,.T.);
#1549=ADVANCED_FACE('',(#1395,#1396),#360,.T.);
#1550=ADVANCED_FACE('',(#1397),#361,.F.);
#1551=ADVANCED_FACE('',(#1398),#362,.T.);
#1552=ADVANCED_FACE('',(#1399),#363,.T.);
#1553=ADVANCED_FACE('',(#1400,#1401),#1520,.F.);
#1554=ADVANCED_FACE('',(#1402),#364,.T.);
#1555=ADVANCED_FACE('',(#1403,#1404),#1521,.F.);
#1556=ADVANCED_FACE('',(#1405),#365,.T.);
#1557=ADVANCED_FACE('',(#1406,#1407),#1522,.T.);
#1558=ADVANCED_FACE('',(#1408),#366,.T.);
#1559=ADVANCED_FACE('',(#1409),#367,.F.);
#1560=ADVANCED_FACE('',(#1410,#1411),#1523,.T.);
#1561=ADVANCED_FACE('',(#1412),#368,.T.);
#1562=ADVANCED_FACE('',(#1413),#369,.F.);
#1563=ADVANCED_FACE('',(#1414,#1415),#1524,.F.);
#1564=ADVANCED_FACE('',(#1416,#1417),#370,.F.);
#1565=ADVANCED_FACE('',(#1418,#1419),#1525,.T.);
#1566=ADVANCED_FACE('',(#1420,#1421),#20,.T.);
#1567=ADVANCED_FACE('',(#1422,#1423),#21,.F.);
#1568=ADVANCED_FACE('',(#1424),#371,.T.);
#1569=ADVANCED_FACE('',(#1425),#372,.F.);
#1570=ADVANCED_FACE('',(#1426),#373,.F.);
#1571=ADVANCED_FACE('',(#1427),#374,.F.);
#1572=ADVANCED_FACE('',(#1428),#375,.F.);
#1573=ADVANCED_FACE('',(#1429),#376,.F.);
#1574=ADVANCED_FACE('',(#1430),#377,.F.);
#1575=ADVANCED_FACE('',(#1431),#378,.F.);
#1576=ADVANCED_FACE('',(#1432),#379,.T.);
#1577=ADVANCED_FACE('',(#1433),#380,.T.);
#1578=ADVANCED_FACE('',(#1434),#381,.T.);
#1579=ADVANCED_FACE('',(#1435),#382,.T.);
#1580=ADVANCED_FACE('',(#1436),#383,.T.);
#1581=ADVANCED_FACE('',(#1437),#384,.T.);
#1582=ADVANCED_FACE('',(#1438,#1439),#385,.F.);
#1583=ADVANCED_FACE('',(#1440,#1441,#1442,#1443),#1526,.T.);
#1584=ADVANCED_FACE('',(#1444),#386,.T.);
#1585=ADVANCED_FACE('',(#1445,#1446,#1447,#1448),#1527,.F.);
#1586=ADVANCED_FACE('',(#1449),#387,.T.);
#1587=ADVANCED_FACE('',(#1450,#1451),#1528,.F.);
#1588=ADVANCED_FACE('',(#1452,#1453),#1529,.F.);
#1589=ADVANCED_FACE('',(#1454),#388,.F.);
#1590=ADVANCED_FACE('',(#1455),#389,.T.);
#1591=ADVANCED_FACE('',(#1456),#390,.T.);
#1592=ADVANCED_FACE('',(#1457),#391,.F.);
#1593=ADVANCED_FACE('',(#1458),#392,.T.);
#1594=ADVANCED_FACE('',(#1459),#393,.F.);
#1595=ADVANCED_FACE('',(#1460),#1530,.F.);
#1596=ADVANCED_FACE('',(#1461),#394,.F.);
#1597=ADVANCED_FACE('',(#1462),#395,.F.);
#1598=ADVANCED_FACE('',(#1463),#396,.F.);
#1599=ADVANCED_FACE('',(#1464),#397,.F.);
#1600=ADVANCED_FACE('',(#1465),#398,.F.);
#1601=ADVANCED_FACE('',(#1466),#399,.F.);
#1602=ADVANCED_FACE('',(#1467),#400,.F.);
#1603=ADVANCED_FACE('',(#1468),#401,.F.);
#1604=ADVANCED_FACE('',(#1469),#402,.F.);
#1605=ADVANCED_FACE('',(#1470),#403,.F.);
#1606=ADVANCED_FACE('',(#1471),#404,.T.);
#1607=ADVANCED_FACE('',(#1472),#405,.T.);
#1608=ADVANCED_FACE('',(#1473),#406,.T.);
#1609=ADVANCED_FACE('',(#1474),#407,.T.);
#1610=ADVANCED_FACE('',(#1475),#408,.T.);
#1611=ADVANCED_FACE('',(#1476),#409,.F.);
#1612=ADVANCED_FACE('',(#1477),#410,.T.);
#1613=ADVANCED_FACE('',(#1478),#411,.F.);
#1614=ADVANCED_FACE('',(#1479),#412,.F.);
#1615=ADVANCED_FACE('',(#1480),#413,.T.);
#1616=ADVANCED_FACE('',(#1481,#1482,#1483,#1484),#1531,.T.);
#1617=ADVANCED_FACE('',(#1485,#1486,#1487,#1488),#1532,.F.);
#1618=ADVANCED_FACE('',(#1489,#1490),#414,.F.);
#1619=ADVANCED_FACE('',(#1491,#1492),#415,.F.);
#1620=ADVANCED_FACE('',(#1493),#416,.F.);
#1621=ADVANCED_FACE('',(#1494),#417,.T.);
#1622=ADVANCED_FACE('',(#1495,#1496),#418,.T.);
#1623=ADVANCED_FACE('',(#1497),#419,.T.);
#1624=ADVANCED_FACE('',(#1498),#420,.T.);
#1625=ADVANCED_FACE('',(#1499),#421,.F.);
#1626=ADVANCED_FACE('',(#1500,#1501),#422,.F.);
#1627=ADVANCED_FACE('',(#1502),#423,.T.);
#1628=ADVANCED_FACE('',(#1503,#1504),#1533,.F.);
#1629=ADVANCED_FACE('',(#1505,#1506),#1534,.F.);
#1630=ADVANCED_FACE('',(#1507,#1508),#1535,.F.);
#1631=ADVANCED_FACE('',(#1509),#424,.T.);
#1632=ADVANCED_FACE('',(#1510,#1511),#1536,.F.);
#1633=ADVANCED_FACE('',(#1512),#425,.T.);
#1634=ADVANCED_FACE('',(#1513,#1514),#1537,.T.);
#1635=ADVANCED_FACE('',(#1515),#426,.T.);
#1636=ADVANCED_FACE('',(#1516),#427,.F.);
#1637=CLOSED_SHELL('',(#1538,#1539,#1540));
#1638=CLOSED_SHELL('',(#1541,#1542,#1543,#1544,#1545,#1546,#1547,#1548,
#1549,#1550,#1551,#1552,#1553,#1554,#1555,#1556));
#1639=CLOSED_SHELL('',(#1557,#1558,#1559));
#1640=CLOSED_SHELL('',(#1560,#1561,#1562));
#1641=CLOSED_SHELL('',(#1563,#1564,#1565,#1566,#1567));
#1642=CLOSED_SHELL('',(#1568,#1569,#1570,#1571,#1572,#1573,#1574,#1575,
#1576,#1577,#1578,#1579,#1580,#1581,#1582,#1583,#1584,#1585,#1586,#1587,
#1588,#1589,#1590,#1591,#1592,#1593,#1594,#1595,#1596,#1597,#1598,#1599,
#1600,#1601,#1602,#1603,#1604,#1605,#1606,#1607,#1608,#1609,#1610,#1611,
#1612,#1613,#1614,#1615));
#1643=CLOSED_SHELL('',(#1616,#1617,#1618,#1619,#1620,#1621,#1622,#1623,
#1624,#1625,#1626,#1627,#1628,#1629,#1630,#1631,#1632,#1633));
#1644=CLOSED_SHELL('',(#1634,#1635,#1636));
#1645=STYLED_ITEM('',(#1653),#1707);
#1646=STYLED_ITEM('',(#1654),#1708);
#1647=STYLED_ITEM('',(#1655),#1709);
#1648=STYLED_ITEM('',(#1656),#1710);
#1649=STYLED_ITEM('',(#1657),#1711);
#1650=STYLED_ITEM('',(#1658),#1712);
#1651=STYLED_ITEM('',(#1659),#1713);
#1652=STYLED_ITEM('',(#1660),#1714);
#1653=PRESENTATION_STYLE_ASSIGNMENT((#1661));
#1654=PRESENTATION_STYLE_ASSIGNMENT((#1662));
#1655=PRESENTATION_STYLE_ASSIGNMENT((#1663));
#1656=PRESENTATION_STYLE_ASSIGNMENT((#1664));
#1657=PRESENTATION_STYLE_ASSIGNMENT((#1665));
#1658=PRESENTATION_STYLE_ASSIGNMENT((#1666));
#1659=PRESENTATION_STYLE_ASSIGNMENT((#1667));
#1660=PRESENTATION_STYLE_ASSIGNMENT((#1668));
#1661=SURFACE_STYLE_USAGE(.BOTH.,#1669);
#1662=SURFACE_STYLE_USAGE(.BOTH.,#1670);
#1663=SURFACE_STYLE_USAGE(.BOTH.,#1671);
#1664=SURFACE_STYLE_USAGE(.BOTH.,#1672);
#1665=SURFACE_STYLE_USAGE(.BOTH.,#1673);
#1666=SURFACE_STYLE_USAGE(.BOTH.,#1674);
#1667=SURFACE_STYLE_USAGE(.BOTH.,#1675);
#1668=SURFACE_STYLE_USAGE(.BOTH.,#1676);
#1669=SURFACE_SIDE_STYLE('',(#1677));
#1670=SURFACE_SIDE_STYLE('',(#1678));
#1671=SURFACE_SIDE_STYLE('',(#1679));
#1672=SURFACE_SIDE_STYLE('',(#1680));
#1673=SURFACE_SIDE_STYLE('',(#1681));
#1674=SURFACE_SIDE_STYLE('',(#1682));
#1675=SURFACE_SIDE_STYLE('',(#1683));
#1676=SURFACE_SIDE_STYLE('',(#1684));
#1677=SURFACE_STYLE_FILL_AREA(#1685);
#1678=SURFACE_STYLE_FILL_AREA(#1686);
#1679=SURFACE_STYLE_FILL_AREA(#1687);
#1680=SURFACE_STYLE_FILL_AREA(#1688);
#1681=SURFACE_STYLE_FILL_AREA(#1689);
#1682=SURFACE_STYLE_FILL_AREA(#1690);
#1683=SURFACE_STYLE_FILL_AREA(#1691);
#1684=SURFACE_STYLE_FILL_AREA(#1692);
#1685=FILL_AREA_STYLE('',(#1693));
#1686=FILL_AREA_STYLE('',(#1694));
#1687=FILL_AREA_STYLE('',(#1695));
#1688=FILL_AREA_STYLE('',(#1696));
#1689=FILL_AREA_STYLE('',(#1697));
#1690=FILL_AREA_STYLE('',(#1698));
#1691=FILL_AREA_STYLE('',(#1699));
#1692=FILL_AREA_STYLE('',(#1700));
#1693=FILL_AREA_STYLE_COLOUR('',#1701);
#1694=FILL_AREA_STYLE_COLOUR('',#1702);
#1695=FILL_AREA_STYLE_COLOUR('',#1703);
#1696=FILL_AREA_STYLE_COLOUR('',#1704);
#1697=FILL_AREA_STYLE_COLOUR('',#1705);
#1698=FILL_AREA_STYLE_COLOUR('',#1702);
#1699=FILL_AREA_STYLE_COLOUR('',#1705);
#1700=FILL_AREA_STYLE_COLOUR('',#1706);
#1701=COLOUR_RGB('',0.231372549019608,0.380392156862745,0.705882352941177);
#1702=COLOUR_RGB('',0.615686274509804,0.811764705882353,0.929411764705882);
#1703=COLOUR_RGB('',0.917647058823529,0.917647058823529,0.917647058823529);
#1704=COLOUR_RGB('',0.768627450980392,0.886274509803922,0.952941176470588);
#1705=COLOUR_RGB('',0.647058823529412,0.647058823529412,0.647058823529412);
#1706=COLOUR_RGB('',0.972549019607843,0.529411764705882,0.00392156862745098);
#1707=MANIFOLD_SOLID_BREP('Part 3',#1637);
#1708=MANIFOLD_SOLID_BREP('Part 1',#1638);
#1709=MANIFOLD_SOLID_BREP('Part 4',#1639);
#1710=MANIFOLD_SOLID_BREP('Part 5',#1640);
#1711=MANIFOLD_SOLID_BREP('Part 8',#1641);
#1712=MANIFOLD_SOLID_BREP('Part 7',#1642);
#1713=MANIFOLD_SOLID_BREP('Part 2',#1643);
#1714=MANIFOLD_SOLID_BREP('Part 6',#1644);
#1715=SHAPE_DEFINITION_REPRESENTATION(#2927,#1723);
#1716=SHAPE_DEFINITION_REPRESENTATION(#2928,#1724);
#1717=SHAPE_DEFINITION_REPRESENTATION(#2929,#1725);
#1718=SHAPE_DEFINITION_REPRESENTATION(#2930,#1726);
#1719=SHAPE_DEFINITION_REPRESENTATION(#2931,#1727);
#1720=SHAPE_DEFINITION_REPRESENTATION(#2932,#1728);
#1721=SHAPE_DEFINITION_REPRESENTATION(#2933,#1729);
#1722=SHAPE_DEFINITION_REPRESENTATION(#2934,#1730);
#1723=SHAPE_REPRESENTATION('Part 3',(#1731),#2887);
#1724=SHAPE_REPRESENTATION('Part 1',(#1737),#2888);
#1725=SHAPE_REPRESENTATION('Part 4',(#1765),#2889);
#1726=SHAPE_REPRESENTATION('Part 5',(#1771),#2890);
#1727=SHAPE_REPRESENTATION('Part 8',(#1777),#2891);
#1728=SHAPE_REPRESENTATION('Part 7',(#1787),#2892);
#1729=SHAPE_REPRESENTATION('Part 2',(#1844),#2893);
#1730=SHAPE_REPRESENTATION('Part 6',(#1874),#2894);
#1731=AXIS2_PLACEMENT_3D('',#2335,#1880,#1881);
#1732=AXIS2_PLACEMENT_3D('',#2336,#1882,#1883);
#1733=AXIS2_PLACEMENT_3D('',#2337,#1884,#1885);
#1734=AXIS2_PLACEMENT_3D('',#2339,#1886,#1887);
#1735=AXIS2_PLACEMENT_3D('',#2341,#1888,#1889);
#1736=AXIS2_PLACEMENT_3D('',#2342,#1890,#1891);
#1737=AXIS2_PLACEMENT_3D('',#2343,#1892,#1893);
#1738=AXIS2_PLACEMENT_3D('',#2344,#1894,#1895);
#1739=AXIS2_PLACEMENT_3D('',#2345,#1896,#1897);
#1740=AXIS2_PLACEMENT_3D('',#2347,#1898,#1899);
#1741=AXIS2_PLACEMENT_3D('',#2352,#1901,#1902);
#1742=AXIS2_PLACEMENT_3D('',#2356,#1904,#1905);
#1743=AXIS2_PLACEMENT_3D('',#2360,#1907,#1908);
#1744=AXIS2_PLACEMENT_3D('',#2363,#1910,#1911);
#1745=AXIS2_PLACEMENT_3D('',#2374,#1918,#1919);
#1746=AXIS2_PLACEMENT_3D('',#2376,#1920,#1921);
#1747=AXIS2_PLACEMENT_3D('',#2377,#1922,#1923);
#1748=AXIS2_PLACEMENT_3D('',#2379,#1924,#1925);
#1749=AXIS2_PLACEMENT_3D('',#2380,#1926,#1927);
#1750=AXIS2_PLACEMENT_3D('',#2384,#1930,#1931);
#1751=AXIS2_PLACEMENT_3D('',#2385,#1932,#1933);
#1752=AXIS2_PLACEMENT_3D('',#2390,#1936,#1937);
#1753=AXIS2_PLACEMENT_3D('',#2392,#1939,#1940);
#1754=AXIS2_PLACEMENT_3D('',#2393,#1941,#1942);
#1755=AXIS2_PLACEMENT_3D('',#2394,#1943,#1944);
#1756=AXIS2_PLACEMENT_3D('',#2401,#1948,#1949);
#1757=AXIS2_PLACEMENT_3D('',#2403,#1951,#1952);
#1758=AXIS2_PLACEMENT_3D('',#2405,#1954,#1955);
#1759=AXIS2_PLACEMENT_3D('',#2406,#1956,#1957);
#1760=AXIS2_PLACEMENT_3D('',#2407,#1958,#1959);
#1761=AXIS2_PLACEMENT_3D('',#2409,#1960,#1961);
#1762=AXIS2_PLACEMENT_3D('',#2410,#1962,#1963);
#1763=AXIS2_PLACEMENT_3D('',#2411,#1964,#1965);
#1764=AXIS2_PLACEMENT_3D('',#2413,#1966,#1967);
#1765=AXIS2_PLACEMENT_3D('',#2414,#1968,#1969);
#1766=AXIS2_PLACEMENT_3D('',#2415,#1970,#1971);
#1767=AXIS2_PLACEMENT_3D('',#2416,#1972,#1973);
#1768=AXIS2_PLACEMENT_3D('',#2418,#1974,#1975);
#1769=AXIS2_PLACEMENT_3D('',#2420,#1976,#1977);
#1770=AXIS2_PLACEMENT_3D('',#2421,#1978,#1979);
#1771=AXIS2_PLACEMENT_3D('',#2422,#1980,#1981);
#1772=AXIS2_PLACEMENT_3D('',#2423,#1982,#1983);
#1773=AXIS2_PLACEMENT_3D('',#2424,#1984,#1985);
#1774=AXIS2_PLACEMENT_3D('',#2426,#1986,#1987);
#1775=AXIS2_PLACEMENT_3D('',#2428,#1988,#1989);
#1776=AXIS2_PLACEMENT_3D('',#2429,#1990,#1991);
#1777=AXIS2_PLACEMENT_3D('',#2430,#1992,#1993);
#1778=AXIS2_PLACEMENT_3D('',#2431,#1994,#1995);
#1779=AXIS2_PLACEMENT_3D('',#2432,#1996,#1997);
#1780=AXIS2_PLACEMENT_3D('',#2434,#1998,#1999);
#1781=AXIS2_PLACEMENT_3D('',#2436,#2000,#2001);
#1782=AXIS2_PLACEMENT_3D('',#2437,#2002,#2003);
#1783=AXIS2_PLACEMENT_3D('',#2439,#2004,#2005);
#1784=AXIS2_PLACEMENT_3D('',#2440,#2006,#2007);
#1785=AXIS2_PLACEMENT_3D('',#2442,#2008,#2009);
#1786=AXIS2_PLACEMENT_3D('',#2444,#2010,#2011);
#1787=AXIS2_PLACEMENT_3D('',#2446,#2012,#2013);
#1788=AXIS2_PLACEMENT_3D('',#2447,#2014,#2015);
#1789=AXIS2_PLACEMENT_3D('',#2472,#2028,#2029);
#1790=AXIS2_PLACEMENT_3D('',#2492,#2039,#2040);
#1791=AXIS2_PLACEMENT_3D('',#2493,#2041,#2042);
#1792=AXIS2_PLACEMENT_3D('',#2499,#2045,#2046);
#1793=AXIS2_PLACEMENT_3D('',#2512,#2053,#2054);
#1794=AXIS2_PLACEMENT_3D('',#2524,#2061,#2062);
#1795=AXIS2_PLACEMENT_3D('',#2531,#2067,#2068);
#1796=AXIS2_PLACEMENT_3D('',#2541,#2074,#2075);
#1797=AXIS2_PLACEMENT_3D('',#2550,#2081,#2082);
#1798=AXIS2_PLACEMENT_3D('',#2554,#2085,#2086);
#1799=AXIS2_PLACEMENT_3D('',#2558,#2089,#2090);
#1800=AXIS2_PLACEMENT_3D('',#2562,#2093,#2094);
#1801=AXIS2_PLACEMENT_3D('',#2564,#2096,#2097);
#1802=AXIS2_PLACEMENT_3D('',#2568,#2100,#2101);
#1803=AXIS2_PLACEMENT_3D('',#2572,#2104,#2105);
#1804=AXIS2_PLACEMENT_3D('',#2574,#2107,#2108);
#1805=AXIS2_PLACEMENT_3D('',#2575,#2109,#2110);
#1806=AXIS2_PLACEMENT_3D('',#2577,#2111,#2112);
#1807=AXIS2_PLACEMENT_3D('',#2578,#2113,#2114);
#1808=AXIS2_PLACEMENT_3D('',#2579,#2115,#2116);
#1809=AXIS2_PLACEMENT_3D('',#2584,#2118,#2119);
#1810=AXIS2_PLACEMENT_3D('',#2611,#2121,#2122);
#1811=AXIS2_PLACEMENT_3D('',#2612,#2123,#2124);
#1812=AXIS2_PLACEMENT_3D('',#2614,#2126,#2127);
#1813=AXIS2_PLACEMENT_3D('',#2627,#2128,#2129);
#1814=AXIS2_PLACEMENT_3D('',#2641,#2130,#2131);
#1815=AXIS2_PLACEMENT_3D('',#2650,#2137,#2138);
#1816=AXIS2_PLACEMENT_3D('',#2651,#2139,#2140);
#1817=AXIS2_PLACEMENT_3D('',#2652,#2141,#2142);
#1818=AXIS2_PLACEMENT_3D('',#2658,#2146,#2147);
#1819=AXIS2_PLACEMENT_3D('',#2661,#2150,#2151);
#1820=AXIS2_PLACEMENT_3D('',#2662,#2152,#2153);
#1821=AXIS2_PLACEMENT_3D('',#2663,#2154,#2155);
#1822=AXIS2_PLACEMENT_3D('',#2665,#2157,#2158);
#1823=AXIS2_PLACEMENT_3D('',#2667,#2160,#2161);
#1824=AXIS2_PLACEMENT_3D('',#2668,#2162,#2163);
#1825=AXIS2_PLACEMENT_3D('',#2673,#2167,#2168);
#1826=AXIS2_PLACEMENT_3D('',#2675,#2170,#2171);
#1827=AXIS2_PLACEMENT_3D('',#2677,#2173,#2174);
#1828=AXIS2_PLACEMENT_3D('',#2679,#2176,#2177);
#1829=AXIS2_PLACEMENT_3D('',#2687,#2182,#2183);
#1830=AXIS2_PLACEMENT_3D('',#2697,#2189,#2190);
#1831=AXIS2_PLACEMENT_3D('',#2708,#2197,#2198);
#1832=AXIS2_PLACEMENT_3D('',#2712,#2201,#2202);
#1833=AXIS2_PLACEMENT_3D('',#2714,#2204,#2205);
#1834=AXIS2_PLACEMENT_3D('',#2715,#2206,#2207);
#1835=AXIS2_PLACEMENT_3D('',#2719,#2210,#2211);
#1836=AXIS2_PLACEMENT_3D('',#2723,#2214,#2215);
#1837=AXIS2_PLACEMENT_3D('',#2727,#2218,#2219);
#1838=AXIS2_PLACEMENT_3D('',#2731,#2222,#2223);
#1839=AXIS2_PLACEMENT_3D('',#2733,#2225,#2226);
#1840=AXIS2_PLACEMENT_3D('',#2739,#2230,#2231);
#1841=AXIS2_PLACEMENT_3D('',#2743,#2234,#2235);
#1842=AXIS2_PLACEMENT_3D('',#2747,#2238,#2239);
#1843=AXIS2_PLACEMENT_3D('',#2749,#2241,#2242);
#1844=AXIS2_PLACEMENT_3D('',#2750,#2243,#2244);
#1845=AXIS2_PLACEMENT_3D('',#2751,#2245,#2246);
#1846=AXIS2_PLACEMENT_3D('',#2752,#2247,#2248);
#1847=AXIS2_PLACEMENT_3D('',#2754,#2249,#2250);
#1848=AXIS2_PLACEMENT_3D('',#2759,#2252,#2253);
#1849=AXIS2_PLACEMENT_3D('',#2763,#2255,#2256);
#1850=AXIS2_PLACEMENT_3D('',#2767,#2258,#2259);
#1851=AXIS2_PLACEMENT_3D('',#2794,#2261,#2262);
#1852=AXIS2_PLACEMENT_3D('',#2795,#2263,#2264);
#1853=AXIS2_PLACEMENT_3D('',#2797,#2265,#2266);
#1854=AXIS2_PLACEMENT_3D('',#2823,#2267,#2268);
#1855=AXIS2_PLACEMENT_3D('',#2834,#2275,#2276);
#1856=AXIS2_PLACEMENT_3D('',#2835,#2277,#2278);
#1857=AXIS2_PLACEMENT_3D('',#2839,#2281,#2282);
#1858=AXIS2_PLACEMENT_3D('',#2843,#2285,#2286);
#1859=AXIS2_PLACEMENT_3D('',#2844,#2287,#2288);
#1860=AXIS2_PLACEMENT_3D('',#2847,#2290,#2291);
#1861=AXIS2_PLACEMENT_3D('',#2848,#2292,#2293);
#1862=AXIS2_PLACEMENT_3D('',#2852,#2296,#2297);
#1863=AXIS2_PLACEMENT_3D('',#2856,#2300,#2301);
#1864=AXIS2_PLACEMENT_3D('',#2857,#2302,#2303);
#1865=AXIS2_PLACEMENT_3D('',#2860,#2305,#2306);
#1866=AXIS2_PLACEMENT_3D('',#2861,#2307,#2308);
#1867=AXIS2_PLACEMENT_3D('',#2862,#2309,#2310);
#1868=AXIS2_PLACEMENT_3D('',#2863,#2311,#2312);
#1869=AXIS2_PLACEMENT_3D('',#2864,#2313,#2314);
#1870=AXIS2_PLACEMENT_3D('',#2866,#2315,#2316);
#1871=AXIS2_PLACEMENT_3D('',#2867,#2317,#2318);
#1872=AXIS2_PLACEMENT_3D('',#2868,#2319,#2320);
#1873=AXIS2_PLACEMENT_3D('',#2870,#2321,#2322);
#1874=AXIS2_PLACEMENT_3D('',#2871,#2323,#2324);
#1875=AXIS2_PLACEMENT_3D('',#2872,#2325,#2326);
#1876=AXIS2_PLACEMENT_3D('',#2873,#2327,#2328);
#1877=AXIS2_PLACEMENT_3D('',#2875,#2329,#2330);
#1878=AXIS2_PLACEMENT_3D('',#2877,#2331,#2332);
#1879=AXIS2_PLACEMENT_3D('',#2878,#2333,#2334);
#1880=DIRECTION('',(0.,0.,1.));
#1881=DIRECTION('',(1.,0.,0.));
#1882=DIRECTION('',(0.,0.,-1.));
#1883=DIRECTION('',(-1.,0.,0.));
#1884=DIRECTION('',(0.,0.,1.));
#1885=DIRECTION('',(1.,0.,0.));
#1886=DIRECTION('',(0.,0.,1.));
#1887=DIRECTION('',(1.,0.,0.));
#1888=DIRECTION('',(0.,0.,1.));
#1889=DIRECTION('',(1.,0.,0.));
#1890=DIRECTION('',(0.,0.,1.));
#1891=DIRECTION('',(1.,0.,0.));
#1892=DIRECTION('',(0.,0.,1.));
#1893=DIRECTION('',(1.,0.,0.));
#1894=DIRECTION('',(0.,0.,1.));
#1895=DIRECTION('',(1.,0.,0.));
#1896=DIRECTION('',(0.,0.,1.));
#1897=DIRECTION('',(1.,0.,0.));
#1898=DIRECTION('',(0.,0.,1.));
#1899=DIRECTION('',(1.,0.,0.));
#1900=DIRECTION('',(0.,0.,1.));
#1901=DIRECTION('',(0.,0.,1.));
#1902=DIRECTION('',(1.,0.,0.));
#1903=DIRECTION('',(0.,0.,1.));
#1904=DIRECTION('',(0.,0.,1.));
#1905=DIRECTION('',(1.,0.,0.));
#1906=DIRECTION('',(0.,0.,1.));
#1907=DIRECTION('',(0.,0.,1.));
#1908=DIRECTION('',(1.,0.,0.));
#1909=DIRECTION('',(0.,0.,1.));
#1910=DIRECTION('',(0.,0.,-1.));
#1911=DIRECTION('',(-1.,0.,0.));
#1912=DIRECTION('',(-1.,0.,0.));
#1913=DIRECTION('',(0.,-1.,0.));
#1914=DIRECTION('',(-1.,0.,0.));
#1915=DIRECTION('',(1.,0.,0.));
#1916=DIRECTION('',(0.,-1.,0.));
#1917=DIRECTION('',(1.,0.,0.));
#1918=DIRECTION('',(0.,0.,1.));
#1919=DIRECTION('',(1.,0.,0.));
#1920=DIRECTION('',(0.,0.,1.));
#1921=DIRECTION('',(1.,0.,0.));
#1922=DIRECTION('',(0.,0.,1.));
#1923=DIRECTION('',(1.,0.,0.));
#1924=DIRECTION('',(0.,0.,1.));
#1925=DIRECTION('',(1.,0.,0.));
#1926=DIRECTION('',(0.,1.,0.));
#1927=DIRECTION('',(0.,0.,1.));
#1928=DIRECTION('',(1.,0.,0.));
#1929=DIRECTION('',(0.,0.,-1.));
#1930=DIRECTION('',(1.,0.,0.));
#1931=DIRECTION('',(0.,0.,-1.));
#1932=DIRECTION('',(-1.,0.,0.));
#1933=DIRECTION('',(0.,0.,1.));
#1934=DIRECTION('',(0.,0.,-1.));
#1935=DIRECTION('',(0.,-1.,0.));
#1936=DIRECTION('',(0.,1.,0.));
#1937=DIRECTION('',(0.,0.,1.));
#1938=DIRECTION('',(1.,0.,0.));
#1939=DIRECTION('',(0.,0.,1.));
#1940=DIRECTION('',(1.,0.,0.));
#1941=DIRECTION('',(1.,0.,0.));
#1942=DIRECTION('',(0.,0.,-1.));
#1943=DIRECTION('',(1.,0.,0.));
#1944=DIRECTION('',(0.,0.,-1.));
#1945=DIRECTION('',(0.,0.,-1.));
#1946=DIRECTION('',(0.,-1.,0.));
#1947=DIRECTION('',(0.,0.,-1.));
#1948=DIRECTION('',(0.,-1.,0.));
#1949=DIRECTION('',(0.,0.,-1.));
#1950=DIRECTION('',(-1.,0.,0.));
#1951=DIRECTION('',(0.,-1.,0.));
#1952=DIRECTION('',(0.,0.,-1.));
#1953=DIRECTION('',(-1.,0.,0.));
#1954=DIRECTION('',(0.,0.,1.));
#1955=DIRECTION('',(1.,0.,0.));
#1956=DIRECTION('',(-1.,0.,0.));
#1957=DIRECTION('',(0.,0.,1.));
#1958=DIRECTION('',(-1.,0.,0.));
#1959=DIRECTION('',(0.,0.,1.));
#1960=DIRECTION('',(-1.,0.,0.));
#1961=DIRECTION('',(0.,-1.,0.));
#1962=DIRECTION('',(1.,0.,0.));
#1963=DIRECTION('',(0.,0.,-1.));
#1964=DIRECTION('',(1.,0.,0.));
#1965=DIRECTION('',(0.,0.,-1.));
#1966=DIRECTION('',(1.,0.,0.));
#1967=DIRECTION('',(0.,1.,0.));
#1968=DIRECTION('',(0.,0.,1.));
#1969=DIRECTION('',(1.,0.,0.));
#1970=DIRECTION('',(0.,0.,-1.));
#1971=DIRECTION('',(-1.,0.,0.));
#1972=DIRECTION('',(0.,0.,1.));
#1973=DIRECTION('',(1.,0.,0.));
#1974=DIRECTION('',(0.,0.,1.));
#1975=DIRECTION('',(1.,0.,0.));
#1976=DIRECTION('',(0.,0.,1.));
#1977=DIRECTION('',(1.,0.,0.));
#1978=DIRECTION('',(0.,0.,1.));
#1979=DIRECTION('',(1.,0.,0.));
#1980=DIRECTION('',(0.,0.,1.));
#1981=DIRECTION('',(1.,0.,0.));
#1982=DIRECTION('',(0.,0.,-1.));
#1983=DIRECTION('',(-1.,0.,0.));
#1984=DIRECTION('',(0.,0.,1.));
#1985=DIRECTION('',(1.,0.,0.));
#1986=DIRECTION('',(0.,0.,1.));
#1987=DIRECTION('',(1.,0.,0.));
#1988=DIRECTION('',(0.,0.,1.));
#1989=DIRECTION('',(1.,0.,0.));
#1990=DIRECTION('',(0.,0.,1.));
#1991=DIRECTION('',(1.,0.,0.));
#1992=DIRECTION('',(0.,0.,1.));
#1993=DIRECTION('',(1.,0.,0.));
#1994=DIRECTION('',(2.94161936631947E-16,0.,1.));
#1995=DIRECTION('',(1.,0.,-2.94161936631947E-16));
#1996=DIRECTION('',(2.94161936631947E-16,0.,1.));
#1997=DIRECTION('',(1.,0.,-2.94161936631947E-16));
#1998=DIRECTION('',(2.94161936631947E-16,0.,1.));
#1999=DIRECTION('',(1.,0.,-2.94161936631947E-16));
#2000=DIRECTION('',(2.94161936631947E-16,0.,1.));
#2001=DIRECTION('',(1.,0.,-2.94161936631947E-16));
#2002=DIRECTION('',(2.94161936631947E-16,0.,1.));
#2003=DIRECTION('',(1.,0.,-2.94161936631947E-16));
#2004=DIRECTION('',(2.94161936631947E-16,0.,1.));
#2005=DIRECTION('',(1.,0.,-2.94161936631947E-16));
#2006=DIRECTION('',(2.94161936631947E-16,0.,1.));
#2007=DIRECTION('',(1.,0.,-2.94161936631947E-16));
#2008=DIRECTION('',(-2.94161936631947E-16,0.,-1.));
#2009=DIRECTION('',(-1.,0.,2.94161936631947E-16));
#2010=DIRECTION('',(-2.94161936631947E-16,0.,-1.));
#2011=DIRECTION('',(-1.,0.,2.94161936631947E-16));
#2012=DIRECTION('',(0.,0.,1.));
#2013=DIRECTION('',(1.,0.,0.));
#2014=DIRECTION('',(0.,0.,1.));
#2015=DIRECTION('',(1.,0.,0.));
#2016=DIRECTION('',(-0.401997121384383,-0.915640930932355,0.));
#2017=DIRECTION('',(1.,0.,0.));
#2018=DIRECTION('',(0.,-1.,0.));
#2019=DIRECTION('',(1.,0.,0.));
#2020=DIRECTION('',(0.,1.,0.));
#2021=DIRECTION('',(1.,0.,0.));
#2022=DIRECTION('',(0.,1.,0.));
#2023=DIRECTION('',(-1.,0.,0.));
#2024=DIRECTION('',(-0.0703704528498684,0.997520926780839,0.));
#2025=DIRECTION('',(-1.,-4.54151989392281E-16,0.));
#2026=DIRECTION('',(-0.224147347691078,-0.974555266017816,0.));
#2027=DIRECTION('',(-0.415661783103714,-0.909519258766432,0.));
#2028=DIRECTION('',(1.,0.,0.));
#2029=DIRECTION('',(0.,0.,-1.));
#2030=DIRECTION('',(0.,-1.,0.));
#2031=DIRECTION('',(0.,0.,1.));
#2032=DIRECTION('',(0.,1.,0.));
#2033=DIRECTION('',(0.,0.,1.));
#2034=DIRECTION('',(0.,0.,1.));
#2035=DIRECTION('',(0.,-1.,0.));
#2036=DIRECTION('',(0.,0.,-1.));
#2037=DIRECTION('',(0.,1.,0.));
#2038=DIRECTION('',(0.,0.,-1.));
#2039=DIRECTION('',(1.,0.,0.));
#2040=DIRECTION('',(0.,0.,-1.));
#2041=DIRECTION('',(-1.,0.,0.));
#2042=DIRECTION('',(0.,0.,1.));
#2043=DIRECTION('',(0.,0.,1.));
#2044=DIRECTION('',(0.,-1.,0.));
#2045=DIRECTION('',(-1.,0.,0.));
#2046=DIRECTION('',(0.,0.,1.));
#2047=DIRECTION('',(0.,0.,-1.));
#2048=DIRECTION('',(0.,-1.,0.));
#2049=DIRECTION('',(0.,0.,-1.));
#2050=DIRECTION('',(0.,1.,0.));
#2051=DIRECTION('',(0.,0.,1.));
#2052=DIRECTION('',(0.,-1.,0.));
#2053=DIRECTION('',(-0.339793580919918,0.940500038471886,0.));
#2054=DIRECTION('',(-0.940500038471886,-0.339793580919918,0.));
#2055=DIRECTION('',(0.940500038471886,0.339793580919918,0.));
#2056=DIRECTION('',(0.,0.,1.));
#2057=DIRECTION('',(-0.940500038471886,-0.339793580919918,0.));
#2058=DIRECTION('',(0.,0.,1.));
#2059=DIRECTION('',(0.,0.,1.));
#2060=DIRECTION('',(-0.940500038471886,-0.339793580919918,0.));
#2061=DIRECTION('',(-0.56710182353441,0.823647692732729,0.));
#2062=DIRECTION('',(-0.823647692732729,-0.56710182353441,0.));
#2063=DIRECTION('',(0.823647692732729,0.56710182353441,0.));
#2064=DIRECTION('',(-0.823647692732729,-0.56710182353441,0.));
#2065=DIRECTION('',(0.,0.,1.));
#2066=DIRECTION('',(-0.823647692732729,-0.56710182353441,0.));
#2067=DIRECTION('',(0.,0.,1.));
#2068=DIRECTION('',(1.,0.,0.));
#2069=DIRECTION('',(-0.999977469662913,-0.00671268698497289,0.));
#2070=DIRECTION('',(0.,1.,0.));
#2071=DIRECTION('',(1.,0.,0.));
#2072=DIRECTION('',(0.,1.,0.));
#2073=DIRECTION('',(1.,0.,0.));
#2074=DIRECTION('',(0.,-1.,0.));
#2075=DIRECTION('',(0.,0.,-1.));
#2076=DIRECTION('',(1.,0.,0.));
#2077=DIRECTION('',(0.,0.,1.));
#2078=DIRECTION('',(1.,0.,0.));
#2079=DIRECTION('',(0.,0.,1.));
#2080=DIRECTION('',(1.,0.,0.));
#2081=DIRECTION('',(0.,0.,1.));
#2082=DIRECTION('',(1.,0.,0.));
#2083=DIRECTION('',(0.7412003031284,0.671283926995402,0.));
#2084=DIRECTION('',(0.990546931023016,0.137174259396157,0.));
#2085=DIRECTION('',(-0.00671268698497289,0.999977469662913,0.));
#2086=DIRECTION('',(-0.999977469662913,-0.00671268698497289,0.));
#2087=DIRECTION('',(-0.999977469662913,-0.00671268698497289,0.));
#2088=DIRECTION('',(0.,0.,1.));
#2089=DIRECTION('',(0.137174259396157,-0.990546931023016,0.));
#2090=DIRECTION('',(0.990546931023016,0.137174259396157,0.));
#2091=DIRECTION('',(0.,0.,1.));
#2092=DIRECTION('',(0.990546931023016,0.137174259396157,0.));
#2093=DIRECTION('',(0.671283926995402,-0.7412003031284,0.));
#2094=DIRECTION('',(0.7412003031284,0.671283926995402,0.));
#2095=DIRECTION('',(0.7412003031284,0.671283926995402,0.));
#2096=DIRECTION('',(1.,0.,0.));
#2097=DIRECTION('',(0.,0.,-1.));
#2098=DIRECTION('',(0.,0.,1.));
#2099=DIRECTION('',(0.,1.,0.));
#2100=DIRECTION('',(0.,-1.,0.));
#2101=DIRECTION('',(0.,0.,-1.));
#2102=DIRECTION('',(0.,0.,1.));
#2103=DIRECTION('',(1.,0.,0.));
#2104=DIRECTION('',(1.,0.,0.));
#2105=DIRECTION('',(0.,0.,-1.));
#2106=DIRECTION('',(0.,1.,0.));
#2107=DIRECTION('',(0.,0.,1.));
#2108=DIRECTION('',(1.,0.,0.));
#2109=DIRECTION('',(0.,0.,-1.));
#2110=DIRECTION('',(-1.,0.,0.));
#2111=DIRECTION('',(0.,0.,-1.));
#2112=DIRECTION('',(-1.,0.,0.));
#2113=DIRECTION('',(0.,0.,-1.));
#2114=DIRECTION('',(-1.,0.,0.));
#2115=DIRECTION('',(0.,0.,-1.));
#2116=DIRECTION('',(-1.,0.,0.));
#2117=DIRECTION('',(0.,0.,-1.));
#2118=DIRECTION('',(0.,0.,-1.));
#2119=DIRECTION('',(-1.,0.,0.));
#2120=DIRECTION('',(0.,0.,-1.));
#2121=DIRECTION('',(0.,0.,1.));
#2122=DIRECTION('',(1.,0.,0.));
#2123=DIRECTION('',(0.,0.,1.));
#2124=DIRECTION('',(1.,0.,0.));
#2125=DIRECTION('',(1.,0.,0.));
#2126=DIRECTION('',(0.,0.,-1.));
#2127=DIRECTION('',(-1.,0.,0.));
#2128=DIRECTION('',(0.,0.,-1.));
#2129=DIRECTION('',(-1.,0.,0.));
#2130=DIRECTION('',(0.,0.,1.));
#2131=DIRECTION('',(1.,0.,0.));
#2132=DIRECTION('',(-1.,-4.54151989392281E-16,0.));
#2133=DIRECTION('',(0.,-1.,0.));
#2134=DIRECTION('',(-0.401997121384383,-0.915640930932355,0.));
#2135=DIRECTION('',(-0.415661783103714,-0.909519258766432,0.));
#2136=DIRECTION('',(-0.224147347691078,-0.974555266017816,0.));
#2137=DIRECTION('',(0.,1.,0.));
#2138=DIRECTION('',(0.,0.,1.));
#2139=DIRECTION('',(0.,-1.,0.));
#2140=DIRECTION('',(0.,0.,-1.));
#2141=DIRECTION('',(-1.,0.,0.));
#2142=DIRECTION('',(0.,0.,1.));
#2143=DIRECTION('',(0.,-1.,0.));
#2144=DIRECTION('',(0.,0.,1.));
#2145=DIRECTION('',(0.,-1.,0.));
#2146=DIRECTION('',(0.335411149327502,-0.942071844875328,0.));
#2147=DIRECTION('',(0.942071844875328,0.335411149327502,0.));
#2148=DIRECTION('',(0.942071844875328,0.335411149327502,0.));
#2149=DIRECTION('',(0.942071844875328,0.335411149327502,0.));
#2150=DIRECTION('',(0.,0.,-1.));
#2151=DIRECTION('',(1.,0.,0.));
#2152=DIRECTION('',(0.,0.,-1.));
#2153=DIRECTION('',(1.,0.,0.));
#2154=DIRECTION('',(0.,0.,1.));
#2155=DIRECTION('',(1.,0.,0.));
#2156=DIRECTION('',(1.,0.,0.));
#2157=DIRECTION('',(0.,-1.,0.));
#2158=DIRECTION('',(0.,0.,-1.));
#2159=DIRECTION('',(1.,0.,0.));
#2160=DIRECTION('',(1.,0.,0.));
#2161=DIRECTION('',(0.,0.,-1.));
#2162=DIRECTION('',(4.54151989392281E-16,-1.,0.));
#2163=DIRECTION('',(1.,4.54151989392281E-16,0.));
#2164=DIRECTION('',(-1.,-4.54151989392281E-16,0.));
#2165=DIRECTION('',(0.,0.,-1.));
#2166=DIRECTION('',(0.,0.,-1.));
#2167=DIRECTION('',(0.974555266017816,-0.224147347691078,0.));
#2168=DIRECTION('',(0.224147347691078,0.974555266017816,0.));
#2169=DIRECTION('',(0.,0.,-1.));
#2170=DIRECTION('',(0.909519258766432,-0.415661783103714,0.));
#2171=DIRECTION('',(0.415661783103714,0.909519258766432,0.));
#2172=DIRECTION('',(0.,0.,-1.));
#2173=DIRECTION('',(0.915640930932355,-0.401997121384383,0.));
#2174=DIRECTION('',(0.401997121384383,0.915640930932355,0.));
#2175=DIRECTION('',(0.,0.,-1.));
#2176=DIRECTION('',(1.,0.,0.));
#2177=DIRECTION('',(0.,0.,-1.));
#2178=DIRECTION('',(0.,-1.,0.));
#2179=DIRECTION('',(0.,0.,-1.));
#2180=DIRECTION('',(0.,-1.,0.));
#2181=DIRECTION('',(0.,0.,-1.));
#2182=DIRECTION('',(0.,1.,0.));
#2183=DIRECTION('',(0.,0.,1.));
#2184=DIRECTION('',(1.,0.,0.));
#2185=DIRECTION('',(0.,0.,-1.));
#2186=DIRECTION('',(1.,0.,0.));
#2187=DIRECTION('',(0.,0.,-1.));
#2188=DIRECTION('',(1.,0.,0.));
#2189=DIRECTION('',(-1.,0.,0.));
#2190=DIRECTION('',(0.,0.,1.));
#2191=DIRECTION('',(0.,1.,0.));
#2192=DIRECTION('',(0.,0.,-1.));
#2193=DIRECTION('',(0.,0.,-1.));
#2194=DIRECTION('',(0.,1.,0.));
#2195=DIRECTION('',(0.,0.,-1.));
#2196=DIRECTION('',(0.,1.,0.));
#2197=DIRECTION('',(0.,-1.,0.));
#2198=DIRECTION('',(0.,0.,-1.));
#2199=DIRECTION('',(-1.,0.,0.));
#2200=DIRECTION('',(0.,0.,-1.));
#2201=DIRECTION('',(-0.997520926780839,-0.0703704528498684,0.));
#2202=DIRECTION('',(0.0703704528498684,-0.997520926780839,0.));
#2203=DIRECTION('',(-0.0703704528498684,0.997520926780839,0.));
#2204=DIRECTION('',(0.,0.,1.));
#2205=DIRECTION('',(1.,0.,0.));
#2206=DIRECTION('',(0.,1.,0.));
#2207=DIRECTION('',(0.,0.,1.));
#2208=DIRECTION('',(1.,0.,0.));
#2209=DIRECTION('',(0.,0.,-1.));
#2210=DIRECTION('',(0.,1.,0.));
#2211=DIRECTION('',(0.,0.,1.));
#2212=DIRECTION('',(0.,0.,-1.));
#2213=DIRECTION('',(1.,0.,0.));
#2214=DIRECTION('',(-1.,0.,0.));
#2215=DIRECTION('',(0.,0.,1.));
#2216=DIRECTION('',(0.,0.,-1.));
#2217=DIRECTION('',(0.,1.,0.));
#2218=DIRECTION('',(0.,1.,0.));
#2219=DIRECTION('',(0.,0.,1.));
#2220=DIRECTION('',(0.,0.,-1.));
#2221=DIRECTION('',(1.,0.,0.));
#2222=DIRECTION('',(1.,0.,0.));
#2223=DIRECTION('',(0.,0.,-1.));
#2224=DIRECTION('',(0.,-1.,0.));
#2225=DIRECTION('',(0.,0.,1.));
#2226=DIRECTION('',(1.,0.,0.));
#2227=DIRECTION('',(0.,1.,0.));
#2228=DIRECTION('',(-0.441649677271956,-0.897187584937274,0.));
#2229=DIRECTION('',(-1.,0.,0.));
#2230=DIRECTION('',(-1.,0.,0.));
#2231=DIRECTION('',(0.,0.,1.));
#2232=DIRECTION('',(0.,1.,0.));
#2233=DIRECTION('',(0.,0.,-1.));
#2234=DIRECTION('',(0.,-1.,0.));
#2235=DIRECTION('',(0.,0.,-1.));
#2236=DIRECTION('',(0.,0.,-1.));
#2237=DIRECTION('',(-1.,0.,0.));
#2238=DIRECTION('',(0.897187584937274,-0.441649677271956,0.));
#2239=DIRECTION('',(0.441649677271956,0.897187584937274,0.));
#2240=DIRECTION('',(-0.441649677271956,-0.897187584937274,0.));
#2241=DIRECTION('',(0.,0.,1.));
#2242=DIRECTION('',(1.,0.,0.));
#2243=DIRECTION('',(0.,0.,1.));
#2244=DIRECTION('',(1.,0.,0.));
#2245=DIRECTION('',(0.,0.,-1.));
#2246=DIRECTION('',(-1.,0.,0.));
#2247=DIRECTION('',(0.,0.,-1.));
#2248=DIRECTION('',(-1.,0.,0.));
#2249=DIRECTION('',(0.,0.,-1.));
#2250=DIRECTION('',(-1.,0.,0.));
#2251=DIRECTION('',(0.,0.,-1.));
#2252=DIRECTION('',(0.,0.,1.));
#2253=DIRECTION('',(1.,0.,0.));
#2254=DIRECTION('',(0.,0.,-1.));
#2255=DIRECTION('',(0.,0.,-1.));
#2256=DIRECTION('',(-1.,0.,0.));
#2257=DIRECTION('',(0.,0.,-1.));
#2258=DIRECTION('',(0.,0.,1.));
#2259=DIRECTION('',(1.,0.,0.));
#2260=DIRECTION('',(0.,0.,-1.));
#2261=DIRECTION('',(0.,0.,-1.));
#2262=DIRECTION('',(-1.,0.,0.));
#2263=DIRECTION('',(0.,0.,-1.));
#2264=DIRECTION('',(-1.,0.,0.));
#2265=DIRECTION('',(0.,0.,-1.));
#2266=DIRECTION('',(-1.,0.,0.));
#2267=DIRECTION('',(0.,0.,1.));
#2268=DIRECTION('',(1.,0.,0.));
#2269=DIRECTION('',(0.,1.,0.));
#2270=DIRECTION('',(-1.,0.,0.));
#2271=DIRECTION('',(0.,1.,0.));
#2272=DIRECTION('',(0.,-1.,0.));
#2273=DIRECTION('',(-1.,0.,0.));
#2274=DIRECTION('',(0.,-1.,0.));
#2275=DIRECTION('',(0.,0.,-1.));
#2276=DIRECTION('',(-1.,0.,0.));
#2277=DIRECTION('',(-1.,0.,0.));
#2278=DIRECTION('',(0.,0.,1.));
#2279=DIRECTION('',(0.,1.,0.));
#2280=DIRECTION('',(0.,0.,-1.));
#2281=DIRECTION('',(-1.,0.,0.));
#2282=DIRECTION('',(0.,0.,1.));
#2283=DIRECTION('',(0.,0.,-1.));
#2284=DIRECTION('',(0.,1.,0.));
#2285=DIRECTION('',(0.,-1.,0.));
#2286=DIRECTION('',(0.,0.,-1.));
#2287=DIRECTION('',(0.,-1.,0.));
#2288=DIRECTION('',(0.,0.,-1.));
#2289=DIRECTION('',(-1.,0.,0.));
#2290=DIRECTION('',(0.,0.,1.));
#2291=DIRECTION('',(1.,0.,0.));
#2292=DIRECTION('',(1.,0.,0.));
#2293=DIRECTION('',(0.,0.,-1.));
#2294=DIRECTION('',(0.,0.,-1.));
#2295=DIRECTION('',(0.,-1.,0.));
#2296=DIRECTION('',(1.,0.,0.));
#2297=DIRECTION('',(0.,0.,-1.));
#2298=DIRECTION('',(0.,-1.,0.));
#2299=DIRECTION('',(0.,0.,-1.));
#2300=DIRECTION('',(0.,-1.,0.));
#2301=DIRECTION('',(0.,0.,-1.));
#2302=DIRECTION('',(0.,1.,0.));
#2303=DIRECTION('',(0.,0.,1.));
#2304=DIRECTION('',(-1.,0.,0.));
#2305=DIRECTION('',(0.,0.,1.));
#2306=DIRECTION('',(1.,0.,0.));
#2307=DIRECTION('',(1.,0.,0.));
#2308=DIRECTION('',(0.,0.,-1.));
#2309=DIRECTION('',(-1.,0.,0.));
#2310=DIRECTION('',(0.,0.,1.));
#2311=DIRECTION('',(0.,-1.,0.));
#2312=DIRECTION('',(0.,0.,-1.));
#2313=DIRECTION('',(0.,-1.,0.));
#2314=DIRECTION('',(0.,0.,-1.));
#2315=DIRECTION('',(0.,-1.,0.));
#2316=DIRECTION('',(1.,0.,0.));
#2317=DIRECTION('',(0.,1.,0.));
#2318=DIRECTION('',(0.,0.,1.));
#2319=DIRECTION('',(0.,1.,0.));
#2320=DIRECTION('',(0.,0.,1.));
#2321=DIRECTION('',(0.,1.,0.));
#2322=DIRECTION('',(-1.,0.,0.));
#2323=DIRECTION('',(0.,0.,1.));
#2324=DIRECTION('',(1.,0.,0.));
#2325=DIRECTION('',(0.,0.,-1.));
#2326=DIRECTION('',(-1.,0.,0.));
#2327=DIRECTION('',(0.,0.,1.));
#2328=DIRECTION('',(1.,0.,0.));
#2329=DIRECTION('',(0.,0.,1.));
#2330=DIRECTION('',(1.,0.,0.));
#2331=DIRECTION('',(0.,0.,1.));
#2332=DIRECTION('',(1.,0.,0.));
#2333=DIRECTION('',(0.,0.,1.));
#2334=DIRECTION('',(1.,0.,0.));
#2335=CARTESIAN_POINT('',(0.,0.,0.));
#2336=CARTESIAN_POINT('',(-0.0623626857995987,0.0578513443470001,0.0127));
#2337=CARTESIAN_POINT('',(-0.0623626857995987,0.0578513443470001,0.0127));
#2338=CARTESIAN_POINT('',(-0.0605846857995987,0.0578513443470001,0.0127));
#2339=CARTESIAN_POINT('',(-0.0623626857995987,0.0578513443470001,0.));
#2340=CARTESIAN_POINT('',(-0.0605846857995987,0.0578513443470001,0.));
#2341=CARTESIAN_POINT('',(-0.0242626857995987,0.0578513443470001,0.0127));
#2342=CARTESIAN_POINT('',(-0.0242626857995987,0.0578513443470001,0.));
#2343=CARTESIAN_POINT('',(0.,0.,0.));
#2344=CARTESIAN_POINT('',(0.,0.,-0.000152306631207466));
#2345=CARTESIAN_POINT('',(0.,0.,0.0256977381877331));
#2346=CARTESIAN_POINT('',(0.0270067287256516,0.,0.0256977381877331));
#2347=CARTESIAN_POINT('',(0.,0.,0.0254));
#2348=CARTESIAN_POINT('',(0.0268480741621222,0.0029230652141409,0.0254));
#2349=CARTESIAN_POINT('',(0.0268480741621222,-0.0029230652141409,0.0254));
#2350=CARTESIAN_POINT('',(0.0268480741621222,0.0029230652141409,-0.000152306631207466));
#2351=CARTESIAN_POINT('',(0.0268480741621222,0.0029230652141409,0.));
#2352=CARTESIAN_POINT('',(0.,0.,0.));
#2353=CARTESIAN_POINT('',(-0.0268480741621222,0.0029230652141409,0.));
#2354=CARTESIAN_POINT('',(-0.0268480741621222,0.0029230652141409,-0.000152306631207466));
#2355=CARTESIAN_POINT('',(-0.0268480741621222,0.0029230652141409,0.0254));
#2356=CARTESIAN_POINT('',(0.,0.,0.0254));
#2357=CARTESIAN_POINT('',(-0.0268480741621222,-0.0029230652141409,0.0254));
#2358=CARTESIAN_POINT('',(-0.0268480741621222,-0.0029230652141409,-0.000152306631207466));
#2359=CARTESIAN_POINT('',(-0.0268480741621222,-0.0029230652141409,0.));
#2360=CARTESIAN_POINT('',(0.,0.,0.));
#2361=CARTESIAN_POINT('',(0.0268480741621222,-0.0029230652141409,0.));
#2362=CARTESIAN_POINT('',(0.0268480741621222,-0.0029230652141409,-0.000152306631207466));
#2363=CARTESIAN_POINT('',(0.,-0.0250603643628258,0.));
#2364=CARTESIAN_POINT('',(0.0270067287256516,0.0029230652141409,0.));
#2365=CARTESIAN_POINT('',(0.0275065302848817,0.0029230652141409,0.));
#2366=CARTESIAN_POINT('',(0.0275065302848817,4.33680868994202E-19,0.));
#2367=CARTESIAN_POINT('',(0.0275065302848817,-0.0029230652141409,0.));
#2368=CARTESIAN_POINT('',(0.0270067287256516,-0.0029230652141409,0.));
#2369=CARTESIAN_POINT('',(-0.0270067287256516,-0.0029230652141409,0.));
#2370=CARTESIAN_POINT('',(-0.0275065302848817,-0.0029230652141409,0.));
#2371=CARTESIAN_POINT('',(-0.0275065302848817,4.33680868994202E-19,0.));
#2372=CARTESIAN_POINT('',(-0.0275065302848817,0.0029230652141409,0.));
#2373=CARTESIAN_POINT('',(-0.0270067287256516,0.0029230652141409,0.));
#2374=CARTESIAN_POINT('',(0.,0.,0.));
#2375=CARTESIAN_POINT('',(0.023114,0.,0.));
#2376=CARTESIAN_POINT('',(0.,0.,-0.000152306631207466));
#2377=CARTESIAN_POINT('',(0.,0.,0.0256977381877331));
#2378=CARTESIAN_POINT('',(0.023114,0.,0.0256977381877331));
#2379=CARTESIAN_POINT('',(0.,-0.0250603643628258,0.0256977381877331));
#2380=CARTESIAN_POINT('',(-0.0270067287256516,0.0029230652141409,0.0254));
#2381=CARTESIAN_POINT('',(-0.0270067287256516,0.0029230652141409,0.0254));
#2382=CARTESIAN_POINT('',(-0.0275065302848817,0.0029230652141409,0.0254));
#2383=CARTESIAN_POINT('',(-0.0275065302848817,0.0029230652141409,0.0254));
#2384=CARTESIAN_POINT('',(-0.0275065302848817,4.33680868994202E-19,0.0254));
#2385=CARTESIAN_POINT('',(-0.0275065302848817,0.,0.012425683226311));
#2386=CARTESIAN_POINT('',(-0.0275065302848817,0.,0.014330683226311));
#2387=CARTESIAN_POINT('',(-0.0275065302848817,-0.0029230652141409,0.0254));
#2388=CARTESIAN_POINT('',(-0.0275065302848817,-0.0029230652141409,0.0254));
#2389=CARTESIAN_POINT('',(-0.0275065302848817,4.33680868994202E-19,0.0254));
#2390=CARTESIAN_POINT('',(-0.0270067287256516,-0.0029230652141409,0.0254));
#2391=CARTESIAN_POINT('',(-0.0270067287256516,-0.0029230652141409,0.0254));
#2392=CARTESIAN_POINT('',(0.,8.67361737988404E-19,0.0254));
#2393=CARTESIAN_POINT('',(0.0275065302848817,4.33680868994202E-19,0.0254));
#2394=CARTESIAN_POINT('',(0.0275065302848817,0.,0.0124505879357457));
#2395=CARTESIAN_POINT('',(0.0275065302848817,0.,0.0106033367071404));
#2396=CARTESIAN_POINT('',(0.0275065302848817,0.0029230652141409,0.0254));
#2397=CARTESIAN_POINT('',(0.0275065302848817,0.0029230652141409,0.0254));
#2398=CARTESIAN_POINT('',(0.0275065302848817,4.33680868994202E-19,0.0254));
#2399=CARTESIAN_POINT('',(0.0275065302848817,-0.0029230652141409,0.0254));
#2400=CARTESIAN_POINT('',(0.0275065302848817,-0.0029230652141409,0.0254));
#2401=CARTESIAN_POINT('',(0.0270067287256516,0.0029230652141409,0.0254));
#2402=CARTESIAN_POINT('',(0.0270067287256516,0.0029230652141409,0.0254));
#2403=CARTESIAN_POINT('',(0.0270067287256516,-0.0029230652141409,0.0254));
#2404=CARTESIAN_POINT('',(0.0270067287256516,-0.0029230652141409,0.0254));
#2405=CARTESIAN_POINT('',(0.,8.67361737988404E-19,0.0254));
#2406=CARTESIAN_POINT('',(-0.0262365302848817,0.,0.012425683226311));
#2407=CARTESIAN_POINT('',(-0.0262365302848817,0.,0.012425683226311));
#2408=CARTESIAN_POINT('',(-0.0262365302848817,0.,0.014330683226311));
#2409=CARTESIAN_POINT('',(-0.0262365302848817,8.67361737988404E-19,0.0127));
#2410=CARTESIAN_POINT('',(0.0262365302848817,0.,0.0124505879357457));
#2411=CARTESIAN_POINT('',(0.0262365302848817,0.,0.0124505879357457));
#2412=CARTESIAN_POINT('',(0.0262365302848817,0.,0.0106033367071404));
#2413=CARTESIAN_POINT('',(0.0262365302848817,8.67361737988404E-19,0.0127));
#2414=CARTESIAN_POINT('',(0.,0.,0.));
#2415=CARTESIAN_POINT('',(-0.0369626857995987,0.0578513443470001,0.0127));
#2416=CARTESIAN_POINT('',(-0.0369626857995987,0.0578513443470001,0.0127));
#2417=CARTESIAN_POINT('',(-0.0351846857995987,0.0578513443470001,0.0127));
#2418=CARTESIAN_POINT('',(-0.0369626857995987,0.0578513443470001,0.));
#2419=CARTESIAN_POINT('',(-0.0351846857995987,0.0578513443470001,0.));
#2420=CARTESIAN_POINT('',(-0.0242626857995987,0.0578513443470001,0.0127));
#2421=CARTESIAN_POINT('',(-0.0242626857995987,0.0578513443470001,0.));
#2422=CARTESIAN_POINT('',(0.,0.,0.));
#2423=CARTESIAN_POINT('',(-0.0115626857995987,0.0578513443470001,0.0127));
#2424=CARTESIAN_POINT('',(-0.0115626857995987,0.0578513443470001,0.005842));
#2425=CARTESIAN_POINT('',(-0.0097846857995987,0.0578513443470001,0.005842));
#2426=CARTESIAN_POINT('',(-0.0115626857995987,0.0578513443470001,0.0127));
#2427=CARTESIAN_POINT('',(-0.0097846857995987,0.0578513443470001,0.0127));
#2428=CARTESIAN_POINT('',(-0.0242626857995987,0.0578513443470001,0.0127));
#2429=CARTESIAN_POINT('',(-0.0327670656790734,0.0527282226830721,0.005842));
#2430=CARTESIAN_POINT('',(0.,0.,0.));
#2431=CARTESIAN_POINT('',(-3.46944695195361E-18,0.,0.283960297703743));
#2432=CARTESIAN_POINT('',(-2.33461402218945E-17,0.,0.21638971567154));
#2433=CARTESIAN_POINT('',(0.0633512437343598,0.,0.216389715671539));
#2434=CARTESIAN_POINT('',(-8.6999758051071E-17,0.,0.));
#2435=CARTESIAN_POINT('',(0.0633512437343597,0.,-1.86355245449418E-17));
#2436=CARTESIAN_POINT('',(0.0738231055438519,0.,0.));
#2437=CARTESIAN_POINT('',(-8.6999758051071E-17,0.,0.));
#2438=CARTESIAN_POINT('',(0.084294967353344,0.,-2.47963708449865E-17));
#2439=CARTESIAN_POINT('',(-3.46944695195361E-18,0.,0.283960297703743));
#2440=CARTESIAN_POINT('',(-2.33461402218945E-17,0.,0.21638971567154));
#2441=CARTESIAN_POINT('',(0.084294967353344,0.,0.216389715671539));
#2442=CARTESIAN_POINT('',(-2.33461402218945E-17,0.,0.21638971567154));
#2443=CARTESIAN_POINT('',(0.,0.,0.295754641294479));
#2444=CARTESIAN_POINT('',(-2.33461402218945E-17,0.,0.21638971567154));
#2445=CARTESIAN_POINT('',(-6.93889390390723E-18,0.,0.272165954113006));
#2446=CARTESIAN_POINT('',(0.,0.,0.));
#2447=CARTESIAN_POINT('',(0.00634776928491198,0.,0.0490994531141246));
#2448=CARTESIAN_POINT('',(0.0361165040177601,-0.0219816403501277,0.0490994531141246));
#2449=CARTESIAN_POINT('',(0.0383711285844443,-0.0168462141808252,0.0490994531141246));
#2450=CARTESIAN_POINT('',(0.033861879451076,-0.0271170665194303,0.0490994531141246));
#2451=CARTESIAN_POINT('',(0.0340483748381336,-0.0271170665194303,0.0490994531141246));
#2452=CARTESIAN_POINT('',(0.0342348702251911,-0.0271170665194303,0.0490994531141246));
#2453=CARTESIAN_POINT('',(0.0342348702251911,-0.0288408698821917,0.0490994531141246));
#2454=CARTESIAN_POINT('',(0.0342348702251911,-0.0305646732449531,0.0490994531141246));
#2455=CARTESIAN_POINT('',(0.0459067039191723,-0.0305646732449531,0.0490994531141246));
#2456=CARTESIAN_POINT('',(0.0575785376131535,-0.0305646732449531,0.0490994531141246));
#2457=CARTESIAN_POINT('',(0.0575785376131535,-0.0227459720335901,0.0490994531141246));
#2458=CARTESIAN_POINT('',(0.0575785376131535,-0.014927270822227,0.0490994531141246));
#2459=CARTESIAN_POINT('',(0.0579951908439398,-0.014927270822227,0.0490994531141246));
#2460=CARTESIAN_POINT('',(0.0584118440747261,-0.014927270822227,0.0490994531141246));
#2461=CARTESIAN_POINT('',(0.0584118440747261,-0.0190069538075477,0.0490994531141246));
#2462=CARTESIAN_POINT('',(0.0584118440747261,-0.00666077295318246,0.0490994531141246));
#2463=CARTESIAN_POINT('',(0.0523558259010315,-0.00666077295318246,0.0490994531141246));
#2464=CARTESIAN_POINT('',(0.0462998077273369,-0.00666077295318246,0.0490994531141246));
#2465=CARTESIAN_POINT('',(0.046084209389927,-0.0036046059877038,0.0490994531141246));
#2466=CARTESIAN_POINT('',(0.0458686110525171,-0.000548439022225148,0.0490994531141246));
#2467=CARTESIAN_POINT('',(0.0449136865357831,-0.000548439022225148,0.0490994531141246));
#2468=CARTESIAN_POINT('',(0.0439587620190491,-0.000548439022225148,0.0490994531141246));
#2469=CARTESIAN_POINT('',(0.0430161946556677,-0.00464656463924498,0.0490994531141246));
#2470=CARTESIAN_POINT('',(0.0420736272922863,-0.00874469025626481,0.0490994531141246));
#2471=CARTESIAN_POINT('',(0.0402223779383653,-0.012795452218545,0.0490994531141246));
#2472=CARTESIAN_POINT('',(-0.0312008168548345,0.0469757691025734,-0.023876));
#2473=CARTESIAN_POINT('',(-0.0312008168548345,0.0469757691025734,-0.0214088298380375));
#2474=CARTESIAN_POINT('',(-0.0312008168548345,0.062061283737421,-0.0214088298380375));
#2475=CARTESIAN_POINT('',(-0.0312008168548345,0.0518042859303951,-0.0214088298380375));
#2476=CARTESIAN_POINT('',(-0.0312008168548345,0.062061283737421,-0.023876));
#2477=CARTESIAN_POINT('',(-0.0312008168548345,0.062061283737421,-0.038481));
#2478=CARTESIAN_POINT('',(-0.0312008168548345,0.0469757691025734,-0.038481));
#2479=CARTESIAN_POINT('',(-0.0312008168548345,0.0318902544677257,-0.038481));
#2480=CARTESIAN_POINT('',(-0.0312008168548345,0.0318902544677257,-0.037211));
#2481=CARTESIAN_POINT('',(-0.0312008168548345,0.0318902544677257,-0.023876));
#2482=CARTESIAN_POINT('',(-0.0312008168548345,0.0318902544677257,-0.023876));
#2483=CARTESIAN_POINT('',(-0.0312008168548345,0.0318902544677257,-0.000144477242633126));
#2484=CARTESIAN_POINT('',(-0.0312008168548345,0.0469757691025734,-0.000144477242633126));
#2485=CARTESIAN_POINT('',(-0.0312008168548345,0.0334139135183028,-0.000144477242633126));
#2486=CARTESIAN_POINT('',(-0.0312008168548345,0.0334139135183028,0.0256977381877331));
#2487=CARTESIAN_POINT('',(-0.0312008168548345,0.0334139135183028,0.005842));
#2488=CARTESIAN_POINT('',(-0.0312008168548345,0.0469757691025734,0.005842));
#2489=CARTESIAN_POINT('',(-0.0312008168548345,0.0467242859303951,0.005842));
#2490=CARTESIAN_POINT('',(-0.0312008168548345,0.0467242859303951,-0.023876));
#2491=CARTESIAN_POINT('',(-0.0312008168548345,0.0467242859303951,-0.0163288298380375));
#2492=CARTESIAN_POINT('',(-0.0312008168548345,0.0518042859303951,-0.0163288298380375));
#2493=CARTESIAN_POINT('',(-0.00584306567907333,0.0527282226830721,-0.023876));
#2494=CARTESIAN_POINT('',(-0.00584306567907333,0.062061283737421,-0.023876));
#2495=CARTESIAN_POINT('',(-0.00584306567907333,0.062061283737421,-0.023876));
#2496=CARTESIAN_POINT('',(-0.00584306567907333,0.062061283737421,-0.0214088298380375));
#2497=CARTESIAN_POINT('',(-0.00584306567907333,0.0543927848339081,-0.0214088298380375));
#2498=CARTESIAN_POINT('',(-0.00584306567907333,0.0518042859303951,-0.0214088298380375));
#2499=CARTESIAN_POINT('',(-0.00584306567907333,0.0518042859303951,-0.0163288298380375));
#2500=CARTESIAN_POINT('',(-0.00584306567907333,0.0467242859303951,-0.0163288298380375));
#2501=CARTESIAN_POINT('',(-0.00584306567907333,0.0467242859303951,-0.00778341491901875));
#2502=CARTESIAN_POINT('',(-0.00584306567907333,0.0467242859303951,0.005842));
#2503=CARTESIAN_POINT('',(-0.00584306567907333,0.0527282226830721,0.005842));
#2504=CARTESIAN_POINT('',(-0.00584306567907333,0.0453413627109683,0.005842));
#2505=CARTESIAN_POINT('',(-0.00584306567907333,0.0453413627109683,0.0256977381877331));
#2506=CARTESIAN_POINT('',(-0.00584306567907333,0.0453413627109683,-0.000144477242633126));
#2507=CARTESIAN_POINT('',(-0.00584306567907333,0.0527282226830721,-0.000144477242633126));
#2508=CARTESIAN_POINT('',(-0.00584306567907333,0.0433951616287232,-0.000144477242633126));
#2509=CARTESIAN_POINT('',(-0.00584306567907333,0.0433951616287232,-0.023876));
#2510=CARTESIAN_POINT('',(-0.00584306567907333,0.0433951616287232,-0.023876));
#2511=CARTESIAN_POINT('',(-0.00584306567907333,0.0527282226830721,-0.023876));
#2512=CARTESIAN_POINT('',(-0.0149413328617811,0.0401080455631018,-0.023876));
#2513=CARTESIAN_POINT('',(-0.0149413328617811,0.0401080455631018,-0.000144477242633126));
#2514=CARTESIAN_POINT('',(-0.0240396000444889,0.0368209294974804,-0.000144477242633126));
#2515=CARTESIAN_POINT('',(-0.0240396000444889,0.0368209294974804,-0.023876));
#2516=CARTESIAN_POINT('',(-0.0240396000444889,0.0368209294974804,-0.038481));
#2517=CARTESIAN_POINT('',(-0.0149413328617811,0.0401080455631018,-0.038481));
#2518=CARTESIAN_POINT('',(-0.0239197226311908,0.036864240049176,-0.038481));
#2519=CARTESIAN_POINT('',(-0.0239197226311908,0.036864240049176,-0.038481));
#2520=CARTESIAN_POINT('',(-0.0239197226311908,0.036864240049176,-0.037211));
#2521=CARTESIAN_POINT('',(-0.0239197226311908,0.036864240049176,-0.037211));
#2522=CARTESIAN_POINT('',(-0.0239197226311908,0.036864240049176,-0.023876));
#2523=CARTESIAN_POINT('',(-0.0149413328617811,0.0401080455631018,-0.023876));
#2524=CARTESIAN_POINT('',(-0.0276202084496617,0.0343555919826031,-0.023876));
#2525=CARTESIAN_POINT('',(-0.0276202084496617,0.0343555919826031,-0.000144477242633126));
#2526=CARTESIAN_POINT('',(-0.0276202084496617,0.0343555919826031,-0.023876));
#2527=CARTESIAN_POINT('',(-0.0248054593242484,0.0362936164266681,-0.023876));
#2528=CARTESIAN_POINT('',(-0.0248054593242484,0.0362936164266681,-0.037211));
#2529=CARTESIAN_POINT('',(-0.0248054593242484,0.0362936164266681,-0.038481));
#2530=CARTESIAN_POINT('',(-0.0276202084496617,0.0343555919826031,-0.038481));
#2531=CARTESIAN_POINT('',(-0.018521941266954,0.0469757691025734,-0.023876));
#2532=CARTESIAN_POINT('',(-0.0254458840936422,0.0368539951741696,-0.023876));
#2533=CARTESIAN_POINT('',(-0.0303716212511063,0.0368209294974804,-0.023876));
#2534=CARTESIAN_POINT('',(-0.0303716212511063,0.0486877933144569,-0.023876));
#2535=CARTESIAN_POINT('',(-0.0303716212511063,0.0605546571314335,-0.023876));
#2536=CARTESIAN_POINT('',(-0.0223450143821537,0.0605546571314335,-0.023876));
#2537=CARTESIAN_POINT('',(-0.0143184075132012,0.0605546571314335,-0.023876));
#2538=CARTESIAN_POINT('',(-0.0143184075132012,0.0613079704344273,-0.023876));
#2539=CARTESIAN_POINT('',(-0.0143184075132012,0.062061283737421,-0.023876));
#2540=CARTESIAN_POINT('',(-0.018521941266954,0.062061283737421,-0.023876));
#2541=CARTESIAN_POINT('',(-0.018521941266954,0.062061283737421,-0.023876));
#2542=CARTESIAN_POINT('',(-0.0327670656790734,0.062061283737421,-0.0214088298380375));
#2543=CARTESIAN_POINT('',(-0.0143184075132012,0.062061283737421,-0.037211));
#2544=CARTESIAN_POINT('',(-0.0143184075132012,0.062061283737421,-0.037211));
#2545=CARTESIAN_POINT('',(-0.0185323155019433,0.062061283737421,-0.037211));
#2546=CARTESIAN_POINT('',(-0.00586381414905191,0.062061283737421,-0.037211));
#2547=CARTESIAN_POINT('',(-0.00586381414905191,0.062061283737421,-0.038481));
#2548=CARTESIAN_POINT('',(-0.00586381414905191,0.062061283737421,-0.038481));
#2549=CARTESIAN_POINT('',(-0.0185323155019433,0.062061283737421,-0.038481));
#2550=CARTESIAN_POINT('',(-0.018521941266954,0.0469757691025734,-0.023876));
#2551=CARTESIAN_POINT('',(-0.0289082163944841,0.0339665971696377,-0.023876));
#2552=CARTESIAN_POINT('',(-0.0266156159341336,0.0360429398715496,-0.023876));
#2553=CARTESIAN_POINT('',(-0.0235678814351559,0.0364650003612042,-0.023876));
#2554=CARTESIAN_POINT('',(-0.0254458840936422,0.0368539951741696,-0.037211));
#2555=CARTESIAN_POINT('',(-0.0254458840936422,0.0368539951741696,-0.037211));
#2556=CARTESIAN_POINT('',(-0.0303716212511063,0.0368209294974804,-0.037211));
#2557=CARTESIAN_POINT('',(-0.0303716212511063,0.0368209294974804,-0.037211));
#2558=CARTESIAN_POINT('',(-0.0235678814351559,0.0364650003612042,-0.037211));
#2559=CARTESIAN_POINT('',(-0.0266156159341336,0.0360429398715496,-0.037211));
#2560=CARTESIAN_POINT('',(-0.0266156159341336,0.0360429398715496,-0.038481));
#2561=CARTESIAN_POINT('',(-0.0235678814351559,0.0364650003612042,-0.038481));
#2562=CARTESIAN_POINT('',(-0.0289082163944841,0.0339665971696377,-0.037211));
#2563=CARTESIAN_POINT('',(-0.0289082163944841,0.0339665971696377,-0.038481));
#2564=CARTESIAN_POINT('',(-0.0143184075132012,0.0613079704344273,-0.037211));
#2565=CARTESIAN_POINT('',(-0.0143184075132012,0.0605546571314335,-0.037211));
#2566=CARTESIAN_POINT('',(-0.0143184075132012,0.0605546571314335,-0.037211));
#2567=CARTESIAN_POINT('',(-0.0143184075132012,0.0613079704344273,-0.037211));
#2568=CARTESIAN_POINT('',(-0.0223450143821537,0.0605546571314335,-0.037211));
#2569=CARTESIAN_POINT('',(-0.0303716212511063,0.0605546571314335,-0.037211));
#2570=CARTESIAN_POINT('',(-0.0303716212511063,0.0605546571314335,-0.037211));
#2571=CARTESIAN_POINT('',(-0.0223450143821537,0.0605546571314335,-0.037211));
#2572=CARTESIAN_POINT('',(-0.0303716212511063,0.0486877933144569,-0.037211));
#2573=CARTESIAN_POINT('',(-0.0303716212511063,0.0486877933144569,-0.037211));
#2574=CARTESIAN_POINT('',(0.0438113055049021,0.,-0.000144477242633126));
#2575=CARTESIAN_POINT('',(0.,0.,-0.000144477242633126));
#2576=CARTESIAN_POINT('',(-0.0419063055049021,0.,-0.000144477242633126));
#2577=CARTESIAN_POINT('',(0.,0.,-0.000144477242633126));
#2578=CARTESIAN_POINT('',(0.,0.,0.0256977381877331));
#2579=CARTESIAN_POINT('',(0.,0.,0.0250456531141245));
#2580=CARTESIAN_POINT('',(0.033861879451076,-0.0307140637014763,0.0250456531141245));
#2581=CARTESIAN_POINT('',(0.0457130156919935,-0.000548439022225148,0.0250456531141245));
#2582=CARTESIAN_POINT('',(0.0457130156919935,-0.000548439022225148,0.0438416531141246));
#2583=CARTESIAN_POINT('',(0.0457130156919935,-0.000548439022225148,0.0438416531141246));
#2584=CARTESIAN_POINT('',(0.,0.,0.0438416531141246));
#2585=CARTESIAN_POINT('',(0.033861879451076,-0.0307140637014763,0.0438416531141246));
#2586=CARTESIAN_POINT('',(0.033861879451076,-0.0307140637014763,0.0438416531141246));
#2587=CARTESIAN_POINT('',(0.00149447267456766,-0.0456964093259482,0.0148874730552005));
#2588=CARTESIAN_POINT('',(-3.82257331834333E-7,-0.0457262439052173,0.015507437769931));
#2589=CARTESIAN_POINT('',(-0.00149294364524032,-0.0456964480825959,0.0148879517881846));
#2590=CARTESIAN_POINT('',(-0.00211081600292486,-0.0456666769327995,0.0133974191089586));
#2591=CARTESIAN_POINT('',(-0.0014937907153869,-0.0456964295720131,0.0119036475851077));
#2592=CARTESIAN_POINT('',(-2.8936783580055E-7,-0.0457262207773821,0.011284975706279));
#2593=CARTESIAN_POINT('',(0.00149088004252199,-0.0456965203177043,0.0119016262368486));
#2594=CARTESIAN_POINT('',(0.00211116036318923,-0.045666663979356,0.0133936330133439));
#2595=CARTESIAN_POINT('',(0.00149447267456766,-0.0456964093259482,0.0148874730552005));
#2596=CARTESIAN_POINT('',(-3.82257331834333E-7,-0.0457262439052173,0.015507437769931));
#2597=CARTESIAN_POINT('',(-0.00149294364524032,-0.0456964480825959,0.0148879517881846));
#2598=CARTESIAN_POINT('',(-4.33982726751521E-19,-0.0457163055049022,0.0153008626538515));
#2599=CARTESIAN_POINT('',(0.00149698625839622,0.0456963423420948,0.0118892721483538));
#2600=CARTESIAN_POINT('',(-3.8289436094389E-7,0.0457262773646756,0.0112682646628191));
#2601=CARTESIAN_POINT('',(-0.00149545468095244,0.045696381228616,0.011888792623918));
#2602=CARTESIAN_POINT('',(-0.0021143662729969,0.0456665097607,0.0133818321762168));
#2603=CARTESIAN_POINT('',(-0.00149630305257405,0.0456963626590415,0.0148781163010954));
#2604=CARTESIAN_POINT('',(-2.89912074420974E-7,0.0457262541582105,0.0154978285866656));
#2605=CARTESIAN_POINT('',(0.00149338762038788,0.045696453707259,0.0148801409625373));
#2606=CARTESIAN_POINT('',(0.0021147111844172,0.0456664967642359,0.0133856245840126));
#2607=CARTESIAN_POINT('',(0.00149698625839622,0.0456963423420948,0.0118892721483538));
#2608=CARTESIAN_POINT('',(-3.8289436094389E-7,0.0457262773646756,0.0112682646628191));
#2609=CARTESIAN_POINT('',(-0.00149545468095244,0.045696381228616,0.011888792623918));
#2610=CARTESIAN_POINT('',(-2.1345276195411E-19,0.0457163055049022,0.0114751872372581));
#2611=CARTESIAN_POINT('',(0.,0.,0.005842));
#2612=CARTESIAN_POINT('',(-0.018521941266954,0.0469757691025734,0.005842));
#2613=CARTESIAN_POINT('',(-0.0327670656790734,0.0467242859303951,0.005842));
#2614=CARTESIAN_POINT('',(0.,0.,0.0256977381877331));
#2615=CARTESIAN_POINT('',(0.0014944718836831,-0.0418846004461642,0.0148874719063895));
#2616=CARTESIAN_POINT('',(-3.8192517443959E-7,-0.0419171474735196,0.0155074385364415));
#2617=CARTESIAN_POINT('',(-0.00149294418298535,-0.0418846426891703,0.0148879498709535));
#2618=CARTESIAN_POINT('',(-0.00211081747126848,-0.0418521594327067,0.0133974227236008));
#2619=CARTESIAN_POINT('',(-0.00149378430113407,-0.0418846227000967,0.0119036409122448));
#2620=CARTESIAN_POINT('',(-2.92615542012648E-7,-0.0419171221959943,0.0112849778212423));
#2621=CARTESIAN_POINT('',(0.0014908813233303,-0.0418847215123427,0.0119016244517444));
#2622=CARTESIAN_POINT('',(0.00211116024681023,-0.0418521453378924,0.0133936397945379));
#2623=CARTESIAN_POINT('',(0.0014944718836831,-0.0418846004461642,0.0148874719063895));
#2624=CARTESIAN_POINT('',(-3.8192517443959E-7,-0.0419171474735196,0.0155074385364415));
#2625=CARTESIAN_POINT('',(-0.00149294418298535,-0.0418846426891703,0.0148879498709535));
#2626=CARTESIAN_POINT('',(-2.36971916485438E-20,-0.0419063055049021,0.0153008626538515));
#2627=CARTESIAN_POINT('',(0.,0.,0.0250456531141245));
#2628=CARTESIAN_POINT('',(0.0383711285844442,-0.0168462141808253,0.0250456531141245));
#2629=CARTESIAN_POINT('',(0.00149698546363512,0.041884527372491,0.0118892733033307));
#2630=CARTESIAN_POINT('',(-3.82560543329334E-7,0.0419171839749983,0.0112682638923171));
#2631=CARTESIAN_POINT('',(-0.0014954552214618,0.0418845697569286,0.0118887945509491));
#2632=CARTESIAN_POINT('',(-0.00211436774878914,0.0418519770252503,0.0133818285432149));
#2633=CARTESIAN_POINT('',(-0.00149629660574641,0.0418845497048845,0.0148781230078142));
#2634=CARTESIAN_POINT('',(-2.93176355499062E-7,0.0419171586113788,0.0154978264610182));
#2635=CARTESIAN_POINT('',(0.00149338890814908,0.041884648845904,0.0148801427565125));
#2636=CARTESIAN_POINT('',(0.00211471106730068,0.041851962883754,0.0133856177675395));
#2637=CARTESIAN_POINT('',(0.00149698546363512,0.041884527372491,0.0118892733033307));
#2638=CARTESIAN_POINT('',(-3.82560543329334E-7,0.0419171839749983,0.0112682638923171));
#2639=CARTESIAN_POINT('',(-0.0014954552214618,0.0418845697569286,0.0118887945509491));
#2640=CARTESIAN_POINT('',(-3.95257112579003E-19,0.0419063055049021,0.0114751872372581));
#2641=CARTESIAN_POINT('',(0.0438113055049021,0.,0.0250456531141245));
#2642=CARTESIAN_POINT('',(0.0449136865357831,-0.000548439022225148,0.0250456531141245));
#2643=CARTESIAN_POINT('',(0.0439587620190491,-0.000548439022225148,0.0250456531141245));
#2644=CARTESIAN_POINT('',(0.033861879451076,-0.0292351005906716,0.0250456531141245));
#2645=CARTESIAN_POINT('',(0.033861879451076,-0.0271170665194303,0.0250456531141245));
#2646=CARTESIAN_POINT('',(0.0361165040177601,-0.0219816403501277,0.0250456531141245));
#2647=CARTESIAN_POINT('',(0.0402223779383653,-0.012795452218545,0.0250456531141245));
#2648=CARTESIAN_POINT('',(0.0420736272922863,-0.00874469025626481,0.0250456531141245));
#2649=CARTESIAN_POINT('',(0.0430161946556677,-0.00464656463924498,0.0250456531141245));
#2650=CARTESIAN_POINT('',(0.,-0.0625805280447006,0.0133958626538515));
#2651=CARTESIAN_POINT('',(0.,0.0625805280447006,0.0133833913132548));
#2652=CARTESIAN_POINT('',(-0.00586381414905191,0.0526770353317261,-0.038481));
#2653=CARTESIAN_POINT('',(-0.00586381414905191,0.0526770353317261,-0.037211));
#2654=CARTESIAN_POINT('',(-0.00586381414905191,0.0432927869260311,-0.037211));
#2655=CARTESIAN_POINT('',(-0.00586381414905191,0.0432927869260311,-0.038481));
#2656=CARTESIAN_POINT('',(-0.00586381414905191,0.0432927869260311,-0.038481));
#2657=CARTESIAN_POINT('',(-0.00586381414905191,0.0526770353317261,-0.038481));
#2658=CARTESIAN_POINT('',(-0.0148917683901214,0.0400785134876036,-0.038481));
#2659=CARTESIAN_POINT('',(-0.0148917683901214,0.0400785134876036,-0.037211));
#2660=CARTESIAN_POINT('',(-0.0148917683901214,0.0400785134876036,-0.038481));
#2661=CARTESIAN_POINT('',(-0.0185323155019433,0.0469757691025734,-0.038481));
#2662=CARTESIAN_POINT('',(-0.0185323155019433,0.0469757691025734,-0.037211));
#2663=CARTESIAN_POINT('',(-0.0327670656790734,0.0543927848339081,-0.0214088298380375));
#2664=CARTESIAN_POINT('',(-0.0327670656790734,0.0518042859303951,-0.0214088298380375));
#2665=CARTESIAN_POINT('',(-0.0327670656790734,0.0467242859303951,-0.00778341491901875));
#2666=CARTESIAN_POINT('',(-0.0327670656790734,0.0467242859303951,-0.0163288298380375));
#2667=CARTESIAN_POINT('',(-0.0327670656790734,0.0518042859303951,-0.0163288298380375));
#2668=CARTESIAN_POINT('',(0.0449136865357831,-0.000548439022225148,0.0490994531141246));
#2669=CARTESIAN_POINT('',(0.0449136865357831,-0.000548439022225148,0.0438416531141246));
#2670=CARTESIAN_POINT('',(0.0458686110525171,-0.000548439022225148,0.0438416531141246));
#2671=CARTESIAN_POINT('',(0.0439587620190491,-0.000548439022225148,0.0490994531141246));
#2672=CARTESIAN_POINT('',(0.0458686110525171,-0.000548439022225148,0.0490994531141246));
#2673=CARTESIAN_POINT('',(0.0430161946556677,-0.00464656463924498,0.0490994531141246));
#2674=CARTESIAN_POINT('',(0.0420736272922863,-0.00874469025626481,0.0490994531141246));
#2675=CARTESIAN_POINT('',(0.0402223779383653,-0.012795452218545,0.0490994531141246));
#2676=CARTESIAN_POINT('',(0.0383711285844443,-0.0168462141808252,0.0490994531141246));
#2677=CARTESIAN_POINT('',(0.0361165040177601,-0.0219816403501277,0.0490994531141246));
#2678=CARTESIAN_POINT('',(0.033861879451076,-0.0271170665194303,0.0490994531141246));
#2679=CARTESIAN_POINT('',(0.033861879451076,-0.0292351005906716,0.0490994531141246));
#2680=CARTESIAN_POINT('',(0.033861879451076,-0.0292351005906716,0.0438416531141246));
#2681=CARTESIAN_POINT('',(0.033861879451076,-0.0313531346619129,0.0438416531141246));
#2682=CARTESIAN_POINT('',(0.033861879451076,-0.0313531346619129,0.0490994531141246));
#2683=CARTESIAN_POINT('',(0.033861879451076,-0.0313531346619129,0.0619518531141246));
#2684=CARTESIAN_POINT('',(0.033861879451076,-0.0292351005906716,0.0619518531141246));
#2685=CARTESIAN_POINT('',(0.033861879451076,-0.0271170665194303,0.0619518531141246));
#2686=CARTESIAN_POINT('',(0.033861879451076,-0.0271170665194303,0.0619518531141246));
#2687=CARTESIAN_POINT('',(0.046136861762901,-0.0313531346619129,0.0490994531141246));
#2688=CARTESIAN_POINT('',(0.046136861762901,-0.0313531346619129,0.0438416531141246));
#2689=CARTESIAN_POINT('',(0.0584118440747261,-0.0313531346619129,0.0438416531141246));
#2690=CARTESIAN_POINT('',(0.0584118440747261,-0.0313531346619129,0.0490994531141246));
#2691=CARTESIAN_POINT('',(0.0584118440747261,-0.0313531346619129,0.0642378531141246));
#2692=CARTESIAN_POINT('',(0.046136861762901,-0.0313531346619129,0.0642378531141246));
#2693=CARTESIAN_POINT('',(0.0337205864489079,-0.0313531346619129,0.0642378531141246));
#2694=CARTESIAN_POINT('',(0.0337205864489079,-0.0313531346619129,0.0642378531141246));
#2695=CARTESIAN_POINT('',(0.0337205864489079,-0.0313531346619129,0.0619518531141246));
#2696=CARTESIAN_POINT('',(0.046136861762901,-0.0313531346619129,0.0619518531141246));
#2697=CARTESIAN_POINT('',(0.0584118440747261,-0.0190069538075477,0.0490994531141246));
#2698=CARTESIAN_POINT('',(0.0584118440747261,-0.0190069538075477,0.0438416531141246));
#2699=CARTESIAN_POINT('',(0.0584118440747261,-0.00666077295318246,0.0438416531141246));
#2700=CARTESIAN_POINT('',(0.0584118440747261,-0.00666077295318246,0.0490994531141246));
#2701=CARTESIAN_POINT('',(0.0584118440747261,-0.014927270822227,0.0619518531141246));
#2702=CARTESIAN_POINT('',(0.0584118440747261,-0.014927270822227,0.0619518531141246));
#2703=CARTESIAN_POINT('',(0.0584118440747261,-0.0190069538075477,0.0619518531141246));
#2704=CARTESIAN_POINT('',(0.0584118440747261,-0.00811745040118694,0.0619518531141246));
#2705=CARTESIAN_POINT('',(0.0584118440747261,-0.00811745040118694,0.0642378531141246));
#2706=CARTESIAN_POINT('',(0.0584118440747261,-0.00811745040118694,0.0642378531141246));
#2707=CARTESIAN_POINT('',(0.0584118440747261,-0.0190069538075477,0.0642378531141246));
#2708=CARTESIAN_POINT('',(0.0523558259010315,-0.00666077295318246,0.0490994531141246));
#2709=CARTESIAN_POINT('',(0.0523558259010315,-0.00666077295318246,0.0438416531141246));
#2710=CARTESIAN_POINT('',(0.0462998077273369,-0.00666077295318246,0.0438416531141246));
#2711=CARTESIAN_POINT('',(0.0462998077273369,-0.00666077295318246,0.0490994531141246));
#2712=CARTESIAN_POINT('',(0.046084209389927,-0.0036046059877038,0.0490994531141246));
#2713=CARTESIAN_POINT('',(0.046084209389927,-0.0036046059877038,0.0438416531141246));
#2714=CARTESIAN_POINT('',(0.00634776928491198,0.,0.0438416531141246));
#2715=CARTESIAN_POINT('',(0.0340483748381336,-0.0271170665194303,0.0619518531141246));
#2716=CARTESIAN_POINT('',(0.0340483748381336,-0.0271170665194303,0.0619518531141246));
#2717=CARTESIAN_POINT('',(0.0342348702251911,-0.0271170665194303,0.0619518531141246));
#2718=CARTESIAN_POINT('',(0.0342348702251911,-0.0271170665194303,0.0619518531141246));
#2719=CARTESIAN_POINT('',(0.0579951908439398,-0.014927270822227,0.0619518531141246));
#2720=CARTESIAN_POINT('',(0.0575785376131535,-0.014927270822227,0.0619518531141246));
#2721=CARTESIAN_POINT('',(0.0575785376131535,-0.014927270822227,0.0619518531141246));
#2722=CARTESIAN_POINT('',(0.0579951908439398,-0.014927270822227,0.0619518531141246));
#2723=CARTESIAN_POINT('',(0.0575785376131535,-0.0227459720335901,0.0619518531141246));
#2724=CARTESIAN_POINT('',(0.0575785376131535,-0.0305646732449531,0.0619518531141246));
#2725=CARTESIAN_POINT('',(0.0575785376131535,-0.0305646732449531,0.0619518531141246));
#2726=CARTESIAN_POINT('',(0.0575785376131535,-0.0227459720335901,0.0619518531141246));
#2727=CARTESIAN_POINT('',(0.0459067039191723,-0.0305646732449531,0.0619518531141246));
#2728=CARTESIAN_POINT('',(0.0342348702251911,-0.0305646732449531,0.0619518531141246));
#2729=CARTESIAN_POINT('',(0.0342348702251911,-0.0305646732449531,0.0619518531141246));
#2730=CARTESIAN_POINT('',(0.0459067039191723,-0.0305646732449531,0.0619518531141246));
#2731=CARTESIAN_POINT('',(0.0342348702251911,-0.0288408698821917,0.0619518531141246));
#2732=CARTESIAN_POINT('',(0.0342348702251911,-0.0288408698821917,0.0619518531141246));
#2733=CARTESIAN_POINT('',(0.046066215261817,-0.01973529253155,0.0619518531141246));
#2734=CARTESIAN_POINT('',(0.0337205864489079,-0.0287450272589922,0.0619518531141246));
#2735=CARTESIAN_POINT('',(0.0337205864489079,-0.0261369198560714,0.0619518531141246));
#2736=CARTESIAN_POINT('',(0.0381557196378708,-0.0171271851286292,0.0619518531141246));
#2737=CARTESIAN_POINT('',(0.0425908528268338,-0.00811745040118694,0.0619518531141246));
#2738=CARTESIAN_POINT('',(0.0505013484507799,-0.00811745040118694,0.0619518531141246));
#2739=CARTESIAN_POINT('',(0.0337205864489079,-0.0287450272589922,0.0642378531141246));
#2740=CARTESIAN_POINT('',(0.0337205864489079,-0.0287450272589922,0.0642378531141246));
#2741=CARTESIAN_POINT('',(0.0337205864489079,-0.0261369198560714,0.0642378531141246));
#2742=CARTESIAN_POINT('',(0.0337205864489079,-0.0261369198560714,0.0642378531141246));
#2743=CARTESIAN_POINT('',(0.0505013484507799,-0.00811745040118694,0.0642378531141246));
#2744=CARTESIAN_POINT('',(0.0425908528268338,-0.00811745040118694,0.0642378531141246));
#2745=CARTESIAN_POINT('',(0.0425908528268338,-0.00811745040118694,0.0642378531141246));
#2746=CARTESIAN_POINT('',(0.0505013484507799,-0.00811745040118694,0.0642378531141246));
#2747=CARTESIAN_POINT('',(0.0381557196378708,-0.0171271851286292,0.0642378531141246));
#2748=CARTESIAN_POINT('',(0.0381557196378708,-0.0171271851286292,0.0642378531141246));
#2749=CARTESIAN_POINT('',(0.046066215261817,-0.01973529253155,0.0642378531141246));
#2750=CARTESIAN_POINT('',(0.,0.,0.));
#2751=CARTESIAN_POINT('',(0.,0.,0.0126052238047123));
#2752=CARTESIAN_POINT('',(0.,0.,0.0256406851112843));
#2753=CARTESIAN_POINT('',(-0.0361622571945189,0.,0.0256406851112843));
#2754=CARTESIAN_POINT('',(0.,0.,0.));
#2755=CARTESIAN_POINT('',(0.00291536399163306,0.036044548800045,0.));
#2756=CARTESIAN_POINT('',(0.00291536399163306,-0.036044548800045,0.));
#2757=CARTESIAN_POINT('',(0.00291536399163305,0.036044548800045,0.0126052238047123));
#2758=CARTESIAN_POINT('',(0.00291536399163306,0.036044548800045,0.0254));
#2759=CARTESIAN_POINT('',(0.,0.,0.0254));
#2760=CARTESIAN_POINT('',(-0.00291536399163306,0.036044548800045,0.0254));
#2761=CARTESIAN_POINT('',(-0.00291536399163305,0.036044548800045,0.0126052238047123));
#2762=CARTESIAN_POINT('',(-0.00291536399163306,0.036044548800045,0.));
#2763=CARTESIAN_POINT('',(0.,0.,0.));
#2764=CARTESIAN_POINT('',(-0.00291536399163306,-0.036044548800045,0.));
#2765=CARTESIAN_POINT('',(-0.00291536399163305,-0.036044548800045,0.0126052238047123));
#2766=CARTESIAN_POINT('',(-0.00291536399163306,-0.036044548800045,0.0254));
#2767=CARTESIAN_POINT('',(0.,0.,0.0254));
#2768=CARTESIAN_POINT('',(0.00291536399163306,-0.036044548800045,0.0254));
#2769=CARTESIAN_POINT('',(0.00291536399163305,-0.036044548800045,0.0126052238047123));
#2770=CARTESIAN_POINT('',(-0.0361371045411463,-0.00149447020619552,0.0139172899508023));
#2771=CARTESIAN_POINT('',(-0.0361748213060782,3.81215167809875E-7,0.0145372607746306));
#2772=CARTESIAN_POINT('',(-0.0361371534016543,0.00149294534552428,0.0139177663085416));
#2773=CARTESIAN_POINT('',(-0.0360994970310193,0.0021108206281586,0.0124272510714615));
#2774=CARTESIAN_POINT('',(-0.0361371307472238,0.00149377050428668,0.0109334471371832));
#2775=CARTESIAN_POINT('',(-0.0361747918968501,2.99615243510339E-7,0.0103148029330452));
#2776=CARTESIAN_POINT('',(-0.0361372447940384,-0.00149088415616745,0.0109314412184086));
#2777=CARTESIAN_POINT('',(-0.0360994807887158,-0.00211115997119513,0.0124234750990143));
#2778=CARTESIAN_POINT('',(-0.0361371045411463,-0.00149447020619552,0.0139172899508023));
#2779=CARTESIAN_POINT('',(-0.0361748213060782,3.81215167809875E-7,0.0145372607746306));
#2780=CARTESIAN_POINT('',(-0.0361371534016543,0.00149294534552428,0.0139177663085416));
#2781=CARTESIAN_POINT('',(-0.0361622571945189,6.30210977613758E-20,0.014330683226311));
#2782=CARTESIAN_POINT('',(0.0361386063850445,0.00144916674259361,0.0138969782035947));
#2783=CARTESIAN_POINT('',(0.0361740711084193,-3.69819540083376E-7,0.014498154075577));
#2784=CARTESIAN_POINT('',(0.0361386523483919,-0.00144768746443328,0.0138974404802036));
#2785=CARTESIAN_POINT('',(0.0361032473838258,-0.00204683182889693,0.012452106487854));
#2786=CARTESIAN_POINT('',(0.0361386309344442,-0.00144849100523046,0.0110035912184257));
#2787=CARTESIAN_POINT('',(0.0361740434808117,-2.88942191208393E-7,0.0104036965049209));
#2788=CARTESIAN_POINT('',(0.0361387382733146,0.00144568837097306,0.0110016437115918));
#2789=CARTESIAN_POINT('',(0.0361032320911469,0.00204716166688811,0.0124484433851884));
#2790=CARTESIAN_POINT('',(0.0361386063850445,0.00144916674259361,0.0138969782035947));
#2791=CARTESIAN_POINT('',(0.0361740711084193,-3.69819540083376E-7,0.014498154075577));
#2792=CARTESIAN_POINT('',(0.0361386523483919,-0.00144768746443328,0.0138974404802036));
#2793=CARTESIAN_POINT('',(0.0361622571945189,-5.37814716791642E-20,0.0142978391643511));
#2794=CARTESIAN_POINT('',(0.,0.,0.0126052238047123));
#2795=CARTESIAN_POINT('',(0.,0.,0.0256406851112843));
#2796=CARTESIAN_POINT('',(-0.0330889038741589,0.,0.0256406851112843));
#2797=CARTESIAN_POINT('',(0.,0.,0.));
#2798=CARTESIAN_POINT('',(-0.0330889038741589,0.,0.));
#2799=CARTESIAN_POINT('',(-0.0330614150485996,0.00149446894680951,0.0139172879705438));
#2800=CARTESIAN_POINT('',(-0.0331026349563987,-3.80677175442667E-7,0.0145372620609857));
#2801=CARTESIAN_POINT('',(-0.0330614683707588,-0.00149294623810774,0.0139177631433794));
#2802=CARTESIAN_POINT('',(-0.0330203032210599,-0.00211082303568819,0.012427257004867));
#2803=CARTESIAN_POINT('',(-0.0330614440373682,-0.00149375997642836,0.0109334361942172));
#2804=CARTESIAN_POINT('',(-0.0331026027188634,-3.04969042175558E-7,0.0103148063877597));
#2805=CARTESIAN_POINT('',(-0.0330615682899309,0.00149088638917405,0.0109314383456131));
#2806=CARTESIAN_POINT('',(-0.0330202855471278,0.00211115973796724,0.0124234864740084));
#2807=CARTESIAN_POINT('',(-0.0330614150485996,0.00149446894680951,0.0139172879705438));
#2808=CARTESIAN_POINT('',(-0.0331026349563987,-3.80677175442667E-7,0.0145372620609857));
#2809=CARTESIAN_POINT('',(-0.0330614683707588,-0.00149294623810774,0.0139177631433794));
#2810=CARTESIAN_POINT('',(-0.0330889038741589,-2.97418341411758E-19,0.014330683226311));
#2811=CARTESIAN_POINT('',(0.0330630563805364,-0.00144916558973851,0.0138969764127263));
#2812=CARTESIAN_POINT('',(0.0331018150797931,3.69328372515359E-7,0.0144981552436261));
#2813=CARTESIAN_POINT('',(0.0330631065452444,0.00144768827624845,0.013897437598876));
#2814=CARTESIAN_POINT('',(0.0330244032147604,0.00204683402291432,0.0124521118940818));
#2815=CARTESIAN_POINT('',(0.0330630835179971,0.00144848141264925,0.0110035812462664));
#2816=CARTESIAN_POINT('',(0.0331017848004917,2.93817054197755E-7,0.0104036996551423));
#2817=CARTESIAN_POINT('',(0.0330632004853701,-0.00144569038665196,0.0110016410856869));
#2818=CARTESIAN_POINT('',(0.0330243865694831,-0.00204716146043214,0.0124484537142129));
#2819=CARTESIAN_POINT('',(0.0330630563805364,-0.00144916558973851,0.0138969764127263));
#2820=CARTESIAN_POINT('',(0.0331018150797931,3.69328372515359E-7,0.0144981552436261));
#2821=CARTESIAN_POINT('',(0.0330631065452444,0.00144768827624845,0.013897437598876));
#2822=CARTESIAN_POINT('',(0.0330889038741589,1.80250884683533E-19,0.0142978391643511));
#2823=CARTESIAN_POINT('',(0.,0.0346255805343389,0.));
#2824=CARTESIAN_POINT('',(0.00291536399163306,-0.0361622571945189,0.));
#2825=CARTESIAN_POINT('',(0.00291536399163306,-0.0371805280447007,0.));
#2826=CARTESIAN_POINT('',(0.,-0.0371805280447007,0.));
#2827=CARTESIAN_POINT('',(-0.00291536399163306,-0.0371805280447007,0.));
#2828=CARTESIAN_POINT('',(-0.00291536399163306,-0.0361622571945189,0.));
#2829=CARTESIAN_POINT('',(-0.00291536399163306,0.0361622571945189,0.));
#2830=CARTESIAN_POINT('',(-0.00291536399163306,0.0371805280447007,0.));
#2831=CARTESIAN_POINT('',(0.,0.0371805280447007,0.));
#2832=CARTESIAN_POINT('',(0.00291536399163306,0.0371805280447007,0.));
#2833=CARTESIAN_POINT('',(0.00291536399163306,0.0361622571945189,0.));
#2834=CARTESIAN_POINT('',(0.,0.0346255805343389,0.0256406851112843));
#2835=CARTESIAN_POINT('',(0.00291536399163306,-0.0361622571945189,0.0254));
#2836=CARTESIAN_POINT('',(0.00291536399163306,-0.0361622571945189,0.0254));
#2837=CARTESIAN_POINT('',(0.00291536399163306,-0.0371805280447007,0.0254));
#2838=CARTESIAN_POINT('',(0.00291536399163306,-0.0371805280447007,0.0254));
#2839=CARTESIAN_POINT('',(-0.00291536399163306,-0.0361622571945189,0.0254));
#2840=CARTESIAN_POINT('',(-0.00291536399163306,-0.0371805280447007,0.0254));
#2841=CARTESIAN_POINT('',(-0.00291536399163306,-0.0371805280447007,0.0254));
#2842=CARTESIAN_POINT('',(-0.00291536399163306,-0.0361622571945189,0.0254));
#2843=CARTESIAN_POINT('',(0.,-0.0371805280447007,0.0254));
#2844=CARTESIAN_POINT('',(0.,-0.0371805280447007,0.0133958626538515));
#2845=CARTESIAN_POINT('',(0.,-0.0371805280447007,0.0114908626538515));
#2846=CARTESIAN_POINT('',(0.,-0.0371805280447007,0.0254));
#2847=CARTESIAN_POINT('',(0.,0.,0.0254));
#2848=CARTESIAN_POINT('',(0.00291536399163306,0.0361622571945189,0.0254));
#2849=CARTESIAN_POINT('',(0.00291536399163306,0.0371805280447007,0.0254));
#2850=CARTESIAN_POINT('',(0.00291536399163306,0.0371805280447007,0.0254));
#2851=CARTESIAN_POINT('',(0.00291536399163306,0.0361622571945189,0.0254));
#2852=CARTESIAN_POINT('',(-0.00291536399163306,0.0361622571945189,0.0254));
#2853=CARTESIAN_POINT('',(-0.00291536399163306,0.0361622571945189,0.0254));
#2854=CARTESIAN_POINT('',(-0.00291536399163306,0.0371805280447007,0.0254));
#2855=CARTESIAN_POINT('',(-0.00291536399163306,0.0371805280447007,0.0254));
#2856=CARTESIAN_POINT('',(0.,0.0371805280447007,0.0254));
#2857=CARTESIAN_POINT('',(0.,0.0371805280447007,0.0133833913132548));
#2858=CARTESIAN_POINT('',(0.,0.0371805280447007,0.0152915953892516));
#2859=CARTESIAN_POINT('',(0.,0.0371805280447007,0.0254));
#2860=CARTESIAN_POINT('',(0.,0.,0.0254));
#2861=CARTESIAN_POINT('',(-0.0529065302848817,0.,0.012425683226311));
#2862=CARTESIAN_POINT('',(0.0529065302848817,0.,0.0124505879357457));
#2863=CARTESIAN_POINT('',(0.,-0.0359105280447006,0.0133958626538515));
#2864=CARTESIAN_POINT('',(0.,-0.0359105280447006,0.0133958626538515));
#2865=CARTESIAN_POINT('',(0.,-0.0359105280447006,0.0114908626538515));
#2866=CARTESIAN_POINT('',(0.,-0.0359105280447006,0.0127));
#2867=CARTESIAN_POINT('',(0.,0.0359105280447006,0.0133833913132548));
#2868=CARTESIAN_POINT('',(0.,0.0359105280447006,0.0133833913132548));
#2869=CARTESIAN_POINT('',(0.,0.0359105280447006,0.0152915953892516));
#2870=CARTESIAN_POINT('',(0.,0.0359105280447006,0.0127));
#2871=CARTESIAN_POINT('',(0.,0.,0.));
#2872=CARTESIAN_POINT('',(0.0138373142004013,0.0578513443470001,0.0127));
#2873=CARTESIAN_POINT('',(0.0138373142004013,0.0578513443470001,0.0127));
#2874=CARTESIAN_POINT('',(0.0156153142004013,0.0578513443470001,0.0127));
#2875=CARTESIAN_POINT('',(0.0138373142004013,0.0578513443470001,0.));
#2876=CARTESIAN_POINT('',(0.0156153142004013,0.0578513443470001,0.));
#2877=CARTESIAN_POINT('',(-0.0242626857995987,0.0578513443470001,0.0127));
#2878=CARTESIAN_POINT('',(-0.0242626857995987,0.0578513443470001,0.));
#2879=MECHANICAL_DESIGN_GEOMETRIC_PRESENTATION_REPRESENTATION('',(#1645),
#2887);
#2880=MECHANICAL_DESIGN_GEOMETRIC_PRESENTATION_REPRESENTATION('',(#1646),
#2888);
#2881=MECHANICAL_DESIGN_GEOMETRIC_PRESENTATION_REPRESENTATION('',(#1647),
#2889);
#2882=MECHANICAL_DESIGN_GEOMETRIC_PRESENTATION_REPRESENTATION('',(#1648),
#2890);
#2883=MECHANICAL_DESIGN_GEOMETRIC_PRESENTATION_REPRESENTATION('',(#1649),
#2891);
#2884=MECHANICAL_DESIGN_GEOMETRIC_PRESENTATION_REPRESENTATION('',(#1650),
#2892);
#2885=MECHANICAL_DESIGN_GEOMETRIC_PRESENTATION_REPRESENTATION('',(#1651),
#2893);
#2886=MECHANICAL_DESIGN_GEOMETRIC_PRESENTATION_REPRESENTATION('',(#1652),
#2894);
#2887=(
GEOMETRIC_REPRESENTATION_CONTEXT(3)
GLOBAL_UNCERTAINTY_ASSIGNED_CONTEXT((#2895))
GLOBAL_UNIT_ASSIGNED_CONTEXT((#2919,#2911,#2903))
REPRESENTATION_CONTEXT('Part 3','TOP_LEVEL_ASSEMBLY_PART')
);
#2888=(
GEOMETRIC_REPRESENTATION_CONTEXT(3)
GLOBAL_UNCERTAINTY_ASSIGNED_CONTEXT((#2896))
GLOBAL_UNIT_ASSIGNED_CONTEXT((#2920,#2912,#2904))
REPRESENTATION_CONTEXT('Part 1','TOP_LEVEL_ASSEMBLY_PART')
);
#2889=(
GEOMETRIC_REPRESENTATION_CONTEXT(3)
GLOBAL_UNCERTAINTY_ASSIGNED_CONTEXT((#2897))
GLOBAL_UNIT_ASSIGNED_CONTEXT((#2921,#2913,#2905))
REPRESENTATION_CONTEXT('Part 4','TOP_LEVEL_ASSEMBLY_PART')
);
#2890=(
GEOMETRIC_REPRESENTATION_CONTEXT(3)
GLOBAL_UNCERTAINTY_ASSIGNED_CONTEXT((#2898))
GLOBAL_UNIT_ASSIGNED_CONTEXT((#2922,#2914,#2906))
REPRESENTATION_CONTEXT('Part 5','TOP_LEVEL_ASSEMBLY_PART')
);
#2891=(
GEOMETRIC_REPRESENTATION_CONTEXT(3)
GLOBAL_UNCERTAINTY_ASSIGNED_CONTEXT((#2899))
GLOBAL_UNIT_ASSIGNED_CONTEXT((#2923,#2915,#2907))
REPRESENTATION_CONTEXT('Part 8','TOP_LEVEL_ASSEMBLY_PART')
);
#2892=(
GEOMETRIC_REPRESENTATION_CONTEXT(3)
GLOBAL_UNCERTAINTY_ASSIGNED_CONTEXT((#2900))
GLOBAL_UNIT_ASSIGNED_CONTEXT((#2924,#2916,#2908))
REPRESENTATION_CONTEXT('Part 7','TOP_LEVEL_ASSEMBLY_PART')
);
#2893=(
GEOMETRIC_REPRESENTATION_CONTEXT(3)
GLOBAL_UNCERTAINTY_ASSIGNED_CONTEXT((#2901))
GLOBAL_UNIT_ASSIGNED_CONTEXT((#2925,#2917,#2909))
REPRESENTATION_CONTEXT('Part 2','TOP_LEVEL_ASSEMBLY_PART')
);
#2894=(
GEOMETRIC_REPRESENTATION_CONTEXT(3)
GLOBAL_UNCERTAINTY_ASSIGNED_CONTEXT((#2902))
GLOBAL_UNIT_ASSIGNED_CONTEXT((#2926,#2918,#2910))
REPRESENTATION_CONTEXT('Part 6','TOP_LEVEL_ASSEMBLY_PART')
);
#2895=UNCERTAINTY_MEASURE_WITH_UNIT(LENGTH_MEASURE(1.E-8),#2919,
'DISTANCE_ACCURACY_VALUE','Maximum Tolerance applied to model');
#2896=UNCERTAINTY_MEASURE_WITH_UNIT(LENGTH_MEASURE(1.E-8),#2920,
'DISTANCE_ACCURACY_VALUE','Maximum Tolerance applied to model');
#2897=UNCERTAINTY_MEASURE_WITH_UNIT(LENGTH_MEASURE(1.E-8),#2921,
'DISTANCE_ACCURACY_VALUE','Maximum Tolerance applied to model');
#2898=UNCERTAINTY_MEASURE_WITH_UNIT(LENGTH_MEASURE(1.E-8),#2922,
'DISTANCE_ACCURACY_VALUE','Maximum Tolerance applied to model');
#2899=UNCERTAINTY_MEASURE_WITH_UNIT(LENGTH_MEASURE(1.E-8),#2923,
'DISTANCE_ACCURACY_VALUE','Maximum Tolerance applied to model');
#2900=UNCERTAINTY_MEASURE_WITH_UNIT(LENGTH_MEASURE(2.E-5),#2924,
'DISTANCE_ACCURACY_VALUE','Maximum Tolerance applied to model');
#2901=UNCERTAINTY_MEASURE_WITH_UNIT(LENGTH_MEASURE(2.E-5),#2925,
'DISTANCE_ACCURACY_VALUE','Maximum Tolerance applied to model');
#2902=UNCERTAINTY_MEASURE_WITH_UNIT(LENGTH_MEASURE(1.E-8),#2926,
'DISTANCE_ACCURACY_VALUE','Maximum Tolerance applied to model');
#2903=(
NAMED_UNIT(*)
SI_UNIT($,.STERADIAN.)
SOLID_ANGLE_UNIT()
);
#2904=(
NAMED_UNIT(*)
SI_UNIT($,.STERADIAN.)
SOLID_ANGLE_UNIT()
);
#2905=(
NAMED_UNIT(*)
SI_UNIT($,.STERADIAN.)
SOLID_ANGLE_UNIT()
);
#2906=(
NAMED_UNIT(*)
SI_UNIT($,.STERADIAN.)
SOLID_ANGLE_UNIT()
);
#2907=(
NAMED_UNIT(*)
SI_UNIT($,.STERADIAN.)
SOLID_ANGLE_UNIT()
);
#2908=(
NAMED_UNIT(*)
SI_UNIT($,.STERADIAN.)
SOLID_ANGLE_UNIT()
);
#2909=(
NAMED_UNIT(*)
SI_UNIT($,.STERADIAN.)
SOLID_ANGLE_UNIT()
);
#2910=(
NAMED_UNIT(*)
SI_UNIT($,.STERADIAN.)
SOLID_ANGLE_UNIT()
);
#2911=(
NAMED_UNIT(*)
PLANE_ANGLE_UNIT()
SI_UNIT($,.RADIAN.)
);
#2912=(
NAMED_UNIT(*)
PLANE_ANGLE_UNIT()
SI_UNIT($,.RADIAN.)
);
#2913=(
NAMED_UNIT(*)
PLANE_ANGLE_UNIT()
SI_UNIT($,.RADIAN.)
);
#2914=(
NAMED_UNIT(*)
PLANE_ANGLE_UNIT()
SI_UNIT($,.RADIAN.)
);
#2915=(
NAMED_UNIT(*)
PLANE_ANGLE_UNIT()
SI_UNIT($,.RADIAN.)
);
#2916=(
NAMED_UNIT(*)
PLANE_ANGLE_UNIT()
SI_UNIT($,.RADIAN.)
);
#2917=(
NAMED_UNIT(*)
PLANE_ANGLE_UNIT()
SI_UNIT($,.RADIAN.)
);
#2918=(
NAMED_UNIT(*)
PLANE_ANGLE_UNIT()
SI_UNIT($,.RADIAN.)
);
#2919=(
LENGTH_UNIT()
NAMED_UNIT(*)
SI_UNIT($,.METRE.)
);
#2920=(
LENGTH_UNIT()
NAMED_UNIT(*)
SI_UNIT($,.METRE.)
);
#2921=(
LENGTH_UNIT()
NAMED_UNIT(*)
SI_UNIT($,.METRE.)
);
#2922=(
LENGTH_UNIT()
NAMED_UNIT(*)
SI_UNIT($,.METRE.)
);
#2923=(
LENGTH_UNIT()
NAMED_UNIT(*)
SI_UNIT($,.METRE.)
);
#2924=(
LENGTH_UNIT()
NAMED_UNIT(*)
SI_UNIT($,.METRE.)
);
#2925=(
LENGTH_UNIT()
NAMED_UNIT(*)
SI_UNIT($,.METRE.)
);
#2926=(
LENGTH_UNIT()
NAMED_UNIT(*)
SI_UNIT($,.METRE.)
);
#2927=PRODUCT_DEFINITION_SHAPE('','',#2935);
#2928=PRODUCT_DEFINITION_SHAPE('','',#2936);
#2929=PRODUCT_DEFINITION_SHAPE('','',#2937);
#2930=PRODUCT_DEFINITION_SHAPE('','',#2938);
#2931=PRODUCT_DEFINITION_SHAPE('','',#2939);
#2932=PRODUCT_DEFINITION_SHAPE('','',#2940);
#2933=PRODUCT_DEFINITION_SHAPE('','',#2941);
#2934=PRODUCT_DEFINITION_SHAPE('','',#2942);
#2935=PRODUCT_DEFINITION('','',#2951,#2943);
#2936=PRODUCT_DEFINITION('','',#2952,#2944);
#2937=PRODUCT_DEFINITION('','',#2953,#2945);
#2938=PRODUCT_DEFINITION('','',#2954,#2946);
#2939=PRODUCT_DEFINITION('','',#2955,#2947);
#2940=PRODUCT_DEFINITION('','',#2956,#2948);
#2941=PRODUCT_DEFINITION('','',#2957,#2949);
#2942=PRODUCT_DEFINITION('','',#2958,#2950);
#2943=PRODUCT_DEFINITION_CONTEXT('',#2999,'design');
#2944=PRODUCT_DEFINITION_CONTEXT('',#3000,'design');
#2945=PRODUCT_DEFINITION_CONTEXT('',#3001,'design');
#2946=PRODUCT_DEFINITION_CONTEXT('',#3002,'design');
#2947=PRODUCT_DEFINITION_CONTEXT('',#3003,'design');
#2948=PRODUCT_DEFINITION_CONTEXT('',#3004,'design');
#2949=PRODUCT_DEFINITION_CONTEXT('',#3005,'design');
#2950=PRODUCT_DEFINITION_CONTEXT('',#3006,'design');
#2951=PRODUCT_DEFINITION_FORMATION_WITH_SPECIFIED_SOURCE('','',#2967,
 .NOT_KNOWN.);
#2952=PRODUCT_DEFINITION_FORMATION_WITH_SPECIFIED_SOURCE('','',#2968,
 .NOT_KNOWN.);
#2953=PRODUCT_DEFINITION_FORMATION_WITH_SPECIFIED_SOURCE('','',#2969,
 .NOT_KNOWN.);
#2954=PRODUCT_DEFINITION_FORMATION_WITH_SPECIFIED_SOURCE('','',#2970,
 .NOT_KNOWN.);
#2955=PRODUCT_DEFINITION_FORMATION_WITH_SPECIFIED_SOURCE('','',#2971,
 .NOT_KNOWN.);
#2956=PRODUCT_DEFINITION_FORMATION_WITH_SPECIFIED_SOURCE('','',#2972,
 .NOT_KNOWN.);
#2957=PRODUCT_DEFINITION_FORMATION_WITH_SPECIFIED_SOURCE('','',#2973,
 .NOT_KNOWN.);
#2958=PRODUCT_DEFINITION_FORMATION_WITH_SPECIFIED_SOURCE('','',#2974,
 .NOT_KNOWN.);
#2959=PRODUCT_RELATED_PRODUCT_CATEGORY('','',(#2967));
#2960=PRODUCT_RELATED_PRODUCT_CATEGORY('','',(#2968));
#2961=PRODUCT_RELATED_PRODUCT_CATEGORY('','',(#2969));
#2962=PRODUCT_RELATED_PRODUCT_CATEGORY('','',(#2970));
#2963=PRODUCT_RELATED_PRODUCT_CATEGORY('','',(#2971));
#2964=PRODUCT_RELATED_PRODUCT_CATEGORY('','',(#2972));
#2965=PRODUCT_RELATED_PRODUCT_CATEGORY('','',(#2973));
#2966=PRODUCT_RELATED_PRODUCT_CATEGORY('','',(#2974));
#2967=PRODUCT('Part 3','Part 3','Part 3',(#2983));
#2968=PRODUCT('Part 1','Part 1','Part 1',(#2984));
#2969=PRODUCT('Part 4','Part 4','Part 4',(#2985));
#2970=PRODUCT('Part 5','Part 5','Part 5',(#2986));
#2971=PRODUCT('Part 8','Part 8','Part 8',(#2987));
#2972=PRODUCT('Part 7','Part 7','Part 7',(#2988));
#2973=PRODUCT('Part 2','Part 2','Part 2',(#2989));
#2974=PRODUCT('Part 6','Part 6','Part 6',(#2990));
#2975=PRODUCT_CATEGORY('','');
#2976=PRODUCT_CATEGORY('','');
#2977=PRODUCT_CATEGORY('','');
#2978=PRODUCT_CATEGORY('','');
#2979=PRODUCT_CATEGORY('','');
#2980=PRODUCT_CATEGORY('','');
#2981=PRODUCT_CATEGORY('','');
#2982=PRODUCT_CATEGORY('','');
#2983=PRODUCT_CONTEXT('',#2999,'mechanical');
#2984=PRODUCT_CONTEXT('',#3000,'mechanical');
#2985=PRODUCT_CONTEXT('',#3001,'mechanical');
#2986=PRODUCT_CONTEXT('',#3002,'mechanical');
#2987=PRODUCT_CONTEXT('',#3003,'mechanical');
#2988=PRODUCT_CONTEXT('',#3004,'mechanical');
#2989=PRODUCT_CONTEXT('',#3005,'mechanical');
#2990=PRODUCT_CONTEXT('',#3006,'mechanical');
#2991=APPLICATION_PROTOCOL_DEFINITION('international standard',
'ap242_managed_model_based_3d_engineering',2020,#2999);
#2992=APPLICATION_PROTOCOL_DEFINITION('international standard',
'ap242_managed_model_based_3d_engineering',2020,#3000);
#2993=APPLICATION_PROTOCOL_DEFINITION('international standard',
'ap242_managed_model_based_3d_engineering',2020,#3001);
#2994=APPLICATION_PROTOCOL_DEFINITION('international standard',
'ap242_managed_model_based_3d_engineering',2020,#3002);
#2995=APPLICATION_PROTOCOL_DEFINITION('international standard',
'ap242_managed_model_based_3d_engineering',2020,#3003);
#2996=APPLICATION_PROTOCOL_DEFINITION('international standard',
'ap242_managed_model_based_3d_engineering',2020,#3004);
#2997=APPLICATION_PROTOCOL_DEFINITION('international standard',
'ap242_managed_model_based_3d_engineering',2020,#3005);
#2998=APPLICATION_PROTOCOL_DEFINITION('international standard',
'ap242_managed_model_based_3d_engineering',2020,#3006);
#2999=APPLICATION_CONTEXT('managed model based 3d engineering');
#3000=APPLICATION_CONTEXT('managed model based 3d engineering');
#3001=APPLICATION_CONTEXT('managed model based 3d engineering');
#3002=APPLICATION_CONTEXT('managed model based 3d engineering');
#3003=APPLICATION_CONTEXT('managed model based 3d engineering');
#3004=APPLICATION_CONTEXT('managed model based 3d engineering');
#3005=APPLICATION_CONTEXT('managed model based 3d engineering');
#3006=APPLICATION_CONTEXT('managed model based 3d engineering');
ENDSEC;
END-ISO-10303-21;
