ISO-10303-21;
HEADER;
/* Generated by software containing ST-Developer
 * from STEP Tools, Inc. (www.steptools.com) 
 */
/* OPTION: using custom renumber hook */

FILE_DESCRIPTION(
/* description */ ('STEP AP242 Edition 2',
'CAx-IF Rec.Pracs.---Representation and Presentation of Product Manufa
cturing Information (PMI)---4.0---2014-10-13',
'CAx-IF Rec.Pracs.---3D Tessellated Geometry---0.4---2014-09-14','2;1',
'CAx-IF Rec.Pracs.---User Defined Attributes---1.5---2016-08-15'),
/* implementation_level */ '2;1');

FILE_NAME(
/* name */ 'tvc mk 1',
/* time_stamp */ '2026-08-03T01:29:42Z',
/* author */ (''),
/* organization */ (''),
/* preprocessor_version */ 'ST-DEVELOPER v20',
/* originating_system */ 'ONSHAPE BY PTC INC, 1.218',
/* authorisation */ '  ');

FILE_SCHEMA (('AP242_MANAGED_MODEL_BASED_3D_ENGINEERING_MIM_LF { 1 0 10303 442 3 1 4 }'));
ENDSEC;

DATA;
#10=SHAPE_REPRESENTATION_RELATIONSHIP('','',#2207,#11);
#11=ADVANCED_BREP_SHAPE_REPRESENTATION('',(#2205),#4181);
#12=SPHERICAL_SURFACE('',#2275,0.0002032);
#13=SPHERICAL_SURFACE('',#2278,0.0002032);
#14=SPHERICAL_SURFACE('',#2292,0.0002032);
#15=SPHERICAL_SURFACE('',#2294,0.0002032);
#16=SPHERICAL_SURFACE('',#2344,0.0001778);
#17=SPHERICAL_SURFACE('',#2347,0.0001778);
#18=SPHERICAL_SURFACE('',#2362,0.0001778);
#19=SPHERICAL_SURFACE('',#2366,0.0001778);
#20=SPHERICAL_SURFACE('',#2379,0.0002032);
#21=SPHERICAL_SURFACE('',#2388,0.0002032);
#22=SPHERICAL_SURFACE('',#2397,0.0002032);
#23=SPHERICAL_SURFACE('',#2404,0.0002032);
#24=TOROIDAL_SURFACE('',#2269,0.00152688058616235,0.0002032);
#25=TOROIDAL_SURFACE('',#2274,0.00152688058616235,0.0002032);
#26=TOROIDAL_SURFACE('',#2290,0.022961374687624,0.0002032);
#27=TOROIDAL_SURFACE('',#2302,0.022961374687624,0.0002032);
#28=TOROIDAL_SURFACE('',#2305,0.0024590040528239,0.0001778);
#29=TOROIDAL_SURFACE('',#2312,0.0010922,0.0001778);
#30=TOROIDAL_SURFACE('',#2315,0.00164275107011189,0.0001778);
#31=TOROIDAL_SURFACE('',#2318,0.0010922,0.0001778);
#32=TOROIDAL_SURFACE('',#2325,0.0024590040528239,0.0001778);
#33=TOROIDAL_SURFACE('',#2328,0.00164275107011189,0.0001778);
#34=TOROIDAL_SURFACE('',#2353,0.022935974687624,0.0001778);
#35=TOROIDAL_SURFACE('',#2376,0.022935974687624,0.0001778);
#36=TOROIDAL_SURFACE('',#2377,0.00150148058616235,0.0001778);
#37=TOROIDAL_SURFACE('',#2378,0.00150148058616235,0.0001778);
#38=TOROIDAL_SURFACE('',#2392,0.00152688058616235,0.0002032);
#39=TOROIDAL_SURFACE('',#2403,0.00152688058616235,0.0002032);
#40=TOROIDAL_SURFACE('',#2418,0.022961374687624,0.0002032);
#41=TOROIDAL_SURFACE('',#2420,0.022961374687624,0.0002032);
#42=TOROIDAL_SURFACE('',#2451,0.0024590040528239,0.0001778);
#43=TOROIDAL_SURFACE('',#2458,0.0010922,0.0001778);
#44=TOROIDAL_SURFACE('',#2461,0.00164275107011189,0.0001778);
#45=TOROIDAL_SURFACE('',#2464,0.0010922,0.0001778);
#46=TOROIDAL_SURFACE('',#2471,0.0024590040528239,0.0001778);
#47=TOROIDAL_SURFACE('',#2474,0.00164275107011189,0.0001778);
#48=PLANE('',#2224);
#49=PLANE('',#2225);
#50=PLANE('',#2233);
#51=PLANE('',#2234);
#52=PLANE('',#2235);
#53=PLANE('',#2236);
#54=PLANE('',#2237);
#55=PLANE('',#2238);
#56=PLANE('',#2239);
#57=PLANE('',#2240);
#58=PLANE('',#2241);
#59=PLANE('',#2245);
#60=PLANE('',#2249);
#61=PLANE('',#2259);
#62=PLANE('',#2261);
#63=PLANE('',#2263);
#64=PLANE('',#2264);
#65=PLANE('',#2329);
#66=PLANE('',#2331);
#67=PLANE('',#2333);
#68=PLANE('',#2335);
#69=PLANE('',#2336);
#70=PLANE('',#2400);
#71=PLANE('',#2407);
#72=PLANE('',#2409);
#73=PLANE('',#2412);
#74=PLANE('',#2424);
#75=PLANE('',#2425);
#76=PLANE('',#2426);
#77=PLANE('',#2427);
#78=PLANE('',#2428);
#79=PLANE('',#2429);
#80=PLANE('',#2430);
#81=PLANE('',#2431);
#82=PLANE('',#2435);
#83=PLANE('',#2439);
#84=(
BOUNDED_SURFACE()
B_SPLINE_SURFACE(3,2,((#3275,#3276,#3277),(#3278,#3279,#3280),(#3281,#3282,
#3283),(#3284,#3285,#3286)),.UNSPECIFIED.,.F.,.F.,.F.)
B_SPLINE_SURFACE_WITH_KNOTS((4,4),(3,3),(0.000269097808889724,0.00090835432754007),
(0.,1.),.PIECEWISE_BEZIER_KNOTS.)
GEOMETRIC_REPRESENTATION_ITEM()
RATIONAL_B_SPLINE_SURFACE(((1.,0.710228288684413,1.),(1.,0.71027548061493,
1.),(1.,0.705464047606702,1.),(1.,0.707106781186618,1.)))
REPRESENTATION_ITEM('')
SURFACE()
);
#85=(
BOUNDED_SURFACE()
B_SPLINE_SURFACE(3,2,((#3298,#3299,#3300),(#3301,#3302,#3303),(#3304,#3305,
#3306),(#3307,#3308,#3309)),.UNSPECIFIED.,.F.,.F.,.F.)
B_SPLINE_SURFACE_WITH_KNOTS((4,4),(3,3),(0.000272935921232378,0.000912191579309903),
(0.,1.),.PIECEWISE_BEZIER_KNOTS.)
GEOMETRIC_REPRESENTATION_ITEM()
RATIONAL_B_SPLINE_SURFACE(((1.,0.707106781186548,1.),(1.,0.705442715297355,
1.),(1.,0.71027442768312,1.),(1.,0.710228298577138,1.)))
REPRESENTATION_ITEM('')
SURFACE()
);
#86=(
BOUNDED_SURFACE()
B_SPLINE_SURFACE(3,2,((#3533,#3534,#3535),(#3536,#3537,#3538),(#3539,#3540,
#3541),(#3542,#3543,#3544)),.UNSPECIFIED.,.F.,.F.,.F.)
B_SPLINE_SURFACE_WITH_KNOTS((4,4),(3,3),(0.000275087432900969,0.000912449567487372),
(0.,1.),.PIECEWISE_BEZIER_KNOTS.)
GEOMETRIC_REPRESENTATION_ITEM()
RATIONAL_B_SPLINE_SURFACE(((1.,0.707106781186548,1.),(1.,0.726088214636495,
1.),(1.,0.748154455550525,1.),(1.,0.748154462279922,1.)))
REPRESENTATION_ITEM('')
SURFACE()
);
#87=(
BOUNDED_SURFACE()
B_SPLINE_SURFACE(3,2,((#3555,#3556,#3557),(#3558,#3559,#3560),(#3561,#3562,
#3563),(#3564,#3565,#3566)),.UNSPECIFIED.,.F.,.F.,.F.)
B_SPLINE_SURFACE_WITH_KNOTS((4,4),(3,3),(0.000271499603274874,0.000908881404579405),
(0.,1.),.PIECEWISE_BEZIER_KNOTS.)
GEOMETRIC_REPRESENTATION_ITEM()
RATIONAL_B_SPLINE_SURFACE(((1.,0.748154462279922,1.),(1.,0.748154437249809,
1.),(1.,0.725848504451392,1.),(1.,0.707106781185966,1.)))
REPRESENTATION_ITEM('')
SURFACE()
);
#88=(
BOUNDED_SURFACE()
B_SPLINE_SURFACE(3,2,((#3577,#3578,#3579),(#3580,#3581,#3582),(#3583,#3584,
#3585),(#3586,#3587,#3588),(#3589,#3590,#3591)),.UNSPECIFIED.,.F.,.F.,.F.)
B_SPLINE_SURFACE_WITH_KNOTS((4,1,4),(3,3),(0.000217219656006206,0.000683334804037166,
0.00114944995206813),(0.,1.),.UNSPECIFIED.)
GEOMETRIC_REPRESENTATION_ITEM()
RATIONAL_B_SPLINE_SURFACE(((1.,0.696501280505185,1.),(1.,0.698075569623489,
1.),(1.,0.709726255056838,1.),(1.,0.729082819321742,1.),(1.,0.729082829203363,
1.)))
REPRESENTATION_ITEM('')
SURFACE()
);
#89=(
BOUNDED_SURFACE()
B_SPLINE_SURFACE(3,2,((#3599,#3600,#3601),(#3602,#3603,#3604),(#3605,#3606,
#3607),(#3608,#3609,#3610),(#3611,#3612,#3613)),.UNSPECIFIED.,.F.,.F.,.F.)
B_SPLINE_SURFACE_WITH_KNOTS((4,1,4),(3,3),(0.0011494499520681,0.00161588466042796,
0.00208231936878782),(0.,1.),.UNSPECIFIED.)
GEOMETRIC_REPRESENTATION_ITEM()
RATIONAL_B_SPLINE_SURFACE(((1.,0.729082829203363,1.),(1.,0.729082813214636,
1.),(1.,0.709755478034533,1.),(1.,0.698076131500589,1.),(1.,0.696501360801192,
1.)))
REPRESENTATION_ITEM('')
SURFACE()
);
#90=(
BOUNDED_SURFACE()
B_SPLINE_SURFACE(3,2,((#3628,#3629,#3630),(#3631,#3632,#3633),(#3634,#3635,
#3636),(#3637,#3638,#3639),(#3640,#3641,#3642)),.UNSPECIFIED.,.F.,.F.,.F.)
B_SPLINE_SURFACE_WITH_KNOTS((4,1,4),(3,3),(0.000217219656006205,0.000683334804037151,
0.0011494499520681),(0.,1.),.UNSPECIFIED.)
GEOMETRIC_REPRESENTATION_ITEM()
RATIONAL_B_SPLINE_SURFACE(((1.,0.696501280505192,1.),(1.,0.698075569621883,
1.),(1.,0.709726255057635,1.),(1.,0.729082819321742,1.),(1.,0.729082829203363,
1.)))
REPRESENTATION_ITEM('')
SURFACE()
);
#91=(
BOUNDED_SURFACE()
B_SPLINE_SURFACE(3,2,((#3650,#3651,#3652),(#3653,#3654,#3655),(#3656,#3657,
#3658),(#3659,#3660,#3661),(#3662,#3663,#3664)),.UNSPECIFIED.,.F.,.F.,.F.)
B_SPLINE_SURFACE_WITH_KNOTS((4,1,4),(3,3),(0.0011494499520681,0.00161588466042796,
0.00208231936878782),(0.,1.),.UNSPECIFIED.)
GEOMETRIC_REPRESENTATION_ITEM()
RATIONAL_B_SPLINE_SURFACE(((1.,0.729082829203363,1.),(1.,0.729082813214636,
1.),(1.,0.709755478034551,1.),(1.,0.698076131500554,1.),(1.,0.696501360801192,
1.)))
REPRESENTATION_ITEM('')
SURFACE()
);
#92=(
BOUNDED_SURFACE()
B_SPLINE_SURFACE(3,2,((#3756,#3757,#3758),(#3759,#3760,#3761),(#3762,#3763,
#3764),(#3765,#3766,#3767)),.UNSPECIFIED.,.F.,.F.,.F.)
B_SPLINE_SURFACE_WITH_KNOTS((4,4),(3,3),(0.00023915008459941,0.000795574972567398),
(0.,1.),.PIECEWISE_BEZIER_KNOTS.)
GEOMETRIC_REPRESENTATION_ITEM()
RATIONAL_B_SPLINE_SURFACE(((1.,0.707106781186548,1.),(1.,0.716004458971685,
1.),(1.,0.729082823616589,1.),(1.,0.729082829203363,1.)))
REPRESENTATION_ITEM('')
SURFACE()
);
#93=(
BOUNDED_SURFACE()
B_SPLINE_SURFACE(3,2,((#3769,#3770,#3771),(#3772,#3773,#3774),(#3775,#3776,
#3777),(#3778,#3779,#3780)),.UNSPECIFIED.,.F.,.F.,.F.)
B_SPLINE_SURFACE_WITH_KNOTS((4,4),(3,3),(0.000238464363464358,0.000794891777898703),
(0.,1.),.PIECEWISE_BEZIER_KNOTS.)
GEOMETRIC_REPRESENTATION_ITEM()
RATIONAL_B_SPLINE_SURFACE(((1.,0.729082829203363,1.),(1.,0.729082810130015,
1.),(1.,0.715890662611935,1.),(1.,0.707106781186262,1.)))
REPRESENTATION_ITEM('')
SURFACE()
);
#94=(
BOUNDED_SURFACE()
B_SPLINE_SURFACE(3,2,((#3798,#3799,#3800),(#3801,#3802,#3803),(#3804,#3805,
#3806),(#3807,#3808,#3809)),.UNSPECIFIED.,.F.,.F.,.F.)
B_SPLINE_SURFACE_WITH_KNOTS((4,4),(3,3),(0.000238464363464386,0.000794891777898731),
(0.,1.),.PIECEWISE_BEZIER_KNOTS.)
GEOMETRIC_REPRESENTATION_ITEM()
RATIONAL_B_SPLINE_SURFACE(((1.,0.729082829203363,1.),(1.,0.729082810130015,
1.),(1.,0.715890662611964,1.),(1.,0.707106781186262,1.)))
REPRESENTATION_ITEM('')
SURFACE()
);
#95=(
BOUNDED_SURFACE()
B_SPLINE_SURFACE(3,2,((#3811,#3812,#3813),(#3814,#3815,#3816),(#3817,#3818,
#3819),(#3820,#3821,#3822)),.UNSPECIFIED.,.F.,.F.,.F.)
B_SPLINE_SURFACE_WITH_KNOTS((4,4),(3,3),(0.000239150084599408,0.000795574972567384),
(0.,1.),.PIECEWISE_BEZIER_KNOTS.)
GEOMETRIC_REPRESENTATION_ITEM()
RATIONAL_B_SPLINE_SURFACE(((1.,0.707106781186548,1.),(1.,0.716004458971716,
1.),(1.,0.729082823618898,1.),(1.,0.729082829203363,1.)))
REPRESENTATION_ITEM('')
SURFACE()
);
#96=(
BOUNDED_SURFACE()
B_SPLINE_SURFACE(3,2,((#3915,#3916,#3917),(#3918,#3919,#3920),(#3921,#3922,
#3923),(#3924,#3925,#3926)),.UNSPECIFIED.,.F.,.F.,.F.)
B_SPLINE_SURFACE_WITH_KNOTS((4,4),(3,3),(0.000271499603274874,0.000908881404579405),
(0.,1.),.PIECEWISE_BEZIER_KNOTS.)
GEOMETRIC_REPRESENTATION_ITEM()
RATIONAL_B_SPLINE_SURFACE(((1.,0.748154462279922,1.),(1.,0.748154437249809,
1.),(1.,0.725848504451392,1.),(1.,0.707106781185966,1.)))
REPRESENTATION_ITEM('')
SURFACE()
);
#97=(
BOUNDED_SURFACE()
B_SPLINE_SURFACE(3,2,((#3928,#3929,#3930),(#3931,#3932,#3933),(#3934,#3935,
#3936),(#3937,#3938,#3939)),.UNSPECIFIED.,.F.,.F.,.F.)
B_SPLINE_SURFACE_WITH_KNOTS((4,4),(3,3),(0.000272935921232378,0.000912191579309903),
(0.,1.),.PIECEWISE_BEZIER_KNOTS.)
GEOMETRIC_REPRESENTATION_ITEM()
RATIONAL_B_SPLINE_SURFACE(((1.,0.707106781186548,1.),(1.,0.705442715297355,
1.),(1.,0.71027442768312,1.),(1.,0.710228298577138,1.)))
REPRESENTATION_ITEM('')
SURFACE()
);
#98=(
BOUNDED_SURFACE()
B_SPLINE_SURFACE(3,2,((#3946,#3947,#3948),(#3949,#3950,#3951),(#3952,#3953,
#3954),(#3955,#3956,#3957)),.UNSPECIFIED.,.F.,.F.,.F.)
B_SPLINE_SURFACE_WITH_KNOTS((4,4),(3,3),(0.000269097808889724,0.000908354327540069),
(0.,1.),.PIECEWISE_BEZIER_KNOTS.)
GEOMETRIC_REPRESENTATION_ITEM()
RATIONAL_B_SPLINE_SURFACE(((1.,0.710228288684413,1.),(1.,0.71027548061493,
1.),(1.,0.705464047606654,1.),(1.,0.707106781186619,1.)))
REPRESENTATION_ITEM('')
SURFACE()
);
#99=(
BOUNDED_SURFACE()
B_SPLINE_SURFACE(3,2,((#3965,#3966,#3967),(#3968,#3969,#3970),(#3971,#3972,
#3973),(#3974,#3975,#3976)),.UNSPECIFIED.,.F.,.F.,.F.)
B_SPLINE_SURFACE_WITH_KNOTS((4,4),(3,3),(0.000275087432900969,0.000912449567487372),
(0.,1.),.PIECEWISE_BEZIER_KNOTS.)
GEOMETRIC_REPRESENTATION_ITEM()
RATIONAL_B_SPLINE_SURFACE(((1.,0.707106781186548,1.),(1.,0.726088214636495,
1.),(1.,0.748154455550525,1.),(1.,0.748154462279922,1.)))
REPRESENTATION_ITEM('')
SURFACE()
);
#100=(
BOUNDED_SURFACE()
B_SPLINE_SURFACE(3,2,((#4086,#4087,#4088),(#4089,#4090,#4091),(#4092,#4093,
#4094),(#4095,#4096,#4097),(#4098,#4099,#4100)),.UNSPECIFIED.,.F.,.F.,.F.)
B_SPLINE_SURFACE_WITH_KNOTS((4,1,4),(3,3),(0.000217219656006206,0.000683334804037166,
0.00114944995206813),(0.,1.),.UNSPECIFIED.)
GEOMETRIC_REPRESENTATION_ITEM()
RATIONAL_B_SPLINE_SURFACE(((1.,0.696501280505185,1.),(1.,0.698075569623489,
1.),(1.,0.709726255056838,1.),(1.,0.729082819321742,1.),(1.,0.729082829203363,
1.)))
REPRESENTATION_ITEM('')
SURFACE()
);
#101=(
BOUNDED_SURFACE()
B_SPLINE_SURFACE(3,2,((#4108,#4109,#4110),(#4111,#4112,#4113),(#4114,#4115,
#4116),(#4117,#4118,#4119),(#4120,#4121,#4122)),.UNSPECIFIED.,.F.,.F.,.F.)
B_SPLINE_SURFACE_WITH_KNOTS((4,1,4),(3,3),(0.0011494499520681,0.00161588466042796,
0.00208231936878782),(0.,1.),.UNSPECIFIED.)
GEOMETRIC_REPRESENTATION_ITEM()
RATIONAL_B_SPLINE_SURFACE(((1.,0.729082829203363,1.),(1.,0.729082813214636,
1.),(1.,0.709755478034533,1.),(1.,0.698076131500589,1.),(1.,0.696501360801192,
1.)))
REPRESENTATION_ITEM('')
SURFACE()
);
#102=(
BOUNDED_SURFACE()
B_SPLINE_SURFACE(3,2,((#4137,#4138,#4139),(#4140,#4141,#4142),(#4143,#4144,
#4145),(#4146,#4147,#4148),(#4149,#4150,#4151)),.UNSPECIFIED.,.F.,.F.,.F.)
B_SPLINE_SURFACE_WITH_KNOTS((4,1,4),(3,3),(0.000217219656006205,0.000683334804037151,
0.0011494499520681),(0.,1.),.UNSPECIFIED.)
GEOMETRIC_REPRESENTATION_ITEM()
RATIONAL_B_SPLINE_SURFACE(((1.,0.696501280505192,1.),(1.,0.698075569621883,
1.),(1.,0.709726255057635,1.),(1.,0.729082819321742,1.),(1.,0.729082829203363,
1.)))
REPRESENTATION_ITEM('')
SURFACE()
);
#103=(
BOUNDED_SURFACE()
B_SPLINE_SURFACE(3,2,((#4159,#4160,#4161),(#4162,#4163,#4164),(#4165,#4166,
#4167),(#4168,#4169,#4170),(#4171,#4172,#4173)),.UNSPECIFIED.,.F.,.F.,.F.)
B_SPLINE_SURFACE_WITH_KNOTS((4,1,4),(3,3),(0.0011494499520681,0.00161588466042796,
0.00208231936878782),(0.,1.),.UNSPECIFIED.)
GEOMETRIC_REPRESENTATION_ITEM()
RATIONAL_B_SPLINE_SURFACE(((1.,0.729082829203363,1.),(1.,0.729082813214636,
1.),(1.,0.709755478034551,1.),(1.,0.698076131500554,1.),(1.,0.696501360801192,
1.)))
REPRESENTATION_ITEM('')
SURFACE()
);
#104=CIRCLE('',#2210,0.022758174687624);
#105=CIRCLE('',#2211,0.022758174687624);
#106=CIRCLE('',#2212,0.022758174687624);
#107=CIRCLE('',#2213,0.022758174687624);
#108=CIRCLE('',#2214,0.022758174687624);
#109=CIRCLE('',#2215,0.022758174687624);
#110=CIRCLE('',#2216,0.022758174687624);
#111=CIRCLE('',#2217,0.022758174687624);
#112=CIRCLE('',#2218,0.022758174687624);
#113=CIRCLE('',#2219,0.022758174687624);
#114=CIRCLE('',#2220,0.022758174687624);
#115=CIRCLE('',#2221,0.022758174687624);
#116=CIRCLE('',#2222,0.0002032);
#117=CIRCLE('',#2223,0.0002032);
#118=CIRCLE('',#2226,0.01905);
#119=CIRCLE('',#2228,0.01905);
#120=CIRCLE('',#2229,0.01905);
#121=CIRCLE('',#2230,0.01905);
#122=CIRCLE('',#2231,0.01905);
#123=CIRCLE('',#2232,0.01905);
#124=CIRCLE('',#2242,0.0024590040528239);
#125=CIRCLE('',#2243,0.0010922);
#126=CIRCLE('',#2244,0.00164275107011189);
#127=CIRCLE('',#2246,0.0024590040528239);
#128=CIRCLE('',#2247,0.0010922);
#129=CIRCLE('',#2248,0.00164275107011189);
#130=CIRCLE('',#2251,0.00146495107011189);
#131=CIRCLE('',#2252,0.00146495107011189);
#132=CIRCLE('',#2254,0.00127);
#133=CIRCLE('',#2255,0.00127);
#134=CIRCLE('',#2257,0.0026368040528239);
#135=CIRCLE('',#2258,0.0026368040528239);
#136=CIRCLE('',#2260,0.00152688058616235);
#137=CIRCLE('',#2262,0.022961374687624);
#138=CIRCLE('',#2265,0.022961374687624);
#139=CIRCLE('',#2267,0.00132368058616236);
#140=CIRCLE('',#2268,0.00132368058616236);
#141=CIRCLE('',#2270,0.00152688058616235);
#142=CIRCLE('',#2272,0.0002032);
#143=CIRCLE('',#2273,0.0002032);
#144=CIRCLE('',#2276,0.0002032);
#145=CIRCLE('',#2277,0.0002032);
#146=CIRCLE('',#2279,0.0002032);
#147=CIRCLE('',#2280,0.0002032);
#148=CIRCLE('',#2283,0.0002032);
#149=CIRCLE('',#2285,0.0002032);
#150=CIRCLE('',#2286,0.0002032);
#151=CIRCLE('',#2288,0.0002032);
#152=CIRCLE('',#2291,0.0002032);
#153=CIRCLE('',#2293,0.0002032);
#154=CIRCLE('',#2295,0.0002032);
#155=CIRCLE('',#2296,0.0002032);
#156=CIRCLE('',#2300,0.0002032);
#157=CIRCLE('',#2301,0.0002032);
#158=CIRCLE('',#2304,0.0001778);
#159=CIRCLE('',#2306,0.0001778);
#160=CIRCLE('',#2307,0.0001778);
#161=CIRCLE('',#2309,0.0001778);
#162=CIRCLE('',#2311,0.0001778);
#163=CIRCLE('',#2313,0.0001778);
#164=CIRCLE('',#2317,0.0001778);
#165=CIRCLE('',#2319,0.0001778);
#166=CIRCLE('',#2320,0.0001778);
#167=CIRCLE('',#2322,0.0001778);
#168=CIRCLE('',#2324,0.0001778);
#169=CIRCLE('',#2326,0.0001778);
#170=CIRCLE('',#2330,0.00150148058616235);
#171=CIRCLE('',#2332,0.00150148058616235);
#172=CIRCLE('',#2334,0.022935974687624);
#173=CIRCLE('',#2337,0.022935974687624);
#174=CIRCLE('',#2339,0.00132368058616236);
#175=CIRCLE('',#2340,0.00132368058616236);
#176=CIRCLE('',#2342,0.0001778);
#177=CIRCLE('',#2343,0.0001778);
#178=CIRCLE('',#2345,0.0001778);
#179=CIRCLE('',#2346,0.0001778);
#180=CIRCLE('',#2348,0.0001778);
#181=CIRCLE('',#2349,0.0001778);
#182=CIRCLE('',#2351,0.0001778);
#183=CIRCLE('',#2354,0.0001778);
#184=CIRCLE('',#2355,0.0001778);
#185=CIRCLE('',#2358,0.0001778);
#186=CIRCLE('',#2360,0.0001778);
#187=CIRCLE('',#2361,0.0001778);
#188=CIRCLE('',#2363,0.0001778);
#189=CIRCLE('',#2364,0.0001778);
#190=CIRCLE('',#2365,0.0001778);
#191=CIRCLE('',#2367,0.0001778);
#192=CIRCLE('',#2370,0.0001778);
#193=CIRCLE('',#2372,0.0001778);
#194=CIRCLE('',#2374,0.0001778);
#195=CIRCLE('',#2375,0.0001778);
#196=CIRCLE('',#2380,0.0002032);
#197=CIRCLE('',#2381,0.0002032);
#198=CIRCLE('',#2382,0.0002032);
#199=CIRCLE('',#2384,0.0002032);
#200=CIRCLE('',#2386,0.0002032);
#201=CIRCLE('',#2387,0.0002032);
#202=CIRCLE('',#2389,0.0002032);
#203=CIRCLE('',#2390,0.0002032);
#204=CIRCLE('',#2393,0.00132368058616236);
#205=CIRCLE('',#2394,0.00152688058616235);
#206=CIRCLE('',#2396,0.00132368058616236);
#207=CIRCLE('',#2398,0.0002032);
#208=CIRCLE('',#2399,0.0002032);
#209=CIRCLE('',#2402,0.0002032);
#210=CIRCLE('',#2405,0.0002032);
#211=CIRCLE('',#2408,0.022961374687624);
#212=CIRCLE('',#2410,0.022961374687624);
#213=CIRCLE('',#2414,0.0002032);
#214=CIRCLE('',#2415,0.0002032);
#215=CIRCLE('',#2416,0.0002032);
#216=CIRCLE('',#2417,0.0002032);
#217=CIRCLE('',#2419,0.0002032);
#218=CIRCLE('',#2421,0.0002032);
#219=CIRCLE('',#2432,0.0010922);
#220=CIRCLE('',#2433,0.0024590040528239);
#221=CIRCLE('',#2434,0.00164275107011189);
#222=CIRCLE('',#2436,0.0010922);
#223=CIRCLE('',#2437,0.0024590040528239);
#224=CIRCLE('',#2438,0.00164275107011189);
#225=CIRCLE('',#2441,0.00146495107011189);
#226=CIRCLE('',#2442,0.00146495107011189);
#227=CIRCLE('',#2444,0.00127);
#228=CIRCLE('',#2445,0.00127);
#229=CIRCLE('',#2447,0.0026368040528239);
#230=CIRCLE('',#2448,0.0026368040528239);
#231=CIRCLE('',#2450,0.0001778);
#232=CIRCLE('',#2452,0.0001778);
#233=CIRCLE('',#2453,0.0001778);
#234=CIRCLE('',#2455,0.0001778);
#235=CIRCLE('',#2457,0.0001778);
#236=CIRCLE('',#2459,0.0001778);
#237=CIRCLE('',#2463,0.0001778);
#238=CIRCLE('',#2465,0.0001778);
#239=CIRCLE('',#2466,0.0001778);
#240=CIRCLE('',#2468,0.0001778);
#241=CIRCLE('',#2470,0.0001778);
#242=CIRCLE('',#2472,0.0001778);
#243=LINE('',#3133,#359);
#244=LINE('',#3147,#360);
#245=LINE('',#3155,#361);
#246=LINE('',#3172,#362);
#247=LINE('',#3211,#363);
#248=LINE('',#3237,#364);
#249=LINE('',#3258,#365);
#250=LINE('',#3274,#366);
#251=LINE('',#3326,#367);
#252=LINE('',#3331,#368);
#253=LINE('',#3337,#369);
#254=LINE('',#3341,#370);
#255=LINE('',#3346,#371);
#256=LINE('',#3349,#372);
#257=LINE('',#3351,#373);
#258=LINE('',#3353,#374);
#259=LINE('',#3355,#375);
#260=LINE('',#3356,#376);
#261=LINE('',#3358,#377);
#262=LINE('',#3359,#378);
#263=LINE('',#3368,#379);
#264=LINE('',#3370,#380);
#265=LINE('',#3372,#381);
#266=LINE('',#3379,#382);
#267=LINE('',#3382,#383);
#268=LINE('',#3393,#384);
#269=LINE('',#3395,#385);
#270=LINE('',#3400,#386);
#271=LINE('',#3404,#387);
#272=LINE('',#3406,#388);
#273=LINE('',#3410,#389);
#274=LINE('',#3415,#390);
#275=LINE('',#3417,#391);
#276=LINE('',#3419,#392);
#277=LINE('',#3425,#393);
#278=LINE('',#3428,#394);
#279=LINE('',#3430,#395);
#280=LINE('',#3432,#396);
#281=LINE('',#3448,#397);
#282=LINE('',#3450,#398);
#283=LINE('',#3452,#399);
#284=LINE('',#3454,#400);
#285=LINE('',#3456,#401);
#286=LINE('',#3458,#402);
#287=LINE('',#3461,#403);
#288=LINE('',#3464,#404);
#289=LINE('',#3466,#405);
#290=LINE('',#3469,#406);
#291=LINE('',#3471,#407);
#292=LINE('',#3473,#408);
#293=LINE('',#3477,#409);
#294=LINE('',#3479,#410);
#295=LINE('',#3481,#411);
#296=LINE('',#3511,#412);
#297=LINE('',#3513,#413);
#298=LINE('',#3516,#414);
#299=LINE('',#3547,#415);
#300=LINE('',#3674,#416);
#301=LINE('',#3677,#417);
#302=LINE('',#3679,#418);
#303=LINE('',#3681,#419);
#304=LINE('',#3685,#420);
#305=LINE('',#3688,#421);
#306=LINE('',#3690,#422);
#307=LINE('',#3692,#423);
#308=LINE('',#3697,#424);
#309=LINE('',#3699,#425);
#310=LINE('',#3701,#426);
#311=LINE('',#3703,#427);
#312=LINE('',#3706,#428);
#313=LINE('',#3708,#429);
#314=LINE('',#3710,#430);
#315=LINE('',#3712,#431);
#316=LINE('',#3715,#432);
#317=LINE('',#3719,#433);
#318=LINE('',#3838,#434);
#319=LINE('',#3839,#435);
#320=LINE('',#3844,#436);
#321=LINE('',#3848,#437);
#322=LINE('',#3854,#438);
#323=LINE('',#3861,#439);
#324=LINE('',#3862,#440);
#325=LINE('',#3874,#441);
#326=LINE('',#3885,#442);
#327=LINE('',#3892,#443);
#328=LINE('',#3894,#444);
#329=LINE('',#3901,#445);
#330=LINE('',#3902,#446);
#331=LINE('',#3904,#447);
#332=LINE('',#3911,#448);
#333=LINE('',#3980,#449);
#334=LINE('',#3983,#450);
#335=LINE('',#3985,#451);
#336=LINE('',#3987,#452);
#337=LINE('',#3989,#453);
#338=LINE('',#3990,#454);
#339=LINE('',#3992,#455);
#340=LINE('',#3993,#456);
#341=LINE('',#4007,#457);
#342=LINE('',#4009,#458);
#343=LINE('',#4011,#459);
#344=LINE('',#4013,#460);
#345=LINE('',#4016,#461);
#346=LINE('',#4027,#462);
#347=LINE('',#4029,#463);
#348=LINE('',#4032,#464);
#349=LINE('',#4034,#465);
#350=LINE('',#4038,#466);
#351=LINE('',#4044,#467);
#352=LINE('',#4049,#468);
#353=LINE('',#4051,#469);
#354=LINE('',#4053,#470);
#355=LINE('',#4059,#471);
#356=LINE('',#4062,#472);
#357=LINE('',#4064,#473);
#358=LINE('',#4066,#474);
#359=VECTOR('',#2479,1.);
#360=VECTOR('',#2482,1.);
#361=VECTOR('',#2485,1.);
#362=VECTOR('',#2488,1.);
#363=VECTOR('',#2499,1.);
#364=VECTOR('',#2504,1.);
#365=VECTOR('',#2507,1.);
#366=VECTOR('',#2510,1.);
#367=VECTOR('',#2523,1.);
#368=VECTOR('',#2526,1.);
#369=VECTOR('',#2531,1.);
#370=VECTOR('',#2534,1.);
#371=VECTOR('',#2541,1.);
#372=VECTOR('',#2542,1.);
#373=VECTOR('',#2543,1.);
#374=VECTOR('',#2544,1.);
#375=VECTOR('',#2547,1.);
#376=VECTOR('',#2548,1.);
#377=VECTOR('',#2551,1.);
#378=VECTOR('',#2552,1.);
#379=VECTOR('',#2559,1.);
#380=VECTOR('',#2560,1.);
#381=VECTOR('',#2561,1.);
#382=VECTOR('',#2564,1.);
#383=VECTOR('',#2565,1.);
#384=VECTOR('',#2566,1.);
#385=VECTOR('',#2569,1.);
#386=VECTOR('',#2572,1.);
#387=VECTOR('',#2575,1.);
#388=VECTOR('',#2576,1.);
#389=VECTOR('',#2581,1.);
#390=VECTOR('',#2584,1.);
#391=VECTOR('',#2585,1.);
#392=VECTOR('',#2586,1.);
#393=VECTOR('',#2593,1.);
#394=VECTOR('',#2594,1.);
#395=VECTOR('',#2595,1.);
#396=VECTOR('',#2596,1.);
#397=VECTOR('',#2619,1.);
#398=VECTOR('',#2620,1.);
#399=VECTOR('',#2621,1.);
#400=VECTOR('',#2622,1.);
#401=VECTOR('',#2623,1.);
#402=VECTOR('',#2626,1.);
#403=VECTOR('',#2627,1.);
#404=VECTOR('',#2630,1.);
#405=VECTOR('',#2633,1.);
#406=VECTOR('',#2634,1.);
#407=VECTOR('',#2635,1.);
#408=VECTOR('',#2636,1.);
#409=VECTOR('',#2641,1.);
#410=VECTOR('',#2642,1.);
#411=VECTOR('',#2643,1.);
#412=VECTOR('',#2676,1.);
#413=VECTOR('',#2679,1.);
#414=VECTOR('',#2682,1.);
#415=VECTOR('',#2711,1.);
#416=VECTOR('',#2778,1.);
#417=VECTOR('',#2779,1.);
#418=VECTOR('',#2780,1.);
#419=VECTOR('',#2781,1.);
#420=VECTOR('',#2786,1.);
#421=VECTOR('',#2787,1.);
#422=VECTOR('',#2788,1.);
#423=VECTOR('',#2789,1.);
#424=VECTOR('',#2794,1.);
#425=VECTOR('',#2795,1.);
#426=VECTOR('',#2796,1.);
#427=VECTOR('',#2799,1.);
#428=VECTOR('',#2800,1.);
#429=VECTOR('',#2801,1.);
#430=VECTOR('',#2802,1.);
#431=VECTOR('',#2805,1.);
#432=VECTOR('',#2806,1.);
#433=VECTOR('',#2809,1.);
#434=VECTOR('',#2904,1.);
#435=VECTOR('',#2905,1.);
#436=VECTOR('',#2910,1.);
#437=VECTOR('',#2913,1.);
#438=VECTOR('',#2922,1.);
#439=VECTOR('',#2923,1.);
#440=VECTOR('',#2924,1.);
#441=VECTOR('',#2943,1.);
#442=VECTOR('',#2956,1.);
#443=VECTOR('',#2957,1.);
#444=VECTOR('',#2960,1.);
#445=VECTOR('',#2967,1.);
#446=VECTOR('',#2968,1.);
#447=VECTOR('',#2971,1.);
#448=VECTOR('',#2974,1.);
#449=VECTOR('',#2999,1.);
#450=VECTOR('',#3000,1.);
#451=VECTOR('',#3001,1.);
#452=VECTOR('',#3002,1.);
#453=VECTOR('',#3005,1.);
#454=VECTOR('',#3006,1.);
#455=VECTOR('',#3009,1.);
#456=VECTOR('',#3010,1.);
#457=VECTOR('',#3017,1.);
#458=VECTOR('',#3018,1.);
#459=VECTOR('',#3019,1.);
#460=VECTOR('',#3022,1.);
#461=VECTOR('',#3023,1.);
#462=VECTOR('',#3024,1.);
#463=VECTOR('',#3027,1.);
#464=VECTOR('',#3028,1.);
#465=VECTOR('',#3029,1.);
#466=VECTOR('',#3032,1.);
#467=VECTOR('',#3039,1.);
#468=VECTOR('',#3042,1.);
#469=VECTOR('',#3043,1.);
#470=VECTOR('',#3044,1.);
#471=VECTOR('',#3051,1.);
#472=VECTOR('',#3052,1.);
#473=VECTOR('',#3053,1.);
#474=VECTOR('',#3054,1.);
#475=ORIENTED_EDGE('',*,*,#1093,.F.);
#476=ORIENTED_EDGE('',*,*,#1094,.T.);
#477=ORIENTED_EDGE('',*,*,#1095,.F.);
#478=ORIENTED_EDGE('',*,*,#1096,.T.);
#479=ORIENTED_EDGE('',*,*,#1097,.F.);
#480=ORIENTED_EDGE('',*,*,#1098,.T.);
#481=ORIENTED_EDGE('',*,*,#1099,.F.);
#482=ORIENTED_EDGE('',*,*,#1100,.T.);
#483=ORIENTED_EDGE('',*,*,#1101,.T.);
#484=ORIENTED_EDGE('',*,*,#1102,.T.);
#485=ORIENTED_EDGE('',*,*,#1103,.T.);
#486=ORIENTED_EDGE('',*,*,#1104,.T.);
#487=ORIENTED_EDGE('',*,*,#1105,.T.);
#488=ORIENTED_EDGE('',*,*,#1106,.T.);
#489=ORIENTED_EDGE('',*,*,#1107,.F.);
#490=ORIENTED_EDGE('',*,*,#1108,.T.);
#491=ORIENTED_EDGE('',*,*,#1109,.F.);
#492=ORIENTED_EDGE('',*,*,#1110,.T.);
#493=ORIENTED_EDGE('',*,*,#1111,.F.);
#494=ORIENTED_EDGE('',*,*,#1112,.T.);
#495=ORIENTED_EDGE('',*,*,#1113,.F.);
#496=ORIENTED_EDGE('',*,*,#1114,.T.);
#497=ORIENTED_EDGE('',*,*,#1115,.F.);
#498=ORIENTED_EDGE('',*,*,#1116,.T.);
#499=ORIENTED_EDGE('',*,*,#1117,.F.);
#500=ORIENTED_EDGE('',*,*,#1118,.T.);
#501=ORIENTED_EDGE('',*,*,#1119,.F.);
#502=ORIENTED_EDGE('',*,*,#1120,.T.);
#503=ORIENTED_EDGE('',*,*,#1121,.F.);
#504=ORIENTED_EDGE('',*,*,#1122,.T.);
#505=ORIENTED_EDGE('',*,*,#1123,.F.);
#506=ORIENTED_EDGE('',*,*,#1124,.T.);
#507=ORIENTED_EDGE('',*,*,#1125,.F.);
#508=ORIENTED_EDGE('',*,*,#1126,.T.);
#509=ORIENTED_EDGE('',*,*,#1127,.F.);
#510=ORIENTED_EDGE('',*,*,#1128,.F.);
#511=ORIENTED_EDGE('',*,*,#1129,.F.);
#512=ORIENTED_EDGE('',*,*,#1130,.F.);
#513=ORIENTED_EDGE('',*,*,#1131,.F.);
#514=ORIENTED_EDGE('',*,*,#1132,.F.);
#515=ORIENTED_EDGE('',*,*,#1133,.F.);
#516=ORIENTED_EDGE('',*,*,#1134,.T.);
#517=ORIENTED_EDGE('',*,*,#1135,.T.);
#518=ORIENTED_EDGE('',*,*,#1113,.T.);
#519=ORIENTED_EDGE('',*,*,#1136,.F.);
#520=ORIENTED_EDGE('',*,*,#1119,.T.);
#521=ORIENTED_EDGE('',*,*,#1137,.F.);
#522=ORIENTED_EDGE('',*,*,#1138,.T.);
#523=ORIENTED_EDGE('',*,*,#1109,.T.);
#524=ORIENTED_EDGE('',*,*,#1110,.F.);
#525=ORIENTED_EDGE('',*,*,#1139,.T.);
#526=ORIENTED_EDGE('',*,*,#1140,.F.);
#527=ORIENTED_EDGE('',*,*,#1141,.T.);
#528=ORIENTED_EDGE('',*,*,#1142,.T.);
#529=ORIENTED_EDGE('',*,*,#1143,.F.);
#530=ORIENTED_EDGE('',*,*,#1144,.F.);
#531=ORIENTED_EDGE('',*,*,#1145,.T.);
#532=ORIENTED_EDGE('',*,*,#1146,.T.);
#533=ORIENTED_EDGE('',*,*,#1147,.F.);
#534=ORIENTED_EDGE('',*,*,#1139,.F.);
#535=ORIENTED_EDGE('',*,*,#1148,.T.);
#536=ORIENTED_EDGE('',*,*,#1148,.F.);
#537=ORIENTED_EDGE('',*,*,#1149,.F.);
#538=ORIENTED_EDGE('',*,*,#1150,.F.);
#539=ORIENTED_EDGE('',*,*,#1151,.T.);
#540=ORIENTED_EDGE('',*,*,#1152,.T.);
#541=ORIENTED_EDGE('',*,*,#1153,.F.);
#542=ORIENTED_EDGE('',*,*,#1147,.T.);
#543=ORIENTED_EDGE('',*,*,#1154,.T.);
#544=ORIENTED_EDGE('',*,*,#1149,.T.);
#545=ORIENTED_EDGE('',*,*,#1145,.F.);
#546=ORIENTED_EDGE('',*,*,#1155,.T.);
#547=ORIENTED_EDGE('',*,*,#1151,.F.);
#548=ORIENTED_EDGE('',*,*,#1156,.F.);
#549=ORIENTED_EDGE('',*,*,#1155,.F.);
#550=ORIENTED_EDGE('',*,*,#1144,.T.);
#551=ORIENTED_EDGE('',*,*,#1153,.T.);
#552=ORIENTED_EDGE('',*,*,#1152,.F.);
#553=ORIENTED_EDGE('',*,*,#1146,.F.);
#554=ORIENTED_EDGE('',*,*,#1156,.T.);
#555=ORIENTED_EDGE('',*,*,#1150,.T.);
#556=ORIENTED_EDGE('',*,*,#1154,.F.);
#557=ORIENTED_EDGE('',*,*,#1157,.T.);
#558=ORIENTED_EDGE('',*,*,#1158,.T.);
#559=ORIENTED_EDGE('',*,*,#1159,.T.);
#560=ORIENTED_EDGE('',*,*,#1160,.T.);
#561=ORIENTED_EDGE('',*,*,#1161,.T.);
#562=ORIENTED_EDGE('',*,*,#1103,.F.);
#563=ORIENTED_EDGE('',*,*,#1162,.T.);
#564=ORIENTED_EDGE('',*,*,#1163,.T.);
#565=ORIENTED_EDGE('',*,*,#1164,.T.);
#566=ORIENTED_EDGE('',*,*,#1107,.T.);
#567=ORIENTED_EDGE('',*,*,#1165,.T.);
#568=ORIENTED_EDGE('',*,*,#1166,.T.);
#569=ORIENTED_EDGE('',*,*,#1167,.T.);
#570=ORIENTED_EDGE('',*,*,#1168,.T.);
#571=ORIENTED_EDGE('',*,*,#1169,.T.);
#572=ORIENTED_EDGE('',*,*,#1170,.T.);
#573=ORIENTED_EDGE('',*,*,#1171,.T.);
#574=ORIENTED_EDGE('',*,*,#1172,.T.);
#575=ORIENTED_EDGE('',*,*,#1173,.T.);
#576=ORIENTED_EDGE('',*,*,#1174,.T.);
#577=ORIENTED_EDGE('',*,*,#1175,.T.);
#578=ORIENTED_EDGE('',*,*,#1176,.T.);
#579=ORIENTED_EDGE('',*,*,#1177,.T.);
#580=ORIENTED_EDGE('',*,*,#1178,.T.);
#581=ORIENTED_EDGE('',*,*,#1179,.T.);
#582=ORIENTED_EDGE('',*,*,#1180,.T.);
#583=ORIENTED_EDGE('',*,*,#1181,.T.);
#584=ORIENTED_EDGE('',*,*,#1182,.T.);
#585=ORIENTED_EDGE('',*,*,#1183,.T.);
#586=ORIENTED_EDGE('',*,*,#1184,.T.);
#587=ORIENTED_EDGE('',*,*,#1185,.T.);
#588=ORIENTED_EDGE('',*,*,#1186,.T.);
#589=ORIENTED_EDGE('',*,*,#1183,.F.);
#590=ORIENTED_EDGE('',*,*,#1187,.T.);
#591=ORIENTED_EDGE('',*,*,#1162,.F.);
#592=ORIENTED_EDGE('',*,*,#1188,.T.);
#593=ORIENTED_EDGE('',*,*,#1159,.F.);
#594=ORIENTED_EDGE('',*,*,#1189,.T.);
#595=ORIENTED_EDGE('',*,*,#1181,.F.);
#596=ORIENTED_EDGE('',*,*,#1190,.T.);
#597=ORIENTED_EDGE('',*,*,#1191,.T.);
#598=ORIENTED_EDGE('',*,*,#1192,.T.);
#599=ORIENTED_EDGE('',*,*,#1193,.T.);
#600=ORIENTED_EDGE('',*,*,#1194,.T.);
#601=ORIENTED_EDGE('',*,*,#1195,.T.);
#602=ORIENTED_EDGE('',*,*,#1196,.T.);
#603=ORIENTED_EDGE('',*,*,#1197,.T.);
#604=ORIENTED_EDGE('',*,*,#1198,.T.);
#605=ORIENTED_EDGE('',*,*,#1199,.T.);
#606=ORIENTED_EDGE('',*,*,#1200,.T.);
#607=ORIENTED_EDGE('',*,*,#1201,.T.);
#608=ORIENTED_EDGE('',*,*,#1202,.T.);
#609=ORIENTED_EDGE('',*,*,#1203,.T.);
#610=ORIENTED_EDGE('',*,*,#1204,.T.);
#611=ORIENTED_EDGE('',*,*,#1205,.T.);
#612=ORIENTED_EDGE('',*,*,#1206,.T.);
#613=ORIENTED_EDGE('',*,*,#1207,.T.);
#614=ORIENTED_EDGE('',*,*,#1208,.T.);
#615=ORIENTED_EDGE('',*,*,#1209,.T.);
#616=ORIENTED_EDGE('',*,*,#1210,.T.);
#617=ORIENTED_EDGE('',*,*,#1210,.F.);
#618=ORIENTED_EDGE('',*,*,#1211,.F.);
#619=ORIENTED_EDGE('',*,*,#1212,.F.);
#620=ORIENTED_EDGE('',*,*,#1213,.F.);
#621=ORIENTED_EDGE('',*,*,#1204,.F.);
#622=ORIENTED_EDGE('',*,*,#1214,.F.);
#623=ORIENTED_EDGE('',*,*,#1197,.F.);
#624=ORIENTED_EDGE('',*,*,#1209,.F.);
#625=ORIENTED_EDGE('',*,*,#1215,.F.);
#626=ORIENTED_EDGE('',*,*,#1191,.F.);
#627=ORIENTED_EDGE('',*,*,#1216,.F.);
#628=ORIENTED_EDGE('',*,*,#1213,.T.);
#629=ORIENTED_EDGE('',*,*,#1217,.F.);
#630=ORIENTED_EDGE('',*,*,#1218,.F.);
#631=ORIENTED_EDGE('',*,*,#1214,.T.);
#632=ORIENTED_EDGE('',*,*,#1219,.F.);
#633=ORIENTED_EDGE('',*,*,#1217,.T.);
#634=ORIENTED_EDGE('',*,*,#1200,.F.);
#635=ORIENTED_EDGE('',*,*,#1134,.F.);
#636=ORIENTED_EDGE('',*,*,#1220,.F.);
#637=ORIENTED_EDGE('',*,*,#1212,.T.);
#638=ORIENTED_EDGE('',*,*,#1221,.F.);
#639=ORIENTED_EDGE('',*,*,#1222,.F.);
#640=ORIENTED_EDGE('',*,*,#1201,.F.);
#641=ORIENTED_EDGE('',*,*,#1216,.T.);
#642=ORIENTED_EDGE('',*,*,#1223,.F.);
#643=ORIENTED_EDGE('',*,*,#1224,.F.);
#644=ORIENTED_EDGE('',*,*,#1202,.F.);
#645=ORIENTED_EDGE('',*,*,#1225,.F.);
#646=ORIENTED_EDGE('',*,*,#1207,.F.);
#647=ORIENTED_EDGE('',*,*,#1219,.T.);
#648=ORIENTED_EDGE('',*,*,#1203,.F.);
#649=ORIENTED_EDGE('',*,*,#1226,.F.);
#650=ORIENTED_EDGE('',*,*,#1192,.F.);
#651=ORIENTED_EDGE('',*,*,#1215,.T.);
#652=ORIENTED_EDGE('',*,*,#1196,.F.);
#653=ORIENTED_EDGE('',*,*,#1218,.T.);
#654=ORIENTED_EDGE('',*,*,#1195,.F.);
#655=ORIENTED_EDGE('',*,*,#1227,.F.);
#656=ORIENTED_EDGE('',*,*,#1198,.F.);
#657=ORIENTED_EDGE('',*,*,#1228,.F.);
#658=ORIENTED_EDGE('',*,*,#1114,.F.);
#659=ORIENTED_EDGE('',*,*,#1135,.F.);
#660=ORIENTED_EDGE('',*,*,#1199,.F.);
#661=ORIENTED_EDGE('',*,*,#1225,.T.);
#662=ORIENTED_EDGE('',*,*,#1222,.T.);
#663=ORIENTED_EDGE('',*,*,#1229,.F.);
#664=ORIENTED_EDGE('',*,*,#1226,.T.);
#665=ORIENTED_EDGE('',*,*,#1224,.T.);
#666=ORIENTED_EDGE('',*,*,#1230,.F.);
#667=ORIENTED_EDGE('',*,*,#1228,.T.);
#668=ORIENTED_EDGE('',*,*,#1227,.T.);
#669=ORIENTED_EDGE('',*,*,#1231,.F.);
#670=ORIENTED_EDGE('',*,*,#1115,.T.);
#671=ORIENTED_EDGE('',*,*,#1229,.T.);
#672=ORIENTED_EDGE('',*,*,#1232,.F.);
#673=ORIENTED_EDGE('',*,*,#1138,.F.);
#674=ORIENTED_EDGE('',*,*,#1208,.F.);
#675=ORIENTED_EDGE('',*,*,#1230,.T.);
#676=ORIENTED_EDGE('',*,*,#1206,.F.);
#677=ORIENTED_EDGE('',*,*,#1233,.F.);
#678=ORIENTED_EDGE('',*,*,#1193,.F.);
#679=ORIENTED_EDGE('',*,*,#1231,.T.);
#680=ORIENTED_EDGE('',*,*,#1194,.F.);
#681=ORIENTED_EDGE('',*,*,#1234,.F.);
#682=ORIENTED_EDGE('',*,*,#1116,.F.);
#683=ORIENTED_EDGE('',*,*,#1234,.T.);
#684=ORIENTED_EDGE('',*,*,#1233,.T.);
#685=ORIENTED_EDGE('',*,*,#1235,.F.);
#686=ORIENTED_EDGE('',*,*,#1117,.T.);
#687=ORIENTED_EDGE('',*,*,#1137,.T.);
#688=ORIENTED_EDGE('',*,*,#1118,.F.);
#689=ORIENTED_EDGE('',*,*,#1235,.T.);
#690=ORIENTED_EDGE('',*,*,#1205,.F.);
#691=ORIENTED_EDGE('',*,*,#1236,.F.);
#692=ORIENTED_EDGE('',*,*,#1176,.F.);
#693=ORIENTED_EDGE('',*,*,#1237,.F.);
#694=ORIENTED_EDGE('',*,*,#1158,.F.);
#695=ORIENTED_EDGE('',*,*,#1237,.T.);
#696=ORIENTED_EDGE('',*,*,#1175,.F.);
#697=ORIENTED_EDGE('',*,*,#1238,.F.);
#698=ORIENTED_EDGE('',*,*,#1189,.F.);
#699=ORIENTED_EDGE('',*,*,#1157,.F.);
#700=ORIENTED_EDGE('',*,*,#1102,.F.);
#701=ORIENTED_EDGE('',*,*,#1239,.F.);
#702=ORIENTED_EDGE('',*,*,#1236,.T.);
#703=ORIENTED_EDGE('',*,*,#1238,.T.);
#704=ORIENTED_EDGE('',*,*,#1174,.F.);
#705=ORIENTED_EDGE('',*,*,#1240,.F.);
#706=ORIENTED_EDGE('',*,*,#1182,.F.);
#707=ORIENTED_EDGE('',*,*,#1239,.T.);
#708=ORIENTED_EDGE('',*,*,#1101,.F.);
#709=ORIENTED_EDGE('',*,*,#1241,.F.);
#710=ORIENTED_EDGE('',*,*,#1177,.F.);
#711=ORIENTED_EDGE('',*,*,#1240,.T.);
#712=ORIENTED_EDGE('',*,*,#1179,.F.);
#713=ORIENTED_EDGE('',*,*,#1242,.F.);
#714=ORIENTED_EDGE('',*,*,#1187,.F.);
#715=ORIENTED_EDGE('',*,*,#1108,.F.);
#716=ORIENTED_EDGE('',*,*,#1164,.F.);
#717=ORIENTED_EDGE('',*,*,#1243,.F.);
#718=ORIENTED_EDGE('',*,*,#1241,.T.);
#719=ORIENTED_EDGE('',*,*,#1242,.T.);
#720=ORIENTED_EDGE('',*,*,#1178,.F.);
#721=ORIENTED_EDGE('',*,*,#1243,.T.);
#722=ORIENTED_EDGE('',*,*,#1163,.F.);
#723=ORIENTED_EDGE('',*,*,#1185,.F.);
#724=ORIENTED_EDGE('',*,*,#1180,.F.);
#725=ORIENTED_EDGE('',*,*,#1244,.F.);
#726=ORIENTED_EDGE('',*,*,#1171,.F.);
#727=ORIENTED_EDGE('',*,*,#1245,.F.);
#728=ORIENTED_EDGE('',*,*,#1166,.F.);
#729=ORIENTED_EDGE('',*,*,#1245,.T.);
#730=ORIENTED_EDGE('',*,*,#1170,.F.);
#731=ORIENTED_EDGE('',*,*,#1246,.F.);
#732=ORIENTED_EDGE('',*,*,#1188,.F.);
#733=ORIENTED_EDGE('',*,*,#1165,.F.);
#734=ORIENTED_EDGE('',*,*,#1106,.F.);
#735=ORIENTED_EDGE('',*,*,#1247,.F.);
#736=ORIENTED_EDGE('',*,*,#1244,.T.);
#737=ORIENTED_EDGE('',*,*,#1246,.T.);
#738=ORIENTED_EDGE('',*,*,#1169,.F.);
#739=ORIENTED_EDGE('',*,*,#1248,.F.);
#740=ORIENTED_EDGE('',*,*,#1184,.F.);
#741=ORIENTED_EDGE('',*,*,#1247,.T.);
#742=ORIENTED_EDGE('',*,*,#1105,.F.);
#743=ORIENTED_EDGE('',*,*,#1249,.F.);
#744=ORIENTED_EDGE('',*,*,#1172,.F.);
#745=ORIENTED_EDGE('',*,*,#1248,.T.);
#746=ORIENTED_EDGE('',*,*,#1168,.F.);
#747=ORIENTED_EDGE('',*,*,#1250,.F.);
#748=ORIENTED_EDGE('',*,*,#1190,.F.);
#749=ORIENTED_EDGE('',*,*,#1104,.F.);
#750=ORIENTED_EDGE('',*,*,#1161,.F.);
#751=ORIENTED_EDGE('',*,*,#1251,.F.);
#752=ORIENTED_EDGE('',*,*,#1249,.T.);
#753=ORIENTED_EDGE('',*,*,#1250,.T.);
#754=ORIENTED_EDGE('',*,*,#1167,.F.);
#755=ORIENTED_EDGE('',*,*,#1251,.T.);
#756=ORIENTED_EDGE('',*,*,#1160,.F.);
#757=ORIENTED_EDGE('',*,*,#1173,.F.);
#758=ORIENTED_EDGE('',*,*,#1186,.F.);
#759=ORIENTED_EDGE('',*,*,#1252,.T.);
#760=ORIENTED_EDGE('',*,*,#1253,.T.);
#761=ORIENTED_EDGE('',*,*,#1254,.T.);
#762=ORIENTED_EDGE('',*,*,#1255,.T.);
#763=ORIENTED_EDGE('',*,*,#1256,.T.);
#764=ORIENTED_EDGE('',*,*,#1257,.T.);
#765=ORIENTED_EDGE('',*,*,#1258,.T.);
#766=ORIENTED_EDGE('',*,*,#1259,.T.);
#767=ORIENTED_EDGE('',*,*,#1260,.T.);
#768=ORIENTED_EDGE('',*,*,#1261,.T.);
#769=ORIENTED_EDGE('',*,*,#1262,.T.);
#770=ORIENTED_EDGE('',*,*,#1263,.T.);
#771=ORIENTED_EDGE('',*,*,#1264,.T.);
#772=ORIENTED_EDGE('',*,*,#1265,.T.);
#773=ORIENTED_EDGE('',*,*,#1266,.T.);
#774=ORIENTED_EDGE('',*,*,#1267,.T.);
#775=ORIENTED_EDGE('',*,*,#1268,.T.);
#776=ORIENTED_EDGE('',*,*,#1269,.T.);
#777=ORIENTED_EDGE('',*,*,#1270,.T.);
#778=ORIENTED_EDGE('',*,*,#1271,.T.);
#779=ORIENTED_EDGE('',*,*,#1272,.T.);
#780=ORIENTED_EDGE('',*,*,#1273,.T.);
#781=ORIENTED_EDGE('',*,*,#1274,.T.);
#782=ORIENTED_EDGE('',*,*,#1275,.T.);
#783=ORIENTED_EDGE('',*,*,#1276,.F.);
#784=ORIENTED_EDGE('',*,*,#1270,.F.);
#785=ORIENTED_EDGE('',*,*,#1277,.F.);
#786=ORIENTED_EDGE('',*,*,#1268,.F.);
#787=ORIENTED_EDGE('',*,*,#1278,.F.);
#788=ORIENTED_EDGE('',*,*,#1276,.T.);
#789=ORIENTED_EDGE('',*,*,#1279,.F.);
#790=ORIENTED_EDGE('',*,*,#1280,.F.);
#791=ORIENTED_EDGE('',*,*,#1277,.T.);
#792=ORIENTED_EDGE('',*,*,#1281,.F.);
#793=ORIENTED_EDGE('',*,*,#1279,.T.);
#794=ORIENTED_EDGE('',*,*,#1267,.F.);
#795=ORIENTED_EDGE('',*,*,#1282,.F.);
#796=ORIENTED_EDGE('',*,*,#1261,.F.);
#797=ORIENTED_EDGE('',*,*,#1278,.T.);
#798=ORIENTED_EDGE('',*,*,#1260,.F.);
#799=ORIENTED_EDGE('',*,*,#1283,.F.);
#800=ORIENTED_EDGE('',*,*,#1271,.F.);
#801=ORIENTED_EDGE('',*,*,#1284,.F.);
#802=ORIENTED_EDGE('',*,*,#1272,.F.);
#803=ORIENTED_EDGE('',*,*,#1285,.F.);
#804=ORIENTED_EDGE('',*,*,#1100,.F.);
#805=ORIENTED_EDGE('',*,*,#1281,.T.);
#806=ORIENTED_EDGE('',*,*,#1273,.F.);
#807=ORIENTED_EDGE('',*,*,#1286,.F.);
#808=ORIENTED_EDGE('',*,*,#1253,.F.);
#809=ORIENTED_EDGE('',*,*,#1280,.T.);
#810=ORIENTED_EDGE('',*,*,#1256,.F.);
#811=ORIENTED_EDGE('',*,*,#1287,.F.);
#812=ORIENTED_EDGE('',*,*,#1269,.F.);
#813=ORIENTED_EDGE('',*,*,#1288,.F.);
#814=ORIENTED_EDGE('',*,*,#1266,.F.);
#815=ORIENTED_EDGE('',*,*,#1289,.F.);
#816=ORIENTED_EDGE('',*,*,#1264,.F.);
#817=ORIENTED_EDGE('',*,*,#1282,.T.);
#818=ORIENTED_EDGE('',*,*,#1288,.T.);
#819=ORIENTED_EDGE('',*,*,#1290,.F.);
#820=ORIENTED_EDGE('',*,*,#1285,.T.);
#821=ORIENTED_EDGE('',*,*,#1283,.T.);
#822=ORIENTED_EDGE('',*,*,#1291,.F.);
#823=ORIENTED_EDGE('',*,*,#1093,.T.);
#824=ORIENTED_EDGE('',*,*,#1284,.T.);
#825=ORIENTED_EDGE('',*,*,#1099,.T.);
#826=ORIENTED_EDGE('',*,*,#1292,.F.);
#827=ORIENTED_EDGE('',*,*,#1286,.T.);
#828=ORIENTED_EDGE('',*,*,#1289,.T.);
#829=ORIENTED_EDGE('',*,*,#1287,.T.);
#830=ORIENTED_EDGE('',*,*,#1293,.F.);
#831=ORIENTED_EDGE('',*,*,#1290,.T.);
#832=ORIENTED_EDGE('',*,*,#1263,.F.);
#833=ORIENTED_EDGE('',*,*,#1294,.F.);
#834=ORIENTED_EDGE('',*,*,#1258,.F.);
#835=ORIENTED_EDGE('',*,*,#1291,.T.);
#836=ORIENTED_EDGE('',*,*,#1259,.F.);
#837=ORIENTED_EDGE('',*,*,#1295,.F.);
#838=ORIENTED_EDGE('',*,*,#1094,.F.);
#839=ORIENTED_EDGE('',*,*,#1292,.T.);
#840=ORIENTED_EDGE('',*,*,#1098,.F.);
#841=ORIENTED_EDGE('',*,*,#1296,.F.);
#842=ORIENTED_EDGE('',*,*,#1254,.F.);
#843=ORIENTED_EDGE('',*,*,#1293,.T.);
#844=ORIENTED_EDGE('',*,*,#1255,.F.);
#845=ORIENTED_EDGE('',*,*,#1297,.F.);
#846=ORIENTED_EDGE('',*,*,#1265,.F.);
#847=ORIENTED_EDGE('',*,*,#1295,.T.);
#848=ORIENTED_EDGE('',*,*,#1294,.T.);
#849=ORIENTED_EDGE('',*,*,#1298,.F.);
#850=ORIENTED_EDGE('',*,*,#1095,.T.);
#851=ORIENTED_EDGE('',*,*,#1296,.T.);
#852=ORIENTED_EDGE('',*,*,#1097,.T.);
#853=ORIENTED_EDGE('',*,*,#1299,.F.);
#854=ORIENTED_EDGE('',*,*,#1297,.T.);
#855=ORIENTED_EDGE('',*,*,#1298,.T.);
#856=ORIENTED_EDGE('',*,*,#1262,.F.);
#857=ORIENTED_EDGE('',*,*,#1299,.T.);
#858=ORIENTED_EDGE('',*,*,#1096,.F.);
#859=ORIENTED_EDGE('',*,*,#1257,.F.);
#860=ORIENTED_EDGE('',*,*,#1274,.F.);
#861=ORIENTED_EDGE('',*,*,#1275,.F.);
#862=ORIENTED_EDGE('',*,*,#1252,.F.);
#863=ORIENTED_EDGE('',*,*,#1300,.T.);
#864=ORIENTED_EDGE('',*,*,#1301,.T.);
#865=ORIENTED_EDGE('',*,*,#1302,.F.);
#866=ORIENTED_EDGE('',*,*,#1303,.T.);
#867=ORIENTED_EDGE('',*,*,#1304,.T.);
#868=ORIENTED_EDGE('',*,*,#1302,.T.);
#869=ORIENTED_EDGE('',*,*,#1305,.T.);
#870=ORIENTED_EDGE('',*,*,#1306,.T.);
#871=ORIENTED_EDGE('',*,*,#1307,.T.);
#872=ORIENTED_EDGE('',*,*,#1308,.T.);
#873=ORIENTED_EDGE('',*,*,#1309,.T.);
#874=ORIENTED_EDGE('',*,*,#1310,.F.);
#875=ORIENTED_EDGE('',*,*,#1311,.T.);
#876=ORIENTED_EDGE('',*,*,#1306,.F.);
#877=ORIENTED_EDGE('',*,*,#1301,.F.);
#878=ORIENTED_EDGE('',*,*,#1312,.T.);
#879=ORIENTED_EDGE('',*,*,#1313,.F.);
#880=ORIENTED_EDGE('',*,*,#1314,.T.);
#881=ORIENTED_EDGE('',*,*,#1310,.T.);
#882=ORIENTED_EDGE('',*,*,#1315,.T.);
#883=ORIENTED_EDGE('',*,*,#1316,.T.);
#884=ORIENTED_EDGE('',*,*,#1313,.T.);
#885=ORIENTED_EDGE('',*,*,#1317,.T.);
#886=ORIENTED_EDGE('',*,*,#1316,.F.);
#887=ORIENTED_EDGE('',*,*,#1318,.F.);
#888=ORIENTED_EDGE('',*,*,#1308,.F.);
#889=ORIENTED_EDGE('',*,*,#1319,.T.);
#890=ORIENTED_EDGE('',*,*,#1320,.F.);
#891=ORIENTED_EDGE('',*,*,#1321,.F.);
#892=ORIENTED_EDGE('',*,*,#1305,.F.);
#893=ORIENTED_EDGE('',*,*,#1315,.F.);
#894=ORIENTED_EDGE('',*,*,#1309,.F.);
#895=ORIENTED_EDGE('',*,*,#1322,.F.);
#896=ORIENTED_EDGE('',*,*,#1223,.T.);
#897=ORIENTED_EDGE('',*,*,#1323,.F.);
#898=ORIENTED_EDGE('',*,*,#1321,.T.);
#899=ORIENTED_EDGE('',*,*,#1320,.T.);
#900=ORIENTED_EDGE('',*,*,#1221,.T.);
#901=ORIENTED_EDGE('',*,*,#1318,.T.);
#902=ORIENTED_EDGE('',*,*,#1211,.T.);
#903=ORIENTED_EDGE('',*,*,#1322,.T.);
#904=ORIENTED_EDGE('',*,*,#1323,.T.);
#905=ORIENTED_EDGE('',*,*,#1324,.T.);
#906=ORIENTED_EDGE('',*,*,#1303,.F.);
#907=ORIENTED_EDGE('',*,*,#1300,.F.);
#908=ORIENTED_EDGE('',*,*,#1325,.T.);
#909=ORIENTED_EDGE('',*,*,#1326,.T.);
#910=ORIENTED_EDGE('',*,*,#1327,.T.);
#911=ORIENTED_EDGE('',*,*,#1304,.F.);
#912=ORIENTED_EDGE('',*,*,#1328,.F.);
#913=ORIENTED_EDGE('',*,*,#1329,.F.);
#914=ORIENTED_EDGE('',*,*,#1325,.F.);
#915=ORIENTED_EDGE('',*,*,#1330,.F.);
#916=ORIENTED_EDGE('',*,*,#1331,.F.);
#917=ORIENTED_EDGE('',*,*,#1307,.F.);
#918=ORIENTED_EDGE('',*,*,#1332,.F.);
#919=ORIENTED_EDGE('',*,*,#1311,.F.);
#920=ORIENTED_EDGE('',*,*,#1333,.T.);
#921=ORIENTED_EDGE('',*,*,#1334,.T.);
#922=ORIENTED_EDGE('',*,*,#1332,.T.);
#923=ORIENTED_EDGE('',*,*,#1317,.F.);
#924=ORIENTED_EDGE('',*,*,#1312,.F.);
#925=ORIENTED_EDGE('',*,*,#1327,.F.);
#926=ORIENTED_EDGE('',*,*,#1335,.F.);
#927=ORIENTED_EDGE('',*,*,#1333,.F.);
#928=ORIENTED_EDGE('',*,*,#1314,.F.);
#929=ORIENTED_EDGE('',*,*,#1336,.F.);
#930=ORIENTED_EDGE('',*,*,#1123,.T.);
#931=ORIENTED_EDGE('',*,*,#1337,.T.);
#932=ORIENTED_EDGE('',*,*,#1335,.T.);
#933=ORIENTED_EDGE('',*,*,#1337,.F.);
#934=ORIENTED_EDGE('',*,*,#1122,.F.);
#935=ORIENTED_EDGE('',*,*,#1338,.T.);
#936=ORIENTED_EDGE('',*,*,#1334,.F.);
#937=ORIENTED_EDGE('',*,*,#1120,.F.);
#938=ORIENTED_EDGE('',*,*,#1136,.T.);
#939=ORIENTED_EDGE('',*,*,#1339,.F.);
#940=ORIENTED_EDGE('',*,*,#1340,.T.);
#941=ORIENTED_EDGE('',*,*,#1340,.F.);
#942=ORIENTED_EDGE('',*,*,#1330,.T.);
#943=ORIENTED_EDGE('',*,*,#1338,.F.);
#944=ORIENTED_EDGE('',*,*,#1121,.T.);
#945=ORIENTED_EDGE('',*,*,#1341,.F.);
#946=ORIENTED_EDGE('',*,*,#1133,.T.);
#947=ORIENTED_EDGE('',*,*,#1112,.F.);
#948=ORIENTED_EDGE('',*,*,#1342,.F.);
#949=ORIENTED_EDGE('',*,*,#1343,.T.);
#950=ORIENTED_EDGE('',*,*,#1329,.T.);
#951=ORIENTED_EDGE('',*,*,#1342,.T.);
#952=ORIENTED_EDGE('',*,*,#1111,.T.);
#953=ORIENTED_EDGE('',*,*,#1343,.F.);
#954=ORIENTED_EDGE('',*,*,#1124,.F.);
#955=ORIENTED_EDGE('',*,*,#1336,.T.);
#956=ORIENTED_EDGE('',*,*,#1326,.F.);
#957=ORIENTED_EDGE('',*,*,#1324,.F.);
#958=ORIENTED_EDGE('',*,*,#1220,.T.);
#959=ORIENTED_EDGE('',*,*,#1341,.T.);
#960=ORIENTED_EDGE('',*,*,#1328,.T.);
#961=ORIENTED_EDGE('',*,*,#1319,.F.);
#962=ORIENTED_EDGE('',*,*,#1331,.T.);
#963=ORIENTED_EDGE('',*,*,#1339,.T.);
#964=ORIENTED_EDGE('',*,*,#1232,.T.);
#965=ORIENTED_EDGE('',*,*,#1344,.T.);
#966=ORIENTED_EDGE('',*,*,#1345,.F.);
#967=ORIENTED_EDGE('',*,*,#1346,.F.);
#968=ORIENTED_EDGE('',*,*,#1347,.T.);
#969=ORIENTED_EDGE('',*,*,#1348,.T.);
#970=ORIENTED_EDGE('',*,*,#1345,.T.);
#971=ORIENTED_EDGE('',*,*,#1349,.F.);
#972=ORIENTED_EDGE('',*,*,#1141,.F.);
#973=ORIENTED_EDGE('',*,*,#1143,.T.);
#974=ORIENTED_EDGE('',*,*,#1350,.T.);
#975=ORIENTED_EDGE('',*,*,#1347,.F.);
#976=ORIENTED_EDGE('',*,*,#1351,.F.);
#977=ORIENTED_EDGE('',*,*,#1140,.T.);
#978=ORIENTED_EDGE('',*,*,#1351,.T.);
#979=ORIENTED_EDGE('',*,*,#1346,.T.);
#980=ORIENTED_EDGE('',*,*,#1348,.F.);
#981=ORIENTED_EDGE('',*,*,#1349,.T.);
#982=ORIENTED_EDGE('',*,*,#1344,.F.);
#983=ORIENTED_EDGE('',*,*,#1350,.F.);
#984=ORIENTED_EDGE('',*,*,#1142,.F.);
#985=ORIENTED_EDGE('',*,*,#1352,.F.);
#986=ORIENTED_EDGE('',*,*,#1130,.T.);
#987=ORIENTED_EDGE('',*,*,#1353,.F.);
#988=ORIENTED_EDGE('',*,*,#1354,.F.);
#989=ORIENTED_EDGE('',*,*,#1355,.F.);
#990=ORIENTED_EDGE('',*,*,#1356,.F.);
#991=ORIENTED_EDGE('',*,*,#1357,.F.);
#992=ORIENTED_EDGE('',*,*,#1358,.F.);
#993=ORIENTED_EDGE('',*,*,#1359,.F.);
#994=ORIENTED_EDGE('',*,*,#1126,.F.);
#995=ORIENTED_EDGE('',*,*,#1360,.F.);
#996=ORIENTED_EDGE('',*,*,#1361,.F.);
#997=ORIENTED_EDGE('',*,*,#1362,.F.);
#998=ORIENTED_EDGE('',*,*,#1363,.F.);
#999=ORIENTED_EDGE('',*,*,#1364,.F.);
#1000=ORIENTED_EDGE('',*,*,#1365,.F.);
#1001=ORIENTED_EDGE('',*,*,#1366,.F.);
#1002=ORIENTED_EDGE('',*,*,#1367,.F.);
#1003=ORIENTED_EDGE('',*,*,#1368,.F.);
#1004=ORIENTED_EDGE('',*,*,#1369,.F.);
#1005=ORIENTED_EDGE('',*,*,#1370,.F.);
#1006=ORIENTED_EDGE('',*,*,#1371,.F.);
#1007=ORIENTED_EDGE('',*,*,#1372,.F.);
#1008=ORIENTED_EDGE('',*,*,#1373,.F.);
#1009=ORIENTED_EDGE('',*,*,#1374,.F.);
#1010=ORIENTED_EDGE('',*,*,#1375,.F.);
#1011=ORIENTED_EDGE('',*,*,#1376,.F.);
#1012=ORIENTED_EDGE('',*,*,#1377,.F.);
#1013=ORIENTED_EDGE('',*,*,#1378,.F.);
#1014=ORIENTED_EDGE('',*,*,#1379,.F.);
#1015=ORIENTED_EDGE('',*,*,#1380,.F.);
#1016=ORIENTED_EDGE('',*,*,#1381,.F.);
#1017=ORIENTED_EDGE('',*,*,#1378,.T.);
#1018=ORIENTED_EDGE('',*,*,#1382,.F.);
#1019=ORIENTED_EDGE('',*,*,#1357,.T.);
#1020=ORIENTED_EDGE('',*,*,#1383,.F.);
#1021=ORIENTED_EDGE('',*,*,#1355,.T.);
#1022=ORIENTED_EDGE('',*,*,#1384,.F.);
#1023=ORIENTED_EDGE('',*,*,#1376,.T.);
#1024=ORIENTED_EDGE('',*,*,#1385,.F.);
#1025=ORIENTED_EDGE('',*,*,#1386,.T.);
#1026=ORIENTED_EDGE('',*,*,#1356,.T.);
#1027=ORIENTED_EDGE('',*,*,#1387,.T.);
#1028=ORIENTED_EDGE('',*,*,#1373,.T.);
#1029=ORIENTED_EDGE('',*,*,#1387,.F.);
#1030=ORIENTED_EDGE('',*,*,#1385,.T.);
#1031=ORIENTED_EDGE('',*,*,#1388,.T.);
#1032=ORIENTED_EDGE('',*,*,#1374,.T.);
#1033=ORIENTED_EDGE('',*,*,#1352,.T.);
#1034=ORIENTED_EDGE('',*,*,#1386,.F.);
#1035=ORIENTED_EDGE('',*,*,#1389,.T.);
#1036=ORIENTED_EDGE('',*,*,#1131,.T.);
#1037=ORIENTED_EDGE('',*,*,#1388,.F.);
#1038=ORIENTED_EDGE('',*,*,#1379,.T.);
#1039=ORIENTED_EDGE('',*,*,#1390,.T.);
#1040=ORIENTED_EDGE('',*,*,#1369,.T.);
#1041=ORIENTED_EDGE('',*,*,#1389,.F.);
#1042=ORIENTED_EDGE('',*,*,#1372,.T.);
#1043=ORIENTED_EDGE('',*,*,#1391,.T.);
#1044=ORIENTED_EDGE('',*,*,#1132,.T.);
#1045=ORIENTED_EDGE('',*,*,#1390,.F.);
#1046=ORIENTED_EDGE('',*,*,#1383,.T.);
#1047=ORIENTED_EDGE('',*,*,#1392,.T.);
#1048=ORIENTED_EDGE('',*,*,#1370,.T.);
#1049=ORIENTED_EDGE('',*,*,#1125,.T.);
#1050=ORIENTED_EDGE('',*,*,#1391,.F.);
#1051=ORIENTED_EDGE('',*,*,#1393,.T.);
#1052=ORIENTED_EDGE('',*,*,#1360,.T.);
#1053=ORIENTED_EDGE('',*,*,#1392,.F.);
#1054=ORIENTED_EDGE('',*,*,#1361,.T.);
#1055=ORIENTED_EDGE('',*,*,#1393,.F.);
#1056=ORIENTED_EDGE('',*,*,#1371,.T.);
#1057=ORIENTED_EDGE('',*,*,#1380,.T.);
#1058=ORIENTED_EDGE('',*,*,#1375,.T.);
#1059=ORIENTED_EDGE('',*,*,#1394,.T.);
#1060=ORIENTED_EDGE('',*,*,#1358,.T.);
#1061=ORIENTED_EDGE('',*,*,#1395,.T.);
#1062=ORIENTED_EDGE('',*,*,#1364,.T.);
#1063=ORIENTED_EDGE('',*,*,#1395,.F.);
#1064=ORIENTED_EDGE('',*,*,#1382,.T.);
#1065=ORIENTED_EDGE('',*,*,#1396,.T.);
#1066=ORIENTED_EDGE('',*,*,#1365,.T.);
#1067=ORIENTED_EDGE('',*,*,#1359,.T.);
#1068=ORIENTED_EDGE('',*,*,#1394,.F.);
#1069=ORIENTED_EDGE('',*,*,#1397,.T.);
#1070=ORIENTED_EDGE('',*,*,#1127,.T.);
#1071=ORIENTED_EDGE('',*,*,#1396,.F.);
#1072=ORIENTED_EDGE('',*,*,#1377,.T.);
#1073=ORIENTED_EDGE('',*,*,#1398,.T.);
#1074=ORIENTED_EDGE('',*,*,#1366,.T.);
#1075=ORIENTED_EDGE('',*,*,#1397,.F.);
#1076=ORIENTED_EDGE('',*,*,#1363,.T.);
#1077=ORIENTED_EDGE('',*,*,#1399,.T.);
#1078=ORIENTED_EDGE('',*,*,#1128,.T.);
#1079=ORIENTED_EDGE('',*,*,#1398,.F.);
#1080=ORIENTED_EDGE('',*,*,#1384,.T.);
#1081=ORIENTED_EDGE('',*,*,#1400,.T.);
#1082=ORIENTED_EDGE('',*,*,#1367,.T.);
#1083=ORIENTED_EDGE('',*,*,#1129,.T.);
#1084=ORIENTED_EDGE('',*,*,#1399,.F.);
#1085=ORIENTED_EDGE('',*,*,#1401,.T.);
#1086=ORIENTED_EDGE('',*,*,#1353,.T.);
#1087=ORIENTED_EDGE('',*,*,#1400,.F.);
#1088=ORIENTED_EDGE('',*,*,#1354,.T.);
#1089=ORIENTED_EDGE('',*,*,#1401,.F.);
#1090=ORIENTED_EDGE('',*,*,#1362,.T.);
#1091=ORIENTED_EDGE('',*,*,#1368,.T.);
#1092=ORIENTED_EDGE('',*,*,#1381,.T.);
#1093=EDGE_CURVE('',#1402,#1403,#1586,.T.);
#1094=EDGE_CURVE('',#1402,#1404,#243,.T.);
#1095=EDGE_CURVE('',#1405,#1404,#1587,.T.);
#1096=EDGE_CURVE('',#1405,#1406,#104,.T.);
#1097=EDGE_CURVE('',#1407,#1406,#1588,.T.);
#1098=EDGE_CURVE('',#1407,#1408,#244,.F.);
#1099=EDGE_CURVE('',#1409,#1408,#1589,.T.);
#1100=EDGE_CURVE('',#1409,#1403,#105,.F.);
#1101=EDGE_CURVE('',#1410,#1411,#245,.F.);
#1102=EDGE_CURVE('',#1411,#1412,#1590,.T.);
#1103=EDGE_CURVE('',#1412,#1413,#106,.T.);
#1104=EDGE_CURVE('',#1413,#1414,#1591,.T.);
#1105=EDGE_CURVE('',#1414,#1415,#246,.T.);
#1106=EDGE_CURVE('',#1415,#1416,#1592,.T.);
#1107=EDGE_CURVE('',#1417,#1416,#107,.T.);
#1108=EDGE_CURVE('',#1417,#1410,#1593,.T.);
#1109=EDGE_CURVE('',#1418,#1418,#108,.T.);
#1110=EDGE_CURVE('',#1419,#1419,#109,.T.);
#1111=EDGE_CURVE('',#1420,#1421,#110,.T.);
#1112=EDGE_CURVE('',#1420,#1422,#1594,.T.);
#1113=EDGE_CURVE('',#1423,#1422,#1595,.T.);
#1114=EDGE_CURVE('',#1423,#1424,#111,.T.);
#1115=EDGE_CURVE('',#1425,#1424,#1596,.T.);
#1116=EDGE_CURVE('',#1425,#1426,#247,.T.);
#1117=EDGE_CURVE('',#1427,#1426,#1597,.T.);
#1118=EDGE_CURVE('',#1427,#1428,#112,.F.);
#1119=EDGE_CURVE('',#1429,#1428,#1598,.T.);
#1120=EDGE_CURVE('',#1429,#1430,#1599,.T.);
#1121=EDGE_CURVE('',#1431,#1430,#113,.F.);
#1122=EDGE_CURVE('',#1431,#1432,#1600,.T.);
#1123=EDGE_CURVE('',#1433,#1432,#248,.T.);
#1124=EDGE_CURVE('',#1433,#1421,#1601,.T.);
#1125=EDGE_CURVE('',#1434,#1435,#1602,.T.);
#1126=EDGE_CURVE('',#1434,#1436,#114,.T.);
#1127=EDGE_CURVE('',#1437,#1436,#1603,.T.);
#1128=EDGE_CURVE('',#1438,#1437,#249,.T.);
#1129=EDGE_CURVE('',#1439,#1438,#1604,.T.);
#1130=EDGE_CURVE('',#1440,#1439,#115,.T.);
#1131=EDGE_CURVE('',#1441,#1440,#1605,.T.);
#1132=EDGE_CURVE('',#1435,#1441,#250,.F.);
#1133=EDGE_CURVE('',#1442,#1422,#1606,.F.);
#1134=EDGE_CURVE('',#1442,#1443,#1607,.T.);
#1135=EDGE_CURVE('',#1443,#1423,#116,.T.);
#1136=EDGE_CURVE('',#1429,#1444,#1608,.T.);
#1137=EDGE_CURVE('',#1445,#1428,#117,.F.);
#1138=EDGE_CURVE('',#1445,#1444,#1609,.T.);
#1139=EDGE_CURVE('',#1446,#1446,#118,.T.);
#1140=EDGE_CURVE('',#1447,#1448,#251,.F.);
#1141=EDGE_CURVE('',#1447,#1449,#119,.F.);
#1142=EDGE_CURVE('',#1449,#1450,#252,.F.);
#1143=EDGE_CURVE('',#1448,#1450,#120,.F.);
#1144=EDGE_CURVE('',#1451,#1452,#121,.F.);
#1145=EDGE_CURVE('',#1451,#1453,#253,.F.);
#1146=EDGE_CURVE('',#1453,#1454,#122,.F.);
#1147=EDGE_CURVE('',#1452,#1454,#254,.F.);
#1148=EDGE_CURVE('',#1455,#1455,#123,.T.);
#1149=EDGE_CURVE('',#1456,#1457,#255,.T.);
#1150=EDGE_CURVE('',#1458,#1456,#256,.T.);
#1151=EDGE_CURVE('',#1458,#1459,#257,.T.);
#1152=EDGE_CURVE('',#1459,#1457,#258,.T.);
#1153=EDGE_CURVE('',#1452,#1457,#259,.T.);
#1154=EDGE_CURVE('',#1454,#1456,#260,.T.);
#1155=EDGE_CURVE('',#1451,#1459,#261,.T.);
#1156=EDGE_CURVE('',#1453,#1458,#262,.T.);
#1157=EDGE_CURVE('',#1412,#1460,#1610,.T.);
#1158=EDGE_CURVE('',#1460,#1461,#263,.F.);
#1159=EDGE_CURVE('',#1461,#1462,#264,.F.);
#1160=EDGE_CURVE('',#1462,#1463,#265,.T.);
#1161=EDGE_CURVE('',#1463,#1413,#1611,.F.);
#1162=EDGE_CURVE('',#1464,#1465,#266,.T.);
#1163=EDGE_CURVE('',#1465,#1466,#267,.T.);
#1164=EDGE_CURVE('',#1466,#1417,#1612,.F.);
#1165=EDGE_CURVE('',#1416,#1467,#1613,.T.);
#1166=EDGE_CURVE('',#1467,#1464,#268,.F.);
#1167=EDGE_CURVE('',#1468,#1469,#269,.F.);
#1168=EDGE_CURVE('',#1469,#1470,#124,.T.);
#1169=EDGE_CURVE('',#1470,#1471,#270,.T.);
#1170=EDGE_CURVE('',#1471,#1472,#125,.T.);
#1171=EDGE_CURVE('',#1472,#1473,#271,.T.);
#1172=EDGE_CURVE('',#1473,#1468,#272,.F.);
#1173=EDGE_CURVE('',#1474,#1474,#126,.F.);
#1174=EDGE_CURVE('',#1475,#1476,#273,.F.);
#1175=EDGE_CURVE('',#1476,#1477,#127,.F.);
#1176=EDGE_CURVE('',#1477,#1478,#274,.T.);
#1177=EDGE_CURVE('',#1478,#1479,#275,.F.);
#1178=EDGE_CURVE('',#1479,#1480,#276,.F.);
#1179=EDGE_CURVE('',#1480,#1475,#128,.F.);
#1180=EDGE_CURVE('',#1481,#1481,#129,.T.);
#1181=EDGE_CURVE('',#1482,#1483,#277,.T.);
#1182=EDGE_CURVE('',#1483,#1484,#278,.T.);
#1183=EDGE_CURVE('',#1484,#1485,#279,.F.);
#1184=EDGE_CURVE('',#1485,#1482,#280,.F.);
#1185=EDGE_CURVE('',#1486,#1486,#130,.F.);
#1186=EDGE_CURVE('',#1487,#1487,#131,.T.);
#1187=EDGE_CURVE('',#1484,#1465,#132,.T.);
#1188=EDGE_CURVE('',#1464,#1485,#133,.F.);
#1189=EDGE_CURVE('',#1461,#1483,#134,.T.);
#1190=EDGE_CURVE('',#1482,#1462,#135,.F.);
#1191=EDGE_CURVE('',#1488,#1489,#136,.F.);
#1192=EDGE_CURVE('',#1489,#1490,#281,.T.);
#1193=EDGE_CURVE('',#1490,#1491,#282,.T.);
#1194=EDGE_CURVE('',#1491,#1492,#283,.F.);
#1195=EDGE_CURVE('',#1492,#1493,#284,.F.);
#1196=EDGE_CURVE('',#1493,#1488,#285,.T.);
#1197=EDGE_CURVE('',#1494,#1495,#286,.F.);
#1198=EDGE_CURVE('',#1495,#1496,#287,.T.);
#1199=EDGE_CURVE('',#1496,#1443,#137,.F.);
#1200=EDGE_CURVE('',#1443,#1494,#288,.F.);
#1201=EDGE_CURVE('',#1497,#1498,#289,.T.);
#1202=EDGE_CURVE('',#1498,#1499,#290,.F.);
#1203=EDGE_CURVE('',#1499,#1500,#291,.F.);
#1204=EDGE_CURVE('',#1500,#1497,#292,.T.);
#1205=EDGE_CURVE('',#1445,#1501,#138,.T.);
#1206=EDGE_CURVE('',#1501,#1502,#293,.F.);
#1207=EDGE_CURVE('',#1502,#1503,#294,.T.);
#1208=EDGE_CURVE('',#1503,#1445,#295,.T.);
#1209=EDGE_CURVE('',#1504,#1504,#139,.T.);
#1210=EDGE_CURVE('',#1505,#1505,#140,.F.);
#1211=EDGE_CURVE('',#1506,#1507,#141,.T.);
#1212=EDGE_CURVE('',#1507,#1506,#1614,.F.);
#1213=EDGE_CURVE('',#1497,#1494,#142,.T.);
#1214=EDGE_CURVE('',#1495,#1500,#143,.T.);
#1215=EDGE_CURVE('',#1489,#1488,#1615,.F.);
#1216=EDGE_CURVE('',#1497,#1508,#144,.F.);
#1217=EDGE_CURVE('',#1508,#1494,#145,.F.);
#1218=EDGE_CURVE('',#1495,#1493,#146,.F.);
#1219=EDGE_CURVE('',#1493,#1500,#147,.F.);
#1220=EDGE_CURVE('',#1508,#1442,#296,.T.);
#1221=EDGE_CURVE('',#1509,#1506,#297,.F.);
#1222=EDGE_CURVE('',#1498,#1509,#148,.T.);
#1223=EDGE_CURVE('',#1507,#1508,#298,.F.);
#1224=EDGE_CURVE('',#1499,#1502,#149,.T.);
#1225=EDGE_CURVE('',#1503,#1498,#150,.T.);
#1226=EDGE_CURVE('',#1490,#1499,#151,.T.);
#1227=EDGE_CURVE('',#1496,#1492,#1616,.T.);
#1228=EDGE_CURVE('',#1424,#1496,#152,.T.);
#1229=EDGE_CURVE('',#1503,#1509,#153,.F.);
#1230=EDGE_CURVE('',#1490,#1502,#154,.F.);
#1231=EDGE_CURVE('',#1425,#1492,#155,.F.);
#1232=EDGE_CURVE('',#1444,#1509,#299,.F.);
#1233=EDGE_CURVE('',#1491,#1501,#1617,.T.);
#1234=EDGE_CURVE('',#1426,#1491,#156,.T.);
#1235=EDGE_CURVE('',#1427,#1501,#157,.F.);
#1236=EDGE_CURVE('',#1478,#1460,#1618,.T.);
#1237=EDGE_CURVE('',#1461,#1477,#158,.T.);
#1238=EDGE_CURVE('',#1483,#1476,#159,.T.);
#1239=EDGE_CURVE('',#1478,#1411,#160,.T.);
#1240=EDGE_CURVE('',#1484,#1475,#161,.T.);
#1241=EDGE_CURVE('',#1479,#1410,#162,.T.);
#1242=EDGE_CURVE('',#1465,#1480,#163,.T.);
#1243=EDGE_CURVE('',#1479,#1466,#1619,.T.);
#1244=EDGE_CURVE('',#1473,#1467,#1620,.T.);
#1245=EDGE_CURVE('',#1464,#1472,#164,.T.);
#1246=EDGE_CURVE('',#1485,#1471,#165,.T.);
#1247=EDGE_CURVE('',#1473,#1415,#166,.T.);
#1248=EDGE_CURVE('',#1482,#1470,#167,.T.);
#1249=EDGE_CURVE('',#1468,#1414,#168,.T.);
#1250=EDGE_CURVE('',#1462,#1469,#169,.T.);
#1251=EDGE_CURVE('',#1468,#1463,#1621,.T.);
#1252=EDGE_CURVE('',#1510,#1510,#170,.F.);
#1253=EDGE_CURVE('',#1511,#1512,#300,.T.);
#1254=EDGE_CURVE('',#1512,#1513,#301,.T.);
#1255=EDGE_CURVE('',#1513,#1514,#302,.F.);
#1256=EDGE_CURVE('',#1514,#1511,#303,.F.);
#1257=EDGE_CURVE('',#1515,#1515,#171,.T.);
#1258=EDGE_CURVE('',#1516,#1517,#304,.T.);
#1259=EDGE_CURVE('',#1517,#1518,#305,.T.);
#1260=EDGE_CURVE('',#1518,#1519,#306,.F.);
#1261=EDGE_CURVE('',#1519,#1516,#307,.T.);
#1262=EDGE_CURVE('',#1520,#1521,#172,.F.);
#1263=EDGE_CURVE('',#1521,#1522,#308,.F.);
#1264=EDGE_CURVE('',#1522,#1523,#309,.F.);
#1265=EDGE_CURVE('',#1523,#1520,#310,.T.);
#1266=EDGE_CURVE('',#1524,#1525,#311,.T.);
#1267=EDGE_CURVE('',#1525,#1526,#312,.F.);
#1268=EDGE_CURVE('',#1526,#1527,#313,.F.);
#1269=EDGE_CURVE('',#1527,#1524,#314,.T.);
#1270=EDGE_CURVE('',#1528,#1529,#315,.T.);
#1271=EDGE_CURVE('',#1529,#1530,#316,.T.);
#1272=EDGE_CURVE('',#1530,#1531,#173,.T.);
#1273=EDGE_CURVE('',#1531,#1528,#317,.F.);
#1274=EDGE_CURVE('',#1532,#1532,#174,.F.);
#1275=EDGE_CURVE('',#1533,#1533,#175,.T.);
#1276=EDGE_CURVE('',#1529,#1526,#176,.T.);
#1277=EDGE_CURVE('',#1527,#1528,#177,.T.);
#1278=EDGE_CURVE('',#1529,#1519,#178,.F.);
#1279=EDGE_CURVE('',#1519,#1526,#179,.F.);
#1280=EDGE_CURVE('',#1527,#1511,#180,.F.);
#1281=EDGE_CURVE('',#1511,#1528,#181,.F.);
#1282=EDGE_CURVE('',#1516,#1525,#182,.T.);
#1283=EDGE_CURVE('',#1530,#1518,#1622,.T.);
#1284=EDGE_CURVE('',#1531,#1409,#183,.T.);
#1285=EDGE_CURVE('',#1403,#1530,#184,.T.);
#1286=EDGE_CURVE('',#1512,#1531,#1623,.T.);
#1287=EDGE_CURVE('',#1524,#1514,#185,.T.);
#1288=EDGE_CURVE('',#1525,#1522,#186,.T.);
#1289=EDGE_CURVE('',#1523,#1524,#187,.T.);
#1290=EDGE_CURVE('',#1516,#1522,#188,.F.);
#1291=EDGE_CURVE('',#1402,#1518,#189,.F.);
#1292=EDGE_CURVE('',#1512,#1408,#190,.F.);
#1293=EDGE_CURVE('',#1523,#1514,#191,.F.);
#1294=EDGE_CURVE('',#1517,#1521,#1624,.T.);
#1295=EDGE_CURVE('',#1404,#1517,#192,.T.);
#1296=EDGE_CURVE('',#1513,#1407,#193,.T.);
#1297=EDGE_CURVE('',#1520,#1513,#1625,.T.);
#1298=EDGE_CURVE('',#1405,#1521,#194,.F.);
#1299=EDGE_CURVE('',#1520,#1406,#195,.F.);
#1300=EDGE_CURVE('',#1534,#1535,#196,.F.);
#1301=EDGE_CURVE('',#1535,#1536,#197,.F.);
#1302=EDGE_CURVE('',#1534,#1536,#198,.T.);
#1303=EDGE_CURVE('',#1537,#1538,#199,.T.);
#1304=EDGE_CURVE('',#1538,#1534,#318,.F.);
#1305=EDGE_CURVE('',#1536,#1537,#319,.T.);
#1306=EDGE_CURVE('',#1539,#1540,#200,.T.);
#1307=EDGE_CURVE('',#1540,#1541,#320,.T.);
#1308=EDGE_CURVE('',#1541,#1542,#201,.T.);
#1309=EDGE_CURVE('',#1542,#1539,#321,.F.);
#1310=EDGE_CURVE('',#1543,#1539,#202,.T.);
#1311=EDGE_CURVE('',#1543,#1540,#203,.F.);
#1312=EDGE_CURVE('',#1535,#1544,#322,.T.);
#1313=EDGE_CURVE('',#1545,#1544,#1626,.F.);
#1314=EDGE_CURVE('',#1545,#1543,#323,.T.);
#1315=EDGE_CURVE('',#1539,#1536,#324,.F.);
#1316=EDGE_CURVE('',#1546,#1546,#204,.T.);
#1317=EDGE_CURVE('',#1544,#1545,#205,.F.);
#1318=EDGE_CURVE('',#1547,#1547,#206,.F.);
#1319=EDGE_CURVE('',#1541,#1509,#207,.F.);
#1320=EDGE_CURVE('',#1542,#1509,#208,.T.);
#1321=EDGE_CURVE('',#1537,#1542,#325,.T.);
#1322=EDGE_CURVE('',#1507,#1506,#1627,.F.);
#1323=EDGE_CURVE('',#1537,#1508,#209,.F.);
#1324=EDGE_CURVE('',#1508,#1538,#210,.F.);
#1325=EDGE_CURVE('',#1534,#1548,#326,.T.);
#1326=EDGE_CURVE('',#1548,#1549,#1628,.T.);
#1327=EDGE_CURVE('',#1549,#1535,#327,.F.);
#1328=EDGE_CURVE('',#1550,#1538,#328,.F.);
#1329=EDGE_CURVE('',#1548,#1550,#211,.F.);
#1330=EDGE_CURVE('',#1551,#1552,#212,.T.);
#1331=EDGE_CURVE('',#1541,#1551,#329,.T.);
#1332=EDGE_CURVE('',#1552,#1540,#330,.F.);
#1333=EDGE_CURVE('',#1543,#1553,#331,.T.);
#1334=EDGE_CURVE('',#1553,#1552,#1629,.T.);
#1335=EDGE_CURVE('',#1553,#1549,#332,.F.);
#1336=EDGE_CURVE('',#1433,#1549,#213,.F.);
#1337=EDGE_CURVE('',#1432,#1553,#214,.T.);
#1338=EDGE_CURVE('',#1431,#1552,#215,.F.);
#1339=EDGE_CURVE('',#1551,#1444,#1630,.T.);
#1340=EDGE_CURVE('',#1551,#1430,#216,.F.);
#1341=EDGE_CURVE('',#1442,#1550,#1631,.T.);
#1342=EDGE_CURVE('',#1550,#1420,#217,.T.);
#1343=EDGE_CURVE('',#1421,#1548,#218,.T.);
#1344=EDGE_CURVE('',#1554,#1555,#333,.T.);
#1345=EDGE_CURVE('',#1556,#1555,#334,.T.);
#1346=EDGE_CURVE('',#1557,#1556,#335,.T.);
#1347=EDGE_CURVE('',#1557,#1554,#336,.T.);
#1348=EDGE_CURVE('',#1447,#1556,#337,.T.);
#1349=EDGE_CURVE('',#1449,#1555,#338,.T.);
#1350=EDGE_CURVE('',#1450,#1554,#339,.T.);
#1351=EDGE_CURVE('',#1448,#1557,#340,.T.);
#1352=EDGE_CURVE('',#1440,#1558,#1632,.T.);
#1353=EDGE_CURVE('',#1559,#1439,#1633,.F.);
#1354=EDGE_CURVE('',#1560,#1559,#341,.T.);
#1355=EDGE_CURVE('',#1561,#1560,#342,.F.);
#1356=EDGE_CURVE('',#1558,#1561,#343,.F.);
#1357=EDGE_CURVE('',#1562,#1563,#344,.T.);
#1358=EDGE_CURVE('',#1564,#1562,#345,.F.);
#1359=EDGE_CURVE('',#1436,#1564,#1634,.T.);
#1360=EDGE_CURVE('',#1565,#1434,#1635,.F.);
#1361=EDGE_CURVE('',#1563,#1565,#346,.T.);
#1362=EDGE_CURVE('',#1566,#1567,#347,.F.);
#1363=EDGE_CURVE('',#1568,#1566,#348,.F.);
#1364=EDGE_CURVE('',#1569,#1568,#349,.T.);
#1365=EDGE_CURVE('',#1570,#1569,#219,.T.);
#1366=EDGE_CURVE('',#1571,#1570,#350,.T.);
#1367=EDGE_CURVE('',#1567,#1571,#220,.T.);
#1368=EDGE_CURVE('',#1572,#1572,#221,.F.);
#1369=EDGE_CURVE('',#1573,#1574,#351,.F.);
#1370=EDGE_CURVE('',#1575,#1573,#222,.F.);
#1371=EDGE_CURVE('',#1576,#1575,#352,.F.);
#1372=EDGE_CURVE('',#1577,#1576,#353,.F.);
#1373=EDGE_CURVE('',#1578,#1577,#354,.T.);
#1374=EDGE_CURVE('',#1574,#1578,#223,.F.);
#1375=EDGE_CURVE('',#1579,#1579,#224,.T.);
#1376=EDGE_CURVE('',#1580,#1581,#355,.T.);
#1377=EDGE_CURVE('',#1582,#1580,#356,.F.);
#1378=EDGE_CURVE('',#1583,#1582,#357,.F.);
#1379=EDGE_CURVE('',#1581,#1583,#358,.T.);
#1380=EDGE_CURVE('',#1584,#1584,#225,.F.);
#1381=EDGE_CURVE('',#1585,#1585,#226,.T.);
#1382=EDGE_CURVE('',#1562,#1582,#227,.F.);
#1383=EDGE_CURVE('',#1583,#1563,#228,.T.);
#1384=EDGE_CURVE('',#1580,#1560,#229,.F.);
#1385=EDGE_CURVE('',#1561,#1581,#230,.T.);
#1386=EDGE_CURVE('',#1577,#1558,#1636,.T.);
#1387=EDGE_CURVE('',#1561,#1578,#231,.T.);
#1388=EDGE_CURVE('',#1581,#1574,#232,.T.);
#1389=EDGE_CURVE('',#1577,#1441,#233,.T.);
#1390=EDGE_CURVE('',#1583,#1573,#234,.T.);
#1391=EDGE_CURVE('',#1576,#1435,#235,.T.);
#1392=EDGE_CURVE('',#1563,#1575,#236,.T.);
#1393=EDGE_CURVE('',#1576,#1565,#1637,.T.);
#1394=EDGE_CURVE('',#1568,#1564,#1638,.T.);
#1395=EDGE_CURVE('',#1562,#1569,#237,.T.);
#1396=EDGE_CURVE('',#1582,#1570,#238,.T.);
#1397=EDGE_CURVE('',#1568,#1437,#239,.T.);
#1398=EDGE_CURVE('',#1580,#1571,#240,.T.);
#1399=EDGE_CURVE('',#1566,#1438,#241,.T.);
#1400=EDGE_CURVE('',#1560,#1567,#242,.T.);
#1401=EDGE_CURVE('',#1566,#1559,#1639,.T.);
#1402=VERTEX_POINT('',#3131);
#1403=VERTEX_POINT('',#3132);
#1404=VERTEX_POINT('',#3134);
#1405=VERTEX_POINT('',#3139);
#1406=VERTEX_POINT('',#3141);
#1407=VERTEX_POINT('',#3146);
#1408=VERTEX_POINT('',#3148);
#1409=VERTEX_POINT('',#3153);
#1410=VERTEX_POINT('',#3156);
#1411=VERTEX_POINT('',#3157);
#1412=VERTEX_POINT('',#3163);
#1413=VERTEX_POINT('',#3165);
#1414=VERTEX_POINT('',#3171);
#1415=VERTEX_POINT('',#3173);
#1416=VERTEX_POINT('',#3179);
#1417=VERTEX_POINT('',#3181);
#1418=VERTEX_POINT('',#3188);
#1419=VERTEX_POINT('',#3190);
#1420=VERTEX_POINT('',#3192);
#1421=VERTEX_POINT('',#3193);
#1422=VERTEX_POINT('',#3198);
#1423=VERTEX_POINT('',#3203);
#1424=VERTEX_POINT('',#3205);
#1425=VERTEX_POINT('',#3210);
#1426=VERTEX_POINT('',#3212);
#1427=VERTEX_POINT('',#3217);
#1428=VERTEX_POINT('',#3219);
#1429=VERTEX_POINT('',#3224);
#1430=VERTEX_POINT('',#3229);
#1431=VERTEX_POINT('',#3231);
#1432=VERTEX_POINT('',#3236);
#1433=VERTEX_POINT('',#3238);
#1434=VERTEX_POINT('',#3248);
#1435=VERTEX_POINT('',#3249);
#1436=VERTEX_POINT('',#3251);
#1437=VERTEX_POINT('',#3257);
#1438=VERTEX_POINT('',#3259);
#1439=VERTEX_POINT('',#3265);
#1440=VERTEX_POINT('',#3267);
#1441=VERTEX_POINT('',#3273);
#1442=VERTEX_POINT('',#3291);
#1443=VERTEX_POINT('',#3296);
#1444=VERTEX_POINT('',#3314);
#1445=VERTEX_POINT('',#3316);
#1446=VERTEX_POINT('',#3324);
#1447=VERTEX_POINT('',#3327);
#1448=VERTEX_POINT('',#3328);
#1449=VERTEX_POINT('',#3330);
#1450=VERTEX_POINT('',#3332);
#1451=VERTEX_POINT('',#3335);
#1452=VERTEX_POINT('',#3336);
#1453=VERTEX_POINT('',#3338);
#1454=VERTEX_POINT('',#3340);
#1455=VERTEX_POINT('',#3343);
#1456=VERTEX_POINT('',#3347);
#1457=VERTEX_POINT('',#3348);
#1458=VERTEX_POINT('',#3350);
#1459=VERTEX_POINT('',#3352);
#1460=VERTEX_POINT('',#3367);
#1461=VERTEX_POINT('',#3369);
#1462=VERTEX_POINT('',#3371);
#1463=VERTEX_POINT('',#3373);
#1464=VERTEX_POINT('',#3380);
#1465=VERTEX_POINT('',#3381);
#1466=VERTEX_POINT('',#3383);
#1467=VERTEX_POINT('',#3392);
#1468=VERTEX_POINT('',#3396);
#1469=VERTEX_POINT('',#3397);
#1470=VERTEX_POINT('',#3399);
#1471=VERTEX_POINT('',#3401);
#1472=VERTEX_POINT('',#3403);
#1473=VERTEX_POINT('',#3405);
#1474=VERTEX_POINT('',#3408);
#1475=VERTEX_POINT('',#3411);
#1476=VERTEX_POINT('',#3412);
#1477=VERTEX_POINT('',#3414);
#1478=VERTEX_POINT('',#3416);
#1479=VERTEX_POINT('',#3418);
#1480=VERTEX_POINT('',#3420);
#1481=VERTEX_POINT('',#3423);
#1482=VERTEX_POINT('',#3426);
#1483=VERTEX_POINT('',#3427);
#1484=VERTEX_POINT('',#3429);
#1485=VERTEX_POINT('',#3431);
#1486=VERTEX_POINT('',#3435);
#1487=VERTEX_POINT('',#3437);
#1488=VERTEX_POINT('',#3446);
#1489=VERTEX_POINT('',#3447);
#1490=VERTEX_POINT('',#3449);
#1491=VERTEX_POINT('',#3451);
#1492=VERTEX_POINT('',#3453);
#1493=VERTEX_POINT('',#3455);
#1494=VERTEX_POINT('',#3459);
#1495=VERTEX_POINT('',#3460);
#1496=VERTEX_POINT('',#3462);
#1497=VERTEX_POINT('',#3467);
#1498=VERTEX_POINT('',#3468);
#1499=VERTEX_POINT('',#3470);
#1500=VERTEX_POINT('',#3472);
#1501=VERTEX_POINT('',#3476);
#1502=VERTEX_POINT('',#3478);
#1503=VERTEX_POINT('',#3480);
#1504=VERTEX_POINT('',#3484);
#1505=VERTEX_POINT('',#3486);
#1506=VERTEX_POINT('',#3489);
#1507=VERTEX_POINT('',#3490);
#1508=VERTEX_POINT('',#3505);
#1509=VERTEX_POINT('',#3514);
#1510=VERTEX_POINT('',#3673);
#1511=VERTEX_POINT('',#3675);
#1512=VERTEX_POINT('',#3676);
#1513=VERTEX_POINT('',#3678);
#1514=VERTEX_POINT('',#3680);
#1515=VERTEX_POINT('',#3684);
#1516=VERTEX_POINT('',#3686);
#1517=VERTEX_POINT('',#3687);
#1518=VERTEX_POINT('',#3689);
#1519=VERTEX_POINT('',#3691);
#1520=VERTEX_POINT('',#3695);
#1521=VERTEX_POINT('',#3696);
#1522=VERTEX_POINT('',#3698);
#1523=VERTEX_POINT('',#3700);
#1524=VERTEX_POINT('',#3704);
#1525=VERTEX_POINT('',#3705);
#1526=VERTEX_POINT('',#3707);
#1527=VERTEX_POINT('',#3709);
#1528=VERTEX_POINT('',#3713);
#1529=VERTEX_POINT('',#3714);
#1530=VERTEX_POINT('',#3716);
#1531=VERTEX_POINT('',#3718);
#1532=VERTEX_POINT('',#3722);
#1533=VERTEX_POINT('',#3724);
#1534=VERTEX_POINT('',#3829);
#1535=VERTEX_POINT('',#3830);
#1536=VERTEX_POINT('',#3832);
#1537=VERTEX_POINT('',#3836);
#1538=VERTEX_POINT('',#3837);
#1539=VERTEX_POINT('',#3842);
#1540=VERTEX_POINT('',#3843);
#1541=VERTEX_POINT('',#3845);
#1542=VERTEX_POINT('',#3847);
#1543=VERTEX_POINT('',#3851);
#1544=VERTEX_POINT('',#3855);
#1545=VERTEX_POINT('',#3860);
#1546=VERTEX_POINT('',#3865);
#1547=VERTEX_POINT('',#3869);
#1548=VERTEX_POINT('',#3886);
#1549=VERTEX_POINT('',#3891);
#1550=VERTEX_POINT('',#3895);
#1551=VERTEX_POINT('',#3899);
#1552=VERTEX_POINT('',#3900);
#1553=VERTEX_POINT('',#3905);
#1554=VERTEX_POINT('',#3981);
#1555=VERTEX_POINT('',#3982);
#1556=VERTEX_POINT('',#3984);
#1557=VERTEX_POINT('',#3986);
#1558=VERTEX_POINT('',#4001);
#1559=VERTEX_POINT('',#4006);
#1560=VERTEX_POINT('',#4008);
#1561=VERTEX_POINT('',#4010);
#1562=VERTEX_POINT('',#4014);
#1563=VERTEX_POINT('',#4015);
#1564=VERTEX_POINT('',#4017);
#1565=VERTEX_POINT('',#4026);
#1566=VERTEX_POINT('',#4030);
#1567=VERTEX_POINT('',#4031);
#1568=VERTEX_POINT('',#4033);
#1569=VERTEX_POINT('',#4035);
#1570=VERTEX_POINT('',#4037);
#1571=VERTEX_POINT('',#4039);
#1572=VERTEX_POINT('',#4042);
#1573=VERTEX_POINT('',#4045);
#1574=VERTEX_POINT('',#4046);
#1575=VERTEX_POINT('',#4048);
#1576=VERTEX_POINT('',#4050);
#1577=VERTEX_POINT('',#4052);
#1578=VERTEX_POINT('',#4054);
#1579=VERTEX_POINT('',#4057);
#1580=VERTEX_POINT('',#4060);
#1581=VERTEX_POINT('',#4061);
#1582=VERTEX_POINT('',#4063);
#1583=VERTEX_POINT('',#4065);
#1584=VERTEX_POINT('',#4069);
#1585=VERTEX_POINT('',#4071);
#1586=B_SPLINE_CURVE_WITH_KNOTS('',3,(#3127,#3128,#3129,#3130),
 .UNSPECIFIED.,.F.,.F.,(4,4),(0.,0.000558349365689767),.UNSPECIFIED.);
#1587=B_SPLINE_CURVE_WITH_KNOTS('',3,(#3135,#3136,#3137,#3138),
 .UNSPECIFIED.,.F.,.F.,(4,4),(0.,0.000558241519473027),.UNSPECIFIED.);
#1588=B_SPLINE_CURVE_WITH_KNOTS('',3,(#3142,#3143,#3144,#3145),
 .UNSPECIFIED.,.F.,.F.,(4,4),(0.,0.000558349365689751),.UNSPECIFIED.);
#1589=B_SPLINE_CURVE_WITH_KNOTS('',3,(#3149,#3150,#3151,#3152),
 .UNSPECIFIED.,.F.,.F.,(4,4),(0.,0.000558241519473192),.UNSPECIFIED.);
#1590=B_SPLINE_CURVE_WITH_KNOTS('',3,(#3158,#3159,#3160,#3161,#3162),
 .UNSPECIFIED.,.F.,.F.,(4,1,4),(0.,0.000465261426388159,0.000930522852776318),
 .UNSPECIFIED.);
#1591=B_SPLINE_CURVE_WITH_KNOTS('',3,(#3166,#3167,#3168,#3169,#3170),
 .UNSPECIFIED.,.F.,.F.,(4,1,4),(3.25260651745651E-19,0.000464119832927317,
0.000928239665854634),.UNSPECIFIED.);
#1592=B_SPLINE_CURVE_WITH_KNOTS('',3,(#3174,#3175,#3176,#3177,#3178),
 .UNSPECIFIED.,.F.,.F.,(4,1,4),(0.,0.00046526142638815,0.000930522852776301),
 .UNSPECIFIED.);
#1593=B_SPLINE_CURVE_WITH_KNOTS('',3,(#3182,#3183,#3184,#3185,#3186),
 .UNSPECIFIED.,.F.,.F.,(4,1,4),(0.,0.000464119832927309,0.000928239665854618),
 .UNSPECIFIED.);
#1594=B_SPLINE_CURVE_WITH_KNOTS('',3,(#3194,#3195,#3196,#3197),
 .UNSPECIFIED.,.F.,.F.,(4,4),(1.00288700954909E-18,0.000211407435394154),
 .UNSPECIFIED.);
#1595=B_SPLINE_CURVE_WITH_KNOTS('',3,(#3199,#3200,#3201,#3202),
 .UNSPECIFIED.,.F.,.F.,(4,4),(0.,0.000211407435394186),.UNSPECIFIED.);
#1596=B_SPLINE_CURVE_WITH_KNOTS('',3,(#3206,#3207,#3208,#3209),
 .UNSPECIFIED.,.F.,.F.,(4,4),(0.,0.000639397607763182),.UNSPECIFIED.);
#1597=B_SPLINE_CURVE_WITH_KNOTS('',3,(#3213,#3214,#3215,#3216),
 .UNSPECIFIED.,.F.,.F.,(4,4),(0.,0.000638889080915924),.UNSPECIFIED.);
#1598=B_SPLINE_CURVE_WITH_KNOTS('',3,(#3220,#3221,#3222,#3223),
 .UNSPECIFIED.,.F.,.F.,(4,4),(0.000425399123598705,0.000637230765268273),
 .UNSPECIFIED.);
#1599=B_SPLINE_CURVE_WITH_KNOTS('',3,(#3225,#3226,#3227,#3228),
 .UNSPECIFIED.,.F.,.F.,(4,4),(0.000425399123598715,0.000637230765268273),
 .UNSPECIFIED.);
#1600=B_SPLINE_CURVE_WITH_KNOTS('',3,(#3232,#3233,#3234,#3235),
 .UNSPECIFIED.,.F.,.F.,(4,4),(0.,0.000638889080915924),.UNSPECIFIED.);
#1601=B_SPLINE_CURVE_WITH_KNOTS('',3,(#3239,#3240,#3241,#3242),
 .UNSPECIFIED.,.F.,.F.,(4,4),(0.,0.000639397607763182),.UNSPECIFIED.);
#1602=B_SPLINE_CURVE_WITH_KNOTS('',3,(#3243,#3244,#3245,#3246,#3247),
 .UNSPECIFIED.,.F.,.F.,(4,1,4),(0.,0.000464119832927309,0.000928239665854618),
 .UNSPECIFIED.);
#1603=B_SPLINE_CURVE_WITH_KNOTS('',3,(#3252,#3253,#3254,#3255,#3256),
 .UNSPECIFIED.,.F.,.F.,(4,1,4),(0.,0.00046526142638815,0.000930522852776301),
 .UNSPECIFIED.);
#1604=B_SPLINE_CURVE_WITH_KNOTS('',3,(#3260,#3261,#3262,#3263,#3264),
 .UNSPECIFIED.,.F.,.F.,(4,1,4),(4.03492215028849E-18,0.000464119832927319,
0.000928239665854634),.UNSPECIFIED.);
#1605=B_SPLINE_CURVE_WITH_KNOTS('',3,(#3268,#3269,#3270,#3271,#3272),
 .UNSPECIFIED.,.F.,.F.,(4,1,4),(0.,0.000465261426388159,0.000930522852776318),
 .UNSPECIFIED.);
#1606=B_SPLINE_CURVE_WITH_KNOTS('',3,(#3287,#3288,#3289,#3290),
 .UNSPECIFIED.,.F.,.F.,(4,4),(-3.05342533620254E-6,0.000412452052115717),
 .UNSPECIFIED.);
#1607=B_SPLINE_CURVE_WITH_KNOTS('',3,(#3292,#3293,#3294,#3295),
 .UNSPECIFIED.,.F.,.F.,(4,4),(0.,0.000317438073673847),.UNSPECIFIED.);
#1608=B_SPLINE_CURVE_WITH_KNOTS('',3,(#3310,#3311,#3312,#3313),
 .UNSPECIFIED.,.F.,.F.,(4,4),(-3.05342533618866E-6,0.000412585987274039),
 .UNSPECIFIED.);
#1609=B_SPLINE_CURVE_WITH_KNOTS('',3,(#3317,#3318,#3319,#3320),
 .UNSPECIFIED.,.F.,.F.,(4,4),(0.,0.000317436030079849),.UNSPECIFIED.);
#1610=B_SPLINE_CURVE_WITH_KNOTS('',3,(#3363,#3364,#3365,#3366),
 .UNSPECIFIED.,.F.,.F.,(4,4),(0.,0.000362886145658451),.UNSPECIFIED.);
#1611=B_SPLINE_CURVE_WITH_KNOTS('',3,(#3374,#3375,#3376,#3377),
 .UNSPECIFIED.,.F.,.F.,(4,4),(9.75781955236954E-19,0.000362886145665819),
 .UNSPECIFIED.);
#1612=B_SPLINE_CURVE_WITH_KNOTS('',3,(#3384,#3385,#3386,#3387),
 .UNSPECIFIED.,.F.,.F.,(4,4),(0.,0.000362886145665823),.UNSPECIFIED.);
#1613=B_SPLINE_CURVE_WITH_KNOTS('',3,(#3388,#3389,#3390,#3391),
 .UNSPECIFIED.,.F.,.F.,(4,4),(0.,0.000362886145658459),.UNSPECIFIED.);
#1614=B_SPLINE_CURVE_WITH_KNOTS('',3,(#3491,#3492,#3493,#3494),
 .UNSPECIFIED.,.F.,.F.,(4,4),(-7.35219648367981E-6,0.00045187068651606),
 .UNSPECIFIED.);
#1615=B_SPLINE_CURVE_WITH_KNOTS('',3,(#3499,#3500,#3501,#3502),
 .UNSPECIFIED.,.F.,.F.,(4,4),(-7.35219648366597E-6,0.000451870686516074),
 .UNSPECIFIED.);
#1616=B_SPLINE_CURVE_WITH_KNOTS('',3,(#3523,#3524,#3525,#3526),
 .UNSPECIFIED.,.F.,.F.,(4,4),(0.,0.000321309333890643),.UNSPECIFIED.);
#1617=B_SPLINE_CURVE_WITH_KNOTS('',3,(#3549,#3550,#3551,#3552),
 .UNSPECIFIED.,.F.,.F.,(4,4),(0.,0.000321149921985696),.UNSPECIFIED.);
#1618=B_SPLINE_CURVE_WITH_KNOTS('',3,(#3570,#3571,#3572,#3573),
 .UNSPECIFIED.,.F.,.F.,(4,4),(0.,0.00028105640575187),.UNSPECIFIED.);
#1619=B_SPLINE_CURVE_WITH_KNOTS('',3,(#3614,#3615,#3616,#3617),
 .UNSPECIFIED.,.F.,.F.,(4,4),(0.,0.000278550397643444),.UNSPECIFIED.);
#1620=B_SPLINE_CURVE_WITH_KNOTS('',3,(#3621,#3622,#3623,#3624),
 .UNSPECIFIED.,.F.,.F.,(4,4),(0.,0.000281056405751869),.UNSPECIFIED.);
#1621=B_SPLINE_CURVE_WITH_KNOTS('',3,(#3665,#3666,#3667,#3668),
 .UNSPECIFIED.,.F.,.F.,(4,4),(0.,0.000278550397643441),.UNSPECIFIED.);
#1622=B_SPLINE_CURVE_WITH_KNOTS('',3,(#3737,#3738,#3739,#3740),
 .UNSPECIFIED.,.F.,.F.,(4,4),(0.,0.000278586754513601),.UNSPECIFIED.);
#1623=B_SPLINE_CURVE_WITH_KNOTS('',3,(#3745,#3746,#3747,#3748),
 .UNSPECIFIED.,.F.,.F.,(4,4),(0.,0.000278550397643449),.UNSPECIFIED.);
#1624=B_SPLINE_CURVE_WITH_KNOTS('',3,(#3785,#3786,#3787,#3788),
 .UNSPECIFIED.,.F.,.F.,(4,4),(0.,0.000278550397643448),.UNSPECIFIED.);
#1625=B_SPLINE_CURVE_WITH_KNOTS('',3,(#3794,#3795,#3796,#3797),
 .UNSPECIFIED.,.F.,.F.,(4,4),(0.,0.000278586754513591),.UNSPECIFIED.);
#1626=B_SPLINE_CURVE_WITH_KNOTS('',3,(#3856,#3857,#3858,#3859),
 .UNSPECIFIED.,.F.,.F.,(4,4),(-7.35219648366597E-6,0.000451870686516074),
 .UNSPECIFIED.);
#1627=B_SPLINE_CURVE_WITH_KNOTS('',3,(#3876,#3877,#3878,#3879),
 .UNSPECIFIED.,.F.,.F.,(4,4),(-7.35219648367981E-6,0.00045187068651606),
 .UNSPECIFIED.);
#1628=B_SPLINE_CURVE_WITH_KNOTS('',3,(#3887,#3888,#3889,#3890),
 .UNSPECIFIED.,.F.,.F.,(4,4),(0.,0.000321309333890643),.UNSPECIFIED.);
#1629=B_SPLINE_CURVE_WITH_KNOTS('',3,(#3906,#3907,#3908,#3909),
 .UNSPECIFIED.,.F.,.F.,(4,4),(0.,0.000321149921985696),.UNSPECIFIED.);
#1630=B_SPLINE_CURVE_WITH_KNOTS('',3,(#3940,#3941,#3942,#3943),
 .UNSPECIFIED.,.F.,.F.,(4,4),(0.,0.000317436030079849),.UNSPECIFIED.);
#1631=B_SPLINE_CURVE_WITH_KNOTS('',3,(#3958,#3959,#3960,#3961),
 .UNSPECIFIED.,.F.,.F.,(4,4),(0.,0.000317438073673847),.UNSPECIFIED.);
#1632=B_SPLINE_CURVE_WITH_KNOTS('',3,(#3997,#3998,#3999,#4000),
 .UNSPECIFIED.,.F.,.F.,(4,4),(5.85469173142172E-18,0.000362886145658451),
 .UNSPECIFIED.);
#1633=B_SPLINE_CURVE_WITH_KNOTS('',3,(#4002,#4003,#4004,#4005),
 .UNSPECIFIED.,.F.,.F.,(4,4),(2.92734586571086E-18,0.000362886145665819),
 .UNSPECIFIED.);
#1634=B_SPLINE_CURVE_WITH_KNOTS('',3,(#4018,#4019,#4020,#4021),
 .UNSPECIFIED.,.F.,.F.,(4,4),(6.83047368665868E-18,0.000362886145658459),
 .UNSPECIFIED.);
#1635=B_SPLINE_CURVE_WITH_KNOTS('',3,(#4022,#4023,#4024,#4025),
 .UNSPECIFIED.,.F.,.F.,(4,4),(0.,0.000362886145665823),.UNSPECIFIED.);
#1636=B_SPLINE_CURVE_WITH_KNOTS('',3,(#4079,#4080,#4081,#4082),
 .UNSPECIFIED.,.F.,.F.,(4,4),(0.,0.00028105640575187),.UNSPECIFIED.);
#1637=B_SPLINE_CURVE_WITH_KNOTS('',3,(#4123,#4124,#4125,#4126),
 .UNSPECIFIED.,.F.,.F.,(4,4),(0.,0.000278550397643444),.UNSPECIFIED.);
#1638=B_SPLINE_CURVE_WITH_KNOTS('',3,(#4130,#4131,#4132,#4133),
 .UNSPECIFIED.,.F.,.F.,(4,4),(0.,0.000281056405751869),.UNSPECIFIED.);
#1639=B_SPLINE_CURVE_WITH_KNOTS('',3,(#4174,#4175,#4176,#4177),
 .UNSPECIFIED.,.F.,.F.,(4,4),(0.,0.000278550397643441),.UNSPECIFIED.);
#1640=EDGE_LOOP('',(#475,#476,#477,#478,#479,#480,#481,#482));
#1641=EDGE_LOOP('',(#483,#484,#485,#486,#487,#488,#489,#490));
#1642=EDGE_LOOP('',(#491));
#1643=EDGE_LOOP('',(#492));
#1644=EDGE_LOOP('',(#493,#494,#495,#496,#497,#498,#499,#500,#501,#502,#503,
#504,#505,#506));
#1645=EDGE_LOOP('',(#507,#508,#509,#510,#511,#512,#513,#514));
#1646=EDGE_LOOP('',(#515,#516,#517,#518));
#1647=EDGE_LOOP('',(#519,#520,#521,#522));
#1648=EDGE_LOOP('',(#523));
#1649=EDGE_LOOP('',(#524));
#1650=EDGE_LOOP('',(#525));
#1651=EDGE_LOOP('',(#526,#527,#528,#529));
#1652=EDGE_LOOP('',(#530,#531,#532,#533));
#1653=EDGE_LOOP('',(#534));
#1654=EDGE_LOOP('',(#535));
#1655=EDGE_LOOP('',(#536));
#1656=EDGE_LOOP('',(#537,#538,#539,#540));
#1657=EDGE_LOOP('',(#541,#542,#543,#544));
#1658=EDGE_LOOP('',(#545,#546,#547,#548));
#1659=EDGE_LOOP('',(#549,#550,#551,#552));
#1660=EDGE_LOOP('',(#553,#554,#555,#556));
#1661=EDGE_LOOP('',(#557,#558,#559,#560,#561,#562));
#1662=EDGE_LOOP('',(#563,#564,#565,#566,#567,#568));
#1663=EDGE_LOOP('',(#569,#570,#571,#572,#573,#574));
#1664=EDGE_LOOP('',(#575));
#1665=EDGE_LOOP('',(#576,#577,#578,#579,#580,#581));
#1666=EDGE_LOOP('',(#582));
#1667=EDGE_LOOP('',(#583,#584,#585,#586));
#1668=EDGE_LOOP('',(#587));
#1669=EDGE_LOOP('',(#588));
#1670=EDGE_LOOP('',(#589,#590,#591,#592));
#1671=EDGE_LOOP('',(#593,#594,#595,#596));
#1672=EDGE_LOOP('',(#597,#598,#599,#600,#601,#602));
#1673=EDGE_LOOP('',(#603,#604,#605,#606));
#1674=EDGE_LOOP('',(#607,#608,#609,#610));
#1675=EDGE_LOOP('',(#611,#612,#613,#614));
#1676=EDGE_LOOP('',(#615));
#1677=EDGE_LOOP('',(#616));
#1678=EDGE_LOOP('',(#617));
#1679=EDGE_LOOP('',(#618,#619));
#1680=EDGE_LOOP('',(#620,#621,#622,#623));
#1681=EDGE_LOOP('',(#624));
#1682=EDGE_LOOP('',(#625,#626));
#1683=EDGE_LOOP('',(#627,#628,#629));
#1684=EDGE_LOOP('',(#630,#631,#632));
#1685=EDGE_LOOP('',(#633,#634,#635,#636));
#1686=EDGE_LOOP('',(#637,#638,#639,#640,#641,#642));
#1687=EDGE_LOOP('',(#643,#644,#645,#646));
#1688=EDGE_LOOP('',(#647,#648,#649,#650,#651,#652));
#1689=EDGE_LOOP('',(#653,#654,#655,#656));
#1690=EDGE_LOOP('',(#657,#658,#659,#660));
#1691=EDGE_LOOP('',(#661,#662,#663));
#1692=EDGE_LOOP('',(#664,#665,#666));
#1693=EDGE_LOOP('',(#667,#668,#669,#670));
#1694=EDGE_LOOP('',(#671,#672,#673,#674));
#1695=EDGE_LOOP('',(#675,#676,#677,#678));
#1696=EDGE_LOOP('',(#679,#680,#681,#682));
#1697=EDGE_LOOP('',(#683,#684,#685,#686));
#1698=EDGE_LOOP('',(#687,#688,#689,#690));
#1699=EDGE_LOOP('',(#691,#692,#693,#694));
#1700=EDGE_LOOP('',(#695,#696,#697,#698));
#1701=EDGE_LOOP('',(#699,#700,#701,#702));
#1702=EDGE_LOOP('',(#703,#704,#705,#706));
#1703=EDGE_LOOP('',(#707,#708,#709,#710));
#1704=EDGE_LOOP('',(#711,#712,#713,#714));
#1705=EDGE_LOOP('',(#715,#716,#717,#718));
#1706=EDGE_LOOP('',(#719,#720,#721,#722));
#1707=EDGE_LOOP('',(#723));
#1708=EDGE_LOOP('',(#724));
#1709=EDGE_LOOP('',(#725,#726,#727,#728));
#1710=EDGE_LOOP('',(#729,#730,#731,#732));
#1711=EDGE_LOOP('',(#733,#734,#735,#736));
#1712=EDGE_LOOP('',(#737,#738,#739,#740));
#1713=EDGE_LOOP('',(#741,#742,#743,#744));
#1714=EDGE_LOOP('',(#745,#746,#747,#748));
#1715=EDGE_LOOP('',(#749,#750,#751,#752));
#1716=EDGE_LOOP('',(#753,#754,#755,#756));
#1717=EDGE_LOOP('',(#757));
#1718=EDGE_LOOP('',(#758));
#1719=EDGE_LOOP('',(#759));
#1720=EDGE_LOOP('',(#760,#761,#762,#763));
#1721=EDGE_LOOP('',(#764));
#1722=EDGE_LOOP('',(#765,#766,#767,#768));
#1723=EDGE_LOOP('',(#769,#770,#771,#772));
#1724=EDGE_LOOP('',(#773,#774,#775,#776));
#1725=EDGE_LOOP('',(#777,#778,#779,#780));
#1726=EDGE_LOOP('',(#781));
#1727=EDGE_LOOP('',(#782));
#1728=EDGE_LOOP('',(#783,#784,#785,#786));
#1729=EDGE_LOOP('',(#787,#788,#789));
#1730=EDGE_LOOP('',(#790,#791,#792));
#1731=EDGE_LOOP('',(#793,#794,#795,#796));
#1732=EDGE_LOOP('',(#797,#798,#799,#800));
#1733=EDGE_LOOP('',(#801,#802,#803,#804));
#1734=EDGE_LOOP('',(#805,#806,#807,#808));
#1735=EDGE_LOOP('',(#809,#810,#811,#812));
#1736=EDGE_LOOP('',(#813,#814,#815,#816));
#1737=EDGE_LOOP('',(#817,#818,#819));
#1738=EDGE_LOOP('',(#820,#821,#822,#823));
#1739=EDGE_LOOP('',(#824,#825,#826,#827));
#1740=EDGE_LOOP('',(#828,#829,#830));
#1741=EDGE_LOOP('',(#831,#832,#833,#834));
#1742=EDGE_LOOP('',(#835,#836,#837,#838));
#1743=EDGE_LOOP('',(#839,#840,#841,#842));
#1744=EDGE_LOOP('',(#843,#844,#845,#846));
#1745=EDGE_LOOP('',(#847,#848,#849,#850));
#1746=EDGE_LOOP('',(#851,#852,#853,#854));
#1747=EDGE_LOOP('',(#855,#856,#857,#858));
#1748=EDGE_LOOP('',(#859));
#1749=EDGE_LOOP('',(#860));
#1750=EDGE_LOOP('',(#861));
#1751=EDGE_LOOP('',(#862));
#1752=EDGE_LOOP('',(#863,#864,#865));
#1753=EDGE_LOOP('',(#866,#867,#868,#869));
#1754=EDGE_LOOP('',(#870,#871,#872,#873));
#1755=EDGE_LOOP('',(#874,#875,#876));
#1756=EDGE_LOOP('',(#877,#878,#879,#880,#881,#882));
#1757=EDGE_LOOP('',(#883));
#1758=EDGE_LOOP('',(#884,#885));
#1759=EDGE_LOOP('',(#886));
#1760=EDGE_LOOP('',(#887));
#1761=EDGE_LOOP('',(#888,#889,#890));
#1762=EDGE_LOOP('',(#891,#892,#893,#894));
#1763=EDGE_LOOP('',(#895,#896,#897,#898,#899,#900));
#1764=EDGE_LOOP('',(#901));
#1765=EDGE_LOOP('',(#902,#903));
#1766=EDGE_LOOP('',(#904,#905,#906));
#1767=EDGE_LOOP('',(#907,#908,#909,#910));
#1768=EDGE_LOOP('',(#911,#912,#913,#914));
#1769=EDGE_LOOP('',(#915,#916,#917,#918));
#1770=EDGE_LOOP('',(#919,#920,#921,#922));
#1771=EDGE_LOOP('',(#923,#924,#925,#926,#927,#928));
#1772=EDGE_LOOP('',(#929,#930,#931,#932));
#1773=EDGE_LOOP('',(#933,#934,#935,#936));
#1774=EDGE_LOOP('',(#937,#938,#939,#940));
#1775=EDGE_LOOP('',(#941,#942,#943,#944));
#1776=EDGE_LOOP('',(#945,#946,#947,#948));
#1777=EDGE_LOOP('',(#949,#950,#951,#952));
#1778=EDGE_LOOP('',(#953,#954,#955,#956));
#1779=EDGE_LOOP('',(#957,#958,#959,#960));
#1780=EDGE_LOOP('',(#961,#962,#963,#964));
#1781=EDGE_LOOP('',(#965,#966,#967,#968));
#1782=EDGE_LOOP('',(#969,#970,#971,#972));
#1783=EDGE_LOOP('',(#973,#974,#975,#976));
#1784=EDGE_LOOP('',(#977,#978,#979,#980));
#1785=EDGE_LOOP('',(#981,#982,#983,#984));
#1786=EDGE_LOOP('',(#985,#986,#987,#988,#989,#990));
#1787=EDGE_LOOP('',(#991,#992,#993,#994,#995,#996));
#1788=EDGE_LOOP('',(#997,#998,#999,#1000,#1001,#1002));
#1789=EDGE_LOOP('',(#1003));
#1790=EDGE_LOOP('',(#1004,#1005,#1006,#1007,#1008,#1009));
#1791=EDGE_LOOP('',(#1010));
#1792=EDGE_LOOP('',(#1011,#1012,#1013,#1014));
#1793=EDGE_LOOP('',(#1015));
#1794=EDGE_LOOP('',(#1016));
#1795=EDGE_LOOP('',(#1017,#1018,#1019,#1020));
#1796=EDGE_LOOP('',(#1021,#1022,#1023,#1024));
#1797=EDGE_LOOP('',(#1025,#1026,#1027,#1028));
#1798=EDGE_LOOP('',(#1029,#1030,#1031,#1032));
#1799=EDGE_LOOP('',(#1033,#1034,#1035,#1036));
#1800=EDGE_LOOP('',(#1037,#1038,#1039,#1040));
#1801=EDGE_LOOP('',(#1041,#1042,#1043,#1044));
#1802=EDGE_LOOP('',(#1045,#1046,#1047,#1048));
#1803=EDGE_LOOP('',(#1049,#1050,#1051,#1052));
#1804=EDGE_LOOP('',(#1053,#1054,#1055,#1056));
#1805=EDGE_LOOP('',(#1057));
#1806=EDGE_LOOP('',(#1058));
#1807=EDGE_LOOP('',(#1059,#1060,#1061,#1062));
#1808=EDGE_LOOP('',(#1063,#1064,#1065,#1066));
#1809=EDGE_LOOP('',(#1067,#1068,#1069,#1070));
#1810=EDGE_LOOP('',(#1071,#1072,#1073,#1074));
#1811=EDGE_LOOP('',(#1075,#1076,#1077,#1078));
#1812=EDGE_LOOP('',(#1079,#1080,#1081,#1082));
#1813=EDGE_LOOP('',(#1083,#1084,#1085,#1086));
#1814=EDGE_LOOP('',(#1087,#1088,#1089,#1090));
#1815=EDGE_LOOP('',(#1091));
#1816=EDGE_LOOP('',(#1092));
#1817=FACE_BOUND('',#1640,.T.);
#1818=FACE_BOUND('',#1641,.T.);
#1819=FACE_BOUND('',#1642,.T.);
#1820=FACE_BOUND('',#1643,.T.);
#1821=FACE_BOUND('',#1644,.T.);
#1822=FACE_BOUND('',#1645,.T.);
#1823=FACE_BOUND('',#1646,.T.);
#1824=FACE_BOUND('',#1647,.T.);
#1825=FACE_BOUND('',#1648,.T.);
#1826=FACE_BOUND('',#1649,.T.);
#1827=FACE_BOUND('',#1650,.T.);
#1828=FACE_BOUND('',#1651,.T.);
#1829=FACE_BOUND('',#1652,.T.);
#1830=FACE_BOUND('',#1653,.T.);
#1831=FACE_BOUND('',#1654,.T.);
#1832=FACE_BOUND('',#1655,.T.);
#1833=FACE_BOUND('',#1656,.T.);
#1834=FACE_BOUND('',#1657,.T.);
#1835=FACE_BOUND('',#1658,.T.);
#1836=FACE_BOUND('',#1659,.T.);
#1837=FACE_BOUND('',#1660,.T.);
#1838=FACE_BOUND('',#1661,.T.);
#1839=FACE_BOUND('',#1662,.T.);
#1840=FACE_BOUND('',#1663,.T.);
#1841=FACE_BOUND('',#1664,.T.);
#1842=FACE_BOUND('',#1665,.T.);
#1843=FACE_BOUND('',#1666,.T.);
#1844=FACE_BOUND('',#1667,.T.);
#1845=FACE_BOUND('',#1668,.T.);
#1846=FACE_BOUND('',#1669,.T.);
#1847=FACE_BOUND('',#1670,.T.);
#1848=FACE_BOUND('',#1671,.T.);
#1849=FACE_BOUND('',#1672,.T.);
#1850=FACE_BOUND('',#1673,.T.);
#1851=FACE_BOUND('',#1674,.T.);
#1852=FACE_BOUND('',#1675,.T.);
#1853=FACE_BOUND('',#1676,.T.);
#1854=FACE_BOUND('',#1677,.T.);
#1855=FACE_BOUND('',#1678,.T.);
#1856=FACE_BOUND('',#1679,.T.);
#1857=FACE_BOUND('',#1680,.T.);
#1858=FACE_BOUND('',#1681,.T.);
#1859=FACE_BOUND('',#1682,.T.);
#1860=FACE_BOUND('',#1683,.T.);
#1861=FACE_BOUND('',#1684,.T.);
#1862=FACE_BOUND('',#1685,.T.);
#1863=FACE_BOUND('',#1686,.T.);
#1864=FACE_BOUND('',#1687,.T.);
#1865=FACE_BOUND('',#1688,.T.);
#1866=FACE_BOUND('',#1689,.T.);
#1867=FACE_BOUND('',#1690,.T.);
#1868=FACE_BOUND('',#1691,.T.);
#1869=FACE_BOUND('',#1692,.T.);
#1870=FACE_BOUND('',#1693,.T.);
#1871=FACE_BOUND('',#1694,.T.);
#1872=FACE_BOUND('',#1695,.T.);
#1873=FACE_BOUND('',#1696,.T.);
#1874=FACE_BOUND('',#1697,.T.);
#1875=FACE_BOUND('',#1698,.T.);
#1876=FACE_BOUND('',#1699,.T.);
#1877=FACE_BOUND('',#1700,.T.);
#1878=FACE_BOUND('',#1701,.T.);
#1879=FACE_BOUND('',#1702,.T.);
#1880=FACE_BOUND('',#1703,.T.);
#1881=FACE_BOUND('',#1704,.T.);
#1882=FACE_BOUND('',#1705,.T.);
#1883=FACE_BOUND('',#1706,.T.);
#1884=FACE_BOUND('',#1707,.T.);
#1885=FACE_BOUND('',#1708,.T.);
#1886=FACE_BOUND('',#1709,.T.);
#1887=FACE_BOUND('',#1710,.T.);
#1888=FACE_BOUND('',#1711,.T.);
#1889=FACE_BOUND('',#1712,.T.);
#1890=FACE_BOUND('',#1713,.T.);
#1891=FACE_BOUND('',#1714,.T.);
#1892=FACE_BOUND('',#1715,.T.);
#1893=FACE_BOUND('',#1716,.T.);
#1894=FACE_BOUND('',#1717,.T.);
#1895=FACE_BOUND('',#1718,.T.);
#1896=FACE_BOUND('',#1719,.T.);
#1897=FACE_BOUND('',#1720,.T.);
#1898=FACE_BOUND('',#1721,.T.);
#1899=FACE_BOUND('',#1722,.T.);
#1900=FACE_BOUND('',#1723,.T.);
#1901=FACE_BOUND('',#1724,.T.);
#1902=FACE_BOUND('',#1725,.T.);
#1903=FACE_BOUND('',#1726,.T.);
#1904=FACE_BOUND('',#1727,.T.);
#1905=FACE_BOUND('',#1728,.T.);
#1906=FACE_BOUND('',#1729,.T.);
#1907=FACE_BOUND('',#1730,.T.);
#1908=FACE_BOUND('',#1731,.T.);
#1909=FACE_BOUND('',#1732,.T.);
#1910=FACE_BOUND('',#1733,.T.);
#1911=FACE_BOUND('',#1734,.T.);
#1912=FACE_BOUND('',#1735,.T.);
#1913=FACE_BOUND('',#1736,.T.);
#1914=FACE_BOUND('',#1737,.T.);
#1915=FACE_BOUND('',#1738,.T.);
#1916=FACE_BOUND('',#1739,.T.);
#1917=FACE_BOUND('',#1740,.T.);
#1918=FACE_BOUND('',#1741,.T.);
#1919=FACE_BOUND('',#1742,.T.);
#1920=FACE_BOUND('',#1743,.T.);
#1921=FACE_BOUND('',#1744,.T.);
#1922=FACE_BOUND('',#1745,.T.);
#1923=FACE_BOUND('',#1746,.T.);
#1924=FACE_BOUND('',#1747,.T.);
#1925=FACE_BOUND('',#1748,.T.);
#1926=FACE_BOUND('',#1749,.T.);
#1927=FACE_BOUND('',#1750,.T.);
#1928=FACE_BOUND('',#1751,.T.);
#1929=FACE_BOUND('',#1752,.T.);
#1930=FACE_BOUND('',#1753,.T.);
#1931=FACE_BOUND('',#1754,.T.);
#1932=FACE_BOUND('',#1755,.T.);
#1933=FACE_BOUND('',#1756,.T.);
#1934=FACE_BOUND('',#1757,.T.);
#1935=FACE_BOUND('',#1758,.T.);
#1936=FACE_BOUND('',#1759,.T.);
#1937=FACE_BOUND('',#1760,.T.);
#1938=FACE_BOUND('',#1761,.T.);
#1939=FACE_BOUND('',#1762,.T.);
#1940=FACE_BOUND('',#1763,.T.);
#1941=FACE_BOUND('',#1764,.T.);
#1942=FACE_BOUND('',#1765,.T.);
#1943=FACE_BOUND('',#1766,.T.);
#1944=FACE_BOUND('',#1767,.T.);
#1945=FACE_BOUND('',#1768,.T.);
#1946=FACE_BOUND('',#1769,.T.);
#1947=FACE_BOUND('',#1770,.T.);
#1948=FACE_BOUND('',#1771,.T.);
#1949=FACE_BOUND('',#1772,.T.);
#1950=FACE_BOUND('',#1773,.T.);
#1951=FACE_BOUND('',#1774,.T.);
#1952=FACE_BOUND('',#1775,.T.);
#1953=FACE_BOUND('',#1776,.T.);
#1954=FACE_BOUND('',#1777,.T.);
#1955=FACE_BOUND('',#1778,.T.);
#1956=FACE_BOUND('',#1779,.T.);
#1957=FACE_BOUND('',#1780,.T.);
#1958=FACE_BOUND('',#1781,.T.);
#1959=FACE_BOUND('',#1782,.T.);
#1960=FACE_BOUND('',#1783,.T.);
#1961=FACE_BOUND('',#1784,.T.);
#1962=FACE_BOUND('',#1785,.T.);
#1963=FACE_BOUND('',#1786,.T.);
#1964=FACE_BOUND('',#1787,.T.);
#1965=FACE_BOUND('',#1788,.T.);
#1966=FACE_BOUND('',#1789,.T.);
#1967=FACE_BOUND('',#1790,.T.);
#1968=FACE_BOUND('',#1791,.T.);
#1969=FACE_BOUND('',#1792,.T.);
#1970=FACE_BOUND('',#1793,.T.);
#1971=FACE_BOUND('',#1794,.T.);
#1972=FACE_BOUND('',#1795,.T.);
#1973=FACE_BOUND('',#1796,.T.);
#1974=FACE_BOUND('',#1797,.T.);
#1975=FACE_BOUND('',#1798,.T.);
#1976=FACE_BOUND('',#1799,.T.);
#1977=FACE_BOUND('',#1800,.T.);
#1978=FACE_BOUND('',#1801,.T.);
#1979=FACE_BOUND('',#1802,.T.);
#1980=FACE_BOUND('',#1803,.T.);
#1981=FACE_BOUND('',#1804,.T.);
#1982=FACE_BOUND('',#1805,.T.);
#1983=FACE_BOUND('',#1806,.T.);
#1984=FACE_BOUND('',#1807,.T.);
#1985=FACE_BOUND('',#1808,.T.);
#1986=FACE_BOUND('',#1809,.T.);
#1987=FACE_BOUND('',#1810,.T.);
#1988=FACE_BOUND('',#1811,.T.);
#1989=FACE_BOUND('',#1812,.T.);
#1990=FACE_BOUND('',#1813,.T.);
#1991=FACE_BOUND('',#1814,.T.);
#1992=FACE_BOUND('',#1815,.T.);
#1993=FACE_BOUND('',#1816,.T.);
#1994=CYLINDRICAL_SURFACE('',#2209,0.022758174687624);
#1995=CYLINDRICAL_SURFACE('',#2227,0.01905);
#1996=CYLINDRICAL_SURFACE('',#2250,0.00146495107011189);
#1997=CYLINDRICAL_SURFACE('',#2253,0.00127);
#1998=CYLINDRICAL_SURFACE('',#2256,0.0026368040528239);
#1999=CYLINDRICAL_SURFACE('',#2266,0.00132368058616236);
#2000=CYLINDRICAL_SURFACE('',#2271,0.0002032);
#2001=CYLINDRICAL_SURFACE('',#2281,0.0002032);
#2002=CYLINDRICAL_SURFACE('',#2282,0.0002032);
#2003=CYLINDRICAL_SURFACE('',#2284,0.0002032);
#2004=CYLINDRICAL_SURFACE('',#2287,0.0002032);
#2005=CYLINDRICAL_SURFACE('',#2289,0.0002032);
#2006=CYLINDRICAL_SURFACE('',#2297,0.0002032);
#2007=CYLINDRICAL_SURFACE('',#2298,0.0002032);
#2008=CYLINDRICAL_SURFACE('',#2299,0.0002032);
#2009=CYLINDRICAL_SURFACE('',#2303,0.0001778);
#2010=CYLINDRICAL_SURFACE('',#2308,0.0001778);
#2011=CYLINDRICAL_SURFACE('',#2310,0.0001778);
#2012=CYLINDRICAL_SURFACE('',#2314,0.0001778);
#2013=CYLINDRICAL_SURFACE('',#2316,0.0001778);
#2014=CYLINDRICAL_SURFACE('',#2321,0.0001778);
#2015=CYLINDRICAL_SURFACE('',#2323,0.0001778);
#2016=CYLINDRICAL_SURFACE('',#2327,0.0001778);
#2017=CYLINDRICAL_SURFACE('',#2338,0.00132368058616236);
#2018=CYLINDRICAL_SURFACE('',#2341,0.0001778);
#2019=CYLINDRICAL_SURFACE('',#2350,0.0001778);
#2020=CYLINDRICAL_SURFACE('',#2352,0.0001778);
#2021=CYLINDRICAL_SURFACE('',#2356,0.0001778);
#2022=CYLINDRICAL_SURFACE('',#2357,0.0001778);
#2023=CYLINDRICAL_SURFACE('',#2359,0.0001778);
#2024=CYLINDRICAL_SURFACE('',#2368,0.0001778);
#2025=CYLINDRICAL_SURFACE('',#2369,0.0001778);
#2026=CYLINDRICAL_SURFACE('',#2371,0.0001778);
#2027=CYLINDRICAL_SURFACE('',#2373,0.0001778);
#2028=CYLINDRICAL_SURFACE('',#2383,0.0002032);
#2029=CYLINDRICAL_SURFACE('',#2385,0.0002032);
#2030=CYLINDRICAL_SURFACE('',#2391,0.0002032);
#2031=CYLINDRICAL_SURFACE('',#2395,0.00132368058616236);
#2032=CYLINDRICAL_SURFACE('',#2401,0.0002032);
#2033=CYLINDRICAL_SURFACE('',#2406,0.0002032);
#2034=CYLINDRICAL_SURFACE('',#2411,0.0002032);
#2035=CYLINDRICAL_SURFACE('',#2413,0.0002032);
#2036=CYLINDRICAL_SURFACE('',#2422,0.0002032);
#2037=CYLINDRICAL_SURFACE('',#2423,0.0002032);
#2038=CYLINDRICAL_SURFACE('',#2440,0.00146495107011189);
#2039=CYLINDRICAL_SURFACE('',#2443,0.00127);
#2040=CYLINDRICAL_SURFACE('',#2446,0.0026368040528239);
#2041=CYLINDRICAL_SURFACE('',#2449,0.0001778);
#2042=CYLINDRICAL_SURFACE('',#2454,0.0001778);
#2043=CYLINDRICAL_SURFACE('',#2456,0.0001778);
#2044=CYLINDRICAL_SURFACE('',#2460,0.0001778);
#2045=CYLINDRICAL_SURFACE('',#2462,0.0001778);
#2046=CYLINDRICAL_SURFACE('',#2467,0.0001778);
#2047=CYLINDRICAL_SURFACE('',#2469,0.0001778);
#2048=CYLINDRICAL_SURFACE('',#2473,0.0001778);
#2049=ADVANCED_FACE('',(#1817,#1818,#1819,#1820,#1821,#1822),#1994,.T.);
#2050=ADVANCED_FACE('',(#1823),#84,.F.);
#2051=ADVANCED_FACE('',(#1824),#85,.F.);
#2052=ADVANCED_FACE('',(#1825),#48,.F.);
#2053=ADVANCED_FACE('',(#1826,#1827),#49,.F.);
#2054=ADVANCED_FACE('',(#1828,#1829,#1830,#1831),#1995,.F.);
#2055=ADVANCED_FACE('',(#1832),#50,.F.);
#2056=ADVANCED_FACE('',(#1833),#51,.T.);
#2057=ADVANCED_FACE('',(#1834),#52,.F.);
#2058=ADVANCED_FACE('',(#1835),#53,.T.);
#2059=ADVANCED_FACE('',(#1836),#54,.F.);
#2060=ADVANCED_FACE('',(#1837),#55,.T.);
#2061=ADVANCED_FACE('',(#1838),#56,.T.);
#2062=ADVANCED_FACE('',(#1839),#57,.F.);
#2063=ADVANCED_FACE('',(#1840,#1841),#58,.T.);
#2064=ADVANCED_FACE('',(#1842,#1843),#59,.F.);
#2065=ADVANCED_FACE('',(#1844),#60,.F.);
#2066=ADVANCED_FACE('',(#1845,#1846),#1996,.F.);
#2067=ADVANCED_FACE('',(#1847),#1997,.T.);
#2068=ADVANCED_FACE('',(#1848),#1998,.T.);
#2069=ADVANCED_FACE('',(#1849),#61,.T.);
#2070=ADVANCED_FACE('',(#1850),#62,.T.);
#2071=ADVANCED_FACE('',(#1851),#63,.F.);
#2072=ADVANCED_FACE('',(#1852),#64,.F.);
#2073=ADVANCED_FACE('',(#1853,#1854),#1999,.F.);
#2074=ADVANCED_FACE('',(#1855,#1856),#24,.T.);
#2075=ADVANCED_FACE('',(#1857),#2000,.T.);
#2076=ADVANCED_FACE('',(#1858,#1859),#25,.T.);
#2077=ADVANCED_FACE('',(#1860),#12,.T.);
#2078=ADVANCED_FACE('',(#1861),#13,.T.);
#2079=ADVANCED_FACE('',(#1862),#2001,.T.);
#2080=ADVANCED_FACE('',(#1863),#2002,.T.);
#2081=ADVANCED_FACE('',(#1864),#2003,.T.);
#2082=ADVANCED_FACE('',(#1865),#2004,.T.);
#2083=ADVANCED_FACE('',(#1866),#2005,.T.);
#2084=ADVANCED_FACE('',(#1867),#26,.F.);
#2085=ADVANCED_FACE('',(#1868),#14,.T.);
#2086=ADVANCED_FACE('',(#1869),#15,.T.);
#2087=ADVANCED_FACE('',(#1870),#86,.F.);
#2088=ADVANCED_FACE('',(#1871),#2006,.T.);
#2089=ADVANCED_FACE('',(#1872),#2007,.T.);
#2090=ADVANCED_FACE('',(#1873),#2008,.F.);
#2091=ADVANCED_FACE('',(#1874),#87,.F.);
#2092=ADVANCED_FACE('',(#1875),#27,.F.);
#2093=ADVANCED_FACE('',(#1876),#2009,.T.);
#2094=ADVANCED_FACE('',(#1877),#28,.T.);
#2095=ADVANCED_FACE('',(#1878),#88,.F.);
#2096=ADVANCED_FACE('',(#1879),#2010,.T.);
#2097=ADVANCED_FACE('',(#1880),#2011,.F.);
#2098=ADVANCED_FACE('',(#1881),#29,.T.);
#2099=ADVANCED_FACE('',(#1882),#89,.F.);
#2100=ADVANCED_FACE('',(#1883),#2012,.T.);
#2101=ADVANCED_FACE('',(#1884,#1885),#30,.T.);
#2102=ADVANCED_FACE('',(#1886),#2013,.T.);
#2103=ADVANCED_FACE('',(#1887),#31,.T.);
#2104=ADVANCED_FACE('',(#1888),#90,.F.);
#2105=ADVANCED_FACE('',(#1889),#2014,.T.);
#2106=ADVANCED_FACE('',(#1890),#2015,.F.);
#2107=ADVANCED_FACE('',(#1891),#32,.T.);
#2108=ADVANCED_FACE('',(#1892),#91,.F.);
#2109=ADVANCED_FACE('',(#1893),#2016,.T.);
#2110=ADVANCED_FACE('',(#1894,#1895),#33,.T.);
#2111=ADVANCED_FACE('',(#1896,#1897),#65,.T.);
#2112=ADVANCED_FACE('',(#1898,#1899),#66,.F.);
#2113=ADVANCED_FACE('',(#1900),#67,.T.);
#2114=ADVANCED_FACE('',(#1901),#68,.T.);
#2115=ADVANCED_FACE('',(#1902),#69,.F.);
#2116=ADVANCED_FACE('',(#1903,#1904),#2017,.F.);
#2117=ADVANCED_FACE('',(#1905),#2018,.T.);
#2118=ADVANCED_FACE('',(#1906),#16,.T.);
#2119=ADVANCED_FACE('',(#1907),#17,.T.);
#2120=ADVANCED_FACE('',(#1908),#2019,.T.);
#2121=ADVANCED_FACE('',(#1909),#2020,.T.);
#2122=ADVANCED_FACE('',(#1910),#34,.F.);
#2123=ADVANCED_FACE('',(#1911),#2021,.T.);
#2124=ADVANCED_FACE('',(#1912),#2022,.T.);
#2125=ADVANCED_FACE('',(#1913),#2023,.T.);
#2126=ADVANCED_FACE('',(#1914),#18,.T.);
#2127=ADVANCED_FACE('',(#1915),#92,.F.);
#2128=ADVANCED_FACE('',(#1916),#93,.F.);
#2129=ADVANCED_FACE('',(#1917),#19,.T.);
#2130=ADVANCED_FACE('',(#1918),#2024,.T.);
#2131=ADVANCED_FACE('',(#1919),#2025,.F.);
#2132=ADVANCED_FACE('',(#1920),#2026,.F.);
#2133=ADVANCED_FACE('',(#1921),#2027,.T.);
#2134=ADVANCED_FACE('',(#1922),#94,.F.);
#2135=ADVANCED_FACE('',(#1923),#95,.F.);
#2136=ADVANCED_FACE('',(#1924),#35,.F.);
#2137=ADVANCED_FACE('',(#1925,#1926),#36,.T.);
#2138=ADVANCED_FACE('',(#1927,#1928),#37,.T.);
#2139=ADVANCED_FACE('',(#1929),#20,.T.);
#2140=ADVANCED_FACE('',(#1930),#2028,.T.);
#2141=ADVANCED_FACE('',(#1931),#2029,.T.);
#2142=ADVANCED_FACE('',(#1932),#21,.T.);
#2143=ADVANCED_FACE('',(#1933),#2030,.T.);
#2144=ADVANCED_FACE('',(#1934,#1935),#38,.T.);
#2145=ADVANCED_FACE('',(#1936,#1937),#2031,.F.);
#2146=ADVANCED_FACE('',(#1938),#22,.T.);
#2147=ADVANCED_FACE('',(#1939),#70,.F.);
#2148=ADVANCED_FACE('',(#1940),#2032,.T.);
#2149=ADVANCED_FACE('',(#1941,#1942),#39,.T.);
#2150=ADVANCED_FACE('',(#1943),#23,.T.);
#2151=ADVANCED_FACE('',(#1944),#2033,.T.);
#2152=ADVANCED_FACE('',(#1945),#71,.T.);
#2153=ADVANCED_FACE('',(#1946),#72,.F.);
#2154=ADVANCED_FACE('',(#1947),#2034,.T.);
#2155=ADVANCED_FACE('',(#1948),#73,.T.);
#2156=ADVANCED_FACE('',(#1949),#2035,.F.);
#2157=ADVANCED_FACE('',(#1950),#96,.F.);
#2158=ADVANCED_FACE('',(#1951),#97,.F.);
#2159=ADVANCED_FACE('',(#1952),#40,.F.);
#2160=ADVANCED_FACE('',(#1953),#98,.F.);
#2161=ADVANCED_FACE('',(#1954),#41,.F.);
#2162=ADVANCED_FACE('',(#1955),#99,.F.);
#2163=ADVANCED_FACE('',(#1956),#2036,.T.);
#2164=ADVANCED_FACE('',(#1957),#2037,.T.);
#2165=ADVANCED_FACE('',(#1958),#74,.T.);
#2166=ADVANCED_FACE('',(#1959),#75,.F.);
#2167=ADVANCED_FACE('',(#1960),#76,.T.);
#2168=ADVANCED_FACE('',(#1961),#77,.T.);
#2169=ADVANCED_FACE('',(#1962),#78,.F.);
#2170=ADVANCED_FACE('',(#1963),#79,.T.);
#2171=ADVANCED_FACE('',(#1964),#80,.F.);
#2172=ADVANCED_FACE('',(#1965,#1966),#81,.T.);
#2173=ADVANCED_FACE('',(#1967,#1968),#82,.F.);
#2174=ADVANCED_FACE('',(#1969),#83,.F.);
#2175=ADVANCED_FACE('',(#1970,#1971),#2038,.F.);
#2176=ADVANCED_FACE('',(#1972),#2039,.T.);
#2177=ADVANCED_FACE('',(#1973),#2040,.T.);
#2178=ADVANCED_FACE('',(#1974),#2041,.T.);
#2179=ADVANCED_FACE('',(#1975),#42,.T.);
#2180=ADVANCED_FACE('',(#1976),#100,.F.);
#2181=ADVANCED_FACE('',(#1977),#2042,.T.);
#2182=ADVANCED_FACE('',(#1978),#2043,.F.);
#2183=ADVANCED_FACE('',(#1979),#43,.T.);
#2184=ADVANCED_FACE('',(#1980),#101,.F.);
#2185=ADVANCED_FACE('',(#1981),#2044,.T.);
#2186=ADVANCED_FACE('',(#1982,#1983),#44,.T.);
#2187=ADVANCED_FACE('',(#1984),#2045,.T.);
#2188=ADVANCED_FACE('',(#1985),#45,.T.);
#2189=ADVANCED_FACE('',(#1986),#102,.F.);
#2190=ADVANCED_FACE('',(#1987),#2046,.T.);
#2191=ADVANCED_FACE('',(#1988),#2047,.F.);
#2192=ADVANCED_FACE('',(#1989),#46,.T.);
#2193=ADVANCED_FACE('',(#1990),#103,.F.);
#2194=ADVANCED_FACE('',(#1991),#2048,.T.);
#2195=ADVANCED_FACE('',(#1992,#1993),#47,.T.);
#2196=CLOSED_SHELL('',(#2049,#2050,#2051,#2052,#2053,#2054,#2055,#2056,
#2057,#2058,#2059,#2060,#2061,#2062,#2063,#2064,#2065,#2066,#2067,#2068,
#2069,#2070,#2071,#2072,#2073,#2074,#2075,#2076,#2077,#2078,#2079,#2080,
#2081,#2082,#2083,#2084,#2085,#2086,#2087,#2088,#2089,#2090,#2091,#2092,
#2093,#2094,#2095,#2096,#2097,#2098,#2099,#2100,#2101,#2102,#2103,#2104,
#2105,#2106,#2107,#2108,#2109,#2110,#2111,#2112,#2113,#2114,#2115,#2116,
#2117,#2118,#2119,#2120,#2121,#2122,#2123,#2124,#2125,#2126,#2127,#2128,
#2129,#2130,#2131,#2132,#2133,#2134,#2135,#2136,#2137,#2138,#2139,#2140,
#2141,#2142,#2143,#2144,#2145,#2146,#2147,#2148,#2149,#2150,#2151,#2152,
#2153,#2154,#2155,#2156,#2157,#2158,#2159,#2160,#2161,#2162,#2163,#2164,
#2165,#2166,#2167,#2168,#2169,#2170,#2171,#2172,#2173,#2174,#2175,#2176,
#2177,#2178,#2179,#2180,#2181,#2182,#2183,#2184,#2185,#2186,#2187,#2188,
#2189,#2190,#2191,#2192,#2193,#2194,#2195));
#2197=STYLED_ITEM('',(#2198),#2205);
#2198=PRESENTATION_STYLE_ASSIGNMENT((#2199));
#2199=SURFACE_STYLE_USAGE(.BOTH.,#2200);
#2200=SURFACE_SIDE_STYLE('',(#2201));
#2201=SURFACE_STYLE_FILL_AREA(#2202);
#2202=FILL_AREA_STYLE('',(#2203));
#2203=FILL_AREA_STYLE_COLOUR('',#2204);
#2204=COLOUR_RGB('',0.615686274509804,0.811764705882353,0.929411764705882);
#2205=MANIFOLD_SOLID_BREP('Part 1',#2196);
#2206=SHAPE_DEFINITION_REPRESENTATION(#4186,#2207);
#2207=SHAPE_REPRESENTATION('Part 1',(#2208),#4181);
#2208=AXIS2_PLACEMENT_3D('',#3125,#2475,#2476);
#2209=AXIS2_PLACEMENT_3D('',#3126,#2477,#2478);
#2210=AXIS2_PLACEMENT_3D('',#3140,#2480,#2481);
#2211=AXIS2_PLACEMENT_3D('',#3154,#2483,#2484);
#2212=AXIS2_PLACEMENT_3D('',#3164,#2486,#2487);
#2213=AXIS2_PLACEMENT_3D('',#3180,#2489,#2490);
#2214=AXIS2_PLACEMENT_3D('',#3187,#2491,#2492);
#2215=AXIS2_PLACEMENT_3D('',#3189,#2493,#2494);
#2216=AXIS2_PLACEMENT_3D('',#3191,#2495,#2496);
#2217=AXIS2_PLACEMENT_3D('',#3204,#2497,#2498);
#2218=AXIS2_PLACEMENT_3D('',#3218,#2500,#2501);
#2219=AXIS2_PLACEMENT_3D('',#3230,#2502,#2503);
#2220=AXIS2_PLACEMENT_3D('',#3250,#2505,#2506);
#2221=AXIS2_PLACEMENT_3D('',#3266,#2508,#2509);
#2222=AXIS2_PLACEMENT_3D('',#3297,#2511,#2512);
#2223=AXIS2_PLACEMENT_3D('',#3315,#2513,#2514);
#2224=AXIS2_PLACEMENT_3D('',#3321,#2515,#2516);
#2225=AXIS2_PLACEMENT_3D('',#3322,#2517,#2518);
#2226=AXIS2_PLACEMENT_3D('',#3323,#2519,#2520);
#2227=AXIS2_PLACEMENT_3D('',#3325,#2521,#2522);
#2228=AXIS2_PLACEMENT_3D('',#3329,#2524,#2525);
#2229=AXIS2_PLACEMENT_3D('',#3333,#2527,#2528);
#2230=AXIS2_PLACEMENT_3D('',#3334,#2529,#2530);
#2231=AXIS2_PLACEMENT_3D('',#3339,#2532,#2533);
#2232=AXIS2_PLACEMENT_3D('',#3342,#2535,#2536);
#2233=AXIS2_PLACEMENT_3D('',#3344,#2537,#2538);
#2234=AXIS2_PLACEMENT_3D('',#3345,#2539,#2540);
#2235=AXIS2_PLACEMENT_3D('',#3354,#2545,#2546);
#2236=AXIS2_PLACEMENT_3D('',#3357,#2549,#2550);
#2237=AXIS2_PLACEMENT_3D('',#3360,#2553,#2554);
#2238=AXIS2_PLACEMENT_3D('',#3361,#2555,#2556);
#2239=AXIS2_PLACEMENT_3D('',#3362,#2557,#2558);
#2240=AXIS2_PLACEMENT_3D('',#3378,#2562,#2563);
#2241=AXIS2_PLACEMENT_3D('',#3394,#2567,#2568);
#2242=AXIS2_PLACEMENT_3D('',#3398,#2570,#2571);
#2243=AXIS2_PLACEMENT_3D('',#3402,#2573,#2574);
#2244=AXIS2_PLACEMENT_3D('',#3407,#2577,#2578);
#2245=AXIS2_PLACEMENT_3D('',#3409,#2579,#2580);
#2246=AXIS2_PLACEMENT_3D('',#3413,#2582,#2583);
#2247=AXIS2_PLACEMENT_3D('',#3421,#2587,#2588);
#2248=AXIS2_PLACEMENT_3D('',#3422,#2589,#2590);
#2249=AXIS2_PLACEMENT_3D('',#3424,#2591,#2592);
#2250=AXIS2_PLACEMENT_3D('',#3433,#2597,#2598);
#2251=AXIS2_PLACEMENT_3D('',#3434,#2599,#2600);
#2252=AXIS2_PLACEMENT_3D('',#3436,#2601,#2602);
#2253=AXIS2_PLACEMENT_3D('',#3438,#2603,#2604);
#2254=AXIS2_PLACEMENT_3D('',#3439,#2605,#2606);
#2255=AXIS2_PLACEMENT_3D('',#3440,#2607,#2608);
#2256=AXIS2_PLACEMENT_3D('',#3441,#2609,#2610);
#2257=AXIS2_PLACEMENT_3D('',#3442,#2611,#2612);
#2258=AXIS2_PLACEMENT_3D('',#3443,#2613,#2614);
#2259=AXIS2_PLACEMENT_3D('',#3444,#2615,#2616);
#2260=AXIS2_PLACEMENT_3D('',#3445,#2617,#2618);
#2261=AXIS2_PLACEMENT_3D('',#3457,#2624,#2625);
#2262=AXIS2_PLACEMENT_3D('',#3463,#2628,#2629);
#2263=AXIS2_PLACEMENT_3D('',#3465,#2631,#2632);
#2264=AXIS2_PLACEMENT_3D('',#3474,#2637,#2638);
#2265=AXIS2_PLACEMENT_3D('',#3475,#2639,#2640);
#2266=AXIS2_PLACEMENT_3D('',#3482,#2644,#2645);
#2267=AXIS2_PLACEMENT_3D('',#3483,#2646,#2647);
#2268=AXIS2_PLACEMENT_3D('',#3485,#2648,#2649);
#2269=AXIS2_PLACEMENT_3D('',#3487,#2650,#2651);
#2270=AXIS2_PLACEMENT_3D('',#3488,#2652,#2653);
#2271=AXIS2_PLACEMENT_3D('',#3495,#2654,#2655);
#2272=AXIS2_PLACEMENT_3D('',#3496,#2656,#2657);
#2273=AXIS2_PLACEMENT_3D('',#3497,#2658,#2659);
#2274=AXIS2_PLACEMENT_3D('',#3498,#2660,#2661);
#2275=AXIS2_PLACEMENT_3D('',#3503,#2662,#2663);
#2276=AXIS2_PLACEMENT_3D('',#3504,#2664,#2665);
#2277=AXIS2_PLACEMENT_3D('',#3506,#2666,#2667);
#2278=AXIS2_PLACEMENT_3D('',#3507,#2668,#2669);
#2279=AXIS2_PLACEMENT_3D('',#3508,#2670,#2671);
#2280=AXIS2_PLACEMENT_3D('',#3509,#2672,#2673);
#2281=AXIS2_PLACEMENT_3D('',#3510,#2674,#2675);
#2282=AXIS2_PLACEMENT_3D('',#3512,#2677,#2678);
#2283=AXIS2_PLACEMENT_3D('',#3515,#2680,#2681);
#2284=AXIS2_PLACEMENT_3D('',#3517,#2683,#2684);
#2285=AXIS2_PLACEMENT_3D('',#3518,#2685,#2686);
#2286=AXIS2_PLACEMENT_3D('',#3519,#2687,#2688);
#2287=AXIS2_PLACEMENT_3D('',#3520,#2689,#2690);
#2288=AXIS2_PLACEMENT_3D('',#3521,#2691,#2692);
#2289=AXIS2_PLACEMENT_3D('',#3522,#2693,#2694);
#2290=AXIS2_PLACEMENT_3D('',#3527,#2695,#2696);
#2291=AXIS2_PLACEMENT_3D('',#3528,#2697,#2698);
#2292=AXIS2_PLACEMENT_3D('',#3529,#2699,#2700);
#2293=AXIS2_PLACEMENT_3D('',#3530,#2701,#2702);
#2294=AXIS2_PLACEMENT_3D('',#3531,#2703,#2704);
#2295=AXIS2_PLACEMENT_3D('',#3532,#2705,#2706);
#2296=AXIS2_PLACEMENT_3D('',#3545,#2707,#2708);
#2297=AXIS2_PLACEMENT_3D('',#3546,#2709,#2710);
#2298=AXIS2_PLACEMENT_3D('',#3548,#2712,#2713);
#2299=AXIS2_PLACEMENT_3D('',#3553,#2714,#2715);
#2300=AXIS2_PLACEMENT_3D('',#3554,#2716,#2717);
#2301=AXIS2_PLACEMENT_3D('',#3567,#2718,#2719);
#2302=AXIS2_PLACEMENT_3D('',#3568,#2720,#2721);
#2303=AXIS2_PLACEMENT_3D('',#3569,#2722,#2723);
#2304=AXIS2_PLACEMENT_3D('',#3574,#2724,#2725);
#2305=AXIS2_PLACEMENT_3D('',#3575,#2726,#2727);
#2306=AXIS2_PLACEMENT_3D('',#3576,#2728,#2729);
#2307=AXIS2_PLACEMENT_3D('',#3592,#2730,#2731);
#2308=AXIS2_PLACEMENT_3D('',#3593,#2732,#2733);
#2309=AXIS2_PLACEMENT_3D('',#3594,#2734,#2735);
#2310=AXIS2_PLACEMENT_3D('',#3595,#2736,#2737);
#2311=AXIS2_PLACEMENT_3D('',#3596,#2738,#2739);
#2312=AXIS2_PLACEMENT_3D('',#3597,#2740,#2741);
#2313=AXIS2_PLACEMENT_3D('',#3598,#2742,#2743);
#2314=AXIS2_PLACEMENT_3D('',#3618,#2744,#2745);
#2315=AXIS2_PLACEMENT_3D('',#3619,#2746,#2747);
#2316=AXIS2_PLACEMENT_3D('',#3620,#2748,#2749);
#2317=AXIS2_PLACEMENT_3D('',#3625,#2750,#2751);
#2318=AXIS2_PLACEMENT_3D('',#3626,#2752,#2753);
#2319=AXIS2_PLACEMENT_3D('',#3627,#2754,#2755);
#2320=AXIS2_PLACEMENT_3D('',#3643,#2756,#2757);
#2321=AXIS2_PLACEMENT_3D('',#3644,#2758,#2759);
#2322=AXIS2_PLACEMENT_3D('',#3645,#2760,#2761);
#2323=AXIS2_PLACEMENT_3D('',#3646,#2762,#2763);
#2324=AXIS2_PLACEMENT_3D('',#3647,#2764,#2765);
#2325=AXIS2_PLACEMENT_3D('',#3648,#2766,#2767);
#2326=AXIS2_PLACEMENT_3D('',#3649,#2768,#2769);
#2327=AXIS2_PLACEMENT_3D('',#3669,#2770,#2771);
#2328=AXIS2_PLACEMENT_3D('',#3670,#2772,#2773);
#2329=AXIS2_PLACEMENT_3D('',#3671,#2774,#2775);
#2330=AXIS2_PLACEMENT_3D('',#3672,#2776,#2777);
#2331=AXIS2_PLACEMENT_3D('',#3682,#2782,#2783);
#2332=AXIS2_PLACEMENT_3D('',#3683,#2784,#2785);
#2333=AXIS2_PLACEMENT_3D('',#3693,#2790,#2791);
#2334=AXIS2_PLACEMENT_3D('',#3694,#2792,#2793);
#2335=AXIS2_PLACEMENT_3D('',#3702,#2797,#2798);
#2336=AXIS2_PLACEMENT_3D('',#3711,#2803,#2804);
#2337=AXIS2_PLACEMENT_3D('',#3717,#2807,#2808);
#2338=AXIS2_PLACEMENT_3D('',#3720,#2810,#2811);
#2339=AXIS2_PLACEMENT_3D('',#3721,#2812,#2813);
#2340=AXIS2_PLACEMENT_3D('',#3723,#2814,#2815);
#2341=AXIS2_PLACEMENT_3D('',#3725,#2816,#2817);
#2342=AXIS2_PLACEMENT_3D('',#3726,#2818,#2819);
#2343=AXIS2_PLACEMENT_3D('',#3727,#2820,#2821);
#2344=AXIS2_PLACEMENT_3D('',#3728,#2822,#2823);
#2345=AXIS2_PLACEMENT_3D('',#3729,#2824,#2825);
#2346=AXIS2_PLACEMENT_3D('',#3730,#2826,#2827);
#2347=AXIS2_PLACEMENT_3D('',#3731,#2828,#2829);
#2348=AXIS2_PLACEMENT_3D('',#3732,#2830,#2831);
#2349=AXIS2_PLACEMENT_3D('',#3733,#2832,#2833);
#2350=AXIS2_PLACEMENT_3D('',#3734,#2834,#2835);
#2351=AXIS2_PLACEMENT_3D('',#3735,#2836,#2837);
#2352=AXIS2_PLACEMENT_3D('',#3736,#2838,#2839);
#2353=AXIS2_PLACEMENT_3D('',#3741,#2840,#2841);
#2354=AXIS2_PLACEMENT_3D('',#3742,#2842,#2843);
#2355=AXIS2_PLACEMENT_3D('',#3743,#2844,#2845);
#2356=AXIS2_PLACEMENT_3D('',#3744,#2846,#2847);
#2357=AXIS2_PLACEMENT_3D('',#3749,#2848,#2849);
#2358=AXIS2_PLACEMENT_3D('',#3750,#2850,#2851);
#2359=AXIS2_PLACEMENT_3D('',#3751,#2852,#2853);
#2360=AXIS2_PLACEMENT_3D('',#3752,#2854,#2855);
#2361=AXIS2_PLACEMENT_3D('',#3753,#2856,#2857);
#2362=AXIS2_PLACEMENT_3D('',#3754,#2858,#2859);
#2363=AXIS2_PLACEMENT_3D('',#3755,#2860,#2861);
#2364=AXIS2_PLACEMENT_3D('',#3768,#2862,#2863);
#2365=AXIS2_PLACEMENT_3D('',#3781,#2864,#2865);
#2366=AXIS2_PLACEMENT_3D('',#3782,#2866,#2867);
#2367=AXIS2_PLACEMENT_3D('',#3783,#2868,#2869);
#2368=AXIS2_PLACEMENT_3D('',#3784,#2870,#2871);
#2369=AXIS2_PLACEMENT_3D('',#3789,#2872,#2873);
#2370=AXIS2_PLACEMENT_3D('',#3790,#2874,#2875);
#2371=AXIS2_PLACEMENT_3D('',#3791,#2876,#2877);
#2372=AXIS2_PLACEMENT_3D('',#3792,#2878,#2879);
#2373=AXIS2_PLACEMENT_3D('',#3793,#2880,#2881);
#2374=AXIS2_PLACEMENT_3D('',#3810,#2882,#2883);
#2375=AXIS2_PLACEMENT_3D('',#3823,#2884,#2885);
#2376=AXIS2_PLACEMENT_3D('',#3824,#2886,#2887);
#2377=AXIS2_PLACEMENT_3D('',#3825,#2888,#2889);
#2378=AXIS2_PLACEMENT_3D('',#3826,#2890,#2891);
#2379=AXIS2_PLACEMENT_3D('',#3827,#2892,#2893);
#2380=AXIS2_PLACEMENT_3D('',#3828,#2894,#2895);
#2381=AXIS2_PLACEMENT_3D('',#3831,#2896,#2897);
#2382=AXIS2_PLACEMENT_3D('',#3833,#2898,#2899);
#2383=AXIS2_PLACEMENT_3D('',#3834,#2900,#2901);
#2384=AXIS2_PLACEMENT_3D('',#3835,#2902,#2903);
#2385=AXIS2_PLACEMENT_3D('',#3840,#2906,#2907);
#2386=AXIS2_PLACEMENT_3D('',#3841,#2908,#2909);
#2387=AXIS2_PLACEMENT_3D('',#3846,#2911,#2912);
#2388=AXIS2_PLACEMENT_3D('',#3849,#2914,#2915);
#2389=AXIS2_PLACEMENT_3D('',#3850,#2916,#2917);
#2390=AXIS2_PLACEMENT_3D('',#3852,#2918,#2919);
#2391=AXIS2_PLACEMENT_3D('',#3853,#2920,#2921);
#2392=AXIS2_PLACEMENT_3D('',#3863,#2925,#2926);
#2393=AXIS2_PLACEMENT_3D('',#3864,#2927,#2928);
#2394=AXIS2_PLACEMENT_3D('',#3866,#2929,#2930);
#2395=AXIS2_PLACEMENT_3D('',#3867,#2931,#2932);
#2396=AXIS2_PLACEMENT_3D('',#3868,#2933,#2934);
#2397=AXIS2_PLACEMENT_3D('',#3870,#2935,#2936);
#2398=AXIS2_PLACEMENT_3D('',#3871,#2937,#2938);
#2399=AXIS2_PLACEMENT_3D('',#3872,#2939,#2940);
#2400=AXIS2_PLACEMENT_3D('',#3873,#2941,#2942);
#2401=AXIS2_PLACEMENT_3D('',#3875,#2944,#2945);
#2402=AXIS2_PLACEMENT_3D('',#3880,#2946,#2947);
#2403=AXIS2_PLACEMENT_3D('',#3881,#2948,#2949);
#2404=AXIS2_PLACEMENT_3D('',#3882,#2950,#2951);
#2405=AXIS2_PLACEMENT_3D('',#3883,#2952,#2953);
#2406=AXIS2_PLACEMENT_3D('',#3884,#2954,#2955);
#2407=AXIS2_PLACEMENT_3D('',#3893,#2958,#2959);
#2408=AXIS2_PLACEMENT_3D('',#3896,#2961,#2962);
#2409=AXIS2_PLACEMENT_3D('',#3897,#2963,#2964);
#2410=AXIS2_PLACEMENT_3D('',#3898,#2965,#2966);
#2411=AXIS2_PLACEMENT_3D('',#3903,#2969,#2970);
#2412=AXIS2_PLACEMENT_3D('',#3910,#2972,#2973);
#2413=AXIS2_PLACEMENT_3D('',#3912,#2975,#2976);
#2414=AXIS2_PLACEMENT_3D('',#3913,#2977,#2978);
#2415=AXIS2_PLACEMENT_3D('',#3914,#2979,#2980);
#2416=AXIS2_PLACEMENT_3D('',#3927,#2981,#2982);
#2417=AXIS2_PLACEMENT_3D('',#3944,#2983,#2984);
#2418=AXIS2_PLACEMENT_3D('',#3945,#2985,#2986);
#2419=AXIS2_PLACEMENT_3D('',#3962,#2987,#2988);
#2420=AXIS2_PLACEMENT_3D('',#3963,#2989,#2990);
#2421=AXIS2_PLACEMENT_3D('',#3964,#2991,#2992);
#2422=AXIS2_PLACEMENT_3D('',#3977,#2993,#2994);
#2423=AXIS2_PLACEMENT_3D('',#3978,#2995,#2996);
#2424=AXIS2_PLACEMENT_3D('',#3979,#2997,#2998);
#2425=AXIS2_PLACEMENT_3D('',#3988,#3003,#3004);
#2426=AXIS2_PLACEMENT_3D('',#3991,#3007,#3008);
#2427=AXIS2_PLACEMENT_3D('',#3994,#3011,#3012);
#2428=AXIS2_PLACEMENT_3D('',#3995,#3013,#3014);
#2429=AXIS2_PLACEMENT_3D('',#3996,#3015,#3016);
#2430=AXIS2_PLACEMENT_3D('',#4012,#3020,#3021);
#2431=AXIS2_PLACEMENT_3D('',#4028,#3025,#3026);
#2432=AXIS2_PLACEMENT_3D('',#4036,#3030,#3031);
#2433=AXIS2_PLACEMENT_3D('',#4040,#3033,#3034);
#2434=AXIS2_PLACEMENT_3D('',#4041,#3035,#3036);
#2435=AXIS2_PLACEMENT_3D('',#4043,#3037,#3038);
#2436=AXIS2_PLACEMENT_3D('',#4047,#3040,#3041);
#2437=AXIS2_PLACEMENT_3D('',#4055,#3045,#3046);
#2438=AXIS2_PLACEMENT_3D('',#4056,#3047,#3048);
#2439=AXIS2_PLACEMENT_3D('',#4058,#3049,#3050);
#2440=AXIS2_PLACEMENT_3D('',#4067,#3055,#3056);
#2441=AXIS2_PLACEMENT_3D('',#4068,#3057,#3058);
#2442=AXIS2_PLACEMENT_3D('',#4070,#3059,#3060);
#2443=AXIS2_PLACEMENT_3D('',#4072,#3061,#3062);
#2444=AXIS2_PLACEMENT_3D('',#4073,#3063,#3064);
#2445=AXIS2_PLACEMENT_3D('',#4074,#3065,#3066);
#2446=AXIS2_PLACEMENT_3D('',#4075,#3067,#3068);
#2447=AXIS2_PLACEMENT_3D('',#4076,#3069,#3070);
#2448=AXIS2_PLACEMENT_3D('',#4077,#3071,#3072);
#2449=AXIS2_PLACEMENT_3D('',#4078,#3073,#3074);
#2450=AXIS2_PLACEMENT_3D('',#4083,#3075,#3076);
#2451=AXIS2_PLACEMENT_3D('',#4084,#3077,#3078);
#2452=AXIS2_PLACEMENT_3D('',#4085,#3079,#3080);
#2453=AXIS2_PLACEMENT_3D('',#4101,#3081,#3082);
#2454=AXIS2_PLACEMENT_3D('',#4102,#3083,#3084);
#2455=AXIS2_PLACEMENT_3D('',#4103,#3085,#3086);
#2456=AXIS2_PLACEMENT_3D('',#4104,#3087,#3088);
#2457=AXIS2_PLACEMENT_3D('',#4105,#3089,#3090);
#2458=AXIS2_PLACEMENT_3D('',#4106,#3091,#3092);
#2459=AXIS2_PLACEMENT_3D('',#4107,#3093,#3094);
#2460=AXIS2_PLACEMENT_3D('',#4127,#3095,#3096);
#2461=AXIS2_PLACEMENT_3D('',#4128,#3097,#3098);
#2462=AXIS2_PLACEMENT_3D('',#4129,#3099,#3100);
#2463=AXIS2_PLACEMENT_3D('',#4134,#3101,#3102);
#2464=AXIS2_PLACEMENT_3D('',#4135,#3103,#3104);
#2465=AXIS2_PLACEMENT_3D('',#4136,#3105,#3106);
#2466=AXIS2_PLACEMENT_3D('',#4152,#3107,#3108);
#2467=AXIS2_PLACEMENT_3D('',#4153,#3109,#3110);
#2468=AXIS2_PLACEMENT_3D('',#4154,#3111,#3112);
#2469=AXIS2_PLACEMENT_3D('',#4155,#3113,#3114);
#2470=AXIS2_PLACEMENT_3D('',#4156,#3115,#3116);
#2471=AXIS2_PLACEMENT_3D('',#4157,#3117,#3118);
#2472=AXIS2_PLACEMENT_3D('',#4158,#3119,#3120);
#2473=AXIS2_PLACEMENT_3D('',#4178,#3121,#3122);
#2474=AXIS2_PLACEMENT_3D('',#4179,#3123,#3124);
#2475=DIRECTION('',(0.,0.,1.));
#2476=DIRECTION('',(1.,0.,0.));
#2477=DIRECTION('',(0.,0.,-1.));
#2478=DIRECTION('',(-1.,0.,0.));
#2479=DIRECTION('',(0.,0.,-1.));
#2480=DIRECTION('',(0.,0.,-1.));
#2481=DIRECTION('',(-1.,0.,0.));
#2482=DIRECTION('',(0.,0.,-1.));
#2483=DIRECTION('',(0.,0.,-1.));
#2484=DIRECTION('',(-1.,0.,0.));
#2485=DIRECTION('',(0.,0.,-1.));
#2486=DIRECTION('',(0.,0.,1.));
#2487=DIRECTION('',(1.,0.,0.));
#2488=DIRECTION('',(0.,0.,-1.));
#2489=DIRECTION('',(0.,0.,1.));
#2490=DIRECTION('',(1.,0.,0.));
#2491=DIRECTION('',(0.,0.,-1.));
#2492=DIRECTION('',(-1.,0.,0.));
#2493=DIRECTION('',(0.,0.,-1.));
#2494=DIRECTION('',(-1.,0.,0.));
#2495=DIRECTION('',(0.,0.,-1.));
#2496=DIRECTION('',(-1.,0.,0.));
#2497=DIRECTION('',(0.,0.,1.));
#2498=DIRECTION('',(1.,0.,0.));
#2499=DIRECTION('',(0.,0.,-1.));
#2500=DIRECTION('',(0.,0.,1.));
#2501=DIRECTION('',(1.,0.,0.));
#2502=DIRECTION('',(0.,0.,-1.));
#2503=DIRECTION('',(-1.,0.,0.));
#2504=DIRECTION('',(0.,0.,-1.));
#2505=DIRECTION('',(0.,0.,-1.));
#2506=DIRECTION('',(-1.,0.,0.));
#2507=DIRECTION('',(0.,0.,-1.));
#2508=DIRECTION('',(0.,0.,-1.));
#2509=DIRECTION('',(-1.,0.,0.));
#2510=DIRECTION('',(0.,0.,-1.));
#2511=DIRECTION('',(0.999960841130643,0.00884964435990509,0.));
#2512=DIRECTION('',(-0.00884964435990509,0.999960841130643,0.));
#2513=DIRECTION('',(0.999960841130643,0.00884964435990509,0.));
#2514=DIRECTION('',(-0.00884964435990509,0.999960841130643,0.));
#2515=DIRECTION('',(0.,0.,1.));
#2516=DIRECTION('',(1.,0.,0.));
#2517=DIRECTION('',(0.,0.,-1.));
#2518=DIRECTION('',(-1.,0.,0.));
#2519=DIRECTION('',(0.,0.,-1.));
#2520=DIRECTION('',(-1.,0.,0.));
#2521=DIRECTION('',(0.,0.,-1.));
#2522=DIRECTION('',(-1.,0.,0.));
#2523=DIRECTION('',(0.,0.,-1.));
#2524=DIRECTION('',(0.,0.,-1.));
#2525=DIRECTION('',(-1.,0.,0.));
#2526=DIRECTION('',(0.,0.,-1.));
#2527=DIRECTION('',(0.,0.,-1.));
#2528=DIRECTION('',(-1.,0.,0.));
#2529=DIRECTION('',(0.,0.,1.));
#2530=DIRECTION('',(1.,0.,0.));
#2531=DIRECTION('',(0.,0.,-1.));
#2532=DIRECTION('',(0.,0.,1.));
#2533=DIRECTION('',(1.,0.,0.));
#2534=DIRECTION('',(0.,0.,-1.));
#2535=DIRECTION('',(0.,0.,-1.));
#2536=DIRECTION('',(-1.,0.,0.));
#2537=DIRECTION('',(0.,0.,-1.));
#2538=DIRECTION('',(-1.,0.,0.));
#2539=DIRECTION('',(1.,0.,0.));
#2540=DIRECTION('',(0.,0.,-1.));
#2541=DIRECTION('',(0.,0.,-1.));
#2542=DIRECTION('',(0.,1.,0.));
#2543=DIRECTION('',(0.,0.,-1.));
#2544=DIRECTION('',(0.,1.,0.));
#2545=DIRECTION('',(0.,-1.,0.));
#2546=DIRECTION('',(1.,0.,0.));
#2547=DIRECTION('',(1.,0.,0.));
#2548=DIRECTION('',(1.,0.,0.));
#2549=DIRECTION('',(0.,-1.,0.));
#2550=DIRECTION('',(1.,0.,0.));
#2551=DIRECTION('',(1.,0.,0.));
#2552=DIRECTION('',(1.,0.,0.));
#2553=DIRECTION('',(0.,0.,1.));
#2554=DIRECTION('',(1.,0.,0.));
#2555=DIRECTION('',(0.,0.,1.));
#2556=DIRECTION('',(1.,0.,0.));
#2557=DIRECTION('',(0.,0.,1.));
#2558=DIRECTION('',(1.,0.,0.));
#2559=DIRECTION('',(1.,0.,0.));
#2560=DIRECTION('',(0.,1.,0.));
#2561=DIRECTION('',(1.,0.,0.));
#2562=DIRECTION('',(0.,0.,1.));
#2563=DIRECTION('',(1.,0.,0.));
#2564=DIRECTION('',(0.,1.,0.));
#2565=DIRECTION('',(1.,0.,0.));
#2566=DIRECTION('',(1.,0.,0.));
#2567=DIRECTION('',(0.,-1.,0.));
#2568=DIRECTION('',(1.,0.,0.));
#2569=DIRECTION('',(1.,0.,0.));
#2570=DIRECTION('',(0.,-1.,0.));
#2571=DIRECTION('',(0.,0.,-1.));
#2572=DIRECTION('',(0.,0.,-1.));
#2573=DIRECTION('',(0.,-1.,0.));
#2574=DIRECTION('',(0.,0.,-1.));
#2575=DIRECTION('',(1.,0.,0.));
#2576=DIRECTION('',(0.,0.,-1.));
#2577=DIRECTION('',(0.,-1.,0.));
#2578=DIRECTION('',(0.,0.,-1.));
#2579=DIRECTION('',(0.,-1.,0.));
#2580=DIRECTION('',(1.,0.,0.));
#2581=DIRECTION('',(0.,0.,-1.));
#2582=DIRECTION('',(0.,-1.,0.));
#2583=DIRECTION('',(0.,0.,-1.));
#2584=DIRECTION('',(1.,0.,0.));
#2585=DIRECTION('',(0.,0.,1.));
#2586=DIRECTION('',(1.,0.,0.));
#2587=DIRECTION('',(0.,-1.,0.));
#2588=DIRECTION('',(0.,0.,-1.));
#2589=DIRECTION('',(0.,-1.,0.));
#2590=DIRECTION('',(0.,0.,-1.));
#2591=DIRECTION('',(1.,0.,0.));
#2592=DIRECTION('',(0.,0.,-1.));
#2593=DIRECTION('',(0.,1.,0.));
#2594=DIRECTION('',(0.,0.,-1.));
#2595=DIRECTION('',(0.,1.,0.));
#2596=DIRECTION('',(0.,0.,-1.));
#2597=DIRECTION('',(0.,1.,0.));
#2598=DIRECTION('',(0.,0.,1.));
#2599=DIRECTION('',(0.,-1.,0.));
#2600=DIRECTION('',(0.,0.,-1.));
#2601=DIRECTION('',(0.,-1.,0.));
#2602=DIRECTION('',(0.,0.,-1.));
#2603=DIRECTION('',(0.,1.,0.));
#2604=DIRECTION('',(0.,0.,1.));
#2605=DIRECTION('',(0.,-1.,0.));
#2606=DIRECTION('',(0.,0.,-1.));
#2607=DIRECTION('',(0.,-1.,0.));
#2608=DIRECTION('',(0.,0.,-1.));
#2609=DIRECTION('',(0.,-1.,0.));
#2610=DIRECTION('',(0.,0.,-1.));
#2611=DIRECTION('',(0.,-1.,0.));
#2612=DIRECTION('',(0.,0.,-1.));
#2613=DIRECTION('',(0.,-1.,0.));
#2614=DIRECTION('',(0.,0.,-1.));
#2615=DIRECTION('',(1.,0.,0.));
#2616=DIRECTION('',(0.,1.,0.));
#2617=DIRECTION('',(1.,0.,0.));
#2618=DIRECTION('',(0.,0.,-1.));
#2619=DIRECTION('',(0.,0.,-1.));
#2620=DIRECTION('',(0.,1.,0.));
#2621=DIRECTION('',(0.,0.,-1.));
#2622=DIRECTION('',(0.,1.,0.));
#2623=DIRECTION('',(0.,0.,-1.));
#2624=DIRECTION('',(0.,0.,1.));
#2625=DIRECTION('',(1.,0.,0.));
#2626=DIRECTION('',(-1.,0.,0.));
#2627=DIRECTION('',(0.,1.,0.));
#2628=DIRECTION('',(0.,0.,1.));
#2629=DIRECTION('',(1.,0.,0.));
#2630=DIRECTION('',(0.,1.,0.));
#2631=DIRECTION('',(0.,1.,0.));
#2632=DIRECTION('',(0.,0.,1.));
#2633=DIRECTION('',(0.,0.,-1.));
#2634=DIRECTION('',(-1.,0.,0.));
#2635=DIRECTION('',(0.,0.,-1.));
#2636=DIRECTION('',(-1.,0.,0.));
#2637=DIRECTION('',(0.,0.,1.));
#2638=DIRECTION('',(1.,0.,0.));
#2639=DIRECTION('',(0.,0.,1.));
#2640=DIRECTION('',(1.,0.,0.));
#2641=DIRECTION('',(0.,1.,0.));
#2642=DIRECTION('',(-1.,0.,0.));
#2643=DIRECTION('',(0.,1.,0.));
#2644=DIRECTION('',(-1.,0.,0.));
#2645=DIRECTION('',(0.,0.,1.));
#2646=DIRECTION('',(1.,0.,0.));
#2647=DIRECTION('',(0.,0.,-1.));
#2648=DIRECTION('',(1.,0.,0.));
#2649=DIRECTION('',(0.,0.,-1.));
#2650=DIRECTION('',(1.,0.,0.));
#2651=DIRECTION('',(0.,0.,-1.));
#2652=DIRECTION('',(1.,0.,0.));
#2653=DIRECTION('',(0.,0.,-1.));
#2654=DIRECTION('',(1.,0.,0.));
#2655=DIRECTION('',(0.,0.,-1.));
#2656=DIRECTION('',(-1.,0.,-6.66955076578187E-16));
#2657=DIRECTION('',(-6.66955076578187E-16,0.,1.));
#2658=DIRECTION('',(1.,0.,0.));
#2659=DIRECTION('',(0.,0.,-1.));
#2660=DIRECTION('',(1.,0.,0.));
#2661=DIRECTION('',(0.,0.,-1.));
#2662=DIRECTION('',(0.,0.,1.));
#2663=DIRECTION('',(1.,0.,0.));
#2664=DIRECTION('',(0.,0.,1.));
#2665=DIRECTION('',(1.,0.,0.));
#2666=DIRECTION('',(0.,-1.,0.));
#2667=DIRECTION('',(0.,0.,-1.));
#2668=DIRECTION('',(0.,-1.,0.));
#2669=DIRECTION('',(0.,0.,-1.));
#2670=DIRECTION('',(0.,-1.,0.));
#2671=DIRECTION('',(0.,0.,-1.));
#2672=DIRECTION('',(0.,0.,1.));
#2673=DIRECTION('',(1.,0.,0.));
#2674=DIRECTION('',(0.,-1.,0.));
#2675=DIRECTION('',(0.,0.,-1.));
#2676=DIRECTION('',(0.,1.,0.));
#2677=DIRECTION('',(0.,0.,-1.));
#2678=DIRECTION('',(-1.,0.,0.));
#2679=DIRECTION('',(0.,0.,-1.));
#2680=DIRECTION('',(0.,0.,-1.));
#2681=DIRECTION('',(-1.,0.,0.));
#2682=DIRECTION('',(0.,0.,-1.));
#2683=DIRECTION('',(-1.,0.,0.));
#2684=DIRECTION('',(0.,0.,1.));
#2685=DIRECTION('',(1.,0.,0.));
#2686=DIRECTION('',(0.,0.,-1.));
#2687=DIRECTION('',(-1.,0.,0.));
#2688=DIRECTION('',(0.,0.,1.));
#2689=DIRECTION('',(0.,0.,1.));
#2690=DIRECTION('',(1.,0.,0.));
#2691=DIRECTION('',(0.,0.,-1.));
#2692=DIRECTION('',(-1.,0.,0.));
#2693=DIRECTION('',(0.,1.,0.));
#2694=DIRECTION('',(0.,0.,1.));
#2695=DIRECTION('',(0.,0.,1.));
#2696=DIRECTION('',(1.,0.,0.));
#2697=DIRECTION('',(-0.994807861775076,-0.101770910138909,0.));
#2698=DIRECTION('',(0.101770910138909,-0.994807861775076,0.));
#2699=DIRECTION('',(6.66955076578187E-16,-1.,0.));
#2700=DIRECTION('',(1.,6.66955076578187E-16,0.));
#2701=DIRECTION('',(0.,-1.,0.));
#2702=DIRECTION('',(0.,0.,-1.));
#2703=DIRECTION('',(0.,-1.,0.));
#2704=DIRECTION('',(0.,0.,-1.));
#2705=DIRECTION('',(0.,-1.,0.));
#2706=DIRECTION('',(0.,0.,-1.));
#2707=DIRECTION('',(0.,0.,-1.));
#2708=DIRECTION('',(-1.,0.,0.));
#2709=DIRECTION('',(0.,1.,0.));
#2710=DIRECTION('',(0.,0.,1.));
#2711=DIRECTION('',(0.,1.,0.));
#2712=DIRECTION('',(0.,-1.,0.));
#2713=DIRECTION('',(0.,0.,-1.));
#2714=DIRECTION('',(0.,0.,-1.));
#2715=DIRECTION('',(-1.,0.,0.));
#2716=DIRECTION('',(0.,0.,1.));
#2717=DIRECTION('',(1.,0.,0.));
#2718=DIRECTION('',(-0.994807861775076,-0.101770910138909,0.));
#2719=DIRECTION('',(0.101770910138909,-0.994807861775076,0.));
#2720=DIRECTION('',(0.,0.,1.));
#2721=DIRECTION('',(1.,0.,0.));
#2722=DIRECTION('',(-1.,0.,0.));
#2723=DIRECTION('',(0.,0.,1.));
#2724=DIRECTION('',(-1.,0.,0.));
#2725=DIRECTION('',(0.,0.,1.));
#2726=DIRECTION('',(0.,-1.,0.));
#2727=DIRECTION('',(0.,0.,-1.));
#2728=DIRECTION('',(0.,0.,-1.));
#2729=DIRECTION('',(-1.,0.,0.));
#2730=DIRECTION('',(0.,0.,1.));
#2731=DIRECTION('',(1.,0.,0.));
#2732=DIRECTION('',(0.,0.,-1.));
#2733=DIRECTION('',(-1.,0.,0.));
#2734=DIRECTION('',(0.,0.,-1.));
#2735=DIRECTION('',(-1.,0.,0.));
#2736=DIRECTION('',(0.,0.,-1.));
#2737=DIRECTION('',(-1.,0.,0.));
#2738=DIRECTION('',(0.,0.,1.));
#2739=DIRECTION('',(1.,0.,0.));
#2740=DIRECTION('',(0.,-1.,0.));
#2741=DIRECTION('',(0.,0.,-1.));
#2742=DIRECTION('',(1.,0.,0.));
#2743=DIRECTION('',(0.,0.,-1.));
#2744=DIRECTION('',(1.,0.,0.));
#2745=DIRECTION('',(0.,0.,-1.));
#2746=DIRECTION('',(0.,-1.,0.));
#2747=DIRECTION('',(0.,0.,-1.));
#2748=DIRECTION('',(-1.,0.,0.));
#2749=DIRECTION('',(0.,0.,1.));
#2750=DIRECTION('',(-1.,0.,0.));
#2751=DIRECTION('',(0.,0.,1.));
#2752=DIRECTION('',(0.,-1.,0.));
#2753=DIRECTION('',(0.,0.,-1.));
#2754=DIRECTION('',(0.,0.,1.));
#2755=DIRECTION('',(1.,0.,0.));
#2756=DIRECTION('',(0.,0.,-1.));
#2757=DIRECTION('',(-1.,0.,0.));
#2758=DIRECTION('',(0.,0.,1.));
#2759=DIRECTION('',(1.,0.,0.));
#2760=DIRECTION('',(0.,0.,1.));
#2761=DIRECTION('',(1.,0.,0.));
#2762=DIRECTION('',(0.,0.,-1.));
#2763=DIRECTION('',(-1.,0.,0.));
#2764=DIRECTION('',(0.,0.,-1.));
#2765=DIRECTION('',(-1.,0.,0.));
#2766=DIRECTION('',(0.,-1.,0.));
#2767=DIRECTION('',(0.,0.,-1.));
#2768=DIRECTION('',(1.,0.,0.));
#2769=DIRECTION('',(0.,0.,-1.));
#2770=DIRECTION('',(1.,0.,0.));
#2771=DIRECTION('',(0.,0.,-1.));
#2772=DIRECTION('',(0.,-1.,0.));
#2773=DIRECTION('',(0.,0.,-1.));
#2774=DIRECTION('',(1.,0.,0.));
#2775=DIRECTION('',(0.,1.,0.));
#2776=DIRECTION('',(1.,0.,0.));
#2777=DIRECTION('',(0.,0.,-1.));
#2778=DIRECTION('',(0.,-1.,0.));
#2779=DIRECTION('',(0.,0.,-1.));
#2780=DIRECTION('',(0.,-1.,0.));
#2781=DIRECTION('',(0.,0.,-1.));
#2782=DIRECTION('',(1.,0.,0.));
#2783=DIRECTION('',(0.,1.,0.));
#2784=DIRECTION('',(1.,0.,0.));
#2785=DIRECTION('',(0.,0.,-1.));
#2786=DIRECTION('',(0.,-1.,0.));
#2787=DIRECTION('',(0.,0.,1.));
#2788=DIRECTION('',(0.,-1.,0.));
#2789=DIRECTION('',(0.,0.,-1.));
#2790=DIRECTION('',(0.,0.,-1.));
#2791=DIRECTION('',(-1.,0.,0.));
#2792=DIRECTION('',(0.,0.,-1.));
#2793=DIRECTION('',(-1.,0.,0.));
#2794=DIRECTION('',(0.,-1.,0.));
#2795=DIRECTION('',(-1.,0.,0.));
#2796=DIRECTION('',(0.,-1.,0.));
#2797=DIRECTION('',(0.,1.,0.));
#2798=DIRECTION('',(0.,0.,1.));
#2799=DIRECTION('',(-1.,0.,0.));
#2800=DIRECTION('',(0.,0.,-1.));
#2801=DIRECTION('',(-1.,0.,0.));
#2802=DIRECTION('',(0.,0.,-1.));
#2803=DIRECTION('',(0.,0.,-1.));
#2804=DIRECTION('',(-1.,0.,0.));
#2805=DIRECTION('',(-1.,0.,0.));
#2806=DIRECTION('',(0.,-1.,0.));
#2807=DIRECTION('',(0.,0.,-1.));
#2808=DIRECTION('',(-1.,0.,0.));
#2809=DIRECTION('',(0.,-1.,0.));
#2810=DIRECTION('',(-1.,0.,0.));
#2811=DIRECTION('',(0.,0.,1.));
#2812=DIRECTION('',(1.,0.,0.));
#2813=DIRECTION('',(0.,0.,-1.));
#2814=DIRECTION('',(1.,0.,0.));
#2815=DIRECTION('',(0.,0.,-1.));
#2816=DIRECTION('',(1.,0.,0.));
#2817=DIRECTION('',(0.,0.,-1.));
#2818=DIRECTION('',(-1.,0.,0.));
#2819=DIRECTION('',(0.,0.,1.));
#2820=DIRECTION('',(1.,0.,0.));
#2821=DIRECTION('',(0.,0.,-1.));
#2822=DIRECTION('',(0.,1.,0.));
#2823=DIRECTION('',(0.,0.,1.));
#2824=DIRECTION('',(0.,1.,0.));
#2825=DIRECTION('',(0.,0.,1.));
#2826=DIRECTION('',(0.,0.,1.));
#2827=DIRECTION('',(1.,0.,0.));
#2828=DIRECTION('',(0.,0.,1.));
#2829=DIRECTION('',(1.,0.,0.));
#2830=DIRECTION('',(0.,0.,1.));
#2831=DIRECTION('',(1.,0.,0.));
#2832=DIRECTION('',(0.,1.,0.));
#2833=DIRECTION('',(0.,0.,1.));
#2834=DIRECTION('',(0.,0.,1.));
#2835=DIRECTION('',(1.,0.,0.));
#2836=DIRECTION('',(0.,0.,-1.));
#2837=DIRECTION('',(-1.,0.,0.));
#2838=DIRECTION('',(0.,-1.,0.));
#2839=DIRECTION('',(0.,0.,-1.));
#2840=DIRECTION('',(0.,0.,-1.));
#2841=DIRECTION('',(-1.,0.,0.));
#2842=DIRECTION('',(-0.998865547384858,0.0476195154064818,0.));
#2843=DIRECTION('',(-0.0476195154064818,-0.998865547384858,0.));
#2844=DIRECTION('',(0.998865547384858,0.047619515406483,1.2181914471266E-15));
#2845=DIRECTION('',(-0.047619515406483,0.998865547384858,0.));
#2846=DIRECTION('',(0.,1.,0.));
#2847=DIRECTION('',(0.,0.,1.));
#2848=DIRECTION('',(0.,0.,-1.));
#2849=DIRECTION('',(-1.,0.,0.));
#2850=DIRECTION('',(0.,0.,-1.));
#2851=DIRECTION('',(-1.,0.,0.));
#2852=DIRECTION('',(-1.,0.,0.));
#2853=DIRECTION('',(0.,0.,1.));
#2854=DIRECTION('',(-1.,0.,0.));
#2855=DIRECTION('',(0.,0.,1.));
#2856=DIRECTION('',(1.,0.,0.));
#2857=DIRECTION('',(0.,0.,-1.));
#2858=DIRECTION('',(0.,1.,0.));
#2859=DIRECTION('',(0.,0.,1.));
#2860=DIRECTION('',(0.,1.,0.));
#2861=DIRECTION('',(0.,0.,1.));
#2862=DIRECTION('',(0.,0.,-1.));
#2863=DIRECTION('',(-1.,0.,0.));
#2864=DIRECTION('',(0.,0.,-1.));
#2865=DIRECTION('',(-1.,0.,0.));
#2866=DIRECTION('',(0.,1.,0.));
#2867=DIRECTION('',(0.,0.,1.));
#2868=DIRECTION('',(0.,1.,0.));
#2869=DIRECTION('',(0.,0.,1.));
#2870=DIRECTION('',(0.,1.,0.));
#2871=DIRECTION('',(0.,0.,1.));
#2872=DIRECTION('',(0.,0.,-1.));
#2873=DIRECTION('',(-1.,0.,0.));
#2874=DIRECTION('',(0.,0.,1.));
#2875=DIRECTION('',(1.,0.,0.));
#2876=DIRECTION('',(0.,0.,-1.));
#2877=DIRECTION('',(-1.,0.,0.));
#2878=DIRECTION('',(0.,0.,1.));
#2879=DIRECTION('',(1.,0.,0.));
#2880=DIRECTION('',(0.,-1.,0.));
#2881=DIRECTION('',(0.,0.,-1.));
#2882=DIRECTION('',(0.998865547384858,0.0476195154064818,0.));
#2883=DIRECTION('',(-0.0476195154064818,0.998865547384858,0.));
#2884=DIRECTION('',(-0.998865547384858,0.047619515406483,-1.2181914471266E-15));
#2885=DIRECTION('',(-0.047619515406483,-0.998865547384858,0.));
#2886=DIRECTION('',(0.,0.,-1.));
#2887=DIRECTION('',(-1.,0.,0.));
#2888=DIRECTION('',(1.,0.,0.));
#2889=DIRECTION('',(0.,0.,-1.));
#2890=DIRECTION('',(1.,0.,0.));
#2891=DIRECTION('',(0.,0.,-1.));
#2892=DIRECTION('',(0.,-1.,0.));
#2893=DIRECTION('',(0.,0.,-1.));
#2894=DIRECTION('',(0.,1.,0.));
#2895=DIRECTION('',(0.,0.,-1.));
#2896=DIRECTION('',(0.,0.,-1.));
#2897=DIRECTION('',(-1.,0.,0.));
#2898=DIRECTION('',(1.,0.,0.));
#2899=DIRECTION('',(0.,0.,-1.));
#2900=DIRECTION('',(-1.,0.,0.));
#2901=DIRECTION('',(0.,0.,-1.));
#2902=DIRECTION('',(-1.,0.,6.66955076578187E-16));
#2903=DIRECTION('',(6.66955076578187E-16,0.,1.));
#2904=DIRECTION('',(1.,0.,0.));
#2905=DIRECTION('',(1.,0.,0.));
#2906=DIRECTION('',(1.,0.,0.));
#2907=DIRECTION('',(0.,0.,1.));
#2908=DIRECTION('',(1.,0.,0.));
#2909=DIRECTION('',(0.,0.,-1.));
#2910=DIRECTION('',(1.,0.,0.));
#2911=DIRECTION('',(-1.,0.,0.));
#2912=DIRECTION('',(0.,0.,1.));
#2913=DIRECTION('',(1.,0.,0.));
#2914=DIRECTION('',(0.,-1.,0.));
#2915=DIRECTION('',(0.,0.,-1.));
#2916=DIRECTION('',(0.,0.,1.));
#2917=DIRECTION('',(1.,0.,0.));
#2918=DIRECTION('',(0.,1.,0.));
#2919=DIRECTION('',(0.,0.,-1.));
#2920=DIRECTION('',(0.,0.,1.));
#2921=DIRECTION('',(-1.,0.,0.));
#2922=DIRECTION('',(0.,0.,-1.));
#2923=DIRECTION('',(0.,0.,-1.));
#2924=DIRECTION('',(0.,0.,-1.));
#2925=DIRECTION('',(-1.,0.,0.));
#2926=DIRECTION('',(0.,0.,-1.));
#2927=DIRECTION('',(1.,0.,0.));
#2928=DIRECTION('',(0.,0.,-1.));
#2929=DIRECTION('',(1.,0.,0.));
#2930=DIRECTION('',(0.,0.,-1.));
#2931=DIRECTION('',(1.,0.,0.));
#2932=DIRECTION('',(0.,0.,1.));
#2933=DIRECTION('',(1.,0.,0.));
#2934=DIRECTION('',(0.,0.,-1.));
#2935=DIRECTION('',(-6.66955076578187E-16,-1.,0.));
#2936=DIRECTION('',(-1.,6.66955076578187E-16,0.));
#2937=DIRECTION('',(0.,1.,0.));
#2938=DIRECTION('',(0.,0.,-1.));
#2939=DIRECTION('',(0.,0.,1.));
#2940=DIRECTION('',(1.,0.,0.));
#2941=DIRECTION('',(0.,1.,0.));
#2942=DIRECTION('',(0.,0.,1.));
#2943=DIRECTION('',(0.,0.,-1.));
#2944=DIRECTION('',(0.,0.,-1.));
#2945=DIRECTION('',(1.,0.,0.));
#2946=DIRECTION('',(0.,0.,-1.));
#2947=DIRECTION('',(-1.,0.,0.));
#2948=DIRECTION('',(-1.,0.,0.));
#2949=DIRECTION('',(0.,0.,-1.));
#2950=DIRECTION('',(0.,0.,1.));
#2951=DIRECTION('',(-1.,0.,0.));
#2952=DIRECTION('',(0.,1.,0.));
#2953=DIRECTION('',(0.,0.,-1.));
#2954=DIRECTION('',(0.,1.,0.));
#2955=DIRECTION('',(0.,0.,1.));
#2956=DIRECTION('',(0.,1.,0.));
#2957=DIRECTION('',(0.,1.,0.));
#2958=DIRECTION('',(0.,0.,1.));
#2959=DIRECTION('',(-1.,0.,0.));
#2960=DIRECTION('',(0.,1.,0.));
#2961=DIRECTION('',(0.,0.,-1.));
#2962=DIRECTION('',(-1.,0.,0.));
#2963=DIRECTION('',(0.,0.,1.));
#2964=DIRECTION('',(-1.,0.,0.));
#2965=DIRECTION('',(0.,0.,-1.));
#2966=DIRECTION('',(-1.,0.,0.));
#2967=DIRECTION('',(0.,1.,0.));
#2968=DIRECTION('',(0.,1.,0.));
#2969=DIRECTION('',(0.,-1.,0.));
#2970=DIRECTION('',(0.,0.,-1.));
#2971=DIRECTION('',(0.,1.,0.));
#2972=DIRECTION('',(-1.,0.,0.));
#2973=DIRECTION('',(0.,1.,0.));
#2974=DIRECTION('',(0.,0.,-1.));
#2975=DIRECTION('',(0.,0.,-1.));
#2976=DIRECTION('',(1.,0.,0.));
#2977=DIRECTION('',(0.,0.,1.));
#2978=DIRECTION('',(1.,0.,0.));
#2979=DIRECTION('',(0.,0.,-1.));
#2980=DIRECTION('',(-1.,0.,0.));
#2981=DIRECTION('',(-0.994807861775076,0.101770910138909,0.));
#2982=DIRECTION('',(-0.101770910138909,-0.994807861775076,0.));
#2983=DIRECTION('',(0.999960841130643,-0.00884964435990509,0.));
#2984=DIRECTION('',(0.00884964435990509,0.999960841130643,0.));
#2985=DIRECTION('',(0.,0.,1.));
#2986=DIRECTION('',(-1.,0.,0.));
#2987=DIRECTION('',(0.999960841130643,-0.00884964435990509,0.));
#2988=DIRECTION('',(0.00884964435990509,0.999960841130643,0.));
#2989=DIRECTION('',(0.,0.,1.));
#2990=DIRECTION('',(-1.,0.,0.));
#2991=DIRECTION('',(-0.994807861775076,0.101770910138909,0.));
#2992=DIRECTION('',(-0.101770910138909,-0.994807861775076,0.));
#2993=DIRECTION('',(0.,-1.,0.));
#2994=DIRECTION('',(0.,0.,-1.));
#2995=DIRECTION('',(0.,1.,0.));
#2996=DIRECTION('',(0.,0.,1.));
#2997=DIRECTION('',(-1.,0.,0.));
#2998=DIRECTION('',(0.,0.,-1.));
#2999=DIRECTION('',(0.,0.,-1.));
#3000=DIRECTION('',(0.,1.,0.));
#3001=DIRECTION('',(0.,0.,-1.));
#3002=DIRECTION('',(0.,1.,0.));
#3003=DIRECTION('',(0.,0.,1.));
#3004=DIRECTION('',(-1.,0.,0.));
#3005=DIRECTION('',(-1.,0.,0.));
#3006=DIRECTION('',(-1.,0.,0.));
#3007=DIRECTION('',(0.,0.,1.));
#3008=DIRECTION('',(-1.,0.,0.));
#3009=DIRECTION('',(-1.,0.,0.));
#3010=DIRECTION('',(-1.,0.,0.));
#3011=DIRECTION('',(0.,-1.,0.));
#3012=DIRECTION('',(-1.,0.,0.));
#3013=DIRECTION('',(0.,-1.,0.));
#3014=DIRECTION('',(-1.,0.,0.));
#3015=DIRECTION('',(0.,0.,1.));
#3016=DIRECTION('',(-1.,0.,0.));
#3017=DIRECTION('',(-1.,0.,0.));
#3018=DIRECTION('',(0.,1.,0.));
#3019=DIRECTION('',(-1.,0.,0.));
#3020=DIRECTION('',(0.,0.,1.));
#3021=DIRECTION('',(-1.,0.,0.));
#3022=DIRECTION('',(0.,1.,0.));
#3023=DIRECTION('',(-1.,0.,0.));
#3024=DIRECTION('',(-1.,0.,0.));
#3025=DIRECTION('',(0.,-1.,0.));
#3026=DIRECTION('',(-1.,0.,0.));
#3027=DIRECTION('',(-1.,0.,0.));
#3028=DIRECTION('',(0.,0.,-1.));
#3029=DIRECTION('',(-1.,0.,0.));
#3030=DIRECTION('',(0.,1.,0.));
#3031=DIRECTION('',(0.,0.,-1.));
#3032=DIRECTION('',(0.,0.,-1.));
#3033=DIRECTION('',(0.,1.,0.));
#3034=DIRECTION('',(0.,0.,-1.));
#3035=DIRECTION('',(0.,1.,0.));
#3036=DIRECTION('',(0.,0.,-1.));
#3037=DIRECTION('',(0.,-1.,0.));
#3038=DIRECTION('',(-1.,0.,0.));
#3039=DIRECTION('',(0.,0.,-1.));
#3040=DIRECTION('',(0.,1.,0.));
#3041=DIRECTION('',(0.,0.,-1.));
#3042=DIRECTION('',(-1.,0.,0.));
#3043=DIRECTION('',(0.,0.,1.));
#3044=DIRECTION('',(-1.,0.,0.));
#3045=DIRECTION('',(0.,1.,0.));
#3046=DIRECTION('',(0.,0.,-1.));
#3047=DIRECTION('',(0.,1.,0.));
#3048=DIRECTION('',(0.,0.,-1.));
#3049=DIRECTION('',(-1.,0.,0.));
#3050=DIRECTION('',(0.,0.,-1.));
#3051=DIRECTION('',(0.,1.,0.));
#3052=DIRECTION('',(0.,0.,-1.));
#3053=DIRECTION('',(0.,1.,0.));
#3054=DIRECTION('',(0.,0.,-1.));
#3055=DIRECTION('',(0.,1.,0.));
#3056=DIRECTION('',(0.,0.,1.));
#3057=DIRECTION('',(0.,1.,0.));
#3058=DIRECTION('',(0.,0.,-1.));
#3059=DIRECTION('',(0.,1.,0.));
#3060=DIRECTION('',(0.,0.,-1.));
#3061=DIRECTION('',(0.,1.,0.));
#3062=DIRECTION('',(0.,0.,1.));
#3063=DIRECTION('',(0.,1.,0.));
#3064=DIRECTION('',(0.,0.,-1.));
#3065=DIRECTION('',(0.,1.,0.));
#3066=DIRECTION('',(0.,0.,-1.));
#3067=DIRECTION('',(0.,-1.,0.));
#3068=DIRECTION('',(0.,0.,-1.));
#3069=DIRECTION('',(0.,1.,0.));
#3070=DIRECTION('',(0.,0.,-1.));
#3071=DIRECTION('',(0.,1.,0.));
#3072=DIRECTION('',(0.,0.,-1.));
#3073=DIRECTION('',(1.,0.,0.));
#3074=DIRECTION('',(0.,0.,1.));
#3075=DIRECTION('',(-1.,0.,0.));
#3076=DIRECTION('',(0.,0.,1.));
#3077=DIRECTION('',(0.,-1.,0.));
#3078=DIRECTION('',(0.,0.,-1.));
#3079=DIRECTION('',(0.,0.,1.));
#3080=DIRECTION('',(1.,0.,0.));
#3081=DIRECTION('',(0.,0.,-1.));
#3082=DIRECTION('',(-1.,0.,0.));
#3083=DIRECTION('',(0.,0.,-1.));
#3084=DIRECTION('',(1.,0.,0.));
#3085=DIRECTION('',(0.,0.,1.));
#3086=DIRECTION('',(1.,0.,0.));
#3087=DIRECTION('',(0.,0.,-1.));
#3088=DIRECTION('',(1.,0.,0.));
#3089=DIRECTION('',(0.,0.,-1.));
#3090=DIRECTION('',(-1.,0.,0.));
#3091=DIRECTION('',(0.,-1.,0.));
#3092=DIRECTION('',(0.,0.,-1.));
#3093=DIRECTION('',(1.,0.,0.));
#3094=DIRECTION('',(0.,0.,-1.));
#3095=DIRECTION('',(-1.,0.,0.));
#3096=DIRECTION('',(0.,0.,-1.));
#3097=DIRECTION('',(0.,-1.,0.));
#3098=DIRECTION('',(0.,0.,-1.));
#3099=DIRECTION('',(1.,0.,0.));
#3100=DIRECTION('',(0.,0.,1.));
#3101=DIRECTION('',(-1.,0.,0.));
#3102=DIRECTION('',(0.,0.,1.));
#3103=DIRECTION('',(0.,-1.,0.));
#3104=DIRECTION('',(0.,0.,-1.));
#3105=DIRECTION('',(0.,0.,-1.));
#3106=DIRECTION('',(-1.,0.,0.));
#3107=DIRECTION('',(0.,0.,1.));
#3108=DIRECTION('',(1.,0.,0.));
#3109=DIRECTION('',(0.,0.,1.));
#3110=DIRECTION('',(-1.,0.,0.));
#3111=DIRECTION('',(0.,0.,-1.));
#3112=DIRECTION('',(-1.,0.,0.));
#3113=DIRECTION('',(0.,0.,-1.));
#3114=DIRECTION('',(1.,0.,0.));
#3115=DIRECTION('',(0.,0.,1.));
#3116=DIRECTION('',(1.,0.,0.));
#3117=DIRECTION('',(0.,-1.,0.));
#3118=DIRECTION('',(0.,0.,-1.));
#3119=DIRECTION('',(1.,0.,0.));
#3120=DIRECTION('',(0.,0.,-1.));
#3121=DIRECTION('',(-1.,0.,0.));
#3122=DIRECTION('',(0.,0.,-1.));
#3123=DIRECTION('',(0.,-1.,0.));
#3124=DIRECTION('',(0.,0.,-1.));
#3125=CARTESIAN_POINT('',(0.,0.,0.));
#3126=CARTESIAN_POINT('',(0.,0.,0.013719636015594));
#3127=CARTESIAN_POINT('',(-0.00143657663393399,0.0227127885273307,0.106607221939278));
#3128=CARTESIAN_POINT('',(-0.00143657663393399,0.0227127885273307,0.106794455180845));
#3129=CARTESIAN_POINT('',(-0.00127078811995966,0.0227234390380089,0.106962821939278));
#3130=CARTESIAN_POINT('',(-0.00108373325016072,0.0227323566168337,0.106962821939278));
#3131=CARTESIAN_POINT('',(-0.00143657663393399,0.0227127885273307,0.106607221939278));
#3132=CARTESIAN_POINT('',(-0.00108373325016073,0.0227323566168337,0.106962821939278));
#3133=CARTESIAN_POINT('',(-0.00143657663393399,0.0227127885273307,0.013719636015594));
#3134=CARTESIAN_POINT('',(-0.00143657663393399,0.0227127885273307,0.101882821939278));
#3135=CARTESIAN_POINT('',(-0.00108373325016073,0.0227323566168337,0.101527221939278));
#3136=CARTESIAN_POINT('',(-0.00127077807100854,0.0227234395170785,0.101527221939278));
#3137=CARTESIAN_POINT('',(-0.00143657663393399,0.0227127885273307,0.101695597843979));
#3138=CARTESIAN_POINT('',(-0.00143657663393399,0.0227127885273307,0.101882821939278));
#3139=CARTESIAN_POINT('',(-0.00108373325016073,0.0227323566168337,0.101527221939278));
#3140=CARTESIAN_POINT('',(0.,0.,0.101527221939278));
#3141=CARTESIAN_POINT('',(0.00108373325016073,0.0227323566168337,0.101527221939278));
#3142=CARTESIAN_POINT('',(0.00143657663393399,0.0227127885273307,0.101882821939278));
#3143=CARTESIAN_POINT('',(0.00143657663393399,0.0227127885273307,0.10169558869771));
#3144=CARTESIAN_POINT('',(0.00127078811995966,0.0227234390380089,0.101527221939278));
#3145=CARTESIAN_POINT('',(0.00108373325016072,0.0227323566168337,0.101527221939278));
#3146=CARTESIAN_POINT('',(0.00143657663393399,0.0227127885273307,0.101882821939278));
#3147=CARTESIAN_POINT('',(0.00143657663393399,0.0227127885273307,0.013719636015594));
#3148=CARTESIAN_POINT('',(0.00143657663393399,0.0227127885273307,0.106607221939278));
#3149=CARTESIAN_POINT('',(0.00108373325016073,0.0227323566168337,0.106962821939278));
#3150=CARTESIAN_POINT('',(0.00127077807100854,0.0227234395170785,0.106962821939278));
#3151=CARTESIAN_POINT('',(0.00143657663393399,0.0227127885273307,0.106794446034576));
#3152=CARTESIAN_POINT('',(0.00143657663393399,0.0227127885273307,0.106607221939278));
#3153=CARTESIAN_POINT('',(0.00108373325016073,0.0227323566168337,0.106962821939278));
#3154=CARTESIAN_POINT('',(0.,0.,0.106962821939278));
#3155=CARTESIAN_POINT('',(-0.0227127885273307,0.00143657663393399,0.013719636015594));
#3156=CARTESIAN_POINT('',(-0.0227127885273307,0.00143657663393399,0.0133902798996747));
#3157=CARTESIAN_POINT('',(-0.0227127885273307,0.00143657663393399,0.0181146798996746));
#3158=CARTESIAN_POINT('',(-0.0227127885273307,0.00143657663393399,0.0181146798996746));
#3159=CARTESIAN_POINT('',(-0.0227127885273307,0.00143657663393399,0.0182706196987406));
#3160=CARTESIAN_POINT('',(-0.0227280988490582,0.00120471025970028,0.0185669333454236));
#3161=CARTESIAN_POINT('',(-0.0227422153599622,0.000855669369893786,0.0184277755612217));
#3162=CARTESIAN_POINT('',(-0.0227448670944566,0.000778161916255821,0.0182924798996747));
#3163=CARTESIAN_POINT('',(-0.0227448670944566,0.000778161916255822,0.0182924798996747));
#3164=CARTESIAN_POINT('',(0.,0.,0.0182924798996747));
#3165=CARTESIAN_POINT('',(-0.0227448670944566,-0.000778161916255824,0.0182924798996747));
#3166=CARTESIAN_POINT('',(-0.0227448670944567,-0.000778161916255823,0.0182924798996747));
#3167=CARTESIAN_POINT('',(-0.0227422147336524,-0.000855687676278245,0.0184278075165277));
#3168=CARTESIAN_POINT('',(-0.0227280482577991,-0.00120568518532723,0.018566632604945));
#3169=CARTESIAN_POINT('',(-0.0227127885273307,-0.00143657663393399,0.0182706539500542));
#3170=CARTESIAN_POINT('',(-0.0227127885273307,-0.00143657663393399,0.0181146798996747));
#3171=CARTESIAN_POINT('',(-0.0227127885273307,-0.00143657663393399,0.0181146798996746));
#3172=CARTESIAN_POINT('',(-0.0227127885273307,-0.00143657663393399,0.013719636015594));
#3173=CARTESIAN_POINT('',(-0.0227127885273307,-0.00143657663393399,0.0133902798996747));
#3174=CARTESIAN_POINT('',(-0.0227127885273307,-0.00143657663393399,0.0133902798996747));
#3175=CARTESIAN_POINT('',(-0.0227127885273307,-0.00143657663393399,0.0132343401006087));
#3176=CARTESIAN_POINT('',(-0.0227280988490582,-0.00120471025970029,0.0129380264539257));
#3177=CARTESIAN_POINT('',(-0.0227422153599622,-0.000855669369893793,0.0130771842381276));
#3178=CARTESIAN_POINT('',(-0.0227448670944567,-0.000778161916255822,0.0132124798996746));
#3179=CARTESIAN_POINT('',(-0.0227448670944566,-0.000778161916255822,0.0132124798996746));
#3180=CARTESIAN_POINT('',(0.,0.,0.0132124798996746));
#3181=CARTESIAN_POINT('',(-0.0227448670944566,0.000778161916255823,0.0132124798996746));
#3182=CARTESIAN_POINT('',(-0.0227448670944567,0.000778161916255823,0.0132124798996746));
#3183=CARTESIAN_POINT('',(-0.0227422147336524,0.000855687676278252,0.0130771522828216));
#3184=CARTESIAN_POINT('',(-0.0227280482577991,0.00120568518532724,0.0129383271944044));
#3185=CARTESIAN_POINT('',(-0.0227127885273307,0.00143657663393398,0.0132343058492951));
#3186=CARTESIAN_POINT('',(-0.0227127885273307,0.00143657663393399,0.0133902798996746));
#3187=CARTESIAN_POINT('',(0.,0.,0.00358668994158506));
#3188=CARTESIAN_POINT('',(-0.022758174687624,0.,0.00358668994158506));
#3189=CARTESIAN_POINT('',(0.,0.,0.113293468952179));
#3190=CARTESIAN_POINT('',(-0.022758174687624,0.,0.113293468952179));
#3191=CARTESIAN_POINT('',(0.,0.,0.106988221939278));
#3192=CARTESIAN_POINT('',(-0.000201401752266067,-0.0227572835032346,0.106988221939278));
#3193=CARTESIAN_POINT('',(-0.00231612015105978,-0.0226400110988989,0.106988221939278));
#3194=CARTESIAN_POINT('',(-0.000201401752266068,-0.0227572835032346,0.106988221939278));
#3195=CARTESIAN_POINT('',(-0.000130493751043478,-0.0227579110384013,0.106988221939278));
#3196=CARTESIAN_POINT('',(-6.09393580066047E-5,-0.022758174687624,0.106969272158331));
#3197=CARTESIAN_POINT('',(-1.77698138051167E-17,-0.022758174687624,0.106933774663376));
#3198=CARTESIAN_POINT('',(-1.68111685280118E-17,-0.022758174687624,0.106933774663376));
#3199=CARTESIAN_POINT('',(0.000201401752266068,-0.0227572835032346,0.106988221939278));
#3200=CARTESIAN_POINT('',(0.000130493751043467,-0.0227579110384013,0.106988221939278));
#3201=CARTESIAN_POINT('',(6.09393580065839E-5,-0.022758174687624,0.106969272158331));
#3202=CARTESIAN_POINT('',(-1.04603222297222E-17,-0.022758174687624,0.106933774663376));
#3203=CARTESIAN_POINT('',(0.000201401752266068,-0.0227572835032346,0.106988221939278));
#3204=CARTESIAN_POINT('',(0.,0.,0.106988221939278));
#3205=CARTESIAN_POINT('',(0.00231612015105978,-0.0226400110988989,0.106988221939278));
#3206=CARTESIAN_POINT('',(0.00271892365559191,-0.0225951757963391,0.106581821939278));
#3207=CARTESIAN_POINT('',(0.00271892365559191,-0.0225951757963391,0.106796189993544));
#3208=CARTESIAN_POINT('',(0.00252939428200581,-0.0226181927124049,0.106988221939278));
#3209=CARTESIAN_POINT('',(0.00231612015105978,-0.0226400110988989,0.106988221939278));
#3210=CARTESIAN_POINT('',(0.00271892365559191,-0.0225951757963391,0.106581821939278));
#3211=CARTESIAN_POINT('',(0.00271892365559191,-0.0225951757963392,0.013719636015594));
#3212=CARTESIAN_POINT('',(0.00271892365559191,-0.0225951757963391,0.101908221939278));
#3213=CARTESIAN_POINT('',(0.00231612015105978,-0.0226400110988989,0.101501821939278));
#3214=CARTESIAN_POINT('',(0.00252936387113305,-0.0226181958235003,0.101501821939278));
#3215=CARTESIAN_POINT('',(0.00271892365559191,-0.0225951757963391,0.101693882223413));
#3216=CARTESIAN_POINT('',(0.00271892365559191,-0.0225951757963391,0.101908221939278));
#3217=CARTESIAN_POINT('',(0.00231612015105978,-0.0226400110988989,0.101501821939278));
#3218=CARTESIAN_POINT('',(0.,0.,0.101501821939278));
#3219=CARTESIAN_POINT('',(0.000201401752266068,-0.0227572835032346,0.101501821939278));
#3220=CARTESIAN_POINT('',(-2.74695307695438E-18,-0.0227581746876241,0.10155626921518));
#3221=CARTESIAN_POINT('',(6.05247081958456E-5,-0.0227581746876241,0.101521013255909));
#3222=CARTESIAN_POINT('',(0.00013034870737858,-0.0227579123220364,0.101501821939278));
#3223=CARTESIAN_POINT('',(0.000201401752266069,-0.0227572835032346,0.101501821939278));
#3224=CARTESIAN_POINT('',(-2.61729838408364E-18,-0.022758174687624,0.10155626921518));
#3225=CARTESIAN_POINT('',(-9.85513300873819E-18,-0.0227581746876241,0.10155626921518));
#3226=CARTESIAN_POINT('',(-6.05247081958568E-5,-0.0227581746876241,0.101521013255909));
#3227=CARTESIAN_POINT('',(-0.000130348707378584,-0.0227579123220364,0.101501821939278));
#3228=CARTESIAN_POINT('',(-0.000201401752266069,-0.0227572835032346,0.101501821939278));
#3229=CARTESIAN_POINT('',(-0.000201401752266068,-0.0227572835032346,0.101501821939278));
#3230=CARTESIAN_POINT('',(0.,0.,0.101501821939278));
#3231=CARTESIAN_POINT('',(-0.00231612015105978,-0.0226400110988989,0.101501821939278));
#3232=CARTESIAN_POINT('',(-0.00231612015105978,-0.0226400110988989,0.101501821939278));
#3233=CARTESIAN_POINT('',(-0.00252936387113305,-0.0226181958235003,0.101501821939278));
#3234=CARTESIAN_POINT('',(-0.00271892365559191,-0.0225951757963391,0.101693882223413));
#3235=CARTESIAN_POINT('',(-0.00271892365559191,-0.0225951757963391,0.101908221939278));
#3236=CARTESIAN_POINT('',(-0.00271892365559191,-0.0225951757963391,0.101908221939278));
#3237=CARTESIAN_POINT('',(-0.00271892365559191,-0.0225951757963392,0.013719636015594));
#3238=CARTESIAN_POINT('',(-0.00271892365559192,-0.0225951757963393,0.106581821939278));
#3239=CARTESIAN_POINT('',(-0.00271892365559191,-0.0225951757963391,0.106581821939278));
#3240=CARTESIAN_POINT('',(-0.00271892365559191,-0.0225951757963391,0.106796189993544));
#3241=CARTESIAN_POINT('',(-0.00252939428200581,-0.0226181927124049,0.106988221939278));
#3242=CARTESIAN_POINT('',(-0.00231612015105978,-0.0226400110988989,0.106988221939278));
#3243=CARTESIAN_POINT('',(0.0227448670944567,0.000778161916255823,0.0132124798996746));
#3244=CARTESIAN_POINT('',(0.0227422147336524,0.000855687676278252,0.0130771522828216));
#3245=CARTESIAN_POINT('',(0.0227280482577991,0.00120568518532724,0.0129383271944044));
#3246=CARTESIAN_POINT('',(0.0227127885273307,0.00143657663393398,0.0132343058492951));
#3247=CARTESIAN_POINT('',(0.0227127885273307,0.00143657663393399,0.0133902798996746));
#3248=CARTESIAN_POINT('',(0.0227448670944566,0.000778161916255823,0.0132124798996746));
#3249=CARTESIAN_POINT('',(0.0227127885273307,0.00143657663393399,0.0133902798996747));
#3250=CARTESIAN_POINT('',(0.,0.,0.0132124798996746));
#3251=CARTESIAN_POINT('',(0.0227448670944567,-0.000778161916255822,0.0132124798996746));
#3252=CARTESIAN_POINT('',(0.0227127885273307,-0.00143657663393399,0.0133902798996747));
#3253=CARTESIAN_POINT('',(0.0227127885273307,-0.00143657663393399,0.0132343401006087));
#3254=CARTESIAN_POINT('',(0.0227280988490582,-0.00120471025970029,0.0129380264539257));
#3255=CARTESIAN_POINT('',(0.0227422153599622,-0.000855669369893793,0.0130771842381276));
#3256=CARTESIAN_POINT('',(0.0227448670944566,-0.000778161916255822,0.0132124798996746));
#3257=CARTESIAN_POINT('',(0.0227127885273307,-0.00143657663393399,0.0133902798996747));
#3258=CARTESIAN_POINT('',(0.0227127885273307,-0.00143657663393399,0.013719636015594));
#3259=CARTESIAN_POINT('',(0.0227127885273307,-0.00143657663393399,0.0181146798996746));
#3260=CARTESIAN_POINT('',(0.0227448670944566,-0.000778161916255823,0.0182924798996747));
#3261=CARTESIAN_POINT('',(0.0227422147336524,-0.000855687676278245,0.0184278075165277));
#3262=CARTESIAN_POINT('',(0.0227280482577991,-0.00120568518532723,0.018566632604945));
#3263=CARTESIAN_POINT('',(0.0227127885273307,-0.00143657663393399,0.0182706539500542));
#3264=CARTESIAN_POINT('',(0.0227127885273307,-0.00143657663393399,0.0181146798996746));
#3265=CARTESIAN_POINT('',(0.0227448670944567,-0.000778161916255819,0.0182924798996747));
#3266=CARTESIAN_POINT('',(0.,0.,0.0182924798996747));
#3267=CARTESIAN_POINT('',(0.0227448670944567,0.000778161916255821,0.0182924798996747));
#3268=CARTESIAN_POINT('',(0.0227127885273307,0.00143657663393399,0.0181146798996747));
#3269=CARTESIAN_POINT('',(0.0227127885273307,0.00143657663393399,0.0182706196987406));
#3270=CARTESIAN_POINT('',(0.0227280988490582,0.00120471025970028,0.0185669333454236));
#3271=CARTESIAN_POINT('',(0.0227422153599622,0.000855669369893786,0.0184277755612217));
#3272=CARTESIAN_POINT('',(0.0227448670944567,0.000778161916255821,0.0182924798996747));
#3273=CARTESIAN_POINT('',(0.0227127885273307,0.00143657663393399,0.0181146798996746));
#3274=CARTESIAN_POINT('',(0.0227127885273307,0.00143657663393399,0.013719636015594));
#3275=CARTESIAN_POINT('',(-0.000201383541160975,-0.0227572836643954,0.106577957510403));
#3276=CARTESIAN_POINT('',(9.34800932801271E-9,-0.0227590658284614,0.106579872777705));
#3277=CARTESIAN_POINT('',(9.18685292712585E-9,-0.0229604757087521,0.10657988972484));
#3278=CARTESIAN_POINT('',(-0.000203417748561877,-0.0227572656633064,0.106793761496533));
#3279=CARTESIAN_POINT('',(-1.0347676509727E-6,-0.0227590745910167,0.106688713700524));
#3280=CARTESIAN_POINT('',(-1.01689197183521E-6,-0.022960457546758,0.106687791718916));
#3281=CARTESIAN_POINT('',(-1.00834852590135E-5,-0.0227591551456656,0.106988221873768));
#3282=CARTESIAN_POINT('',(9.63509017739225E-5,-0.0227582132021108,0.106784075560611));
#3283=CARTESIAN_POINT('',(9.65132413602878E-5,-0.0229623638986352,0.10678502193928));
#3284=CARTESIAN_POINT('',(0.000201401752275186,-0.0227572835032345,0.106988221939278));
#3285=CARTESIAN_POINT('',(0.000201401752270587,-0.0227572835032346,0.106785021939278));
#3286=CARTESIAN_POINT('',(0.0002032000000046,-0.0229604755461523,0.106785021939278));
#3287=CARTESIAN_POINT('',(-1.01310673749992E-16,-0.022758174687624,0.106933774663376));
#3288=CARTESIAN_POINT('',(2.53533177389642E-15,-0.022758174687624,0.106795270657965));
#3289=CARTESIAN_POINT('',(-1.48869274060098E-21,-0.0228619172377886,0.106680380283076));
#3290=CARTESIAN_POINT('',(-1.48869274060098E-21,-0.0229604703544984,0.106581827130933));
#3291=CARTESIAN_POINT('',(0.,-0.0229604755461524,0.106581821939278));
#3292=CARTESIAN_POINT('',(0.,-0.0229604755461524,0.106581821939278));
#3293=CARTESIAN_POINT('',(0.,-0.0229604755461524,0.106689158479201));
#3294=CARTESIAN_POINT('',(9.58799615933365E-5,-0.0229623751088824,0.106785021939278));
#3295=CARTESIAN_POINT('',(0.000203199999999786,-0.0229604755461525,0.106785021939279));
#3296=CARTESIAN_POINT('',(0.0002032,-0.0229604755461524,0.106785021939278));
#3297=CARTESIAN_POINT('',(0.0002032,-0.0229604755461524,0.106988221939278));
#3298=CARTESIAN_POINT('',(0.000201401752266067,-0.0227572835032346,0.101501821939278));
#3299=CARTESIAN_POINT('',(0.000201401752266067,-0.0227572835032346,0.101705021939278));
#3300=CARTESIAN_POINT('',(0.0002032,-0.0229604755461524,0.101705021939278));
#3301=CARTESIAN_POINT('',(-1.28304121955015E-5,-0.0227591794559439,0.101501822159195));
#3302=CARTESIAN_POINT('',(9.49832075689286E-5,-0.0227582253062208,0.101705980713443));
#3303=CARTESIAN_POINT('',(9.51275146918595E-5,-0.0229623884232386,0.101705021939278));
#3304=CARTESIAN_POINT('',(-0.000203372359314584,-0.0227572660649272,0.101698552817413));
#3305=CARTESIAN_POINT('',(-1.01147194072476E-6,-0.0227590743955116,0.101802475102472));
#3306=CARTESIAN_POINT('',(-9.94139974323846E-7,-0.0229604579519708,0.101803387378714));
#3307=CARTESIAN_POINT('',(-0.000201383967589219,-0.0227572836606219,0.101912040856741));
#3308=CARTESIAN_POINT('',(9.12911829012192E-9,-0.0227590658302984,0.101910148145611));
#3309=CARTESIAN_POINT('',(8.97173508873422E-9,-0.0229604757049449,0.101910131398009));
#3310=CARTESIAN_POINT('',(-1.57504198002622E-18,-0.022758174687624,0.10155626921518));
#3311=CARTESIAN_POINT('',(9.2405581453026E-17,-0.0227581746876241,0.101694817866346));
#3312=CARTESIAN_POINT('',(2.76159417379657E-21,-0.0228625120414266,0.101810251146016));
#3313=CARTESIAN_POINT('',(2.76159417379657E-21,-0.0229604755461524,0.101908221939278));
#3314=CARTESIAN_POINT('',(0.,-0.0229604755461524,0.101908221939278));
#3315=CARTESIAN_POINT('',(0.0002032,-0.0229604755461524,0.101501821939278));
#3316=CARTESIAN_POINT('',(0.0002032,-0.0229604755461524,0.101705021939278));
#3317=CARTESIAN_POINT('',(0.0002032,-0.0229604755461524,0.101705021939278));
#3318=CARTESIAN_POINT('',(9.58801223352732E-5,-0.0229623751060371,0.101705021939278));
#3319=CARTESIAN_POINT('',(-8.59945305784473E-16,-0.0229604755461525,0.101800885460469));
#3320=CARTESIAN_POINT('',(-9.62574736281957E-16,-0.0229604755461525,0.101908221939277));
#3321=CARTESIAN_POINT('',(0.011379087343812,0.,0.00358668994158506));
#3322=CARTESIAN_POINT('',(0.020904087343812,0.,0.113293468952179));
#3323=CARTESIAN_POINT('',(0.,0.,0.113293468952179));
#3324=CARTESIAN_POINT('',(-0.01905,0.,0.113293468952179));
#3325=CARTESIAN_POINT('',(0.,0.,0.013719636015594));
#3326=CARTESIAN_POINT('',(0.0190076195248117,-0.00127,0.013719636015594));
#3327=CARTESIAN_POINT('',(0.0190076195248117,-0.00127,0.0132124798996746));
#3328=CARTESIAN_POINT('',(0.0190076195248117,-0.00127,0.0182924798996747));
#3329=CARTESIAN_POINT('',(0.,0.,0.0132124798996746));
#3330=CARTESIAN_POINT('',(0.0190076195248117,0.00127,0.0132124798996746));
#3331=CARTESIAN_POINT('',(0.0190076195248117,0.00127,0.013719636015594));
#3332=CARTESIAN_POINT('',(0.0190076195248117,0.00127,0.0182924798996747));
#3333=CARTESIAN_POINT('',(0.,0.,0.0182924798996747));
#3334=CARTESIAN_POINT('',(0.,0.,0.0132124798996746));
#3335=CARTESIAN_POINT('',(-0.0190076195248117,-0.00127,0.0132124798996746));
#3336=CARTESIAN_POINT('',(-0.0190076195248117,0.00127,0.0132124798996746));
#3337=CARTESIAN_POINT('',(-0.0190076195248117,-0.00127,0.013719636015594));
#3338=CARTESIAN_POINT('',(-0.0190076195248117,-0.00127,0.0182924798996747));
#3339=CARTESIAN_POINT('',(0.,0.,0.0182924798996747));
#3340=CARTESIAN_POINT('',(-0.0190076195248117,0.00127,0.0182924798996747));
#3341=CARTESIAN_POINT('',(-0.0190076195248117,0.00127,0.013719636015594));
#3342=CARTESIAN_POINT('',(0.,0.,0.00691810775897992));
#3343=CARTESIAN_POINT('',(-0.01905,0.,0.00691810775897992));
#3344=CARTESIAN_POINT('',(0.009525,0.,0.00691810775897992));
#3345=CARTESIAN_POINT('',(-0.0186908111592931,-0.00127,0.0157524798996747));
#3346=CARTESIAN_POINT('',(-0.0186908111592931,0.00127,0.0157524798996747));
#3347=CARTESIAN_POINT('',(-0.0186908111592931,0.00127,0.0182924798996747));
#3348=CARTESIAN_POINT('',(-0.0186908111592931,0.00127,0.0132124798996746));
#3349=CARTESIAN_POINT('',(-0.0186908111592931,-0.00127,0.0182924798996747));
#3350=CARTESIAN_POINT('',(-0.0186908111592931,-0.00127,0.0182924798996747));
#3351=CARTESIAN_POINT('',(-0.0186908111592931,-0.00127,0.0157524798996747));
#3352=CARTESIAN_POINT('',(-0.0186908111592931,-0.00127,0.0132124798996746));
#3353=CARTESIAN_POINT('',(-0.0186908111592931,-0.00127,0.0132124798996746));
#3354=CARTESIAN_POINT('',(-0.0226515159010887,0.00127,0.0157524798996747));
#3355=CARTESIAN_POINT('',(-0.0226515159010887,0.00127,0.0132124798996746));
#3356=CARTESIAN_POINT('',(-0.0226515159010887,0.00127,0.0182924798996747));
#3357=CARTESIAN_POINT('',(-0.0226515159010887,-0.00127,0.0157524798996747));
#3358=CARTESIAN_POINT('',(-0.0226515159010887,-0.00127,0.0132124798996746));
#3359=CARTESIAN_POINT('',(-0.0226515159010887,-0.00127,0.0182924798996747));
#3360=CARTESIAN_POINT('',(-0.0226515159010887,-0.00127,0.0132124798996746));
#3361=CARTESIAN_POINT('',(-0.0226515159010887,-0.00127,0.0182924798996747));
#3362=CARTESIAN_POINT('',(-0.0226515159010887,-0.00127,0.0182924798996747));
#3363=CARTESIAN_POINT('',(-0.0227448670944566,0.000778161916255822,0.0182924798996747));
#3364=CARTESIAN_POINT('',(-0.0227406657902063,0.000900961689415563,0.0182924798996747));
#3365=CARTESIAN_POINT('',(-0.0228286869737892,0.00100260457854444,0.0182924798996747));
#3366=CARTESIAN_POINT('',(-0.0229099549111588,0.00109219999999991,0.0182924798996747));
#3367=CARTESIAN_POINT('',(-0.0229099549111588,0.0010922,0.0182924798996747));
#3368=CARTESIAN_POINT('',(-0.0239754165900604,0.0010922,0.0182924798996747));
#3369=CARTESIAN_POINT('',(-0.0239754165900604,0.0010922,0.0182924798996747));
#3370=CARTESIAN_POINT('',(-0.0239754165900604,-0.00127,0.0182924798996747));
#3371=CARTESIAN_POINT('',(-0.0239754165900604,-0.0010922,0.0182924798996747));
#3372=CARTESIAN_POINT('',(-0.0226515159010887,-0.0010922,0.0182924798996747));
#3373=CARTESIAN_POINT('',(-0.0229099549111588,-0.0010922,0.0182924798996747));
#3374=CARTESIAN_POINT('',(-0.0227448670944566,-0.000778161916255823,0.0182924798996747));
#3375=CARTESIAN_POINT('',(-0.0227406657902064,-0.000900961689418033,0.0182924798996747));
#3376=CARTESIAN_POINT('',(-0.0228286869795712,-0.00100260457329654,0.0182924798996747));
#3377=CARTESIAN_POINT('',(-0.0229099549111588,-0.0010922,0.0182924798996747));
#3378=CARTESIAN_POINT('',(-0.0226515159010887,-0.00127,0.0132124798996746));
#3379=CARTESIAN_POINT('',(-0.0253422206428843,-0.00127,0.0132124798996746));
#3380=CARTESIAN_POINT('',(-0.0253422206428843,-0.0010922,0.0132124798996746));
#3381=CARTESIAN_POINT('',(-0.0253422206428843,0.0010922,0.0132124798996746));
#3382=CARTESIAN_POINT('',(-0.0226515159010887,0.0010922,0.0132124798996746));
#3383=CARTESIAN_POINT('',(-0.0229099549111588,0.0010922,0.0132124798996746));
#3384=CARTESIAN_POINT('',(-0.0227448670944566,0.000778161916255823,0.0132124798996746));
#3385=CARTESIAN_POINT('',(-0.0227406657902064,0.000900961689418035,0.0132124798996746));
#3386=CARTESIAN_POINT('',(-0.0228286869795679,0.00100260457329959,0.0132124798996746));
#3387=CARTESIAN_POINT('',(-0.0229099549111588,0.0010922,0.0132124798996746));
#3388=CARTESIAN_POINT('',(-0.0227448670944566,-0.000778161916255822,0.0132124798996747));
#3389=CARTESIAN_POINT('',(-0.0227406657902063,-0.000900961689415566,0.0132124798996747));
#3390=CARTESIAN_POINT('',(-0.0228286869737885,-0.0010026045785451,0.0132124798996746));
#3391=CARTESIAN_POINT('',(-0.0229099549111588,-0.00109219999999991,0.0132124798996746));
#3392=CARTESIAN_POINT('',(-0.0229099549111588,-0.0010922,0.0132124798996746));
#3393=CARTESIAN_POINT('',(-0.0253422206428843,-0.0010922,0.0132124798996746));
#3394=CARTESIAN_POINT('',(-0.0226515159010887,-0.00127,0.0157524798996747));
#3395=CARTESIAN_POINT('',(-0.0226515159010887,-0.00127,0.0181146798996746));
#3396=CARTESIAN_POINT('',(-0.022890233944443,-0.00127,0.0181146798996746));
#3397=CARTESIAN_POINT('',(-0.0239754165900604,-0.00127,0.0181146798996746));
#3398=CARTESIAN_POINT('',(-0.0239754165900604,-0.00127,0.0156556758468508));
#3399=CARTESIAN_POINT('',(-0.0264344206428844,-0.00127,0.0156556758468508));
#3400=CARTESIAN_POINT('',(-0.0264344206428844,-0.00127,0.0144824798996746));
#3401=CARTESIAN_POINT('',(-0.0264344206428844,-0.00127,0.0144824798996746));
#3402=CARTESIAN_POINT('',(-0.0253422206428843,-0.00127,0.0144824798996746));
#3403=CARTESIAN_POINT('',(-0.0253422206428843,-0.00127,0.0133902798996747));
#3404=CARTESIAN_POINT('',(-0.0227227114383915,-0.00127,0.0133902798996747));
#3405=CARTESIAN_POINT('',(-0.022890233944443,-0.00127,0.0133902798996747));
#3406=CARTESIAN_POINT('',(-0.022890233944443,-0.00127,0.0157524798996747));
#3407=CARTESIAN_POINT('',(-0.0245404676450552,-0.00127,0.015938977977645));
#3408=CARTESIAN_POINT('',(-0.0245404676450552,-0.00127,0.0142962269075331));
#3409=CARTESIAN_POINT('',(-0.0226515159010887,0.00127,0.0157524798996747));
#3410=CARTESIAN_POINT('',(-0.0264344206428844,0.00127,0.0157524798996747));
#3411=CARTESIAN_POINT('',(-0.0264344206428844,0.00127,0.0144824798996746));
#3412=CARTESIAN_POINT('',(-0.0264344206428844,0.00127,0.0156556758468508));
#3413=CARTESIAN_POINT('',(-0.0239754165900604,0.00127,0.0156556758468508));
#3414=CARTESIAN_POINT('',(-0.0239754165900604,0.00127,0.0181146798996746));
#3415=CARTESIAN_POINT('',(-0.0227227114383915,0.00127,0.0181146798996746));
#3416=CARTESIAN_POINT('',(-0.022890233944443,0.00127,0.0181146798996746));
#3417=CARTESIAN_POINT('',(-0.022890233944443,0.00127,0.0132124798996746));
#3418=CARTESIAN_POINT('',(-0.022890233944443,0.00127,0.0133902798996747));
#3419=CARTESIAN_POINT('',(-0.0226515159010887,0.00127,0.0133902798996747));
#3420=CARTESIAN_POINT('',(-0.0253422206428843,0.00127,0.0133902798996747));
#3421=CARTESIAN_POINT('',(-0.0253422206428843,0.00127,0.0144824798996746));
#3422=CARTESIAN_POINT('',(-0.0245404676450552,0.00127,0.015938977977645));
#3423=CARTESIAN_POINT('',(-0.0245404676450552,0.00127,0.0142962269075331));
#3424=CARTESIAN_POINT('',(-0.0266122206428843,-0.00127,0.0157524798996747));
#3425=CARTESIAN_POINT('',(-0.0266122206428843,0.00127,0.0156556758468508));
#3426=CARTESIAN_POINT('',(-0.0266122206428843,-0.0010922,0.0156556758468508));
#3427=CARTESIAN_POINT('',(-0.0266122206428843,0.0010922,0.0156556758468508));
#3428=CARTESIAN_POINT('',(-0.0266122206428843,0.0010922,0.0157524798996747));
#3429=CARTESIAN_POINT('',(-0.0266122206428843,0.0010922,0.0144824798996746));
#3430=CARTESIAN_POINT('',(-0.0266122206428843,-0.00127,0.0144824798996746));
#3431=CARTESIAN_POINT('',(-0.0266122206428843,-0.0010922,0.0144824798996746));
#3432=CARTESIAN_POINT('',(-0.0266122206428843,-0.0010922,0.0156556758468508));
#3433=CARTESIAN_POINT('',(-0.0245404676450552,-0.00127,0.015938977977645));
#3434=CARTESIAN_POINT('',(-0.0245404676450552,0.0010922,0.015938977977645));
#3435=CARTESIAN_POINT('',(-0.0245404676450552,0.0010922,0.0144740269075331));
#3436=CARTESIAN_POINT('',(-0.0245404676450552,-0.0010922,0.015938977977645));
#3437=CARTESIAN_POINT('',(-0.0245404676450552,-0.0010922,0.0144740269075331));
#3438=CARTESIAN_POINT('',(-0.0253422206428843,-0.00127,0.0144824798996746));
#3439=CARTESIAN_POINT('',(-0.0253422206428843,0.0010922,0.0144824798996746));
#3440=CARTESIAN_POINT('',(-0.0253422206428843,-0.0010922,0.0144824798996746));
#3441=CARTESIAN_POINT('',(-0.0239754165900604,-0.00127,0.0156556758468508));
#3442=CARTESIAN_POINT('',(-0.0239754165900604,0.0010922,0.0156556758468508));
#3443=CARTESIAN_POINT('',(-0.0239754165900604,-0.0010922,0.0156556758468508));
#3444=CARTESIAN_POINT('',(0.00254,0.,0.0675747096538544));
#3445=CARTESIAN_POINT('',(0.00254,-0.024505622612351,0.104245021939278));
#3446=CARTESIAN_POINT('',(0.00254,-0.0260151431379562,0.104474613113272));
#3447=CARTESIAN_POINT('',(0.00254,-0.0260151431379562,0.104015430765283));
#3448=CARTESIAN_POINT('',(0.00254,-0.0260151431379562,0.101705021939278));
#3449=CARTESIAN_POINT('',(0.00254,-0.0260151431379562,0.101908221939278));
#3450=CARTESIAN_POINT('',(0.00254,-0.0226159880419231,0.101908221939278));
#3451=CARTESIAN_POINT('',(0.00254,-0.0227969204346872,0.101908221939278));
#3452=CARTESIAN_POINT('',(0.00254,-0.0227969204346872,0.0675747096538544));
#3453=CARTESIAN_POINT('',(0.00254,-0.0227969204346872,0.106581821939278));
#3454=CARTESIAN_POINT('',(0.00254,0.,0.106581821939278));
#3455=CARTESIAN_POINT('',(0.00254,-0.0260151431379562,0.106581821939278));
#3456=CARTESIAN_POINT('',(0.00254,-0.0260151431379562,0.101705021939278));
#3457=CARTESIAN_POINT('',(0.00254,-0.0228397715836764,0.106785021939278));
#3458=CARTESIAN_POINT('',(0.00254,-0.0260151431379562,0.106785021939278));
#3459=CARTESIAN_POINT('',(0.0002032,-0.0260151431379562,0.106785021939278));
#3460=CARTESIAN_POINT('',(0.0023368,-0.0260151431379562,0.106785021939278));
#3461=CARTESIAN_POINT('',(0.0023368,-0.0228397715836764,0.106785021939278));
#3462=CARTESIAN_POINT('',(0.0023368,-0.0228421560564115,0.106785021939278));
#3463=CARTESIAN_POINT('',(0.,0.,0.106785021939278));
#3464=CARTESIAN_POINT('',(0.0002032,-0.0262183431379562,0.106785021939278));
#3465=CARTESIAN_POINT('',(0.00254,-0.0262183431379562,0.104245021939278));
#3466=CARTESIAN_POINT('',(0.0002032,-0.0262183431379562,0.104245021939278));
#3467=CARTESIAN_POINT('',(0.0002032,-0.0262183431379562,0.106581821939278));
#3468=CARTESIAN_POINT('',(0.0002032,-0.0262183431379562,0.101908221939278));
#3469=CARTESIAN_POINT('',(0.00254,-0.0262183431379562,0.101908221939278));
#3470=CARTESIAN_POINT('',(0.0023368,-0.0262183431379562,0.101908221939278));
#3471=CARTESIAN_POINT('',(0.0023368,-0.0262183431379562,0.106785021939278));
#3472=CARTESIAN_POINT('',(0.0023368,-0.0262183431379562,0.106581821939278));
#3473=CARTESIAN_POINT('',(0.,-0.0262183431379562,0.106581821939278));
#3474=CARTESIAN_POINT('',(0.00254,-0.0228397715836764,0.101705021939278));
#3475=CARTESIAN_POINT('',(0.,0.,0.101705021939278));
#3476=CARTESIAN_POINT('',(0.0023368,-0.0228421560564115,0.101705021939278));
#3477=CARTESIAN_POINT('',(0.0023368,-0.0262183431379562,0.101705021939278));
#3478=CARTESIAN_POINT('',(0.0023368,-0.0260151431379562,0.101705021939278));
#3479=CARTESIAN_POINT('',(0.00254,-0.0260151431379562,0.101705021939278));
#3480=CARTESIAN_POINT('',(0.0002032,-0.0260151431379562,0.101705021939278));
#3481=CARTESIAN_POINT('',(0.0002032,-0.0228397715836764,0.101705021939278));
#3482=CARTESIAN_POINT('',(0.00254,-0.024505622612351,0.104245021939278));
#3483=CARTESIAN_POINT('',(0.0023368,-0.024505622612351,0.104245021939278));
#3484=CARTESIAN_POINT('',(0.0023368,-0.024505622612351,0.102921341353115));
#3485=CARTESIAN_POINT('',(0.0002032,-0.024505622612351,0.104245021939278));
#3486=CARTESIAN_POINT('',(0.0002032,-0.024505622612351,0.102921341353115));
#3487=CARTESIAN_POINT('',(0.0002032,-0.024505622612351,0.104245021939278));
#3488=CARTESIAN_POINT('',(0.,-0.024505622612351,0.104245021939278));
#3489=CARTESIAN_POINT('',(0.,-0.0260151431379562,0.104015430765283));
#3490=CARTESIAN_POINT('',(0.,-0.0260151431379562,0.104474613113272));
#3491=CARTESIAN_POINT('',(-7.01024220610301E-18,-0.0260151431379562,0.104015430765283));
#3492=CARTESIAN_POINT('',(-7.52317659197061E-18,-0.0260265013237086,0.104168083087357));
#3493=CARTESIAN_POINT('',(-3.71960726299604E-19,-0.0260265013237086,0.104321960791198));
#3494=CARTESIAN_POINT('',(1.40973659567088E-19,-0.0260151431379562,0.104474613113272));
#3495=CARTESIAN_POINT('',(0.00254,-0.0260151431379562,0.106581821939278));
#3496=CARTESIAN_POINT('',(0.0002032,-0.0260151431379562,0.106581821939278));
#3497=CARTESIAN_POINT('',(0.0023368,-0.0260151431379562,0.106581821939278));
#3498=CARTESIAN_POINT('',(0.0023368,-0.024505622612351,0.104245021939278));
#3499=CARTESIAN_POINT('',(0.00254,-0.0260151431379562,0.104474613113272));
#3500=CARTESIAN_POINT('',(0.00254,-0.0260265013237086,0.104321960791198));
#3501=CARTESIAN_POINT('',(0.00254,-0.0260265013237086,0.104168083087357));
#3502=CARTESIAN_POINT('',(0.00254,-0.0260151431379562,0.104015430765283));
#3503=CARTESIAN_POINT('',(0.0002032,-0.0260151431379562,0.106581821939278));
#3504=CARTESIAN_POINT('',(0.0002032,-0.0260151431379562,0.106581821939278));
#3505=CARTESIAN_POINT('',(0.,-0.0260151431379562,0.106581821939278));
#3506=CARTESIAN_POINT('',(0.0002032,-0.0260151431379562,0.106581821939278));
#3507=CARTESIAN_POINT('',(0.0023368,-0.0260151431379562,0.106581821939278));
#3508=CARTESIAN_POINT('',(0.0023368,-0.0260151431379562,0.106581821939278));
#3509=CARTESIAN_POINT('',(0.0023368,-0.0260151431379562,0.106581821939278));
#3510=CARTESIAN_POINT('',(0.0002032,0.,0.106581821939278));
#3511=CARTESIAN_POINT('',(0.,-0.022758174687624,0.106581821939278));
#3512=CARTESIAN_POINT('',(0.0002032,-0.0260151431379562,0.104245021939278));
#3513=CARTESIAN_POINT('',(0.,-0.0260151431379562,0.0675747096538544));
#3514=CARTESIAN_POINT('',(0.,-0.0260151431379562,0.101908221939278));
#3515=CARTESIAN_POINT('',(0.0002032,-0.0260151431379562,0.101908221939278));
#3516=CARTESIAN_POINT('',(0.,-0.0260151431379562,0.0675747096538544));
#3517=CARTESIAN_POINT('',(0.00254,-0.0260151431379562,0.101908221939278));
#3518=CARTESIAN_POINT('',(0.0023368,-0.0260151431379562,0.101908221939278));
#3519=CARTESIAN_POINT('',(0.0002032,-0.0260151431379562,0.101908221939278));
#3520=CARTESIAN_POINT('',(0.0023368,-0.0260151431379562,0.0675747096538544));
#3521=CARTESIAN_POINT('',(0.0023368,-0.0260151431379562,0.101908221939278));
#3522=CARTESIAN_POINT('',(0.0023368,-0.0228397715836764,0.106581821939278));
#3523=CARTESIAN_POINT('',(0.0023368,-0.0228421560564115,0.106785021939278));
#3524=CARTESIAN_POINT('',(0.00244319238874028,-0.0228203877317933,0.106785021939278));
#3525=CARTESIAN_POINT('',(0.00254000000000072,-0.0227969204346872,0.106690488741362));
#3526=CARTESIAN_POINT('',(0.00254000000000083,-0.0227969204346871,0.106581821939278));
#3527=CARTESIAN_POINT('',(0.,0.,0.106988221939278));
#3528=CARTESIAN_POINT('',(0.0023368,-0.0228421560564115,0.106988221939278));
#3529=CARTESIAN_POINT('',(0.0002032,-0.0260151431379562,0.101908221939278));
#3530=CARTESIAN_POINT('',(0.0002032,-0.0260151431379562,0.101908221939278));
#3531=CARTESIAN_POINT('',(0.0023368,-0.0260151431379562,0.101908221939278));
#3532=CARTESIAN_POINT('',(0.0023368,-0.0260151431379562,0.101908221939278));
#3533=CARTESIAN_POINT('',(0.00231612015105977,-0.0226400110988989,0.106988221939278));
#3534=CARTESIAN_POINT('',(0.00231612015105977,-0.0226400110988989,0.106785021939278));
#3535=CARTESIAN_POINT('',(0.0023368,-0.0228421560564115,0.106785021939278));
#3536=CARTESIAN_POINT('',(0.00252861255588056,-0.0226182726846109,0.106988221722053));
#3537=CARTESIAN_POINT('',(0.00241974625791639,-0.0226294099352997,0.10679564605773));
#3538=CARTESIAN_POINT('',(0.00244399483841215,-0.0228202235433614,0.106785021939278));
#3539=CARTESIAN_POINT('',(0.00271892359691289,-0.0225951758034002,0.106794524966562));
#3540=CARTESIAN_POINT('',(0.00253999996364037,-0.0226167060491869,0.106699523433823));
#3541=CARTESIAN_POINT('',(0.00254000000000035,-0.0227969204418528,0.106688173452921));
#3542=CARTESIAN_POINT('',(0.00271892365559191,-0.0225951757963392,0.106581821939276));
#3543=CARTESIAN_POINT('',(0.00254,-0.022616706045279,0.106581821939277));
#3544=CARTESIAN_POINT('',(0.00254,-0.0227969204346872,0.106581821939277));
#3545=CARTESIAN_POINT('',(0.0027432,-0.0227969204346872,0.106581821939278));
#3546=CARTESIAN_POINT('',(0.0002032,-0.0228397715836764,0.101908221939278));
#3547=CARTESIAN_POINT('',(0.,0.,0.101908221939278));
#3548=CARTESIAN_POINT('',(0.0023368,0.,0.101908221939278));
#3549=CARTESIAN_POINT('',(0.00254,-0.0227969204346872,0.101908221939278));
#3550=CARTESIAN_POINT('',(0.00254,-0.0227969204346872,0.101799560426584));
#3551=CARTESIAN_POINT('',(0.00244318474300816,-0.0228203892961416,0.101705021939278));
#3552=CARTESIAN_POINT('',(0.00233679999999996,-0.0228421560564114,0.101705021939278));
#3553=CARTESIAN_POINT('',(0.0027432,-0.0227969204346872,0.013719636015594));
#3554=CARTESIAN_POINT('',(0.0027432,-0.0227969204346872,0.101908221939278));
#3555=CARTESIAN_POINT('',(0.00271892365559191,-0.0225951757963392,0.101908221939278));
#3556=CARTESIAN_POINT('',(0.00254,-0.022616706045279,0.101908221939278));
#3557=CARTESIAN_POINT('',(0.00254,-0.0227969204346872,0.101908221939278));
#3558=CARTESIAN_POINT('',(0.00271892343609631,-0.0225951758227515,0.10169269944938));
#3559=CARTESIAN_POINT('',(0.00253999986519366,-0.0226167060597511,0.101788960262177));
#3560=CARTESIAN_POINT('',(0.00254,-0.0227969204613854,0.101800460694328));
#3561=CARTESIAN_POINT('',(0.00252592910178987,-0.0226185472075371,0.101501822012065));
#3562=CARTESIAN_POINT('',(0.00241847138755478,-0.0226295403571515,0.101694528455482));
#3563=CARTESIAN_POINT('',(0.00244264113167352,-0.0228205005199705,0.101705021939276));
#3564=CARTESIAN_POINT('',(0.00231612015105326,-0.0226400110988995,0.101501821939278));
#3565=CARTESIAN_POINT('',(0.00231612015105651,-0.0226400110988992,0.101705021939278));
#3566=CARTESIAN_POINT('',(0.00233679999999671,-0.0228421560564122,0.101705021939278));
#3567=CARTESIAN_POINT('',(0.0023368,-0.0228421560564115,0.101501821939278));
#3568=CARTESIAN_POINT('',(0.,0.,0.101501821939278));
#3569=CARTESIAN_POINT('',(-0.0226515159010887,0.0010922,0.0181146798996746));
#3570=CARTESIAN_POINT('',(-0.022890233944443,0.00127,0.0181146798996746));
#3571=CARTESIAN_POINT('',(-0.022890233944443,0.00127,0.0182088947028284));
#3572=CARTESIAN_POINT('',(-0.0229010137120363,0.0011859751642316,0.0182924798996747));
#3573=CARTESIAN_POINT('',(-0.0229099549111588,0.0010922,0.0182924798996747));
#3574=CARTESIAN_POINT('',(-0.0239754165900604,0.0010922,0.0181146798996746));
#3575=CARTESIAN_POINT('',(-0.0239754165900604,0.0010922,0.0156556758468508));
#3576=CARTESIAN_POINT('',(-0.0264344206428844,0.0010922,0.0156556758468508));
#3577=CARTESIAN_POINT('',(-0.0229226573905381,0.000936840651627161,0.0182011455742118));
#3578=CARTESIAN_POINT('',(-0.0227395079125146,0.000935363982250791,0.0181984923318321));
#3579=CARTESIAN_POINT('',(-0.0227449606264134,0.000775423249144524,0.018287611248749));
#3580=CARTESIAN_POINT('',(-0.0229200667905978,0.000974834987751131,0.0182694128413519));
#3581=CARTESIAN_POINT('',(-0.0227377698790616,0.000970809470877328,0.0182649175254721));
#3582=CARTESIAN_POINT('',(-0.0227423901002316,0.00085082273820966,0.0184241458490066));
#3583=CARTESIAN_POINT('',(-0.0229059204983327,0.00115104509676441,0.0183421768625924));
#3584=CARTESIAN_POINT('',(-0.0227300742372413,0.00113288579852981,0.0183475101829349));
#3585=CARTESIAN_POINT('',(-0.0227283534831588,0.00120051123080373,0.0185696737925215));
#3586=CARTESIAN_POINT('',(-0.0228902339526707,0.00127,0.0181934854277642));
#3587=CARTESIAN_POINT('',(-0.0227233244499846,0.00126999992730155,0.0181981646180419));
#3588=CARTESIAN_POINT('',(-0.0227127885354516,0.00143657650553918,0.0182722909558538));
#3589=CARTESIAN_POINT('',(-0.022890233944443,0.00127,0.0181146798996747));
#3590=CARTESIAN_POINT('',(-0.0227233244463254,0.00127,0.0181146798996746));
#3591=CARTESIAN_POINT('',(-0.0227127885273307,0.00143657663393399,0.0181146798996747));
#3592=CARTESIAN_POINT('',(-0.022890233944443,0.0014478,0.0181146798996746));
#3593=CARTESIAN_POINT('',(-0.0264344206428844,0.0010922,0.0157524798996747));
#3594=CARTESIAN_POINT('',(-0.0264344206428844,0.0010922,0.0144824798996746));
#3595=CARTESIAN_POINT('',(-0.022890233944443,0.0014478,0.013719636015594));
#3596=CARTESIAN_POINT('',(-0.022890233944443,0.0014478,0.0133902798996747));
#3597=CARTESIAN_POINT('',(-0.0253422206428843,0.0010922,0.0144824798996746));
#3598=CARTESIAN_POINT('',(-0.0253422206428843,0.0010922,0.0133902798996747));
#3599=CARTESIAN_POINT('',(-0.022890233944443,0.00127,0.0133902798996747));
#3600=CARTESIAN_POINT('',(-0.0227233244463254,0.00127,0.0133902798996747));
#3601=CARTESIAN_POINT('',(-0.0227127885273307,0.00143657663393399,0.0133902798996747));
#3602=CARTESIAN_POINT('',(-0.0228902339577645,0.00127,0.0133114203549598));
#3603=CARTESIAN_POINT('',(-0.0227233244522458,0.00126999988224824,0.0133067379567245));
#3604=CARTESIAN_POINT('',(-0.0227127885405064,0.00143657642562176,0.0132325608102449));
#3605=CARTESIAN_POINT('',(-0.0229058931389996,0.00115130823967251,0.0131628894639462));
#3606=CARTESIAN_POINT('',(-0.0227300614368167,0.00113315376542592,0.0131575474491936));
#3607=CARTESIAN_POINT('',(-0.0227283263354277,0.0012010333630511,0.0129354989974104));
#3608=CARTESIAN_POINT('',(-0.0229200658977539,0.000974847764574858,0.0132355276023867));
#3609=CARTESIAN_POINT('',(-0.0227377692908296,0.000970821485536194,0.0132400234750651));
#3610=CARTESIAN_POINT('',(-0.0227423892152845,0.000850848321269801,0.0130807753667132));
#3611=CARTESIAN_POINT('',(-0.0229226572584074,0.00093684258947319,0.0133038107433563));
#3612=CARTESIAN_POINT('',(-0.0227395078236682,0.000935365794186507,0.0133064640720273));
#3613=CARTESIAN_POINT('',(-0.0227449604953069,0.000775427094792162,0.013217341587038));
#3614=CARTESIAN_POINT('',(-0.022890233944443,0.00127,0.0133902798996747));
#3615=CARTESIAN_POINT('',(-0.022890233944443,0.00127,0.0132960759701229));
#3616=CARTESIAN_POINT('',(-0.0229010148777865,0.00118596293785774,0.0132124798996741));
#3617=CARTESIAN_POINT('',(-0.0229099549111585,0.00109220000000011,0.013212479899674));
#3618=CARTESIAN_POINT('',(-0.0226515159010887,0.0010922,0.0133902798996747));
#3619=CARTESIAN_POINT('',(-0.0245404676450552,0.0010922,0.015938977977645));
#3620=CARTESIAN_POINT('',(-0.0226515159010887,-0.0010922,0.0133902798996747));
#3621=CARTESIAN_POINT('',(-0.022890233944443,-0.00127,0.0133902798996747));
#3622=CARTESIAN_POINT('',(-0.022890233944443,-0.00127,0.0132960650965209));
#3623=CARTESIAN_POINT('',(-0.0229010137120363,-0.00118597516423161,0.0132124798996746));
#3624=CARTESIAN_POINT('',(-0.0229099549111588,-0.0010922,0.0132124798996746));
#3625=CARTESIAN_POINT('',(-0.0253422206428843,-0.0010922,0.0133902798996747));
#3626=CARTESIAN_POINT('',(-0.0253422206428843,-0.0010922,0.0144824798996746));
#3627=CARTESIAN_POINT('',(-0.0264344206428844,-0.0010922,0.0144824798996746));
#3628=CARTESIAN_POINT('',(-0.0229226573905381,-0.000936840651627166,0.0133038142251375));
#3629=CARTESIAN_POINT('',(-0.0227395079125146,-0.000935363982250792,0.0133064674675172));
#3630=CARTESIAN_POINT('',(-0.0227449606264134,-0.000775423249144532,0.0132173485506003));
#3631=CARTESIAN_POINT('',(-0.022920066790597,-0.000974834987751294,0.0132355469579971));
#3632=CARTESIAN_POINT('',(-0.0227377698790606,-0.000970809470877873,0.0132400422738767));
#3633=CARTESIAN_POINT('',(-0.0227423901002316,-0.000850822738209483,0.0130808139503422));
#3634=CARTESIAN_POINT('',(-0.0229059204983331,-0.00115104509676433,0.013162782936757));
#3635=CARTESIAN_POINT('',(-0.0227300742372418,-0.00113288579852936,0.0131574496164141));
#3636=CARTESIAN_POINT('',(-0.0227283534831588,-0.00120051123080384,0.0129352860068282));
#3637=CARTESIAN_POINT('',(-0.0228902339526707,-0.00127,0.0133114743715852));
#3638=CARTESIAN_POINT('',(-0.0227233244499846,-0.00126999992730155,0.0133067951813086));
#3639=CARTESIAN_POINT('',(-0.0227127885354516,-0.00143657650553918,0.0132326688434953));
#3640=CARTESIAN_POINT('',(-0.022890233944443,-0.00127,0.0133902798996747));
#3641=CARTESIAN_POINT('',(-0.0227233244463254,-0.00127,0.0133902798996747));
#3642=CARTESIAN_POINT('',(-0.0227127885273307,-0.00143657663393399,0.0133902798996747));
#3643=CARTESIAN_POINT('',(-0.022890233944443,-0.0014478,0.0133902798996747));
#3644=CARTESIAN_POINT('',(-0.0264344206428844,-0.0010922,0.0157524798996747));
#3645=CARTESIAN_POINT('',(-0.0264344206428844,-0.0010922,0.0156556758468508));
#3646=CARTESIAN_POINT('',(-0.022890233944443,-0.0014478,0.013719636015594));
#3647=CARTESIAN_POINT('',(-0.022890233944443,-0.0014478,0.0181146798996746));
#3648=CARTESIAN_POINT('',(-0.0239754165900604,-0.0010922,0.0156556758468508));
#3649=CARTESIAN_POINT('',(-0.0239754165900604,-0.0010922,0.0181146798996746));
#3650=CARTESIAN_POINT('',(-0.022890233944443,-0.00127,0.0181146798996747));
#3651=CARTESIAN_POINT('',(-0.0227233244463254,-0.00127,0.0181146798996746));
#3652=CARTESIAN_POINT('',(-0.0227127885273307,-0.00143657663393399,0.0181146798996747));
#3653=CARTESIAN_POINT('',(-0.0228902339577645,-0.00127,0.018193539444389));
#3654=CARTESIAN_POINT('',(-0.0227233244522458,-0.00126999988224824,0.0181982218426248));
#3655=CARTESIAN_POINT('',(-0.0227127885405064,-0.00143657642562176,0.018272398989103));
#3656=CARTESIAN_POINT('',(-0.0229058931389996,-0.00115130823967236,0.0183420703354031));
#3657=CARTESIAN_POINT('',(-0.0227300614368162,-0.00113315376542599,0.0183474123501551));
#3658=CARTESIAN_POINT('',(-0.0227283263354277,-0.0012010333630511,0.0185694608019391));
#3659=CARTESIAN_POINT('',(-0.0229200658977539,-0.000974847764575172,0.0182694321969632));
#3660=CARTESIAN_POINT('',(-0.0227377692908307,-0.000970821485536062,0.0182649363242854));
#3661=CARTESIAN_POINT('',(-0.0227423892152844,-0.00085084832126983,0.018424184432637));
#3662=CARTESIAN_POINT('',(-0.0229226572584074,-0.000936842589473193,0.018201149055993));
#3663=CARTESIAN_POINT('',(-0.0227395078236682,-0.00093536579418651,0.018198495727322));
#3664=CARTESIAN_POINT('',(-0.0227449604953069,-0.000775427094792166,0.0182876182123113));
#3665=CARTESIAN_POINT('',(-0.022890233944443,-0.00127,0.0181146798996746));
#3666=CARTESIAN_POINT('',(-0.022890233944443,-0.00127,0.0182088838292264));
#3667=CARTESIAN_POINT('',(-0.0229010148777865,-0.00118596293785775,0.0182924798996752));
#3668=CARTESIAN_POINT('',(-0.0229099549111585,-0.00109220000000011,0.0182924798996753));
#3669=CARTESIAN_POINT('',(-0.0226515159010887,-0.0010922,0.0181146798996746));
#3670=CARTESIAN_POINT('',(-0.0245404676450552,-0.0010922,0.015938977977645));
#3671=CARTESIAN_POINT('',(0.00127,0.,0.0675747096538544));
#3672=CARTESIAN_POINT('',(0.00127,0.024505622612351,0.104245021939278));
#3673=CARTESIAN_POINT('',(0.00127,0.024505622612351,0.102743541353115));
#3674=CARTESIAN_POINT('',(0.00127,0.0227227114383915,0.106607221939278));
#3675=CARTESIAN_POINT('',(0.00127,0.0260405431379562,0.106607221939278));
#3676=CARTESIAN_POINT('',(0.00127,0.022890233944443,0.106607221939278));
#3677=CARTESIAN_POINT('',(0.00127,0.022890233944443,0.0675747096538544));
#3678=CARTESIAN_POINT('',(0.00127,0.022890233944443,0.101882821939278));
#3679=CARTESIAN_POINT('',(0.00127,0.,0.101882821939278));
#3680=CARTESIAN_POINT('',(0.00127,0.0260405431379562,0.101882821939278));
#3681=CARTESIAN_POINT('',(0.00127,0.0260405431379562,0.0675747096538544));
#3682=CARTESIAN_POINT('',(-0.00127,0.,0.0675747096538544));
#3683=CARTESIAN_POINT('',(-0.00127,0.024505622612351,0.104245021939278));
#3684=CARTESIAN_POINT('',(-0.00127,0.024505622612351,0.102743541353115));
#3685=CARTESIAN_POINT('',(-0.00127,0.0227227114383915,0.101882821939278));
#3686=CARTESIAN_POINT('',(-0.00127,0.0260405431379562,0.101882821939278));
#3687=CARTESIAN_POINT('',(-0.00127,0.022890233944443,0.101882821939278));
#3688=CARTESIAN_POINT('',(-0.00127,0.022890233944443,0.106785021939278));
#3689=CARTESIAN_POINT('',(-0.00127,0.022890233944443,0.106607221939278));
#3690=CARTESIAN_POINT('',(-0.00127,0.,0.106607221939278));
#3691=CARTESIAN_POINT('',(-0.00127,0.0260405431379562,0.106607221939278));
#3692=CARTESIAN_POINT('',(-0.00127,0.0260405431379562,0.101705021939278));
#3693=CARTESIAN_POINT('',(0.00127,0.0228397715836764,0.101705021939278));
#3694=CARTESIAN_POINT('',(0.,0.,0.101705021939278));
#3695=CARTESIAN_POINT('',(0.0010922,0.0229099549111588,0.101705021939278));
#3696=CARTESIAN_POINT('',(-0.0010922,0.0229099549111588,0.101705021939278));
#3697=CARTESIAN_POINT('',(-0.0010922,0.0262183431379562,0.101705021939278));
#3698=CARTESIAN_POINT('',(-0.0010922,0.0260405431379562,0.101705021939278));
#3699=CARTESIAN_POINT('',(0.00127,0.0260405431379562,0.101705021939278));
#3700=CARTESIAN_POINT('',(0.0010922,0.0260405431379562,0.101705021939278));
#3701=CARTESIAN_POINT('',(0.0010922,0.0228397715836764,0.101705021939278));
#3702=CARTESIAN_POINT('',(0.00127,0.0262183431379562,0.104245021939278));
#3703=CARTESIAN_POINT('',(0.00127,0.0262183431379562,0.101882821939278));
#3704=CARTESIAN_POINT('',(0.0010922,0.0262183431379562,0.101882821939278));
#3705=CARTESIAN_POINT('',(-0.0010922,0.0262183431379562,0.101882821939278));
#3706=CARTESIAN_POINT('',(-0.0010922,0.0262183431379562,0.106785021939278));
#3707=CARTESIAN_POINT('',(-0.0010922,0.0262183431379562,0.106607221939278));
#3708=CARTESIAN_POINT('',(0.00127,0.0262183431379562,0.106607221939278));
#3709=CARTESIAN_POINT('',(0.0010922,0.0262183431379562,0.106607221939278));
#3710=CARTESIAN_POINT('',(0.0010922,0.0262183431379562,0.104245021939278));
#3711=CARTESIAN_POINT('',(0.00127,0.0228397715836764,0.106785021939278));
#3712=CARTESIAN_POINT('',(-0.00127,0.0260405431379562,0.106785021939278));
#3713=CARTESIAN_POINT('',(0.0010922,0.0260405431379562,0.106785021939278));
#3714=CARTESIAN_POINT('',(-0.0010922,0.0260405431379562,0.106785021939278));
#3715=CARTESIAN_POINT('',(-0.0010922,0.0228397715836764,0.106785021939278));
#3716=CARTESIAN_POINT('',(-0.0010922,0.0229099549111588,0.106785021939278));
#3717=CARTESIAN_POINT('',(0.,0.,0.106785021939278));
#3718=CARTESIAN_POINT('',(0.0010922,0.0229099549111588,0.106785021939278));
#3719=CARTESIAN_POINT('',(0.0010922,0.0262183431379562,0.106785021939278));
#3720=CARTESIAN_POINT('',(0.00127,0.024505622612351,0.104245021939278));
#3721=CARTESIAN_POINT('',(-0.0010922,0.024505622612351,0.104245021939278));
#3722=CARTESIAN_POINT('',(-0.0010922,0.024505622612351,0.102921341353115));
#3723=CARTESIAN_POINT('',(0.0010922,0.024505622612351,0.104245021939278));
#3724=CARTESIAN_POINT('',(0.0010922,0.024505622612351,0.102921341353115));
#3725=CARTESIAN_POINT('',(0.00127,0.0260405431379562,0.106607221939278));
#3726=CARTESIAN_POINT('',(-0.0010922,0.0260405431379562,0.106607221939278));
#3727=CARTESIAN_POINT('',(0.0010922,0.0260405431379562,0.106607221939278));
#3728=CARTESIAN_POINT('',(-0.0010922,0.0260405431379562,0.106607221939278));
#3729=CARTESIAN_POINT('',(-0.0010922,0.0260405431379562,0.106607221939278));
#3730=CARTESIAN_POINT('',(-0.0010922,0.0260405431379562,0.106607221939278));
#3731=CARTESIAN_POINT('',(0.0010922,0.0260405431379562,0.106607221939278));
#3732=CARTESIAN_POINT('',(0.0010922,0.0260405431379562,0.106607221939278));
#3733=CARTESIAN_POINT('',(0.0010922,0.0260405431379562,0.106607221939278));
#3734=CARTESIAN_POINT('',(-0.0010922,0.0260405431379562,0.0675747096538544));
#3735=CARTESIAN_POINT('',(-0.0010922,0.0260405431379562,0.101882821939278));
#3736=CARTESIAN_POINT('',(-0.0010922,0.0228397715836764,0.106607221939278));
#3737=CARTESIAN_POINT('',(-0.0010922,0.0229099549111588,0.106785021939278));
#3738=CARTESIAN_POINT('',(-0.00118596510884761,0.022901014670789,0.106785021939278));
#3739=CARTESIAN_POINT('',(-0.00127000000000069,0.022890233944443,0.106701426690007));
#3740=CARTESIAN_POINT('',(-0.0012700000000008,0.022890233944443,0.106607221939278));
#3741=CARTESIAN_POINT('',(0.,0.,0.106962821939278));
#3742=CARTESIAN_POINT('',(0.0010922,0.0229099549111588,0.106962821939278));
#3743=CARTESIAN_POINT('',(-0.0010922,0.0229099549111588,0.106962821939278));
#3744=CARTESIAN_POINT('',(0.0010922,0.,0.106607221939278));
#3745=CARTESIAN_POINT('',(0.00127,0.022890233944443,0.106607221939278));
#3746=CARTESIAN_POINT('',(0.00127,0.022890233944443,0.106701425868829));
#3747=CARTESIAN_POINT('',(0.00118596293785773,0.0229010148777865,0.106785021939278));
#3748=CARTESIAN_POINT('',(0.00109220000000011,0.0229099549111585,0.106785021939278));
#3749=CARTESIAN_POINT('',(0.0010922,0.0260405431379562,0.104245021939278));
#3750=CARTESIAN_POINT('',(0.0010922,0.0260405431379562,0.101882821939278));
#3751=CARTESIAN_POINT('',(0.00127,0.0260405431379562,0.101882821939278));
#3752=CARTESIAN_POINT('',(-0.0010922,0.0260405431379562,0.101882821939278));
#3753=CARTESIAN_POINT('',(0.0010922,0.0260405431379562,0.101882821939278));
#3754=CARTESIAN_POINT('',(-0.0010922,0.0260405431379562,0.101882821939278));
#3755=CARTESIAN_POINT('',(-0.0010922,0.0260405431379562,0.101882821939278));
#3756=CARTESIAN_POINT('',(-0.00108373325016073,0.0227323566168337,0.106962821939278));
#3757=CARTESIAN_POINT('',(-0.00108373325016073,0.0227323566168337,0.106785021939278));
#3758=CARTESIAN_POINT('',(-0.0010922,0.0229099549111588,0.106785021939278));
#3759=CARTESIAN_POINT('',(-0.00127020723725643,0.0227234667307778,0.106962821689462));
#3760=CARTESIAN_POINT('',(-0.00117530264843237,0.0227279911752148,0.106789440855356));
#3761=CARTESIAN_POINT('',(-0.00118616541467852,0.0229009955682813,0.106785021939278));
#3762=CARTESIAN_POINT('',(-0.00143657656194534,0.0227127885318839,0.106792942547712));
#3763=CARTESIAN_POINT('',(-0.00126999995904217,0.0227233244483895,0.106705595955563));
#3764=CARTESIAN_POINT('',(-0.00127000000000023,0.022890233949079,0.106700082243495));
#3765=CARTESIAN_POINT('',(-0.00143657663393399,0.0227127885273307,0.106607221939277));
#3766=CARTESIAN_POINT('',(-0.00127,0.0227233244463254,0.106607221939277));
#3767=CARTESIAN_POINT('',(-0.00127,0.022890233944443,0.106607221939277));
#3768=CARTESIAN_POINT('',(-0.0014478,0.022890233944443,0.106607221939278));
#3769=CARTESIAN_POINT('',(0.00143657663393399,0.0227127885273307,0.106607221939278));
#3770=CARTESIAN_POINT('',(0.00127,0.0227233244463254,0.106607221939278));
#3771=CARTESIAN_POINT('',(0.00127,0.022890233944443,0.106607221939278));
#3772=CARTESIAN_POINT('',(0.00143657638543318,0.0227127885430483,0.106795368940651));
#3773=CARTESIAN_POINT('',(0.00126999985953102,0.022723324453388,0.106706881189013));
#3774=CARTESIAN_POINT('',(0.00127,0.0228902339603345,0.106701295439964));
#3775=CARTESIAN_POINT('',(0.00126782244418784,0.022723580422446,0.106962821862419));
#3776=CARTESIAN_POINT('',(0.00117414593594554,0.0227280463198212,0.106789385117329));
#3777=CARTESIAN_POINT('',(0.00118496370251786,0.0229011101508496,0.106785021939279));
#3778=CARTESIAN_POINT('',(0.00108373325015475,0.022732356616834,0.106962821939278));
#3779=CARTESIAN_POINT('',(0.00108373325015775,0.0227323566168339,0.106785021939277));
#3780=CARTESIAN_POINT('',(0.00109219999999699,0.0229099549111591,0.106785021939278));
#3781=CARTESIAN_POINT('',(0.0014478,0.022890233944443,0.106607221939278));
#3782=CARTESIAN_POINT('',(0.0010922,0.0260405431379562,0.101882821939278));
#3783=CARTESIAN_POINT('',(0.0010922,0.0260405431379562,0.101882821939278));
#3784=CARTESIAN_POINT('',(-0.0010922,0.,0.101882821939278));
#3785=CARTESIAN_POINT('',(-0.00127,0.022890233944443,0.101882821939278));
#3786=CARTESIAN_POINT('',(-0.00127,0.022890233944443,0.101788618009726));
#3787=CARTESIAN_POINT('',(-0.00118596293785772,0.0229010148777865,0.101705021939277));
#3788=CARTESIAN_POINT('',(-0.00109220000000011,0.0229099549111585,0.101705021939277));
#3789=CARTESIAN_POINT('',(-0.0014478,0.022890233944443,0.013719636015594));
#3790=CARTESIAN_POINT('',(-0.0014478,0.022890233944443,0.101882821939278));
#3791=CARTESIAN_POINT('',(0.0014478,0.022890233944443,0.013719636015594));
#3792=CARTESIAN_POINT('',(0.0014478,0.022890233944443,0.101882821939278));
#3793=CARTESIAN_POINT('',(0.0010922,0.0228397715836764,0.101882821939278));
#3794=CARTESIAN_POINT('',(0.0010922,0.0229099549111588,0.101705021939278));
#3795=CARTESIAN_POINT('',(0.00118596510884761,0.022901014670789,0.101705021939278));
#3796=CARTESIAN_POINT('',(0.0012700000000007,0.022890233944443,0.101788617188548));
#3797=CARTESIAN_POINT('',(0.0012700000000008,0.022890233944443,0.101882821939277));
#3798=CARTESIAN_POINT('',(-0.00143657663393399,0.0227127885273307,0.101882821939278));
#3799=CARTESIAN_POINT('',(-0.00127,0.0227233244463254,0.101882821939278));
#3800=CARTESIAN_POINT('',(-0.00127,0.022890233944443,0.101882821939278));
#3801=CARTESIAN_POINT('',(-0.00143657638543318,0.0227127885430483,0.101694674937904));
#3802=CARTESIAN_POINT('',(-0.00126999985953102,0.022723324453388,0.101783162689547));
#3803=CARTESIAN_POINT('',(-0.00127,0.0228902339603345,0.101788748438591));
#3804=CARTESIAN_POINT('',(-0.001267822444188,0.022723580422446,0.101527222016136));
#3805=CARTESIAN_POINT('',(-0.0011741459359456,0.0227280463198216,0.101700658761228));
#3806=CARTESIAN_POINT('',(-0.00118496370251795,0.0229011101508496,0.101705021939276));
#3807=CARTESIAN_POINT('',(-0.00108373325015474,0.022732356616834,0.101527221939278));
#3808=CARTESIAN_POINT('',(-0.00108373325015775,0.0227323566168339,0.101705021939278));
#3809=CARTESIAN_POINT('',(-0.00109219999999699,0.0229099549111591,0.101705021939278));
#3810=CARTESIAN_POINT('',(-0.0010922,0.0229099549111588,0.101527221939278));
#3811=CARTESIAN_POINT('',(0.00108373325016073,0.0227323566168337,0.101527221939278));
#3812=CARTESIAN_POINT('',(0.00108373325016073,0.0227323566168337,0.101705021939278));
#3813=CARTESIAN_POINT('',(0.0010922,0.0229099549111588,0.101705021939278));
#3814=CARTESIAN_POINT('',(0.00127020723725705,0.0227234667307778,0.101527222189089));
#3815=CARTESIAN_POINT('',(0.00117530264843267,0.0227279911752156,0.101700603023196));
#3816=CARTESIAN_POINT('',(0.00118616541467884,0.0229009955682813,0.101705021939278));
#3817=CARTESIAN_POINT('',(0.00143657656194526,0.022712788531884,0.101697101330843));
#3818=CARTESIAN_POINT('',(0.0012699999590434,0.02272332444839,0.101784447923001));
#3819=CARTESIAN_POINT('',(0.00127000000000023,0.0228902339490803,0.101789961635065));
#3820=CARTESIAN_POINT('',(0.00143657663393399,0.0227127885273307,0.101882821939278));
#3821=CARTESIAN_POINT('',(0.00127,0.0227233244463254,0.101882821939278));
#3822=CARTESIAN_POINT('',(0.00127,0.022890233944443,0.101882821939278));
#3823=CARTESIAN_POINT('',(0.0010922,0.0229099549111588,0.101527221939278));
#3824=CARTESIAN_POINT('',(0.,0.,0.101527221939278));
#3825=CARTESIAN_POINT('',(-0.0010922,0.024505622612351,0.104245021939278));
#3826=CARTESIAN_POINT('',(0.0010922,0.024505622612351,0.104245021939278));
#3827=CARTESIAN_POINT('',(-0.0023368,-0.0260151431379562,0.106581821939278));
#3828=CARTESIAN_POINT('',(-0.0023368,-0.0260151431379562,0.106581821939278));
#3829=CARTESIAN_POINT('',(-0.0023368,-0.0260151431379562,0.106785021939278));
#3830=CARTESIAN_POINT('',(-0.00254,-0.0260151431379562,0.106581821939278));
#3831=CARTESIAN_POINT('',(-0.0023368,-0.0260151431379562,0.106581821939278));
#3832=CARTESIAN_POINT('',(-0.0023368,-0.0262183431379562,0.106581821939278));
#3833=CARTESIAN_POINT('',(-0.0023368,-0.0260151431379562,0.106581821939278));
#3834=CARTESIAN_POINT('',(-0.00254,-0.0260151431379562,0.106581821939278));
#3835=CARTESIAN_POINT('',(-0.0002032,-0.0260151431379562,0.106581821939278));
#3836=CARTESIAN_POINT('',(-0.0002032,-0.0262183431379562,0.106581821939278));
#3837=CARTESIAN_POINT('',(-0.0002032,-0.0260151431379562,0.106785021939278));
#3838=CARTESIAN_POINT('',(-0.00254,-0.0260151431379562,0.106785021939278));
#3839=CARTESIAN_POINT('',(0.,-0.0262183431379562,0.106581821939278));
#3840=CARTESIAN_POINT('',(-0.00254,-0.0260151431379562,0.101908221939278));
#3841=CARTESIAN_POINT('',(-0.0023368,-0.0260151431379562,0.101908221939278));
#3842=CARTESIAN_POINT('',(-0.0023368,-0.0262183431379562,0.101908221939278));
#3843=CARTESIAN_POINT('',(-0.0023368,-0.0260151431379562,0.101705021939278));
#3844=CARTESIAN_POINT('',(-0.00254,-0.0260151431379562,0.101705021939278));
#3845=CARTESIAN_POINT('',(-0.0002032,-0.0260151431379562,0.101705021939278));
#3846=CARTESIAN_POINT('',(-0.0002032,-0.0260151431379562,0.101908221939278));
#3847=CARTESIAN_POINT('',(-0.0002032,-0.0262183431379562,0.101908221939278));
#3848=CARTESIAN_POINT('',(-0.00254,-0.0262183431379562,0.101908221939278));
#3849=CARTESIAN_POINT('',(-0.0023368,-0.0260151431379562,0.101908221939278));
#3850=CARTESIAN_POINT('',(-0.0023368,-0.0260151431379562,0.101908221939278));
#3851=CARTESIAN_POINT('',(-0.00254,-0.0260151431379562,0.101908221939278));
#3852=CARTESIAN_POINT('',(-0.0023368,-0.0260151431379562,0.101908221939278));
#3853=CARTESIAN_POINT('',(-0.0023368,-0.0260151431379562,0.0675747096538544));
#3854=CARTESIAN_POINT('',(-0.00254,-0.0260151431379562,0.101705021939278));
#3855=CARTESIAN_POINT('',(-0.00254,-0.0260151431379562,0.104474613113272));
#3856=CARTESIAN_POINT('',(-0.00254,-0.0260151431379562,0.104474613113272));
#3857=CARTESIAN_POINT('',(-0.00254,-0.0260265013237086,0.104321960791198));
#3858=CARTESIAN_POINT('',(-0.00254,-0.0260265013237086,0.104168083087357));
#3859=CARTESIAN_POINT('',(-0.00254,-0.0260151431379562,0.104015430765283));
#3860=CARTESIAN_POINT('',(-0.00254,-0.0260151431379562,0.104015430765283));
#3861=CARTESIAN_POINT('',(-0.00254,-0.0260151431379562,0.101705021939278));
#3862=CARTESIAN_POINT('',(-0.0023368,-0.0262183431379562,0.106785021939278));
#3863=CARTESIAN_POINT('',(-0.0023368,-0.024505622612351,0.104245021939278));
#3864=CARTESIAN_POINT('',(-0.0023368,-0.024505622612351,0.104245021939278));
#3865=CARTESIAN_POINT('',(-0.0023368,-0.024505622612351,0.102921341353115));
#3866=CARTESIAN_POINT('',(-0.00254,-0.024505622612351,0.104245021939278));
#3867=CARTESIAN_POINT('',(-0.00254,-0.024505622612351,0.104245021939278));
#3868=CARTESIAN_POINT('',(-0.0002032,-0.024505622612351,0.104245021939278));
#3869=CARTESIAN_POINT('',(-0.0002032,-0.024505622612351,0.102921341353115));
#3870=CARTESIAN_POINT('',(-0.0002032,-0.0260151431379562,0.101908221939278));
#3871=CARTESIAN_POINT('',(-0.0002032,-0.0260151431379562,0.101908221939278));
#3872=CARTESIAN_POINT('',(-0.0002032,-0.0260151431379562,0.101908221939278));
#3873=CARTESIAN_POINT('',(-0.00254,-0.0262183431379562,0.104245021939278));
#3874=CARTESIAN_POINT('',(-0.0002032,-0.0262183431379562,0.104245021939278));
#3875=CARTESIAN_POINT('',(-0.0002032,-0.0260151431379562,0.104245021939278));
#3876=CARTESIAN_POINT('',(7.01024220610301E-18,-0.0260151431379562,0.104015430765283));
#3877=CARTESIAN_POINT('',(7.52317659197061E-18,-0.0260265013237086,0.104168083087357));
#3878=CARTESIAN_POINT('',(3.71960726299604E-19,-0.0260265013237086,0.104321960791198));
#3879=CARTESIAN_POINT('',(-1.40973659567088E-19,-0.0260151431379562,0.104474613113272));
#3880=CARTESIAN_POINT('',(-0.0002032,-0.0260151431379562,0.106581821939278));
#3881=CARTESIAN_POINT('',(-0.0002032,-0.024505622612351,0.104245021939278));
#3882=CARTESIAN_POINT('',(-0.0002032,-0.0260151431379562,0.106581821939278));
#3883=CARTESIAN_POINT('',(-0.0002032,-0.0260151431379562,0.106581821939278));
#3884=CARTESIAN_POINT('',(-0.0023368,-0.0228397715836764,0.106581821939278));
#3885=CARTESIAN_POINT('',(-0.0023368,-0.0228397715836764,0.106785021939278));
#3886=CARTESIAN_POINT('',(-0.0023368,-0.0228421560564115,0.106785021939278));
#3887=CARTESIAN_POINT('',(-0.0023368,-0.0228421560564115,0.106785021939278));
#3888=CARTESIAN_POINT('',(-0.00244319238874028,-0.0228203877317933,0.106785021939278));
#3889=CARTESIAN_POINT('',(-0.00254000000000072,-0.0227969204346872,0.106690488741362));
#3890=CARTESIAN_POINT('',(-0.00254000000000083,-0.0227969204346871,0.106581821939278));
#3891=CARTESIAN_POINT('',(-0.00254,-0.0227969204346872,0.106581821939278));
#3892=CARTESIAN_POINT('',(-0.00254,0.,0.106581821939278));
#3893=CARTESIAN_POINT('',(-0.00254,-0.0228397715836764,0.106785021939278));
#3894=CARTESIAN_POINT('',(-0.0002032,-0.0262183431379562,0.106785021939278));
#3895=CARTESIAN_POINT('',(-0.0002032,-0.0229604755461524,0.106785021939278));
#3896=CARTESIAN_POINT('',(0.,0.,0.106785021939278));
#3897=CARTESIAN_POINT('',(-0.00254,-0.0228397715836764,0.101705021939278));
#3898=CARTESIAN_POINT('',(0.,0.,0.101705021939278));
#3899=CARTESIAN_POINT('',(-0.0002032,-0.0229604755461524,0.101705021939278));
#3900=CARTESIAN_POINT('',(-0.0023368,-0.0228421560564115,0.101705021939278));
#3901=CARTESIAN_POINT('',(-0.0002032,-0.0228397715836764,0.101705021939278));
#3902=CARTESIAN_POINT('',(-0.0023368,-0.0262183431379562,0.101705021939278));
#3903=CARTESIAN_POINT('',(-0.0023368,0.,0.101908221939278));
#3904=CARTESIAN_POINT('',(-0.00254,-0.0226159880419231,0.101908221939278));
#3905=CARTESIAN_POINT('',(-0.00254,-0.0227969204346872,0.101908221939278));
#3906=CARTESIAN_POINT('',(-0.00254,-0.0227969204346872,0.101908221939278));
#3907=CARTESIAN_POINT('',(-0.00254,-0.0227969204346872,0.101799560426584));
#3908=CARTESIAN_POINT('',(-0.00244318474300816,-0.0228203892961416,0.101705021939278));
#3909=CARTESIAN_POINT('',(-0.00233679999999996,-0.0228421560564114,0.101705021939278));
#3910=CARTESIAN_POINT('',(-0.00254,0.,0.0675747096538544));
#3911=CARTESIAN_POINT('',(-0.00254,-0.0227969204346872,0.0675747096538544));
#3912=CARTESIAN_POINT('',(-0.0027432,-0.0227969204346872,0.013719636015594));
#3913=CARTESIAN_POINT('',(-0.0027432,-0.0227969204346872,0.106581821939278));
#3914=CARTESIAN_POINT('',(-0.0027432,-0.0227969204346872,0.101908221939278));
#3915=CARTESIAN_POINT('',(-0.00254,-0.0227969204346872,0.101908221939278));
#3916=CARTESIAN_POINT('',(-0.00254,-0.022616706045279,0.101908221939278));
#3917=CARTESIAN_POINT('',(-0.00271892365559191,-0.0225951757963392,0.101908221939278));
#3918=CARTESIAN_POINT('',(-0.00254,-0.0227969204613854,0.101800460694328));
#3919=CARTESIAN_POINT('',(-0.00253999986519366,-0.0226167060597511,0.101788960262177));
#3920=CARTESIAN_POINT('',(-0.00271892343609631,-0.0225951758227515,0.10169269944938));
#3921=CARTESIAN_POINT('',(-0.00244264113167352,-0.0228205005199705,0.101705021939276));
#3922=CARTESIAN_POINT('',(-0.00241847138755478,-0.0226295403571515,0.101694528455482));
#3923=CARTESIAN_POINT('',(-0.00252592910178987,-0.0226185472075371,0.101501822012065));
#3924=CARTESIAN_POINT('',(-0.00233679999999671,-0.0228421560564122,0.101705021939278));
#3925=CARTESIAN_POINT('',(-0.00231612015105651,-0.0226400110988992,0.101705021939278));
#3926=CARTESIAN_POINT('',(-0.00231612015105326,-0.0226400110988995,0.101501821939278));
#3927=CARTESIAN_POINT('',(-0.0023368,-0.0228421560564115,0.101501821939278));
#3928=CARTESIAN_POINT('',(-0.0002032,-0.0229604755461524,0.101705021939278));
#3929=CARTESIAN_POINT('',(-0.000201401752266067,-0.0227572835032346,0.101705021939278));
#3930=CARTESIAN_POINT('',(-0.000201401752266067,-0.0227572835032346,0.101501821939278));
#3931=CARTESIAN_POINT('',(-9.51275146918595E-5,-0.0229623884232386,0.101705021939278));
#3932=CARTESIAN_POINT('',(-9.49832075689286E-5,-0.0227582253062208,0.101705980713443));
#3933=CARTESIAN_POINT('',(1.28304121955015E-5,-0.0227591794559439,0.101501822159195));
#3934=CARTESIAN_POINT('',(9.94139974323846E-7,-0.0229604579519708,0.101803387378714));
#3935=CARTESIAN_POINT('',(1.0114719407251E-6,-0.0227590743955116,0.101802475102472));
#3936=CARTESIAN_POINT('',(0.000203372359314584,-0.0227572660649272,0.101698552817413));
#3937=CARTESIAN_POINT('',(-8.97173508873422E-9,-0.0229604757049449,0.101910131398009));
#3938=CARTESIAN_POINT('',(-9.12911829011747E-9,-0.0227590658302984,0.101910148145611));
#3939=CARTESIAN_POINT('',(0.000201383967589219,-0.0227572836606219,0.101912040856741));
#3940=CARTESIAN_POINT('',(-0.0002032,-0.0229604755461524,0.101705021939278));
#3941=CARTESIAN_POINT('',(-9.58801223352732E-5,-0.0229623751060371,0.101705021939278));
#3942=CARTESIAN_POINT('',(8.59945305784473E-16,-0.0229604755461525,0.101800885460469));
#3943=CARTESIAN_POINT('',(9.62574736281957E-16,-0.0229604755461525,0.101908221939277));
#3944=CARTESIAN_POINT('',(-0.0002032,-0.0229604755461524,0.101501821939278));
#3945=CARTESIAN_POINT('',(0.,0.,0.101501821939278));
#3946=CARTESIAN_POINT('',(-9.18685292712585E-9,-0.0229604757087521,0.10657988972484));
#3947=CARTESIAN_POINT('',(-9.34800932801567E-9,-0.0227590658284614,0.106579872777705));
#3948=CARTESIAN_POINT('',(0.000201383541160975,-0.0227572836643954,0.106577957510403));
#3949=CARTESIAN_POINT('',(1.01689197183521E-6,-0.022960457546758,0.106687791718916));
#3950=CARTESIAN_POINT('',(1.03476765097107E-6,-0.0227590745910167,0.106688713700524));
#3951=CARTESIAN_POINT('',(0.000203417748561877,-0.0227572656633064,0.106793761496533));
#3952=CARTESIAN_POINT('',(-9.65132413602874E-5,-0.0229623638986352,0.10678502193928));
#3953=CARTESIAN_POINT('',(-9.63509017739246E-5,-0.0227582132021124,0.10678407556061));
#3954=CARTESIAN_POINT('',(1.00834852590171E-5,-0.0227591551456656,0.106988221873768));
#3955=CARTESIAN_POINT('',(-0.0002032000000046,-0.0229604755461523,0.106785021939278));
#3956=CARTESIAN_POINT('',(-0.000201401752270586,-0.0227572835032346,0.106785021939278));
#3957=CARTESIAN_POINT('',(-0.000201401752275185,-0.0227572835032345,0.106988221939278));
#3958=CARTESIAN_POINT('',(0.,-0.0229604755461524,0.106581821939278));
#3959=CARTESIAN_POINT('',(0.,-0.0229604755461524,0.106689158479201));
#3960=CARTESIAN_POINT('',(-9.58799615933365E-5,-0.0229623751088824,0.106785021939278));
#3961=CARTESIAN_POINT('',(-0.000203199999999786,-0.0229604755461525,0.106785021939279));
#3962=CARTESIAN_POINT('',(-0.0002032,-0.0229604755461524,0.106988221939278));
#3963=CARTESIAN_POINT('',(0.,0.,0.106988221939278));
#3964=CARTESIAN_POINT('',(-0.0023368,-0.0228421560564115,0.106988221939278));
#3965=CARTESIAN_POINT('',(-0.0023368,-0.0228421560564115,0.106785021939278));
#3966=CARTESIAN_POINT('',(-0.00231612015105977,-0.0226400110988989,0.106785021939278));
#3967=CARTESIAN_POINT('',(-0.00231612015105977,-0.0226400110988989,0.106988221939278));
#3968=CARTESIAN_POINT('',(-0.00244399483841215,-0.0228202235433614,0.106785021939278));
#3969=CARTESIAN_POINT('',(-0.00241974625791639,-0.0226294099352997,0.10679564605773));
#3970=CARTESIAN_POINT('',(-0.00252861255588056,-0.0226182726846109,0.106988221722053));
#3971=CARTESIAN_POINT('',(-0.00254000000000035,-0.0227969204418528,0.106688173452921));
#3972=CARTESIAN_POINT('',(-0.00253999996364037,-0.0226167060491869,0.106699523433823));
#3973=CARTESIAN_POINT('',(-0.00271892359691289,-0.0225951758034002,0.106794524966562));
#3974=CARTESIAN_POINT('',(-0.00254,-0.0227969204346872,0.106581821939277));
#3975=CARTESIAN_POINT('',(-0.00254,-0.022616706045279,0.106581821939277));
#3976=CARTESIAN_POINT('',(-0.00271892365559191,-0.0225951757963392,0.106581821939276));
#3977=CARTESIAN_POINT('',(-0.0002032,0.,0.106581821939278));
#3978=CARTESIAN_POINT('',(-0.0002032,-0.0228397715836764,0.101908221939278));
#3979=CARTESIAN_POINT('',(0.0186908111592931,-0.00127,0.0157524798996747));
#3980=CARTESIAN_POINT('',(0.0186908111592931,0.00127,0.0157524798996747));
#3981=CARTESIAN_POINT('',(0.0186908111592931,0.00127,0.0182924798996747));
#3982=CARTESIAN_POINT('',(0.0186908111592931,0.00127,0.0132124798996746));
#3983=CARTESIAN_POINT('',(0.0186908111592931,-0.00127,0.0132124798996746));
#3984=CARTESIAN_POINT('',(0.0186908111592931,-0.00127,0.0132124798996746));
#3985=CARTESIAN_POINT('',(0.0186908111592931,-0.00127,0.0157524798996747));
#3986=CARTESIAN_POINT('',(0.0186908111592931,-0.00127,0.0182924798996747));
#3987=CARTESIAN_POINT('',(0.0186908111592931,-0.00127,0.0182924798996747));
#3988=CARTESIAN_POINT('',(0.0226515159010887,-0.00127,0.0132124798996746));
#3989=CARTESIAN_POINT('',(0.0226515159010887,-0.00127,0.0132124798996746));
#3990=CARTESIAN_POINT('',(0.0226515159010887,0.00127,0.0132124798996746));
#3991=CARTESIAN_POINT('',(0.0226515159010887,-0.00127,0.0182924798996747));
#3992=CARTESIAN_POINT('',(0.0226515159010887,0.00127,0.0182924798996747));
#3993=CARTESIAN_POINT('',(0.0226515159010887,-0.00127,0.0182924798996747));
#3994=CARTESIAN_POINT('',(0.0226515159010887,-0.00127,0.0157524798996747));
#3995=CARTESIAN_POINT('',(0.0226515159010887,0.00127,0.0157524798996747));
#3996=CARTESIAN_POINT('',(0.0226515159010887,-0.00127,0.0182924798996747));
#3997=CARTESIAN_POINT('',(0.0227448670944566,0.000778161916255822,0.0182924798996747));
#3998=CARTESIAN_POINT('',(0.0227406657902063,0.000900961689415561,0.0182924798996747));
#3999=CARTESIAN_POINT('',(0.0228286869737892,0.00100260457854444,0.0182924798996747));
#4000=CARTESIAN_POINT('',(0.0229099549111588,0.00109219999999991,0.0182924798996747));
#4001=CARTESIAN_POINT('',(0.0229099549111588,0.0010922,0.0182924798996747));
#4002=CARTESIAN_POINT('',(0.0227448670944566,-0.000778161916255823,0.0182924798996747));
#4003=CARTESIAN_POINT('',(0.0227406657902064,-0.000900961689418032,0.0182924798996747));
#4004=CARTESIAN_POINT('',(0.0228286869795712,-0.00100260457329654,0.0182924798996747));
#4005=CARTESIAN_POINT('',(0.0229099549111588,-0.0010922,0.0182924798996747));
#4006=CARTESIAN_POINT('',(0.0229099549111588,-0.0010922,0.0182924798996747));
#4007=CARTESIAN_POINT('',(0.0226515159010887,-0.0010922,0.0182924798996747));
#4008=CARTESIAN_POINT('',(0.0239754165900604,-0.0010922,0.0182924798996747));
#4009=CARTESIAN_POINT('',(0.0239754165900604,-0.00127,0.0182924798996747));
#4010=CARTESIAN_POINT('',(0.0239754165900604,0.0010922,0.0182924798996747));
#4011=CARTESIAN_POINT('',(0.0239754165900604,0.0010922,0.0182924798996747));
#4012=CARTESIAN_POINT('',(0.0226515159010887,-0.00127,0.0132124798996746));
#4013=CARTESIAN_POINT('',(0.0253422206428843,-0.00127,0.0132124798996746));
#4014=CARTESIAN_POINT('',(0.0253422206428843,-0.0010922,0.0132124798996746));
#4015=CARTESIAN_POINT('',(0.0253422206428843,0.0010922,0.0132124798996746));
#4016=CARTESIAN_POINT('',(0.0253422206428843,-0.0010922,0.0132124798996746));
#4017=CARTESIAN_POINT('',(0.0229099549111588,-0.0010922,0.0132124798996746));
#4018=CARTESIAN_POINT('',(0.0227448670944566,-0.000778161916255822,0.0132124798996747));
#4019=CARTESIAN_POINT('',(0.0227406657902063,-0.000900961689415564,0.0132124798996747));
#4020=CARTESIAN_POINT('',(0.0228286869737885,-0.0010026045785451,0.0132124798996746));
#4021=CARTESIAN_POINT('',(0.0229099549111588,-0.00109219999999991,0.0132124798996746));
#4022=CARTESIAN_POINT('',(0.0227448670944566,0.000778161916255823,0.0132124798996746));
#4023=CARTESIAN_POINT('',(0.0227406657902064,0.000900961689418035,0.0132124798996746));
#4024=CARTESIAN_POINT('',(0.0228286869795679,0.00100260457329959,0.0132124798996746));
#4025=CARTESIAN_POINT('',(0.0229099549111588,0.0010922,0.0132124798996746));
#4026=CARTESIAN_POINT('',(0.0229099549111588,0.0010922,0.0132124798996746));
#4027=CARTESIAN_POINT('',(0.0226515159010887,0.0010922,0.0132124798996746));
#4028=CARTESIAN_POINT('',(0.0226515159010887,-0.00127,0.0157524798996747));
#4029=CARTESIAN_POINT('',(0.0226515159010887,-0.00127,0.0181146798996746));
#4030=CARTESIAN_POINT('',(0.022890233944443,-0.00127,0.0181146798996746));
#4031=CARTESIAN_POINT('',(0.0239754165900604,-0.00127,0.0181146798996746));
#4032=CARTESIAN_POINT('',(0.022890233944443,-0.00127,0.0157524798996747));
#4033=CARTESIAN_POINT('',(0.022890233944443,-0.00127,0.0133902798996747));
#4034=CARTESIAN_POINT('',(0.0227227114383915,-0.00127,0.0133902798996747));
#4035=CARTESIAN_POINT('',(0.0253422206428843,-0.00127,0.0133902798996747));
#4036=CARTESIAN_POINT('',(0.0253422206428843,-0.00127,0.0144824798996746));
#4037=CARTESIAN_POINT('',(0.0264344206428844,-0.00127,0.0144824798996746));
#4038=CARTESIAN_POINT('',(0.0264344206428844,-0.00127,0.0144824798996746));
#4039=CARTESIAN_POINT('',(0.0264344206428844,-0.00127,0.0156556758468508));
#4040=CARTESIAN_POINT('',(0.0239754165900604,-0.00127,0.0156556758468508));
#4041=CARTESIAN_POINT('',(0.0245404676450552,-0.00127,0.015938977977645));
#4042=CARTESIAN_POINT('',(0.0245404676450552,-0.00127,0.0142962269075331));
#4043=CARTESIAN_POINT('',(0.0226515159010887,0.00127,0.0157524798996747));
#4044=CARTESIAN_POINT('',(0.0264344206428844,0.00127,0.0157524798996747));
#4045=CARTESIAN_POINT('',(0.0264344206428844,0.00127,0.0144824798996746));
#4046=CARTESIAN_POINT('',(0.0264344206428844,0.00127,0.0156556758468508));
#4047=CARTESIAN_POINT('',(0.0253422206428843,0.00127,0.0144824798996746));
#4048=CARTESIAN_POINT('',(0.0253422206428843,0.00127,0.0133902798996747));
#4049=CARTESIAN_POINT('',(0.0226515159010887,0.00127,0.0133902798996747));
#4050=CARTESIAN_POINT('',(0.022890233944443,0.00127,0.0133902798996747));
#4051=CARTESIAN_POINT('',(0.022890233944443,0.00127,0.0132124798996746));
#4052=CARTESIAN_POINT('',(0.022890233944443,0.00127,0.0181146798996746));
#4053=CARTESIAN_POINT('',(0.0227227114383915,0.00127,0.0181146798996746));
#4054=CARTESIAN_POINT('',(0.0239754165900604,0.00127,0.0181146798996746));
#4055=CARTESIAN_POINT('',(0.0239754165900604,0.00127,0.0156556758468508));
#4056=CARTESIAN_POINT('',(0.0245404676450552,0.00127,0.015938977977645));
#4057=CARTESIAN_POINT('',(0.0245404676450552,0.00127,0.0142962269075331));
#4058=CARTESIAN_POINT('',(0.0266122206428843,-0.00127,0.0157524798996747));
#4059=CARTESIAN_POINT('',(0.0266122206428843,0.00127,0.0156556758468508));
#4060=CARTESIAN_POINT('',(0.0266122206428843,-0.0010922,0.0156556758468508));
#4061=CARTESIAN_POINT('',(0.0266122206428843,0.0010922,0.0156556758468508));
#4062=CARTESIAN_POINT('',(0.0266122206428843,-0.0010922,0.0156556758468508));
#4063=CARTESIAN_POINT('',(0.0266122206428843,-0.0010922,0.0144824798996746));
#4064=CARTESIAN_POINT('',(0.0266122206428843,-0.00127,0.0144824798996746));
#4065=CARTESIAN_POINT('',(0.0266122206428843,0.0010922,0.0144824798996746));
#4066=CARTESIAN_POINT('',(0.0266122206428843,0.0010922,0.0157524798996747));
#4067=CARTESIAN_POINT('',(0.0245404676450552,-0.00127,0.015938977977645));
#4068=CARTESIAN_POINT('',(0.0245404676450552,0.0010922,0.015938977977645));
#4069=CARTESIAN_POINT('',(0.0245404676450552,0.0010922,0.0144740269075331));
#4070=CARTESIAN_POINT('',(0.0245404676450552,-0.0010922,0.015938977977645));
#4071=CARTESIAN_POINT('',(0.0245404676450552,-0.0010922,0.0144740269075331));
#4072=CARTESIAN_POINT('',(0.0253422206428843,-0.00127,0.0144824798996746));
#4073=CARTESIAN_POINT('',(0.0253422206428843,-0.0010922,0.0144824798996746));
#4074=CARTESIAN_POINT('',(0.0253422206428843,0.0010922,0.0144824798996746));
#4075=CARTESIAN_POINT('',(0.0239754165900604,-0.00127,0.0156556758468508));
#4076=CARTESIAN_POINT('',(0.0239754165900604,-0.0010922,0.0156556758468508));
#4077=CARTESIAN_POINT('',(0.0239754165900604,0.0010922,0.0156556758468508));
#4078=CARTESIAN_POINT('',(0.0226515159010887,0.0010922,0.0181146798996746));
#4079=CARTESIAN_POINT('',(0.022890233944443,0.00127,0.0181146798996746));
#4080=CARTESIAN_POINT('',(0.022890233944443,0.00127,0.0182088947028284));
#4081=CARTESIAN_POINT('',(0.0229010137120363,0.0011859751642316,0.0182924798996747));
#4082=CARTESIAN_POINT('',(0.0229099549111588,0.0010922,0.0182924798996747));
#4083=CARTESIAN_POINT('',(0.0239754165900604,0.0010922,0.0181146798996746));
#4084=CARTESIAN_POINT('',(0.0239754165900604,0.0010922,0.0156556758468508));
#4085=CARTESIAN_POINT('',(0.0264344206428844,0.0010922,0.0156556758468508));
#4086=CARTESIAN_POINT('',(0.0227449606264134,0.000775423249144524,0.018287611248749));
#4087=CARTESIAN_POINT('',(0.0227395079125146,0.000935363982250791,0.0181984923318321));
#4088=CARTESIAN_POINT('',(0.0229226573905381,0.000936840651627161,0.0182011455742118));
#4089=CARTESIAN_POINT('',(0.0227423901002316,0.00085082273820966,0.0184241458490066));
#4090=CARTESIAN_POINT('',(0.0227377698790616,0.000970809470877328,0.0182649175254721));
#4091=CARTESIAN_POINT('',(0.0229200667905978,0.000974834987751131,0.0182694128413519));
#4092=CARTESIAN_POINT('',(0.0227283534831588,0.00120051123080373,0.0185696737925215));
#4093=CARTESIAN_POINT('',(0.0227300742372413,0.00113288579852981,0.0183475101829349));
#4094=CARTESIAN_POINT('',(0.0229059204983327,0.00115104509676441,0.0183421768625924));
#4095=CARTESIAN_POINT('',(0.0227127885354516,0.00143657650553918,0.0182722909558538));
#4096=CARTESIAN_POINT('',(0.0227233244499846,0.00126999992730155,0.0181981646180419));
#4097=CARTESIAN_POINT('',(0.0228902339526707,0.00127,0.0181934854277642));
#4098=CARTESIAN_POINT('',(0.0227127885273307,0.00143657663393399,0.0181146798996747));
#4099=CARTESIAN_POINT('',(0.0227233244463254,0.00127,0.0181146798996746));
#4100=CARTESIAN_POINT('',(0.022890233944443,0.00127,0.0181146798996747));
#4101=CARTESIAN_POINT('',(0.022890233944443,0.0014478,0.0181146798996746));
#4102=CARTESIAN_POINT('',(0.0264344206428844,0.0010922,0.0157524798996747));
#4103=CARTESIAN_POINT('',(0.0264344206428844,0.0010922,0.0144824798996746));
#4104=CARTESIAN_POINT('',(0.022890233944443,0.0014478,0.013719636015594));
#4105=CARTESIAN_POINT('',(0.022890233944443,0.0014478,0.0133902798996747));
#4106=CARTESIAN_POINT('',(0.0253422206428843,0.0010922,0.0144824798996746));
#4107=CARTESIAN_POINT('',(0.0253422206428843,0.0010922,0.0133902798996747));
#4108=CARTESIAN_POINT('',(0.0227127885273307,0.00143657663393399,0.0133902798996747));
#4109=CARTESIAN_POINT('',(0.0227233244463254,0.00127,0.0133902798996747));
#4110=CARTESIAN_POINT('',(0.022890233944443,0.00127,0.0133902798996747));
#4111=CARTESIAN_POINT('',(0.0227127885405064,0.00143657642562176,0.0132325608102449));
#4112=CARTESIAN_POINT('',(0.0227233244522458,0.00126999988224824,0.0133067379567245));
#4113=CARTESIAN_POINT('',(0.0228902339577645,0.00127,0.0133114203549598));
#4114=CARTESIAN_POINT('',(0.0227283263354277,0.0012010333630511,0.0129354989974104));
#4115=CARTESIAN_POINT('',(0.0227300614368167,0.00113315376542592,0.0131575474491936));
#4116=CARTESIAN_POINT('',(0.0229058931389996,0.00115130823967251,0.0131628894639462));
#4117=CARTESIAN_POINT('',(0.0227423892152845,0.000850848321269801,0.0130807753667132));
#4118=CARTESIAN_POINT('',(0.0227377692908296,0.000970821485536194,0.0132400234750651));
#4119=CARTESIAN_POINT('',(0.0229200658977539,0.000974847764574858,0.0132355276023867));
#4120=CARTESIAN_POINT('',(0.0227449604953069,0.000775427094792162,0.013217341587038));
#4121=CARTESIAN_POINT('',(0.0227395078236682,0.000935365794186507,0.0133064640720273));
#4122=CARTESIAN_POINT('',(0.0229226572584074,0.00093684258947319,0.0133038107433563));
#4123=CARTESIAN_POINT('',(0.022890233944443,0.00127,0.0133902798996747));
#4124=CARTESIAN_POINT('',(0.022890233944443,0.00127,0.0132960759701229));
#4125=CARTESIAN_POINT('',(0.0229010148777865,0.00118596293785774,0.0132124798996741));
#4126=CARTESIAN_POINT('',(0.0229099549111585,0.00109220000000011,0.013212479899674));
#4127=CARTESIAN_POINT('',(0.0226515159010887,0.0010922,0.0133902798996747));
#4128=CARTESIAN_POINT('',(0.0245404676450552,0.0010922,0.015938977977645));
#4129=CARTESIAN_POINT('',(0.0226515159010887,-0.0010922,0.0133902798996747));
#4130=CARTESIAN_POINT('',(0.022890233944443,-0.00127,0.0133902798996747));
#4131=CARTESIAN_POINT('',(0.022890233944443,-0.00127,0.0132960650965209));
#4132=CARTESIAN_POINT('',(0.0229010137120363,-0.00118597516423161,0.0132124798996746));
#4133=CARTESIAN_POINT('',(0.0229099549111588,-0.0010922,0.0132124798996746));
#4134=CARTESIAN_POINT('',(0.0253422206428843,-0.0010922,0.0133902798996747));
#4135=CARTESIAN_POINT('',(0.0253422206428843,-0.0010922,0.0144824798996746));
#4136=CARTESIAN_POINT('',(0.0264344206428844,-0.0010922,0.0144824798996746));
#4137=CARTESIAN_POINT('',(0.0227449606264134,-0.000775423249144532,0.0132173485506003));
#4138=CARTESIAN_POINT('',(0.0227395079125146,-0.000935363982250792,0.0133064674675172));
#4139=CARTESIAN_POINT('',(0.0229226573905381,-0.000936840651627166,0.0133038142251375));
#4140=CARTESIAN_POINT('',(0.0227423901002316,-0.000850822738209483,0.0130808139503422));
#4141=CARTESIAN_POINT('',(0.0227377698790606,-0.000970809470877873,0.0132400422738767));
#4142=CARTESIAN_POINT('',(0.022920066790597,-0.000974834987751294,0.0132355469579971));
#4143=CARTESIAN_POINT('',(0.0227283534831588,-0.00120051123080384,0.0129352860068282));
#4144=CARTESIAN_POINT('',(0.0227300742372418,-0.00113288579852936,0.0131574496164141));
#4145=CARTESIAN_POINT('',(0.0229059204983331,-0.00115104509676433,0.013162782936757));
#4146=CARTESIAN_POINT('',(0.0227127885354516,-0.00143657650553918,0.0132326688434953));
#4147=CARTESIAN_POINT('',(0.0227233244499846,-0.00126999992730155,0.0133067951813086));
#4148=CARTESIAN_POINT('',(0.0228902339526707,-0.00127,0.0133114743715852));
#4149=CARTESIAN_POINT('',(0.0227127885273307,-0.00143657663393399,0.0133902798996747));
#4150=CARTESIAN_POINT('',(0.0227233244463254,-0.00127,0.0133902798996747));
#4151=CARTESIAN_POINT('',(0.022890233944443,-0.00127,0.0133902798996747));
#4152=CARTESIAN_POINT('',(0.022890233944443,-0.0014478,0.0133902798996747));
#4153=CARTESIAN_POINT('',(0.0264344206428844,-0.0010922,0.0157524798996747));
#4154=CARTESIAN_POINT('',(0.0264344206428844,-0.0010922,0.0156556758468508));
#4155=CARTESIAN_POINT('',(0.022890233944443,-0.0014478,0.013719636015594));
#4156=CARTESIAN_POINT('',(0.022890233944443,-0.0014478,0.0181146798996746));
#4157=CARTESIAN_POINT('',(0.0239754165900604,-0.0010922,0.0156556758468508));
#4158=CARTESIAN_POINT('',(0.0239754165900604,-0.0010922,0.0181146798996746));
#4159=CARTESIAN_POINT('',(0.0227127885273307,-0.00143657663393399,0.0181146798996747));
#4160=CARTESIAN_POINT('',(0.0227233244463254,-0.00127,0.0181146798996746));
#4161=CARTESIAN_POINT('',(0.022890233944443,-0.00127,0.0181146798996747));
#4162=CARTESIAN_POINT('',(0.0227127885405064,-0.00143657642562176,0.018272398989103));
#4163=CARTESIAN_POINT('',(0.0227233244522458,-0.00126999988224824,0.0181982218426248));
#4164=CARTESIAN_POINT('',(0.0228902339577645,-0.00127,0.018193539444389));
#4165=CARTESIAN_POINT('',(0.0227283263354277,-0.0012010333630511,0.0185694608019391));
#4166=CARTESIAN_POINT('',(0.0227300614368162,-0.00113315376542599,0.0183474123501551));
#4167=CARTESIAN_POINT('',(0.0229058931389996,-0.00115130823967236,0.0183420703354031));
#4168=CARTESIAN_POINT('',(0.0227423892152844,-0.00085084832126983,0.018424184432637));
#4169=CARTESIAN_POINT('',(0.0227377692908307,-0.000970821485536062,0.0182649363242854));
#4170=CARTESIAN_POINT('',(0.0229200658977539,-0.000974847764575172,0.0182694321969632));
#4171=CARTESIAN_POINT('',(0.0227449604953069,-0.000775427094792166,0.0182876182123113));
#4172=CARTESIAN_POINT('',(0.0227395078236682,-0.00093536579418651,0.018198495727322));
#4173=CARTESIAN_POINT('',(0.0229226572584074,-0.000936842589473193,0.018201149055993));
#4174=CARTESIAN_POINT('',(0.022890233944443,-0.00127,0.0181146798996746));
#4175=CARTESIAN_POINT('',(0.022890233944443,-0.00127,0.0182088838292264));
#4176=CARTESIAN_POINT('',(0.0229010148777865,-0.00118596293785775,0.0182924798996752));
#4177=CARTESIAN_POINT('',(0.0229099549111585,-0.00109220000000011,0.0182924798996753));
#4178=CARTESIAN_POINT('',(0.0226515159010887,-0.0010922,0.0181146798996746));
#4179=CARTESIAN_POINT('',(0.0245404676450552,-0.0010922,0.015938977977645));
#4180=MECHANICAL_DESIGN_GEOMETRIC_PRESENTATION_REPRESENTATION('',(#2197),
#4181);
#4181=(
GEOMETRIC_REPRESENTATION_CONTEXT(3)
GLOBAL_UNCERTAINTY_ASSIGNED_CONTEXT((#4182))
GLOBAL_UNIT_ASSIGNED_CONTEXT((#4185,#4184,#4183))
REPRESENTATION_CONTEXT('Part 1','TOP_LEVEL_ASSEMBLY_PART')
);
#4182=UNCERTAINTY_MEASURE_WITH_UNIT(LENGTH_MEASURE(2.E-5),#4185,
'DISTANCE_ACCURACY_VALUE','Maximum Tolerance applied to model');
#4183=(
NAMED_UNIT(*)
SI_UNIT($,.STERADIAN.)
SOLID_ANGLE_UNIT()
);
#4184=(
NAMED_UNIT(*)
PLANE_ANGLE_UNIT()
SI_UNIT($,.RADIAN.)
);
#4185=(
LENGTH_UNIT()
NAMED_UNIT(*)
SI_UNIT($,.METRE.)
);
#4186=PRODUCT_DEFINITION_SHAPE('','',#4187);
#4187=PRODUCT_DEFINITION('','',#4189,#4188);
#4188=PRODUCT_DEFINITION_CONTEXT('',#4195,'design');
#4189=PRODUCT_DEFINITION_FORMATION_WITH_SPECIFIED_SOURCE('','',#4191,
 .NOT_KNOWN.);
#4190=PRODUCT_RELATED_PRODUCT_CATEGORY('','',(#4191));
#4191=PRODUCT('Part 1','Part 1','Part 1',(#4193));
#4192=PRODUCT_CATEGORY('','');
#4193=PRODUCT_CONTEXT('',#4195,'mechanical');
#4194=APPLICATION_PROTOCOL_DEFINITION('international standard',
'ap242_managed_model_based_3d_engineering',2020,#4195);
#4195=APPLICATION_CONTEXT('managed model based 3d engineering');
ENDSEC;
END-ISO-10303-21;
