ISO-10303-21;
HEADER;
/* Generated by software containing ST-Developer
 * from STEP Tools, Inc. (www.steptools.com) 
 */
/* OPTION: using custom renumber hook */

FILE_DESCRIPTION(
/* description */ ('STEP AP242 Edition 2',
'CAx-IF Rec.Pracs.---Representation and Presentation of Product Manufa
cturing Information (PMI)---4.0---2014-10-13',
'CAx-IF Rec.Pracs.---3D Tessellated Geometry---0.4---2014-09-14','2;1',
'CAx-IF Rec.Pracs.---User Defined Attributes---1.5---2016-08-15'),
/* implementation_level */ '2;1');

FILE_NAME(
/* name */ '6a6fef2946148d64a95ff270',
/* time_stamp */ '2026-08-03T01:30:17Z',
/* author */ (''),
/* organization */ (''),
/* preprocessor_version */ 'ST-DEVELOPER v20',
/* originating_system */ 'ONSHAPE BY PTC INC, 1.218',
/* authorisation */ '  ');

FILE_SCHEMA (('AP242_MANAGED_MODEL_BASED_3D_ENGINEERING_MIM_LF { 1 0 10303 442 3 1 4 }'));
ENDSEC;

DATA;
#10=DRAUGHTING_PRE_DEFINED_COLOUR('blue');
#11=SPHERICAL_SURFACE('',#4645,0.0002032);
#12=SPHERICAL_SURFACE('',#4648,0.0002032);
#13=SPHERICAL_SURFACE('',#4662,0.0002032);
#14=SPHERICAL_SURFACE('',#4664,0.0002032);
#15=SPHERICAL_SURFACE('',#4714,0.0001778);
#16=SPHERICAL_SURFACE('',#4717,0.0001778);
#17=SPHERICAL_SURFACE('',#4732,0.0001778);
#18=SPHERICAL_SURFACE('',#4736,0.0001778);
#19=SPHERICAL_SURFACE('',#4749,0.0002032);
#20=SPHERICAL_SURFACE('',#4758,0.0002032);
#21=SPHERICAL_SURFACE('',#4767,0.0002032);
#22=SPHERICAL_SURFACE('',#4774,0.0002032);
#23=TOROIDAL_SURFACE('',#4639,0.00152688058616235,0.0002032);
#24=TOROIDAL_SURFACE('',#4644,0.00152688058616235,0.0002032);
#25=TOROIDAL_SURFACE('',#4660,0.022961374687624,0.0002032);
#26=TOROIDAL_SURFACE('',#4672,0.022961374687624,0.0002032);
#27=TOROIDAL_SURFACE('',#4675,0.0024590040528239,0.0001778);
#28=TOROIDAL_SURFACE('',#4682,0.0010922,0.0001778);
#29=TOROIDAL_SURFACE('',#4685,0.00164275107011189,0.0001778);
#30=TOROIDAL_SURFACE('',#4688,0.0010922,0.0001778);
#31=TOROIDAL_SURFACE('',#4695,0.0024590040528239,0.0001778);
#32=TOROIDAL_SURFACE('',#4698,0.00164275107011189,0.0001778);
#33=TOROIDAL_SURFACE('',#4723,0.022935974687624,0.0001778);
#34=TOROIDAL_SURFACE('',#4746,0.022935974687624,0.0001778);
#35=TOROIDAL_SURFACE('',#4747,0.00150148058616235,0.0001778);
#36=TOROIDAL_SURFACE('',#4748,0.00150148058616235,0.0001778);
#37=TOROIDAL_SURFACE('',#4762,0.00152688058616235,0.0002032);
#38=TOROIDAL_SURFACE('',#4773,0.00152688058616235,0.0002032);
#39=TOROIDAL_SURFACE('',#4788,0.022961374687624,0.0002032);
#40=TOROIDAL_SURFACE('',#4790,0.022961374687624,0.0002032);
#41=TOROIDAL_SURFACE('',#4821,0.0024590040528239,0.0001778);
#42=TOROIDAL_SURFACE('',#4828,0.0010922,0.0001778);
#43=TOROIDAL_SURFACE('',#4831,0.00164275107011189,0.0001778);
#44=TOROIDAL_SURFACE('',#4834,0.0010922,0.0001778);
#45=TOROIDAL_SURFACE('',#4841,0.0024590040528239,0.0001778);
#46=TOROIDAL_SURFACE('',#4844,0.00164275107011189,0.0001778);
#47=(
BOUNDED_SURFACE()
B_SPLINE_SURFACE(3,2,((#6513,#6514,#6515),(#6516,#6517,#6518),(#6519,#6520,
#6521),(#6522,#6523,#6524)),.UNSPECIFIED.,.F.,.F.,.F.)
B_SPLINE_SURFACE_WITH_KNOTS((4,4),(3,3),(0.000269097808889724,0.00090835432754007),
(0.,1.),.PIECEWISE_BEZIER_KNOTS.)
GEOMETRIC_REPRESENTATION_ITEM()
RATIONAL_B_SPLINE_SURFACE(((1.,0.710228288684413,1.),(1.,0.71027548061493,
1.),(1.,0.705464047606702,1.),(1.,0.707106781186618,1.)))
REPRESENTATION_ITEM('')
SURFACE()
);
#48=(
BOUNDED_SURFACE()
B_SPLINE_SURFACE(3,2,((#6536,#6537,#6538),(#6539,#6540,#6541),(#6542,#6543,
#6544),(#6545,#6546,#6547)),.UNSPECIFIED.,.F.,.F.,.F.)
B_SPLINE_SURFACE_WITH_KNOTS((4,4),(3,3),(0.000272935921232378,0.000912191579309903),
(0.,1.),.PIECEWISE_BEZIER_KNOTS.)
GEOMETRIC_REPRESENTATION_ITEM()
RATIONAL_B_SPLINE_SURFACE(((1.,0.707106781186548,1.),(1.,0.705442715297355,
1.),(1.,0.71027442768312,1.),(1.,0.710228298577138,1.)))
REPRESENTATION_ITEM('')
SURFACE()
);
#49=(
BOUNDED_SURFACE()
B_SPLINE_SURFACE(3,2,((#6771,#6772,#6773),(#6774,#6775,#6776),(#6777,#6778,
#6779),(#6780,#6781,#6782)),.UNSPECIFIED.,.F.,.F.,.F.)
B_SPLINE_SURFACE_WITH_KNOTS((4,4),(3,3),(0.000275087432900969,0.000912449567487372),
(0.,1.),.PIECEWISE_BEZIER_KNOTS.)
GEOMETRIC_REPRESENTATION_ITEM()
RATIONAL_B_SPLINE_SURFACE(((1.,0.707106781186548,1.),(1.,0.726088214636495,
1.),(1.,0.748154455550525,1.),(1.,0.748154462279922,1.)))
REPRESENTATION_ITEM('')
SURFACE()
);
#50=(
BOUNDED_SURFACE()
B_SPLINE_SURFACE(3,2,((#6793,#6794,#6795),(#6796,#6797,#6798),(#6799,#6800,
#6801),(#6802,#6803,#6804)),.UNSPECIFIED.,.F.,.F.,.F.)
B_SPLINE_SURFACE_WITH_KNOTS((4,4),(3,3),(0.000271499603274874,0.000908881404579405),
(0.,1.),.PIECEWISE_BEZIER_KNOTS.)
GEOMETRIC_REPRESENTATION_ITEM()
RATIONAL_B_SPLINE_SURFACE(((1.,0.748154462279922,1.),(1.,0.748154437249809,
1.),(1.,0.725848504451392,1.),(1.,0.707106781185966,1.)))
REPRESENTATION_ITEM('')
SURFACE()
);
#51=(
BOUNDED_SURFACE()
B_SPLINE_SURFACE(3,2,((#6815,#6816,#6817),(#6818,#6819,#6820),(#6821,#6822,
#6823),(#6824,#6825,#6826),(#6827,#6828,#6829)),.UNSPECIFIED.,.F.,.F.,.F.)
B_SPLINE_SURFACE_WITH_KNOTS((4,1,4),(3,3),(0.000217219656006206,0.000683334804037166,
0.00114944995206813),(0.,1.),.UNSPECIFIED.)
GEOMETRIC_REPRESENTATION_ITEM()
RATIONAL_B_SPLINE_SURFACE(((1.,0.696501280505185,1.),(1.,0.698075569623489,
1.),(1.,0.709726255056838,1.),(1.,0.729082819321742,1.),(1.,0.729082829203363,
1.)))
REPRESENTATION_ITEM('')
SURFACE()
);
#52=(
BOUNDED_SURFACE()
B_SPLINE_SURFACE(3,2,((#6837,#6838,#6839),(#6840,#6841,#6842),(#6843,#6844,
#6845),(#6846,#6847,#6848),(#6849,#6850,#6851)),.UNSPECIFIED.,.F.,.F.,.F.)
B_SPLINE_SURFACE_WITH_KNOTS((4,1,4),(3,3),(0.0011494499520681,0.00161588466042796,
0.00208231936878782),(0.,1.),.UNSPECIFIED.)
GEOMETRIC_REPRESENTATION_ITEM()
RATIONAL_B_SPLINE_SURFACE(((1.,0.729082829203363,1.),(1.,0.729082813214636,
1.),(1.,0.709755478034533,1.),(1.,0.698076131500589,1.),(1.,0.696501360801192,
1.)))
REPRESENTATION_ITEM('')
SURFACE()
);
#53=(
BOUNDED_SURFACE()
B_SPLINE_SURFACE(3,2,((#6866,#6867,#6868),(#6869,#6870,#6871),(#6872,#6873,
#6874),(#6875,#6876,#6877),(#6878,#6879,#6880)),.UNSPECIFIED.,.F.,.F.,.F.)
B_SPLINE_SURFACE_WITH_KNOTS((4,1,4),(3,3),(0.000217219656006205,0.000683334804037151,
0.0011494499520681),(0.,1.),.UNSPECIFIED.)
GEOMETRIC_REPRESENTATION_ITEM()
RATIONAL_B_SPLINE_SURFACE(((1.,0.696501280505192,1.),(1.,0.698075569621883,
1.),(1.,0.709726255057635,1.),(1.,0.729082819321742,1.),(1.,0.729082829203363,
1.)))
REPRESENTATION_ITEM('')
SURFACE()
);
#54=(
BOUNDED_SURFACE()
B_SPLINE_SURFACE(3,2,((#6888,#6889,#6890),(#6891,#6892,#6893),(#6894,#6895,
#6896),(#6897,#6898,#6899),(#6900,#6901,#6902)),.UNSPECIFIED.,.F.,.F.,.F.)
B_SPLINE_SURFACE_WITH_KNOTS((4,1,4),(3,3),(0.0011494499520681,0.00161588466042796,
0.00208231936878782),(0.,1.),.UNSPECIFIED.)
GEOMETRIC_REPRESENTATION_ITEM()
RATIONAL_B_SPLINE_SURFACE(((1.,0.729082829203363,1.),(1.,0.729082813214636,
1.),(1.,0.709755478034551,1.),(1.,0.698076131500554,1.),(1.,0.696501360801192,
1.)))
REPRESENTATION_ITEM('')
SURFACE()
);
#55=(
BOUNDED_SURFACE()
B_SPLINE_SURFACE(3,2,((#6994,#6995,#6996),(#6997,#6998,#6999),(#7000,#7001,
#7002),(#7003,#7004,#7005)),.UNSPECIFIED.,.F.,.F.,.F.)
B_SPLINE_SURFACE_WITH_KNOTS((4,4),(3,3),(0.00023915008459941,0.000795574972567398),
(0.,1.),.PIECEWISE_BEZIER_KNOTS.)
GEOMETRIC_REPRESENTATION_ITEM()
RATIONAL_B_SPLINE_SURFACE(((1.,0.707106781186548,1.),(1.,0.716004458971685,
1.),(1.,0.729082823616589,1.),(1.,0.729082829203363,1.)))
REPRESENTATION_ITEM('')
SURFACE()
);
#56=(
BOUNDED_SURFACE()
B_SPLINE_SURFACE(3,2,((#7007,#7008,#7009),(#7010,#7011,#7012),(#7013,#7014,
#7015),(#7016,#7017,#7018)),.UNSPECIFIED.,.F.,.F.,.F.)
B_SPLINE_SURFACE_WITH_KNOTS((4,4),(3,3),(0.000238464363464358,0.000794891777898703),
(0.,1.),.PIECEWISE_BEZIER_KNOTS.)
GEOMETRIC_REPRESENTATION_ITEM()
RATIONAL_B_SPLINE_SURFACE(((1.,0.729082829203363,1.),(1.,0.729082810130015,
1.),(1.,0.715890662611935,1.),(1.,0.707106781186262,1.)))
REPRESENTATION_ITEM('')
SURFACE()
);
#57=(
BOUNDED_SURFACE()
B_SPLINE_SURFACE(3,2,((#7036,#7037,#7038),(#7039,#7040,#7041),(#7042,#7043,
#7044),(#7045,#7046,#7047)),.UNSPECIFIED.,.F.,.F.,.F.)
B_SPLINE_SURFACE_WITH_KNOTS((4,4),(3,3),(0.000238464363464386,0.000794891777898731),
(0.,1.),.PIECEWISE_BEZIER_KNOTS.)
GEOMETRIC_REPRESENTATION_ITEM()
RATIONAL_B_SPLINE_SURFACE(((1.,0.729082829203363,1.),(1.,0.729082810130015,
1.),(1.,0.715890662611964,1.),(1.,0.707106781186262,1.)))
REPRESENTATION_ITEM('')
SURFACE()
);
#58=(
BOUNDED_SURFACE()
B_SPLINE_SURFACE(3,2,((#7049,#7050,#7051),(#7052,#7053,#7054),(#7055,#7056,
#7057),(#7058,#7059,#7060)),.UNSPECIFIED.,.F.,.F.,.F.)
B_SPLINE_SURFACE_WITH_KNOTS((4,4),(3,3),(0.000239150084599408,0.000795574972567384),
(0.,1.),.PIECEWISE_BEZIER_KNOTS.)
GEOMETRIC_REPRESENTATION_ITEM()
RATIONAL_B_SPLINE_SURFACE(((1.,0.707106781186548,1.),(1.,0.716004458971716,
1.),(1.,0.729082823618898,1.),(1.,0.729082829203363,1.)))
REPRESENTATION_ITEM('')
SURFACE()
);
#59=(
BOUNDED_SURFACE()
B_SPLINE_SURFACE(3,2,((#7153,#7154,#7155),(#7156,#7157,#7158),(#7159,#7160,
#7161),(#7162,#7163,#7164)),.UNSPECIFIED.,.F.,.F.,.F.)
B_SPLINE_SURFACE_WITH_KNOTS((4,4),(3,3),(0.000271499603274874,0.000908881404579405),
(0.,1.),.PIECEWISE_BEZIER_KNOTS.)
GEOMETRIC_REPRESENTATION_ITEM()
RATIONAL_B_SPLINE_SURFACE(((1.,0.748154462279922,1.),(1.,0.748154437249809,
1.),(1.,0.725848504451392,1.),(1.,0.707106781185966,1.)))
REPRESENTATION_ITEM('')
SURFACE()
);
#60=(
BOUNDED_SURFACE()
B_SPLINE_SURFACE(3,2,((#7166,#7167,#7168),(#7169,#7170,#7171),(#7172,#7173,
#7174),(#7175,#7176,#7177)),.UNSPECIFIED.,.F.,.F.,.F.)
B_SPLINE_SURFACE_WITH_KNOTS((4,4),(3,3),(0.000272935921232378,0.000912191579309903),
(0.,1.),.PIECEWISE_BEZIER_KNOTS.)
GEOMETRIC_REPRESENTATION_ITEM()
RATIONAL_B_SPLINE_SURFACE(((1.,0.707106781186548,1.),(1.,0.705442715297355,
1.),(1.,0.71027442768312,1.),(1.,0.710228298577138,1.)))
REPRESENTATION_ITEM('')
SURFACE()
);
#61=(
BOUNDED_SURFACE()
B_SPLINE_SURFACE(3,2,((#7184,#7185,#7186),(#7187,#7188,#7189),(#7190,#7191,
#7192),(#7193,#7194,#7195)),.UNSPECIFIED.,.F.,.F.,.F.)
B_SPLINE_SURFACE_WITH_KNOTS((4,4),(3,3),(0.000269097808889724,0.000908354327540069),
(0.,1.),.PIECEWISE_BEZIER_KNOTS.)
GEOMETRIC_REPRESENTATION_ITEM()
RATIONAL_B_SPLINE_SURFACE(((1.,0.710228288684413,1.),(1.,0.71027548061493,
1.),(1.,0.705464047606654,1.),(1.,0.707106781186619,1.)))
REPRESENTATION_ITEM('')
SURFACE()
);
#62=(
BOUNDED_SURFACE()
B_SPLINE_SURFACE(3,2,((#7203,#7204,#7205),(#7206,#7207,#7208),(#7209,#7210,
#7211),(#7212,#7213,#7214)),.UNSPECIFIED.,.F.,.F.,.F.)
B_SPLINE_SURFACE_WITH_KNOTS((4,4),(3,3),(0.000275087432900969,0.000912449567487372),
(0.,1.),.PIECEWISE_BEZIER_KNOTS.)
GEOMETRIC_REPRESENTATION_ITEM()
RATIONAL_B_SPLINE_SURFACE(((1.,0.707106781186548,1.),(1.,0.726088214636495,
1.),(1.,0.748154455550525,1.),(1.,0.748154462279922,1.)))
REPRESENTATION_ITEM('')
SURFACE()
);
#63=(
BOUNDED_SURFACE()
B_SPLINE_SURFACE(3,2,((#7324,#7325,#7326),(#7327,#7328,#7329),(#7330,#7331,
#7332),(#7333,#7334,#7335),(#7336,#7337,#7338)),.UNSPECIFIED.,.F.,.F.,.F.)
B_SPLINE_SURFACE_WITH_KNOTS((4,1,4),(3,3),(0.000217219656006206,0.000683334804037166,
0.00114944995206813),(0.,1.),.UNSPECIFIED.)
GEOMETRIC_REPRESENTATION_ITEM()
RATIONAL_B_SPLINE_SURFACE(((1.,0.696501280505185,1.),(1.,0.698075569623489,
1.),(1.,0.709726255056838,1.),(1.,0.729082819321742,1.),(1.,0.729082829203363,
1.)))
REPRESENTATION_ITEM('')
SURFACE()
);
#64=(
BOUNDED_SURFACE()
B_SPLINE_SURFACE(3,2,((#7346,#7347,#7348),(#7349,#7350,#7351),(#7352,#7353,
#7354),(#7355,#7356,#7357),(#7358,#7359,#7360)),.UNSPECIFIED.,.F.,.F.,.F.)
B_SPLINE_SURFACE_WITH_KNOTS((4,1,4),(3,3),(0.0011494499520681,0.00161588466042796,
0.00208231936878782),(0.,1.),.UNSPECIFIED.)
GEOMETRIC_REPRESENTATION_ITEM()
RATIONAL_B_SPLINE_SURFACE(((1.,0.729082829203363,1.),(1.,0.729082813214636,
1.),(1.,0.709755478034533,1.),(1.,0.698076131500589,1.),(1.,0.696501360801192,
1.)))
REPRESENTATION_ITEM('')
SURFACE()
);
#65=(
BOUNDED_SURFACE()
B_SPLINE_SURFACE(3,2,((#7375,#7376,#7377),(#7378,#7379,#7380),(#7381,#7382,
#7383),(#7384,#7385,#7386),(#7387,#7388,#7389)),.UNSPECIFIED.,.F.,.F.,.F.)
B_SPLINE_SURFACE_WITH_KNOTS((4,1,4),(3,3),(0.000217219656006205,0.000683334804037151,
0.0011494499520681),(0.,1.),.UNSPECIFIED.)
GEOMETRIC_REPRESENTATION_ITEM()
RATIONAL_B_SPLINE_SURFACE(((1.,0.696501280505192,1.),(1.,0.698075569621883,
1.),(1.,0.709726255057635,1.),(1.,0.729082819321742,1.),(1.,0.729082829203363,
1.)))
REPRESENTATION_ITEM('')
SURFACE()
);
#66=(
BOUNDED_SURFACE()
B_SPLINE_SURFACE(3,2,((#7397,#7398,#7399),(#7400,#7401,#7402),(#7403,#7404,
#7405),(#7406,#7407,#7408),(#7409,#7410,#7411)),.UNSPECIFIED.,.F.,.F.,.F.)
B_SPLINE_SURFACE_WITH_KNOTS((4,1,4),(3,3),(0.0011494499520681,0.00161588466042796,
0.00208231936878782),(0.,1.),.UNSPECIFIED.)
GEOMETRIC_REPRESENTATION_ITEM()
RATIONAL_B_SPLINE_SURFACE(((1.,0.729082829203363,1.),(1.,0.729082813214636,
1.),(1.,0.709755478034551,1.),(1.,0.698076131500554,1.),(1.,0.696501360801192,
1.)))
REPRESENTATION_ITEM('')
SURFACE()
);
#67=B_SPLINE_CURVE_WITH_KNOTS('',2,(#6281,#6282,#6283),.UNSPECIFIED.,.F.,
 .F.,(3,3),(0.,1.),.PIECEWISE_BEZIER_KNOTS.);
#68=B_SPLINE_CURVE_WITH_KNOTS('',2,(#6287,#6288,#6289),.UNSPECIFIED.,.F.,
 .F.,(3,3),(0.,1.),.PIECEWISE_BEZIER_KNOTS.);
#69=B_SPLINE_CURVE_WITH_KNOTS('',2,(#6298,#6299,#6300),.UNSPECIFIED.,.F.,
 .F.,(3,3),(0.,1.),.PIECEWISE_BEZIER_KNOTS.);
#70=B_SPLINE_CURVE_WITH_KNOTS('',2,(#6304,#6305,#6306),.UNSPECIFIED.,.F.,
 .F.,(3,3),(0.,1.),.PIECEWISE_BEZIER_KNOTS.);
#71=B_SPLINE_CURVE_WITH_KNOTS('',3,(#6365,#6366,#6367,#6368),
 .UNSPECIFIED.,.F.,.F.,(4,4),(0.,0.000558349365689767),.UNSPECIFIED.);
#72=B_SPLINE_CURVE_WITH_KNOTS('',3,(#6373,#6374,#6375,#6376),
 .UNSPECIFIED.,.F.,.F.,(4,4),(0.,0.000558241519473027),.UNSPECIFIED.);
#73=B_SPLINE_CURVE_WITH_KNOTS('',3,(#6380,#6381,#6382,#6383),
 .UNSPECIFIED.,.F.,.F.,(4,4),(0.,0.000558349365689751),.UNSPECIFIED.);
#74=B_SPLINE_CURVE_WITH_KNOTS('',3,(#6387,#6388,#6389,#6390),
 .UNSPECIFIED.,.F.,.F.,(4,4),(0.,0.000558241519473192),.UNSPECIFIED.);
#75=B_SPLINE_CURVE_WITH_KNOTS('',3,(#6396,#6397,#6398,#6399,#6400),
 .UNSPECIFIED.,.F.,.F.,(4,1,4),(0.,0.000465261426388159,0.000930522852776318),
 .UNSPECIFIED.);
#76=B_SPLINE_CURVE_WITH_KNOTS('',3,(#6404,#6405,#6406,#6407,#6408),
 .UNSPECIFIED.,.F.,.F.,(4,1,4),(3.25260651745651E-19,0.000464119832927317,
0.000928239665854634),.UNSPECIFIED.);
#77=B_SPLINE_CURVE_WITH_KNOTS('',3,(#6412,#6413,#6414,#6415,#6416),
 .UNSPECIFIED.,.F.,.F.,(4,1,4),(0.,0.00046526142638815,0.000930522852776301),
 .UNSPECIFIED.);
#78=B_SPLINE_CURVE_WITH_KNOTS('',3,(#6420,#6421,#6422,#6423,#6424),
 .UNSPECIFIED.,.F.,.F.,(4,1,4),(0.,0.000464119832927309,0.000928239665854618),
 .UNSPECIFIED.);
#79=B_SPLINE_CURVE_WITH_KNOTS('',3,(#6432,#6433,#6434,#6435),
 .UNSPECIFIED.,.F.,.F.,(4,4),(1.00288700954909E-18,0.000211407435394154),
 .UNSPECIFIED.);
#80=B_SPLINE_CURVE_WITH_KNOTS('',3,(#6437,#6438,#6439,#6440),
 .UNSPECIFIED.,.F.,.F.,(4,4),(0.,0.000211407435394186),.UNSPECIFIED.);
#81=B_SPLINE_CURVE_WITH_KNOTS('',3,(#6444,#6445,#6446,#6447),
 .UNSPECIFIED.,.F.,.F.,(4,4),(0.,0.000639397607763182),.UNSPECIFIED.);
#82=B_SPLINE_CURVE_WITH_KNOTS('',3,(#6451,#6452,#6453,#6454),
 .UNSPECIFIED.,.F.,.F.,(4,4),(0.,0.000638889080915924),.UNSPECIFIED.);
#83=B_SPLINE_CURVE_WITH_KNOTS('',3,(#6458,#6459,#6460,#6461),
 .UNSPECIFIED.,.F.,.F.,(4,4),(0.000425399123598705,0.000637230765268273),
 .UNSPECIFIED.);
#84=B_SPLINE_CURVE_WITH_KNOTS('',3,(#6463,#6464,#6465,#6466),
 .UNSPECIFIED.,.F.,.F.,(4,4),(0.000425399123598715,0.000637230765268273),
 .UNSPECIFIED.);
#85=B_SPLINE_CURVE_WITH_KNOTS('',3,(#6470,#6471,#6472,#6473),
 .UNSPECIFIED.,.F.,.F.,(4,4),(0.,0.000638889080915924),.UNSPECIFIED.);
#86=B_SPLINE_CURVE_WITH_KNOTS('',3,(#6477,#6478,#6479,#6480),
 .UNSPECIFIED.,.F.,.F.,(4,4),(0.,0.000639397607763182),.UNSPECIFIED.);
#87=B_SPLINE_CURVE_WITH_KNOTS('',3,(#6481,#6482,#6483,#6484,#6485),
 .UNSPECIFIED.,.F.,.F.,(4,1,4),(0.,0.000464119832927309,0.000928239665854618),
 .UNSPECIFIED.);
#88=B_SPLINE_CURVE_WITH_KNOTS('',3,(#6490,#6491,#6492,#6493,#6494),
 .UNSPECIFIED.,.F.,.F.,(4,1,4),(0.,0.00046526142638815,0.000930522852776301),
 .UNSPECIFIED.);
#89=B_SPLINE_CURVE_WITH_KNOTS('',3,(#6498,#6499,#6500,#6501,#6502),
 .UNSPECIFIED.,.F.,.F.,(4,1,4),(4.03492215028849E-18,0.000464119832927319,
0.000928239665854634),.UNSPECIFIED.);
#90=B_SPLINE_CURVE_WITH_KNOTS('',3,(#6506,#6507,#6508,#6509,#6510),
 .UNSPECIFIED.,.F.,.F.,(4,1,4),(0.,0.000465261426388159,0.000930522852776318),
 .UNSPECIFIED.);
#91=B_SPLINE_CURVE_WITH_KNOTS('',3,(#6525,#6526,#6527,#6528),
 .UNSPECIFIED.,.F.,.F.,(4,4),(-3.05342533620254E-6,0.000412452052115717),
 .UNSPECIFIED.);
#92=B_SPLINE_CURVE_WITH_KNOTS('',3,(#6530,#6531,#6532,#6533),
 .UNSPECIFIED.,.F.,.F.,(4,4),(0.,0.000317438073673847),.UNSPECIFIED.);
#93=B_SPLINE_CURVE_WITH_KNOTS('',3,(#6548,#6549,#6550,#6551),
 .UNSPECIFIED.,.F.,.F.,(4,4),(-3.05342533618866E-6,0.000412585987272553),
 .UNSPECIFIED.);
#94=B_SPLINE_CURVE_WITH_KNOTS('',3,(#6555,#6556,#6557,#6558),
 .UNSPECIFIED.,.F.,.F.,(4,4),(0.,0.000317436030079849),.UNSPECIFIED.);
#95=B_SPLINE_CURVE_WITH_KNOTS('',3,(#6601,#6602,#6603,#6604),
 .UNSPECIFIED.,.F.,.F.,(4,4),(0.,0.000362886145658451),.UNSPECIFIED.);
#96=B_SPLINE_CURVE_WITH_KNOTS('',3,(#6612,#6613,#6614,#6615),
 .UNSPECIFIED.,.F.,.F.,(4,4),(9.75781955236954E-19,0.000362886145665819),
 .UNSPECIFIED.);
#97=B_SPLINE_CURVE_WITH_KNOTS('',3,(#6622,#6623,#6624,#6625),
 .UNSPECIFIED.,.F.,.F.,(4,4),(0.,0.000362886145665823),.UNSPECIFIED.);
#98=B_SPLINE_CURVE_WITH_KNOTS('',3,(#6626,#6627,#6628,#6629),
 .UNSPECIFIED.,.F.,.F.,(4,4),(0.,0.000362886145658459),.UNSPECIFIED.);
#99=B_SPLINE_CURVE_WITH_KNOTS('',3,(#6729,#6730,#6731,#6732),
 .UNSPECIFIED.,.F.,.F.,(4,4),(-7.35219648367981E-6,0.00045187068651606),
 .UNSPECIFIED.);
#100=B_SPLINE_CURVE_WITH_KNOTS('',3,(#6737,#6738,#6739,#6740),
 .UNSPECIFIED.,.F.,.F.,(4,4),(-7.35219648366597E-6,0.000451870686516074),
 .UNSPECIFIED.);
#101=B_SPLINE_CURVE_WITH_KNOTS('',3,(#6761,#6762,#6763,#6764),
 .UNSPECIFIED.,.F.,.F.,(4,4),(0.,0.000321309333890643),.UNSPECIFIED.);
#102=B_SPLINE_CURVE_WITH_KNOTS('',3,(#6787,#6788,#6789,#6790),
 .UNSPECIFIED.,.F.,.F.,(4,4),(0.,0.000321149921985696),.UNSPECIFIED.);
#103=B_SPLINE_CURVE_WITH_KNOTS('',3,(#6808,#6809,#6810,#6811),
 .UNSPECIFIED.,.F.,.F.,(4,4),(0.,0.00028105640575187),.UNSPECIFIED.);
#104=B_SPLINE_CURVE_WITH_KNOTS('',3,(#6852,#6853,#6854,#6855),
 .UNSPECIFIED.,.F.,.F.,(4,4),(0.,0.000278550397643444),.UNSPECIFIED.);
#105=B_SPLINE_CURVE_WITH_KNOTS('',3,(#6859,#6860,#6861,#6862),
 .UNSPECIFIED.,.F.,.F.,(4,4),(0.,0.000281056405751869),.UNSPECIFIED.);
#106=B_SPLINE_CURVE_WITH_KNOTS('',3,(#6903,#6904,#6905,#6906),
 .UNSPECIFIED.,.F.,.F.,(4,4),(0.,0.000278550397643441),.UNSPECIFIED.);
#107=B_SPLINE_CURVE_WITH_KNOTS('',3,(#6975,#6976,#6977,#6978),
 .UNSPECIFIED.,.F.,.F.,(4,4),(0.,0.000278586754513601),.UNSPECIFIED.);
#108=B_SPLINE_CURVE_WITH_KNOTS('',3,(#6983,#6984,#6985,#6986),
 .UNSPECIFIED.,.F.,.F.,(4,4),(0.,0.000278550397643449),.UNSPECIFIED.);
#109=B_SPLINE_CURVE_WITH_KNOTS('',3,(#7023,#7024,#7025,#7026),
 .UNSPECIFIED.,.F.,.F.,(4,4),(0.,0.000278550397643448),.UNSPECIFIED.);
#110=B_SPLINE_CURVE_WITH_KNOTS('',3,(#7032,#7033,#7034,#7035),
 .UNSPECIFIED.,.F.,.F.,(4,4),(0.,0.000278586754513591),.UNSPECIFIED.);
#111=B_SPLINE_CURVE_WITH_KNOTS('',3,(#7094,#7095,#7096,#7097),
 .UNSPECIFIED.,.F.,.F.,(4,4),(-7.35219648366597E-6,0.000451870686516074),
 .UNSPECIFIED.);
#112=B_SPLINE_CURVE_WITH_KNOTS('',3,(#7114,#7115,#7116,#7117),
 .UNSPECIFIED.,.F.,.F.,(4,4),(-7.35219648367981E-6,0.00045187068651606),
 .UNSPECIFIED.);
#113=B_SPLINE_CURVE_WITH_KNOTS('',3,(#7125,#7126,#7127,#7128),
 .UNSPECIFIED.,.F.,.F.,(4,4),(0.,0.000321309333890643),.UNSPECIFIED.);
#114=B_SPLINE_CURVE_WITH_KNOTS('',3,(#7144,#7145,#7146,#7147),
 .UNSPECIFIED.,.F.,.F.,(4,4),(0.,0.000321149921985696),.UNSPECIFIED.);
#115=B_SPLINE_CURVE_WITH_KNOTS('',3,(#7178,#7179,#7180,#7181),
 .UNSPECIFIED.,.F.,.F.,(4,4),(0.,0.000317436030079849),.UNSPECIFIED.);
#116=B_SPLINE_CURVE_WITH_KNOTS('',3,(#7196,#7197,#7198,#7199),
 .UNSPECIFIED.,.F.,.F.,(4,4),(0.,0.000317438073673847),.UNSPECIFIED.);
#117=B_SPLINE_CURVE_WITH_KNOTS('',3,(#7235,#7236,#7237,#7238),
 .UNSPECIFIED.,.F.,.F.,(4,4),(5.85469173142172E-18,0.000362886145658451),
 .UNSPECIFIED.);
#118=B_SPLINE_CURVE_WITH_KNOTS('',3,(#7240,#7241,#7242,#7243),
 .UNSPECIFIED.,.F.,.F.,(4,4),(2.92734586571086E-18,0.000362886145665819),
 .UNSPECIFIED.);
#119=B_SPLINE_CURVE_WITH_KNOTS('',3,(#7256,#7257,#7258,#7259),
 .UNSPECIFIED.,.F.,.F.,(4,4),(6.83047368665868E-18,0.000362886145658459),
 .UNSPECIFIED.);
#120=B_SPLINE_CURVE_WITH_KNOTS('',3,(#7260,#7261,#7262,#7263),
 .UNSPECIFIED.,.F.,.F.,(4,4),(0.,0.000362886145665823),.UNSPECIFIED.);
#121=B_SPLINE_CURVE_WITH_KNOTS('',3,(#7317,#7318,#7319,#7320),
 .UNSPECIFIED.,.F.,.F.,(4,4),(0.,0.00028105640575187),.UNSPECIFIED.);
#122=B_SPLINE_CURVE_WITH_KNOTS('',3,(#7361,#7362,#7363,#7364),
 .UNSPECIFIED.,.F.,.F.,(4,4),(0.,0.000278550397643444),.UNSPECIFIED.);
#123=B_SPLINE_CURVE_WITH_KNOTS('',3,(#7368,#7369,#7370,#7371),
 .UNSPECIFIED.,.F.,.F.,(4,4),(0.,0.000281056405751869),.UNSPECIFIED.);
#124=B_SPLINE_CURVE_WITH_KNOTS('',3,(#7412,#7413,#7414,#7415),
 .UNSPECIFIED.,.F.,.F.,(4,4),(0.,0.000278550397643441),.UNSPECIFIED.);
#125=B_SPLINE_CURVE_WITH_KNOTS('',3,(#7646,#7647,#7648,#7649,#7650,#7651,
#7652,#7653,#7654,#7655,#7656),.UNSPECIFIED.,.T.,.F.,(1,1,1,1,1,1,1,1,1,
1,1,1,1,1,1),(-0.00446690097370735,-0.00297793398247157,-0.00148896699123578,
4.21743562477874E-19,0.00148896699123578,0.00297793398247157,0.00446690097370735,
0.00595586796494314,0.00744483495617892,0.0089338019474147,0.0104227689386505,
0.0119117359298863,0.0134007029211221,0.0148896699123578,0.0163786369035936),
 .UNSPECIFIED.);
#126=B_SPLINE_CURVE_WITH_KNOTS('',3,(#7658,#7659,#7660,#7661,#7662,#7663,
#7664,#7665,#7666,#7667,#7668),.UNSPECIFIED.,.T.,.F.,(1,1,1,1,1,1,1,1,1,
1,1,1,1,1,1),(-0.00447441560394541,-0.00298294373596361,-0.0014914718679818,
2.0743296357296E-19,0.0014914718679818,0.00298294373596361,0.00447441560394541,
0.00596588747192722,0.00745735933990902,0.00894883120789083,0.0104403030758726,
0.0119317749438544,0.0134232468118362,0.014914718679818,0.0164061905477998),
 .UNSPECIFIED.);
#127=B_SPLINE_CURVE_WITH_KNOTS('',3,(#7674,#7675,#7676,#7677,#7678,#7679,
#7680,#7681,#7682,#7683,#7684),.UNSPECIFIED.,.T.,.F.,(1,1,1,1,1,1,1,1,1,
1,1,1,1,1,1),(-0.00446699213824876,-0.0029779947588325,-0.00148899737941625,
2.30288107319479E-20,0.00148899737941625,0.0029779947588325,0.00446699213824876,
0.00595598951766501,0.00744498689708126,0.00893398427649751,0.0104229816559138,
0.01191197903533,0.0134009764147463,0.0148899737941625,0.0163789711735788),
 .UNSPECIFIED.);
#128=B_SPLINE_CURVE_WITH_KNOTS('',3,(#7688,#7689,#7690,#7691,#7692,#7693,
#7694,#7695,#7696,#7697,#7698),.UNSPECIFIED.,.T.,.F.,(1,1,1,1,1,1,1,1,1,
1,1,1,1,1,1),(-0.00447450722977618,-0.00298300481985078,-0.00149150240992539,
3.84108832716972E-19,0.00149150240992539,0.00298300481985078,0.00447450722977618,
0.00596600963970157,0.00745751204962696,0.00894901445955235,0.0104405168694777,
0.0119320192794031,0.0134235216893285,0.0149150240992539,0.0164065265091793),
 .UNSPECIFIED.);
#129=B_SPLINE_CURVE_WITH_KNOTS('',3,(#7900,#7901,#7902,#7903,#7904,#7905,
#7906,#7907,#7908,#7909,#7910),.UNSPECIFIED.,.T.,.F.,(1,1,1,1,1,1,1,1,1,
1,1,1,1,1,1),(-0.00446718793690104,-0.00297812529126736,-0.00148906264563368,
6.12431632398497E-20,0.00148906264563368,0.00297812529126736,0.00446718793690104,
0.00595625058253472,0.0074453132281684,0.00893437587380208,0.0104234385194358,
0.0119125011650694,0.0134015638107031,0.0148906264563368,0.0163796891019705),
 .UNSPECIFIED.);
#130=B_SPLINE_CURVE_WITH_KNOTS('',3,(#7912,#7913,#7914,#7915,#7916,#7917,
#7918,#7919,#7920,#7921,#7922),.UNSPECIFIED.,.T.,.F.,(1,1,1,1,1,1,1,1,1,
1,1,1,1,1,1),(-0.00433172378424048,-0.00288781585616032,-0.00144390792808016,
5.22642868603219E-20,0.00144390792808016,0.00288781585616032,0.00433172378424048,
0.00577563171232064,0.00721953964040081,0.00866344756848097,0.0101073554965611,
0.0115512634246413,0.0129951713527214,0.0144390792808016,0.0158829872088818),
 .UNSPECIFIED.);
#131=B_SPLINE_CURVE_WITH_KNOTS('',3,(#7929,#7930,#7931,#7932,#7933,#7934,
#7935,#7936,#7937,#7938,#7939),.UNSPECIFIED.,.T.,.F.,(1,1,1,1,1,1,1,1,1,
1,1,1,1,1,1),(-0.00446733707513901,-0.00297822471675934,-0.00148911235837967,
2.89026145343725E-19,0.00148911235837967,0.00297822471675934,0.00446733707513901,
0.00595644943351868,0.00744556179189835,0.00893467415027801,0.0104237865086577,
0.0119128988670374,0.013402011225417,0.0148911235837967,0.0163802359421764),
 .UNSPECIFIED.);
#132=B_SPLINE_CURVE_WITH_KNOTS('',3,(#7941,#7942,#7943,#7944,#7945,#7946,
#7947,#7948,#7949,#7950,#7951),.UNSPECIFIED.,.T.,.F.,(1,1,1,1,1,1,1,1,1,
1,1,1,1,1,1),(-0.00433185974449636,-0.00288790649633091,-0.00144395324816545,
1.75165115552778E-19,0.00144395324816545,0.00288790649633091,0.00433185974449636,
0.00577581299266181,0.00721976624082727,0.00866371948899272,0.0101076727371582,
0.0115516259853236,0.0129955792334891,0.0144395324816545,0.01588348572982),
 .UNSPECIFIED.);
#133=B_SPLINE_SURFACE_WITH_KNOTS('',3,1,((#6273,#6274),(#6275,#6276),(#6277,
#6278),(#6279,#6280)),.SURF_OF_LINEAR_EXTRUSION.,.F.,.F.,.F.,(4,4),(2,2),
(0.,1.),(0.,1.),.PIECEWISE_BEZIER_KNOTS.);
#134=B_SPLINE_SURFACE_WITH_KNOTS('',3,1,((#6290,#6291),(#6292,#6293),(#6294,
#6295),(#6296,#6297)),.SURF_OF_LINEAR_EXTRUSION.,.F.,.F.,.F.,(4,4),(2,2),
(0.,1.),(0.,1.),.PIECEWISE_BEZIER_KNOTS.);
#135=LINE('',#6262,#455);
#136=LINE('',#6266,#456);
#137=LINE('',#6268,#457);
#138=LINE('',#6270,#458);
#139=LINE('',#6272,#459);
#140=LINE('',#6285,#460);
#141=LINE('',#6302,#461);
#142=LINE('',#6333,#462);
#143=LINE('',#6334,#463);
#144=LINE('',#6371,#464);
#145=LINE('',#6385,#465);
#146=LINE('',#6393,#466);
#147=LINE('',#6410,#467);
#148=LINE('',#6449,#468);
#149=LINE('',#6475,#469);
#150=LINE('',#6496,#470);
#151=LINE('',#6512,#471);
#152=LINE('',#6564,#472);
#153=LINE('',#6569,#473);
#154=LINE('',#6575,#474);
#155=LINE('',#6579,#475);
#156=LINE('',#6584,#476);
#157=LINE('',#6587,#477);
#158=LINE('',#6589,#478);
#159=LINE('',#6591,#479);
#160=LINE('',#6593,#480);
#161=LINE('',#6594,#481);
#162=LINE('',#6596,#482);
#163=LINE('',#6597,#483);
#164=LINE('',#6606,#484);
#165=LINE('',#6608,#485);
#166=LINE('',#6610,#486);
#167=LINE('',#6617,#487);
#168=LINE('',#6620,#488);
#169=LINE('',#6631,#489);
#170=LINE('',#6633,#490);
#171=LINE('',#6638,#491);
#172=LINE('',#6642,#492);
#173=LINE('',#6644,#493);
#174=LINE('',#6648,#494);
#175=LINE('',#6653,#495);
#176=LINE('',#6655,#496);
#177=LINE('',#6657,#497);
#178=LINE('',#6663,#498);
#179=LINE('',#6666,#499);
#180=LINE('',#6668,#500);
#181=LINE('',#6670,#501);
#182=LINE('',#6686,#502);
#183=LINE('',#6688,#503);
#184=LINE('',#6690,#504);
#185=LINE('',#6692,#505);
#186=LINE('',#6694,#506);
#187=LINE('',#6696,#507);
#188=LINE('',#6699,#508);
#189=LINE('',#6702,#509);
#190=LINE('',#6704,#510);
#191=LINE('',#6707,#511);
#192=LINE('',#6709,#512);
#193=LINE('',#6711,#513);
#194=LINE('',#6715,#514);
#195=LINE('',#6717,#515);
#196=LINE('',#6719,#516);
#197=LINE('',#6749,#517);
#198=LINE('',#6751,#518);
#199=LINE('',#6754,#519);
#200=LINE('',#6785,#520);
#201=LINE('',#6912,#521);
#202=LINE('',#6915,#522);
#203=LINE('',#6917,#523);
#204=LINE('',#6919,#524);
#205=LINE('',#6923,#525);
#206=LINE('',#6926,#526);
#207=LINE('',#6928,#527);
#208=LINE('',#6930,#528);
#209=LINE('',#6935,#529);
#210=LINE('',#6937,#530);
#211=LINE('',#6939,#531);
#212=LINE('',#6941,#532);
#213=LINE('',#6944,#533);
#214=LINE('',#6946,#534);
#215=LINE('',#6948,#535);
#216=LINE('',#6950,#536);
#217=LINE('',#6953,#537);
#218=LINE('',#6957,#538);
#219=LINE('',#7076,#539);
#220=LINE('',#7077,#540);
#221=LINE('',#7082,#541);
#222=LINE('',#7086,#542);
#223=LINE('',#7092,#543);
#224=LINE('',#7099,#544);
#225=LINE('',#7100,#545);
#226=LINE('',#7112,#546);
#227=LINE('',#7123,#547);
#228=LINE('',#7130,#548);
#229=LINE('',#7132,#549);
#230=LINE('',#7139,#550);
#231=LINE('',#7140,#551);
#232=LINE('',#7142,#552);
#233=LINE('',#7149,#553);
#234=LINE('',#7218,#554);
#235=LINE('',#7221,#555);
#236=LINE('',#7223,#556);
#237=LINE('',#7225,#557);
#238=LINE('',#7227,#558);
#239=LINE('',#7228,#559);
#240=LINE('',#7230,#560);
#241=LINE('',#7231,#561);
#242=LINE('',#7245,#562);
#243=LINE('',#7247,#563);
#244=LINE('',#7249,#564);
#245=LINE('',#7251,#565);
#246=LINE('',#7254,#566);
#247=LINE('',#7265,#567);
#248=LINE('',#7267,#568);
#249=LINE('',#7270,#569);
#250=LINE('',#7272,#570);
#251=LINE('',#7276,#571);
#252=LINE('',#7282,#572);
#253=LINE('',#7287,#573);
#254=LINE('',#7289,#574);
#255=LINE('',#7291,#575);
#256=LINE('',#7297,#576);
#257=LINE('',#7300,#577);
#258=LINE('',#7302,#578);
#259=LINE('',#7304,#579);
#260=LINE('',#7423,#580);
#261=LINE('',#7425,#581);
#262=LINE('',#7427,#582);
#263=LINE('',#7429,#583);
#264=LINE('',#7432,#584);
#265=LINE('',#7434,#585);
#266=LINE('',#7436,#586);
#267=LINE('',#7438,#587);
#268=LINE('',#7440,#588);
#269=LINE('',#7442,#589);
#270=LINE('',#7444,#590);
#271=LINE('',#7446,#591);
#272=LINE('',#7448,#592);
#273=LINE('',#7450,#593);
#274=LINE('',#7452,#594);
#275=LINE('',#7454,#595);
#276=LINE('',#7456,#596);
#277=LINE('',#7458,#597);
#278=LINE('',#7460,#598);
#279=LINE('',#7462,#599);
#280=LINE('',#7464,#600);
#281=LINE('',#7466,#601);
#282=LINE('',#7469,#602);
#283=LINE('',#7470,#603);
#284=LINE('',#7472,#604);
#285=LINE('',#7474,#605);
#286=LINE('',#7476,#606);
#287=LINE('',#7478,#607);
#288=LINE('',#7480,#608);
#289=LINE('',#7482,#609);
#290=LINE('',#7484,#610);
#291=LINE('',#7486,#611);
#292=LINE('',#7488,#612);
#293=LINE('',#7490,#613);
#294=LINE('',#7492,#614);
#295=LINE('',#7494,#615);
#296=LINE('',#7496,#616);
#297=LINE('',#7497,#617);
#298=LINE('',#7507,#618);
#299=LINE('',#7510,#619);
#300=LINE('',#7512,#620);
#301=LINE('',#7514,#621);
#302=LINE('',#7516,#622);
#303=LINE('',#7518,#623);
#304=LINE('',#7520,#624);
#305=LINE('',#7522,#625);
#306=LINE('',#7524,#626);
#307=LINE('',#7526,#627);
#308=LINE('',#7528,#628);
#309=LINE('',#7530,#629);
#310=LINE('',#7532,#630);
#311=LINE('',#7535,#631);
#312=LINE('',#7537,#632);
#313=LINE('',#7539,#633);
#314=LINE('',#7541,#634);
#315=LINE('',#7543,#635);
#316=LINE('',#7545,#636);
#317=LINE('',#7547,#637);
#318=LINE('',#7549,#638);
#319=LINE('',#7553,#639);
#320=LINE('',#7556,#640);
#321=LINE('',#7560,#641);
#322=LINE('',#7562,#642);
#323=LINE('',#7564,#643);
#324=LINE('',#7566,#644);
#325=LINE('',#7568,#645);
#326=LINE('',#7570,#646);
#327=LINE('',#7572,#647);
#328=LINE('',#7574,#648);
#329=LINE('',#7576,#649);
#330=LINE('',#7578,#650);
#331=LINE('',#7580,#651);
#332=LINE('',#7582,#652);
#333=LINE('',#7584,#653);
#334=LINE('',#7585,#654);
#335=LINE('',#7587,#655);
#336=LINE('',#7589,#656);
#337=LINE('',#7591,#657);
#338=LINE('',#7593,#658);
#339=LINE('',#7595,#659);
#340=LINE('',#7597,#660);
#341=LINE('',#7599,#661);
#342=LINE('',#7601,#662);
#343=LINE('',#7602,#663);
#344=LINE('',#7604,#664);
#345=LINE('',#7606,#665);
#346=LINE('',#7608,#666);
#347=LINE('',#7610,#667);
#348=LINE('',#7612,#668);
#349=LINE('',#7614,#669);
#350=LINE('',#7616,#670);
#351=LINE('',#7618,#671);
#352=LINE('',#7620,#672);
#353=LINE('',#7622,#673);
#354=LINE('',#7624,#674);
#355=LINE('',#7626,#675);
#356=LINE('',#7628,#676);
#357=LINE('',#7630,#677);
#358=LINE('',#7632,#678);
#359=LINE('',#7641,#679);
#360=LINE('',#7645,#680);
#361=LINE('',#7672,#681);
#362=LINE('',#7701,#682);
#363=LINE('',#7703,#683);
#364=LINE('',#7705,#684);
#365=LINE('',#7706,#685);
#366=LINE('',#7708,#686);
#367=LINE('',#7712,#687);
#368=LINE('',#7714,#688);
#369=LINE('',#7716,#689);
#370=LINE('',#7718,#690);
#371=LINE('',#7719,#691);
#372=LINE('',#7723,#692);
#373=LINE('',#7725,#693);
#374=LINE('',#7728,#694);
#375=LINE('',#7730,#695);
#376=LINE('',#7731,#696);
#377=LINE('',#7733,#697);
#378=LINE('',#7735,#698);
#379=LINE('',#7737,#699);
#380=LINE('',#7739,#700);
#381=LINE('',#7741,#701);
#382=LINE('',#7743,#702);
#383=LINE('',#7745,#703);
#384=LINE('',#7747,#704);
#385=LINE('',#7749,#705);
#386=LINE('',#7751,#706);
#387=LINE('',#7753,#707);
#388=LINE('',#7755,#708);
#389=LINE('',#7757,#709);
#390=LINE('',#7759,#710);
#391=LINE('',#7760,#711);
#392=LINE('',#7762,#712);
#393=LINE('',#7764,#713);
#394=LINE('',#7766,#714);
#395=LINE('',#7768,#715);
#396=LINE('',#7770,#716);
#397=LINE('',#7772,#717);
#398=LINE('',#7775,#718);
#399=LINE('',#7777,#719);
#400=LINE('',#7779,#720);
#401=LINE('',#7781,#721);
#402=LINE('',#7783,#722);
#403=LINE('',#7785,#723);
#404=LINE('',#7787,#724);
#405=LINE('',#7789,#725);
#406=LINE('',#7791,#726);
#407=LINE('',#7793,#727);
#408=LINE('',#7795,#728);
#409=LINE('',#7797,#729);
#410=LINE('',#7799,#730);
#411=LINE('',#7801,#731);
#412=LINE('',#7803,#732);
#413=LINE('',#7805,#733);
#414=LINE('',#7807,#734);
#415=LINE('',#7816,#735);
#416=LINE('',#7820,#736);
#417=LINE('',#7824,#737);
#418=LINE('',#7828,#738);
#419=LINE('',#7830,#739);
#420=LINE('',#7832,#740);
#421=LINE('',#7834,#741);
#422=LINE('',#7835,#742);
#423=LINE('',#7837,#743);
#424=LINE('',#7839,#744);
#425=LINE('',#7847,#745);
#426=LINE('',#7849,#746);
#427=LINE('',#7853,#747);
#428=LINE('',#7855,#748);
#429=LINE('',#7857,#749);
#430=LINE('',#7862,#750);
#431=LINE('',#7864,#751);
#432=LINE('',#7866,#752);
#433=LINE('',#7868,#753);
#434=LINE('',#7870,#754);
#435=LINE('',#7887,#755);
#436=LINE('',#7891,#756);
#437=LINE('',#7895,#757);
#438=LINE('',#7899,#758);
#439=LINE('',#7954,#759);
#440=LINE('',#7956,#760);
#441=LINE('',#7958,#761);
#442=LINE('',#7959,#762);
#443=LINE('',#7961,#763);
#444=LINE('',#7963,#764);
#445=LINE('',#7966,#765);
#446=LINE('',#7968,#766);
#447=LINE('',#7970,#767);
#448=LINE('',#7972,#768);
#449=LINE('',#7976,#769);
#450=LINE('',#7979,#770);
#451=LINE('',#7981,#771);
#452=LINE('',#7983,#772);
#453=LINE('',#7985,#773);
#454=LINE('',#7989,#774);
#455=VECTOR('',#5015,1.);
#456=VECTOR('',#5018,1.);
#457=VECTOR('',#5021,1.);
#458=VECTOR('',#5022,1.);
#459=VECTOR('',#5023,1.);
#460=VECTOR('',#5024,1.);
#461=VECTOR('',#5025,1.);
#462=VECTOR('',#5058,1.);
#463=VECTOR('',#5059,1.);
#464=VECTOR('',#5104,1.);
#465=VECTOR('',#5107,1.);
#466=VECTOR('',#5110,1.);
#467=VECTOR('',#5113,1.);
#468=VECTOR('',#5124,1.);
#469=VECTOR('',#5129,1.);
#470=VECTOR('',#5132,1.);
#471=VECTOR('',#5135,1.);
#472=VECTOR('',#5148,1.);
#473=VECTOR('',#5151,1.);
#474=VECTOR('',#5156,1.);
#475=VECTOR('',#5159,1.);
#476=VECTOR('',#5166,1.);
#477=VECTOR('',#5167,1.);
#478=VECTOR('',#5168,1.);
#479=VECTOR('',#5169,1.);
#480=VECTOR('',#5172,1.);
#481=VECTOR('',#5173,1.);
#482=VECTOR('',#5176,1.);
#483=VECTOR('',#5177,1.);
#484=VECTOR('',#5184,1.);
#485=VECTOR('',#5185,1.);
#486=VECTOR('',#5186,1.);
#487=VECTOR('',#5189,1.);
#488=VECTOR('',#5190,1.);
#489=VECTOR('',#5191,1.);
#490=VECTOR('',#5194,1.);
#491=VECTOR('',#5197,1.);
#492=VECTOR('',#5200,1.);
#493=VECTOR('',#5201,1.);
#494=VECTOR('',#5206,1.);
#495=VECTOR('',#5209,1.);
#496=VECTOR('',#5210,1.);
#497=VECTOR('',#5211,1.);
#498=VECTOR('',#5218,1.);
#499=VECTOR('',#5219,1.);
#500=VECTOR('',#5220,1.);
#501=VECTOR('',#5221,1.);
#502=VECTOR('',#5244,1.);
#503=VECTOR('',#5245,1.);
#504=VECTOR('',#5246,1.);
#505=VECTOR('',#5247,1.);
#506=VECTOR('',#5248,1.);
#507=VECTOR('',#5251,1.);
#508=VECTOR('',#5252,1.);
#509=VECTOR('',#5255,1.);
#510=VECTOR('',#5258,1.);
#511=VECTOR('',#5259,1.);
#512=VECTOR('',#5260,1.);
#513=VECTOR('',#5261,1.);
#514=VECTOR('',#5266,1.);
#515=VECTOR('',#5267,1.);
#516=VECTOR('',#5268,1.);
#517=VECTOR('',#5301,1.);
#518=VECTOR('',#5304,1.);
#519=VECTOR('',#5307,1.);
#520=VECTOR('',#5336,1.);
#521=VECTOR('',#5403,1.);
#522=VECTOR('',#5404,1.);
#523=VECTOR('',#5405,1.);
#524=VECTOR('',#5406,1.);
#525=VECTOR('',#5411,1.);
#526=VECTOR('',#5412,1.);
#527=VECTOR('',#5413,1.);
#528=VECTOR('',#5414,1.);
#529=VECTOR('',#5419,1.);
#530=VECTOR('',#5420,1.);
#531=VECTOR('',#5421,1.);
#532=VECTOR('',#5424,1.);
#533=VECTOR('',#5425,1.);
#534=VECTOR('',#5426,1.);
#535=VECTOR('',#5427,1.);
#536=VECTOR('',#5430,1.);
#537=VECTOR('',#5431,1.);
#538=VECTOR('',#5434,1.);
#539=VECTOR('',#5529,1.);
#540=VECTOR('',#5530,1.);
#541=VECTOR('',#5535,1.);
#542=VECTOR('',#5538,1.);
#543=VECTOR('',#5547,1.);
#544=VECTOR('',#5548,1.);
#545=VECTOR('',#5549,1.);
#546=VECTOR('',#5568,1.);
#547=VECTOR('',#5581,1.);
#548=VECTOR('',#5582,1.);
#549=VECTOR('',#5585,1.);
#550=VECTOR('',#5592,1.);
#551=VECTOR('',#5593,1.);
#552=VECTOR('',#5596,1.);
#553=VECTOR('',#5599,1.);
#554=VECTOR('',#5624,1.);
#555=VECTOR('',#5625,1.);
#556=VECTOR('',#5626,1.);
#557=VECTOR('',#5627,1.);
#558=VECTOR('',#5630,1.);
#559=VECTOR('',#5631,1.);
#560=VECTOR('',#5634,1.);
#561=VECTOR('',#5635,1.);
#562=VECTOR('',#5642,1.);
#563=VECTOR('',#5643,1.);
#564=VECTOR('',#5644,1.);
#565=VECTOR('',#5647,1.);
#566=VECTOR('',#5648,1.);
#567=VECTOR('',#5649,1.);
#568=VECTOR('',#5652,1.);
#569=VECTOR('',#5653,1.);
#570=VECTOR('',#5654,1.);
#571=VECTOR('',#5657,1.);
#572=VECTOR('',#5664,1.);
#573=VECTOR('',#5667,1.);
#574=VECTOR('',#5668,1.);
#575=VECTOR('',#5669,1.);
#576=VECTOR('',#5676,1.);
#577=VECTOR('',#5677,1.);
#578=VECTOR('',#5678,1.);
#579=VECTOR('',#5679,1.);
#580=VECTOR('',#5756,1.);
#581=VECTOR('',#5757,1.);
#582=VECTOR('',#5758,1.);
#583=VECTOR('',#5761,1.);
#584=VECTOR('',#5762,1.);
#585=VECTOR('',#5763,1.);
#586=VECTOR('',#5764,1.);
#587=VECTOR('',#5767,1.);
#588=VECTOR('',#5768,1.);
#589=VECTOR('',#5769,1.);
#590=VECTOR('',#5772,1.);
#591=VECTOR('',#5773,1.);
#592=VECTOR('',#5774,1.);
#593=VECTOR('',#5777,1.);
#594=VECTOR('',#5778,1.);
#595=VECTOR('',#5779,1.);
#596=VECTOR('',#5782,1.);
#597=VECTOR('',#5783,1.);
#598=VECTOR('',#5784,1.);
#599=VECTOR('',#5787,1.);
#600=VECTOR('',#5788,1.);
#601=VECTOR('',#5789,1.);
#602=VECTOR('',#5794,1.);
#603=VECTOR('',#5795,1.);
#604=VECTOR('',#5798,1.);
#605=VECTOR('',#5799,1.);
#606=VECTOR('',#5800,1.);
#607=VECTOR('',#5803,1.);
#608=VECTOR('',#5804,1.);
#609=VECTOR('',#5805,1.);
#610=VECTOR('',#5808,1.);
#611=VECTOR('',#5809,1.);
#612=VECTOR('',#5810,1.);
#613=VECTOR('',#5813,1.);
#614=VECTOR('',#5814,1.);
#615=VECTOR('',#5815,1.);
#616=VECTOR('',#5818,1.);
#617=VECTOR('',#5819,1.);
#618=VECTOR('',#5836,1.);
#619=VECTOR('',#5837,1.);
#620=VECTOR('',#5838,1.);
#621=VECTOR('',#5839,1.);
#622=VECTOR('',#5840,1.);
#623=VECTOR('',#5841,1.);
#624=VECTOR('',#5842,1.);
#625=VECTOR('',#5843,1.);
#626=VECTOR('',#5844,1.);
#627=VECTOR('',#5845,1.);
#628=VECTOR('',#5846,1.);
#629=VECTOR('',#5847,1.);
#630=VECTOR('',#5850,1.);
#631=VECTOR('',#5851,1.);
#632=VECTOR('',#5852,1.);
#633=VECTOR('',#5853,1.);
#634=VECTOR('',#5854,1.);
#635=VECTOR('',#5855,1.);
#636=VECTOR('',#5856,1.);
#637=VECTOR('',#5857,1.);
#638=VECTOR('',#5858,1.);
#639=VECTOR('',#5863,1.);
#640=VECTOR('',#5864,1.);
#641=VECTOR('',#5867,1.);
#642=VECTOR('',#5868,1.);
#643=VECTOR('',#5869,1.);
#644=VECTOR('',#5870,1.);
#645=VECTOR('',#5871,1.);
#646=VECTOR('',#5872,1.);
#647=VECTOR('',#5875,1.);
#648=VECTOR('',#5876,1.);
#649=VECTOR('',#5877,1.);
#650=VECTOR('',#5878,1.);
#651=VECTOR('',#5879,1.);
#652=VECTOR('',#5880,1.);
#653=VECTOR('',#5883,1.);
#654=VECTOR('',#5884,1.);
#655=VECTOR('',#5885,1.);
#656=VECTOR('',#5886,1.);
#657=VECTOR('',#5889,1.);
#658=VECTOR('',#5890,1.);
#659=VECTOR('',#5891,1.);
#660=VECTOR('',#5892,1.);
#661=VECTOR('',#5893,1.);
#662=VECTOR('',#5896,1.);
#663=VECTOR('',#5897,1.);
#664=VECTOR('',#5898,1.);
#665=VECTOR('',#5899,1.);
#666=VECTOR('',#5900,1.);
#667=VECTOR('',#5903,1.);
#668=VECTOR('',#5904,1.);
#669=VECTOR('',#5907,1.);
#670=VECTOR('',#5908,1.);
#671=VECTOR('',#5911,1.);
#672=VECTOR('',#5912,1.);
#673=VECTOR('',#5915,1.);
#674=VECTOR('',#5918,1.);
#675=VECTOR('',#5919,1.);
#676=VECTOR('',#5922,1.);
#677=VECTOR('',#5923,1.);
#678=VECTOR('',#5926,1.);
#679=VECTOR('',#5937,1.);
#680=VECTOR('',#5940,1.);
#681=VECTOR('',#5945,1.);
#682=VECTOR('',#5952,1.);
#683=VECTOR('',#5953,1.);
#684=VECTOR('',#5954,1.);
#685=VECTOR('',#5955,1.);
#686=VECTOR('',#5956,1.);
#687=VECTOR('',#5963,1.);
#688=VECTOR('',#5964,1.);
#689=VECTOR('',#5965,1.);
#690=VECTOR('',#5968,1.);
#691=VECTOR('',#5969,1.);
#692=VECTOR('',#5976,1.);
#693=VECTOR('',#5979,1.);
#694=VECTOR('',#5984,1.);
#695=VECTOR('',#5985,1.);
#696=VECTOR('',#5986,1.);
#697=VECTOR('',#5989,1.);
#698=VECTOR('',#5992,1.);
#699=VECTOR('',#5995,1.);
#700=VECTOR('',#5998,1.);
#701=VECTOR('',#5999,1.);
#702=VECTOR('',#6000,1.);
#703=VECTOR('',#6001,1.);
#704=VECTOR('',#6004,1.);
#705=VECTOR('',#6005,1.);
#706=VECTOR('',#6006,1.);
#707=VECTOR('',#6007,1.);
#708=VECTOR('',#6008,1.);
#709=VECTOR('',#6011,1.);
#710=VECTOR('',#6012,1.);
#711=VECTOR('',#6013,1.);
#712=VECTOR('',#6014,1.);
#713=VECTOR('',#6015,1.);
#714=VECTOR('',#6016,1.);
#715=VECTOR('',#6019,1.);
#716=VECTOR('',#6020,1.);
#717=VECTOR('',#6023,1.);
#718=VECTOR('',#6028,1.);
#719=VECTOR('',#6029,1.);
#720=VECTOR('',#6032,1.);
#721=VECTOR('',#6033,1.);
#722=VECTOR('',#6036,1.);
#723=VECTOR('',#6037,1.);
#724=VECTOR('',#6040,1.);
#725=VECTOR('',#6041,1.);
#726=VECTOR('',#6044,1.);
#727=VECTOR('',#6047,1.);
#728=VECTOR('',#6048,1.);
#729=VECTOR('',#6049,1.);
#730=VECTOR('',#6052,1.);
#731=VECTOR('',#6053,1.);
#732=VECTOR('',#6056,1.);
#733=VECTOR('',#6057,1.);
#734=VECTOR('',#6060,1.);
#735=VECTOR('',#6071,1.);
#736=VECTOR('',#6074,1.);
#737=VECTOR('',#6077,1.);
#738=VECTOR('',#6080,1.);
#739=VECTOR('',#6083,1.);
#740=VECTOR('',#6084,1.);
#741=VECTOR('',#6085,1.);
#742=VECTOR('',#6086,1.);
#743=VECTOR('',#6087,1.);
#744=VECTOR('',#6088,1.);
#745=VECTOR('',#6099,1.);
#746=VECTOR('',#6100,1.);
#747=VECTOR('',#6105,1.);
#748=VECTOR('',#6106,1.);
#749=VECTOR('',#6109,1.);
#750=VECTOR('',#6116,1.);
#751=VECTOR('',#6117,1.);
#752=VECTOR('',#6118,1.);
#753=VECTOR('',#6121,1.);
#754=VECTOR('',#6124,1.);
#755=VECTOR('',#6147,1.);
#756=VECTOR('',#6150,1.);
#757=VECTOR('',#6153,1.);
#758=VECTOR('',#6156,1.);
#759=VECTOR('',#6165,1.);
#760=VECTOR('',#6166,1.);
#761=VECTOR('',#6167,1.);
#762=VECTOR('',#6168,1.);
#763=VECTOR('',#6169,1.);
#764=VECTOR('',#6170,1.);
#765=VECTOR('',#6175,1.);
#766=VECTOR('',#6176,1.);
#767=VECTOR('',#6179,1.);
#768=VECTOR('',#6180,1.);
#769=VECTOR('',#6185,1.);
#770=VECTOR('',#6190,1.);
#771=VECTOR('',#6191,1.);
#772=VECTOR('',#6194,1.);
#773=VECTOR('',#6195,1.);
#774=VECTOR('',#6200,1.);
#775=CONTEXT_DEPENDENT_SHAPE_REPRESENTATION(#803,#8050);
#776=CONTEXT_DEPENDENT_SHAPE_REPRESENTATION(#804,#8052);
#777=CONTEXT_DEPENDENT_SHAPE_REPRESENTATION(#805,#8054);
#778=CONTEXT_DEPENDENT_SHAPE_REPRESENTATION(#806,#8056);
#779=CONTEXT_DEPENDENT_SHAPE_REPRESENTATION(#807,#8058);
#780=CONTEXT_DEPENDENT_SHAPE_REPRESENTATION(#808,#8060);
#781=CONTEXT_DEPENDENT_SHAPE_REPRESENTATION(#809,#8061);
#782=CONTEXT_DEPENDENT_SHAPE_REPRESENTATION(#810,#8063);
#783=CONTEXT_DEPENDENT_SHAPE_REPRESENTATION(#811,#8065);
#784=CONTEXT_DEPENDENT_SHAPE_REPRESENTATION(#812,#8067);
#785=CONTEXT_DEPENDENT_SHAPE_REPRESENTATION(#813,#8068);
#786=CONTEXT_DEPENDENT_SHAPE_REPRESENTATION(#814,#8070);
#787=CONTEXT_DEPENDENT_SHAPE_REPRESENTATION(#815,#8072);
#788=CONTEXT_DEPENDENT_SHAPE_REPRESENTATION(#816,#8073);
#789=NEXT_ASSEMBLY_USAGE_OCCURRENCE('NAUO1','Part 4','Part 4',#8074,#8075,
'');
#790=NEXT_ASSEMBLY_USAGE_OCCURRENCE('NAUO2','Part 1','Part 1',#8074,#8076,
'');
#791=NEXT_ASSEMBLY_USAGE_OCCURRENCE('NAUO3','Part 5','Part 5',#8074,#8077,
'');
#792=NEXT_ASSEMBLY_USAGE_OCCURRENCE('NAUO4','Part 2','Part 2',#8074,#8078,
'');
#793=NEXT_ASSEMBLY_USAGE_OCCURRENCE('NAUO5','Part 1','Part 1',#8074,#8079,
'');
#794=NEXT_ASSEMBLY_USAGE_OCCURRENCE('NAUO6','Part 1','Part 1',#8074,#8080,
'');
#795=NEXT_ASSEMBLY_USAGE_OCCURRENCE('NAUO7','Part 2','Part 2',#8074,#8078,
'');
#796=NEXT_ASSEMBLY_USAGE_OCCURRENCE('NAUO8','Part 7','Part 7',#8074,#8081,
'');
#797=NEXT_ASSEMBLY_USAGE_OCCURRENCE('NAUO9','Part 1','Part 1',#8074,#8082,
'');
#798=NEXT_ASSEMBLY_USAGE_OCCURRENCE('NAUO10','Part 2','Part 2',#8074,#8083,
'');
#799=NEXT_ASSEMBLY_USAGE_OCCURRENCE('NAUO11','Part 1','Part 1',#8074,#8076,
'');
#800=NEXT_ASSEMBLY_USAGE_OCCURRENCE('NAUO12','Part 6','Part 6',#8074,#8084,
'');
#801=NEXT_ASSEMBLY_USAGE_OCCURRENCE('NAUO13','Part 3','Part 3',#8074,#8085,
'');
#802=NEXT_ASSEMBLY_USAGE_OCCURRENCE('NAUO14','Part 1','Part 1',#8074,#8080,
'');
#803=(
REPRESENTATION_RELATIONSHIP(' ',' ',#4520,#4519)
REPRESENTATION_RELATIONSHIP_WITH_TRANSFORMATION(#817)
SHAPE_REPRESENTATION_RELATIONSHIP()
);
#804=(
REPRESENTATION_RELATIONSHIP(' ',' ',#4521,#4519)
REPRESENTATION_RELATIONSHIP_WITH_TRANSFORMATION(#818)
SHAPE_REPRESENTATION_RELATIONSHIP()
);
#805=(
REPRESENTATION_RELATIONSHIP(' ',' ',#4522,#4519)
REPRESENTATION_RELATIONSHIP_WITH_TRANSFORMATION(#819)
SHAPE_REPRESENTATION_RELATIONSHIP()
);
#806=(
REPRESENTATION_RELATIONSHIP(' ',' ',#4523,#4519)
REPRESENTATION_RELATIONSHIP_WITH_TRANSFORMATION(#820)
SHAPE_REPRESENTATION_RELATIONSHIP()
);
#807=(
REPRESENTATION_RELATIONSHIP(' ',' ',#4524,#4519)
REPRESENTATION_RELATIONSHIP_WITH_TRANSFORMATION(#821)
SHAPE_REPRESENTATION_RELATIONSHIP()
);
#808=(
REPRESENTATION_RELATIONSHIP(' ',' ',#4525,#4519)
REPRESENTATION_RELATIONSHIP_WITH_TRANSFORMATION(#822)
SHAPE_REPRESENTATION_RELATIONSHIP()
);
#809=(
REPRESENTATION_RELATIONSHIP(' ',' ',#4523,#4519)
REPRESENTATION_RELATIONSHIP_WITH_TRANSFORMATION(#823)
SHAPE_REPRESENTATION_RELATIONSHIP()
);
#810=(
REPRESENTATION_RELATIONSHIP(' ',' ',#4526,#4519)
REPRESENTATION_RELATIONSHIP_WITH_TRANSFORMATION(#824)
SHAPE_REPRESENTATION_RELATIONSHIP()
);
#811=(
REPRESENTATION_RELATIONSHIP(' ',' ',#4527,#4519)
REPRESENTATION_RELATIONSHIP_WITH_TRANSFORMATION(#825)
SHAPE_REPRESENTATION_RELATIONSHIP()
);
#812=(
REPRESENTATION_RELATIONSHIP(' ',' ',#4528,#4519)
REPRESENTATION_RELATIONSHIP_WITH_TRANSFORMATION(#826)
SHAPE_REPRESENTATION_RELATIONSHIP()
);
#813=(
REPRESENTATION_RELATIONSHIP(' ',' ',#4521,#4519)
REPRESENTATION_RELATIONSHIP_WITH_TRANSFORMATION(#827)
SHAPE_REPRESENTATION_RELATIONSHIP()
);
#814=(
REPRESENTATION_RELATIONSHIP(' ',' ',#4529,#4519)
REPRESENTATION_RELATIONSHIP_WITH_TRANSFORMATION(#828)
SHAPE_REPRESENTATION_RELATIONSHIP()
);
#815=(
REPRESENTATION_RELATIONSHIP(' ',' ',#4530,#4519)
REPRESENTATION_RELATIONSHIP_WITH_TRANSFORMATION(#829)
SHAPE_REPRESENTATION_RELATIONSHIP()
);
#816=(
REPRESENTATION_RELATIONSHIP(' ',' ',#4525,#4519)
REPRESENTATION_RELATIONSHIP_WITH_TRANSFORMATION(#830)
SHAPE_REPRESENTATION_RELATIONSHIP()
);
#817=ITEM_DEFINED_TRANSFORMATION(' ',' ',#4531,#4537);
#818=ITEM_DEFINED_TRANSFORMATION(' ',' ',#4531,#4566);
#819=ITEM_DEFINED_TRANSFORMATION(' ',' ',#4531,#4572);
#820=ITEM_DEFINED_TRANSFORMATION(' ',' ',#4531,#4578);
#821=ITEM_DEFINED_TRANSFORMATION(' ',' ',#4531,#4845);
#822=ITEM_DEFINED_TRANSFORMATION(' ',' ',#4531,#4866);
#823=ITEM_DEFINED_TRANSFORMATION(' ',' ',#4531,#4867);
#824=ITEM_DEFINED_TRANSFORMATION(' ',' ',#4531,#4924);
#825=ITEM_DEFINED_TRANSFORMATION(' ',' ',#4531,#4952);
#826=ITEM_DEFINED_TRANSFORMATION(' ',' ',#4531,#4982);
#827=ITEM_DEFINED_TRANSFORMATION(' ',' ',#4531,#4983);
#828=ITEM_DEFINED_TRANSFORMATION(' ',' ',#4531,#4989);
#829=ITEM_DEFINED_TRANSFORMATION(' ',' ',#4531,#4995);
#830=ITEM_DEFINED_TRANSFORMATION(' ',' ',#4531,#4996);
#831=SHAPE_REPRESENTATION_RELATIONSHIP('','',#4520,#842);
#832=SHAPE_REPRESENTATION_RELATIONSHIP('','',#4521,#843);
#833=SHAPE_REPRESENTATION_RELATIONSHIP('','',#4522,#844);
#834=SHAPE_REPRESENTATION_RELATIONSHIP('','',#4523,#845);
#835=SHAPE_REPRESENTATION_RELATIONSHIP('','',#4524,#846);
#836=SHAPE_REPRESENTATION_RELATIONSHIP('','',#4525,#847);
#837=SHAPE_REPRESENTATION_RELATIONSHIP('','',#4526,#848);
#838=SHAPE_REPRESENTATION_RELATIONSHIP('','',#4527,#849);
#839=SHAPE_REPRESENTATION_RELATIONSHIP('','',#4528,#850);
#840=SHAPE_REPRESENTATION_RELATIONSHIP('','',#4529,#851);
#841=SHAPE_REPRESENTATION_RELATIONSHIP('','',#4530,#852);
#842=ADVANCED_BREP_SHAPE_REPRESENTATION('',(#4496),#8022);
#843=ADVANCED_BREP_SHAPE_REPRESENTATION('',(#4497),#8023);
#844=ADVANCED_BREP_SHAPE_REPRESENTATION('',(#4498),#8024);
#845=ADVANCED_BREP_SHAPE_REPRESENTATION('',(#4499),#8025);
#846=ADVANCED_BREP_SHAPE_REPRESENTATION('',(#4500),#8026);
#847=ADVANCED_BREP_SHAPE_REPRESENTATION('',(#4501),#8027);
#848=ADVANCED_BREP_SHAPE_REPRESENTATION('',(#4502),#8028);
#849=ADVANCED_BREP_SHAPE_REPRESENTATION('',(#4503),#8029);
#850=ADVANCED_BREP_SHAPE_REPRESENTATION('',(#4504),#8030);
#851=ADVANCED_BREP_SHAPE_REPRESENTATION('',(#4505),#8031);
#852=ADVANCED_BREP_SHAPE_REPRESENTATION('',(#4506),#8032);
#853=PLANE('',#4535);
#854=PLANE('',#4536);
#855=PLANE('',#4541);
#856=PLANE('',#4557);
#857=PLANE('',#4564);
#858=PLANE('',#4565);
#859=PLANE('',#4570);
#860=PLANE('',#4571);
#861=PLANE('',#4576);
#862=PLANE('',#4577);
#863=PLANE('',#4594);
#864=PLANE('',#4595);
#865=PLANE('',#4603);
#866=PLANE('',#4604);
#867=PLANE('',#4605);
#868=PLANE('',#4606);
#869=PLANE('',#4607);
#870=PLANE('',#4608);
#871=PLANE('',#4609);
#872=PLANE('',#4610);
#873=PLANE('',#4611);
#874=PLANE('',#4615);
#875=PLANE('',#4619);
#876=PLANE('',#4629);
#877=PLANE('',#4631);
#878=PLANE('',#4633);
#879=PLANE('',#4634);
#880=PLANE('',#4699);
#881=PLANE('',#4701);
#882=PLANE('',#4703);
#883=PLANE('',#4705);
#884=PLANE('',#4706);
#885=PLANE('',#4770);
#886=PLANE('',#4777);
#887=PLANE('',#4779);
#888=PLANE('',#4782);
#889=PLANE('',#4794);
#890=PLANE('',#4795);
#891=PLANE('',#4796);
#892=PLANE('',#4797);
#893=PLANE('',#4798);
#894=PLANE('',#4799);
#895=PLANE('',#4800);
#896=PLANE('',#4801);
#897=PLANE('',#4805);
#898=PLANE('',#4809);
#899=PLANE('',#4846);
#900=PLANE('',#4848);
#901=PLANE('',#4849);
#902=PLANE('',#4850);
#903=PLANE('',#4851);
#904=PLANE('',#4852);
#905=PLANE('',#4853);
#906=PLANE('',#4854);
#907=PLANE('',#4856);
#908=PLANE('',#4857);
#909=PLANE('',#4858);
#910=PLANE('',#4859);
#911=PLANE('',#4860);
#912=PLANE('',#4861);
#913=PLANE('',#4862);
#914=PLANE('',#4865);
#915=PLANE('',#4868);
#916=PLANE('',#4869);
#917=PLANE('',#4871);
#918=PLANE('',#4873);
#919=PLANE('',#4874);
#920=PLANE('',#4875);
#921=PLANE('',#4876);
#922=PLANE('',#4877);
#923=PLANE('',#4878);
#924=PLANE('',#4879);
#925=PLANE('',#4880);
#926=PLANE('',#4881);
#927=PLANE('',#4882);
#928=PLANE('',#4883);
#929=PLANE('',#4884);
#930=PLANE('',#4891);
#931=PLANE('',#4894);
#932=PLANE('',#4897);
#933=PLANE('',#4898);
#934=PLANE('',#4899);
#935=PLANE('',#4900);
#936=PLANE('',#4901);
#937=PLANE('',#4902);
#938=PLANE('',#4904);
#939=PLANE('',#4905);
#940=PLANE('',#4906);
#941=PLANE('',#4907);
#942=PLANE('',#4908);
#943=PLANE('',#4909);
#944=PLANE('',#4910);
#945=PLANE('',#4911);
#946=PLANE('',#4912);
#947=PLANE('',#4913);
#948=PLANE('',#4914);
#949=PLANE('',#4915);
#950=PLANE('',#4916);
#951=PLANE('',#4917);
#952=PLANE('',#4918);
#953=PLANE('',#4919);
#954=PLANE('',#4920);
#955=PLANE('',#4921);
#956=PLANE('',#4922);
#957=PLANE('',#4923);
#958=PLANE('',#4931);
#959=PLANE('',#4935);
#960=PLANE('',#4936);
#961=PLANE('',#4937);
#962=PLANE('',#4939);
#963=PLANE('',#4940);
#964=PLANE('',#4941);
#965=PLANE('',#4943);
#966=PLANE('',#4944);
#967=PLANE('',#4945);
#968=PLANE('',#4948);
#969=PLANE('',#4951);
#970=PLANE('',#4962);
#971=PLANE('',#4963);
#972=PLANE('',#4964);
#973=PLANE('',#4965);
#974=PLANE('',#4966);
#975=PLANE('',#4968);
#976=PLANE('',#4969);
#977=PLANE('',#4970);
#978=PLANE('',#4971);
#979=PLANE('',#4973);
#980=PLANE('',#4978);
#981=PLANE('',#4981);
#982=PLANE('',#4987);
#983=PLANE('',#4988);
#984=PLANE('',#4993);
#985=PLANE('',#4994);
#986=ORIENTED_EDGE('',*,*,#2154,.F.);
#987=ORIENTED_EDGE('',*,*,#2155,.T.);
#988=ORIENTED_EDGE('',*,*,#2154,.T.);
#989=ORIENTED_EDGE('',*,*,#2155,.F.);
#990=ORIENTED_EDGE('',*,*,#2156,.T.);
#991=ORIENTED_EDGE('',*,*,#2157,.F.);
#992=ORIENTED_EDGE('',*,*,#2158,.F.);
#993=ORIENTED_EDGE('',*,*,#2159,.T.);
#994=ORIENTED_EDGE('',*,*,#2160,.T.);
#995=ORIENTED_EDGE('',*,*,#2161,.F.);
#996=ORIENTED_EDGE('',*,*,#2162,.F.);
#997=ORIENTED_EDGE('',*,*,#2157,.T.);
#998=ORIENTED_EDGE('',*,*,#2163,.T.);
#999=ORIENTED_EDGE('',*,*,#2164,.F.);
#1000=ORIENTED_EDGE('',*,*,#2165,.F.);
#1001=ORIENTED_EDGE('',*,*,#2161,.T.);
#1002=ORIENTED_EDGE('',*,*,#2166,.F.);
#1003=ORIENTED_EDGE('',*,*,#2167,.F.);
#1004=ORIENTED_EDGE('',*,*,#2168,.T.);
#1005=ORIENTED_EDGE('',*,*,#2164,.T.);
#1006=ORIENTED_EDGE('',*,*,#2169,.T.);
#1007=ORIENTED_EDGE('',*,*,#2170,.F.);
#1008=ORIENTED_EDGE('',*,*,#2171,.T.);
#1009=ORIENTED_EDGE('',*,*,#2172,.F.);
#1010=ORIENTED_EDGE('',*,*,#2173,.T.);
#1011=ORIENTED_EDGE('',*,*,#2174,.F.);
#1012=ORIENTED_EDGE('',*,*,#2175,.T.);
#1013=ORIENTED_EDGE('',*,*,#2176,.F.);
#1014=ORIENTED_EDGE('',*,*,#2177,.T.);
#1015=ORIENTED_EDGE('',*,*,#2178,.F.);
#1016=ORIENTED_EDGE('',*,*,#2179,.F.);
#1017=ORIENTED_EDGE('',*,*,#2159,.F.);
#1018=ORIENTED_EDGE('',*,*,#2180,.T.);
#1019=ORIENTED_EDGE('',*,*,#2167,.T.);
#1020=ORIENTED_EDGE('',*,*,#2181,.T.);
#1021=ORIENTED_EDGE('',*,*,#2182,.F.);
#1022=ORIENTED_EDGE('',*,*,#2183,.T.);
#1023=ORIENTED_EDGE('',*,*,#2184,.F.);
#1024=ORIENTED_EDGE('',*,*,#2181,.F.);
#1025=ORIENTED_EDGE('',*,*,#2158,.T.);
#1026=ORIENTED_EDGE('',*,*,#2162,.T.);
#1027=ORIENTED_EDGE('',*,*,#2165,.T.);
#1028=ORIENTED_EDGE('',*,*,#2168,.F.);
#1029=ORIENTED_EDGE('',*,*,#2180,.F.);
#1030=ORIENTED_EDGE('',*,*,#2177,.F.);
#1031=ORIENTED_EDGE('',*,*,#2175,.F.);
#1032=ORIENTED_EDGE('',*,*,#2173,.F.);
#1033=ORIENTED_EDGE('',*,*,#2171,.F.);
#1034=ORIENTED_EDGE('',*,*,#2169,.F.);
#1035=ORIENTED_EDGE('',*,*,#2183,.F.);
#1036=ORIENTED_EDGE('',*,*,#2182,.T.);
#1037=ORIENTED_EDGE('',*,*,#2156,.F.);
#1038=ORIENTED_EDGE('',*,*,#2179,.T.);
#1039=ORIENTED_EDGE('',*,*,#2166,.T.);
#1040=ORIENTED_EDGE('',*,*,#2163,.F.);
#1041=ORIENTED_EDGE('',*,*,#2160,.F.);
#1042=ORIENTED_EDGE('',*,*,#2178,.T.);
#1043=ORIENTED_EDGE('',*,*,#2176,.T.);
#1044=ORIENTED_EDGE('',*,*,#2174,.T.);
#1045=ORIENTED_EDGE('',*,*,#2172,.T.);
#1046=ORIENTED_EDGE('',*,*,#2170,.T.);
#1047=ORIENTED_EDGE('',*,*,#2184,.T.);
#1048=ORIENTED_EDGE('',*,*,#2185,.T.);
#1049=ORIENTED_EDGE('',*,*,#2186,.F.);
#1050=ORIENTED_EDGE('',*,*,#2186,.T.);
#1051=ORIENTED_EDGE('',*,*,#2185,.F.);
#1052=ORIENTED_EDGE('',*,*,#2187,.F.);
#1053=ORIENTED_EDGE('',*,*,#2188,.T.);
#1054=ORIENTED_EDGE('',*,*,#2187,.T.);
#1055=ORIENTED_EDGE('',*,*,#2188,.F.);
#1056=ORIENTED_EDGE('',*,*,#2189,.F.);
#1057=ORIENTED_EDGE('',*,*,#2190,.T.);
#1058=ORIENTED_EDGE('',*,*,#2191,.F.);
#1059=ORIENTED_EDGE('',*,*,#2192,.T.);
#1060=ORIENTED_EDGE('',*,*,#2193,.F.);
#1061=ORIENTED_EDGE('',*,*,#2194,.T.);
#1062=ORIENTED_EDGE('',*,*,#2195,.F.);
#1063=ORIENTED_EDGE('',*,*,#2196,.T.);
#1064=ORIENTED_EDGE('',*,*,#2197,.T.);
#1065=ORIENTED_EDGE('',*,*,#2198,.T.);
#1066=ORIENTED_EDGE('',*,*,#2199,.T.);
#1067=ORIENTED_EDGE('',*,*,#2200,.T.);
#1068=ORIENTED_EDGE('',*,*,#2201,.T.);
#1069=ORIENTED_EDGE('',*,*,#2202,.T.);
#1070=ORIENTED_EDGE('',*,*,#2203,.F.);
#1071=ORIENTED_EDGE('',*,*,#2204,.T.);
#1072=ORIENTED_EDGE('',*,*,#2205,.F.);
#1073=ORIENTED_EDGE('',*,*,#2206,.T.);
#1074=ORIENTED_EDGE('',*,*,#2207,.F.);
#1075=ORIENTED_EDGE('',*,*,#2208,.T.);
#1076=ORIENTED_EDGE('',*,*,#2209,.F.);
#1077=ORIENTED_EDGE('',*,*,#2210,.T.);
#1078=ORIENTED_EDGE('',*,*,#2211,.F.);
#1079=ORIENTED_EDGE('',*,*,#2212,.T.);
#1080=ORIENTED_EDGE('',*,*,#2213,.F.);
#1081=ORIENTED_EDGE('',*,*,#2214,.T.);
#1082=ORIENTED_EDGE('',*,*,#2215,.F.);
#1083=ORIENTED_EDGE('',*,*,#2216,.T.);
#1084=ORIENTED_EDGE('',*,*,#2217,.F.);
#1085=ORIENTED_EDGE('',*,*,#2218,.T.);
#1086=ORIENTED_EDGE('',*,*,#2219,.F.);
#1087=ORIENTED_EDGE('',*,*,#2220,.T.);
#1088=ORIENTED_EDGE('',*,*,#2221,.F.);
#1089=ORIENTED_EDGE('',*,*,#2222,.T.);
#1090=ORIENTED_EDGE('',*,*,#2223,.F.);
#1091=ORIENTED_EDGE('',*,*,#2224,.F.);
#1092=ORIENTED_EDGE('',*,*,#2225,.F.);
#1093=ORIENTED_EDGE('',*,*,#2226,.F.);
#1094=ORIENTED_EDGE('',*,*,#2227,.F.);
#1095=ORIENTED_EDGE('',*,*,#2228,.F.);
#1096=ORIENTED_EDGE('',*,*,#2229,.F.);
#1097=ORIENTED_EDGE('',*,*,#2230,.T.);
#1098=ORIENTED_EDGE('',*,*,#2231,.T.);
#1099=ORIENTED_EDGE('',*,*,#2209,.T.);
#1100=ORIENTED_EDGE('',*,*,#2232,.F.);
#1101=ORIENTED_EDGE('',*,*,#2215,.T.);
#1102=ORIENTED_EDGE('',*,*,#2233,.F.);
#1103=ORIENTED_EDGE('',*,*,#2234,.T.);
#1104=ORIENTED_EDGE('',*,*,#2205,.T.);
#1105=ORIENTED_EDGE('',*,*,#2206,.F.);
#1106=ORIENTED_EDGE('',*,*,#2235,.T.);
#1107=ORIENTED_EDGE('',*,*,#2236,.F.);
#1108=ORIENTED_EDGE('',*,*,#2237,.T.);
#1109=ORIENTED_EDGE('',*,*,#2238,.T.);
#1110=ORIENTED_EDGE('',*,*,#2239,.F.);
#1111=ORIENTED_EDGE('',*,*,#2240,.F.);
#1112=ORIENTED_EDGE('',*,*,#2241,.T.);
#1113=ORIENTED_EDGE('',*,*,#2242,.T.);
#1114=ORIENTED_EDGE('',*,*,#2243,.F.);
#1115=ORIENTED_EDGE('',*,*,#2235,.F.);
#1116=ORIENTED_EDGE('',*,*,#2244,.T.);
#1117=ORIENTED_EDGE('',*,*,#2244,.F.);
#1118=ORIENTED_EDGE('',*,*,#2245,.F.);
#1119=ORIENTED_EDGE('',*,*,#2246,.F.);
#1120=ORIENTED_EDGE('',*,*,#2247,.T.);
#1121=ORIENTED_EDGE('',*,*,#2248,.T.);
#1122=ORIENTED_EDGE('',*,*,#2249,.F.);
#1123=ORIENTED_EDGE('',*,*,#2243,.T.);
#1124=ORIENTED_EDGE('',*,*,#2250,.T.);
#1125=ORIENTED_EDGE('',*,*,#2245,.T.);
#1126=ORIENTED_EDGE('',*,*,#2241,.F.);
#1127=ORIENTED_EDGE('',*,*,#2251,.T.);
#1128=ORIENTED_EDGE('',*,*,#2247,.F.);
#1129=ORIENTED_EDGE('',*,*,#2252,.F.);
#1130=ORIENTED_EDGE('',*,*,#2251,.F.);
#1131=ORIENTED_EDGE('',*,*,#2240,.T.);
#1132=ORIENTED_EDGE('',*,*,#2249,.T.);
#1133=ORIENTED_EDGE('',*,*,#2248,.F.);
#1134=ORIENTED_EDGE('',*,*,#2242,.F.);
#1135=ORIENTED_EDGE('',*,*,#2252,.T.);
#1136=ORIENTED_EDGE('',*,*,#2246,.T.);
#1137=ORIENTED_EDGE('',*,*,#2250,.F.);
#1138=ORIENTED_EDGE('',*,*,#2253,.T.);
#1139=ORIENTED_EDGE('',*,*,#2254,.T.);
#1140=ORIENTED_EDGE('',*,*,#2255,.T.);
#1141=ORIENTED_EDGE('',*,*,#2256,.T.);
#1142=ORIENTED_EDGE('',*,*,#2257,.T.);
#1143=ORIENTED_EDGE('',*,*,#2199,.F.);
#1144=ORIENTED_EDGE('',*,*,#2258,.T.);
#1145=ORIENTED_EDGE('',*,*,#2259,.T.);
#1146=ORIENTED_EDGE('',*,*,#2260,.T.);
#1147=ORIENTED_EDGE('',*,*,#2203,.T.);
#1148=ORIENTED_EDGE('',*,*,#2261,.T.);
#1149=ORIENTED_EDGE('',*,*,#2262,.T.);
#1150=ORIENTED_EDGE('',*,*,#2263,.T.);
#1151=ORIENTED_EDGE('',*,*,#2264,.T.);
#1152=ORIENTED_EDGE('',*,*,#2265,.T.);
#1153=ORIENTED_EDGE('',*,*,#2266,.T.);
#1154=ORIENTED_EDGE('',*,*,#2267,.T.);
#1155=ORIENTED_EDGE('',*,*,#2268,.T.);
#1156=ORIENTED_EDGE('',*,*,#2269,.T.);
#1157=ORIENTED_EDGE('',*,*,#2270,.T.);
#1158=ORIENTED_EDGE('',*,*,#2271,.T.);
#1159=ORIENTED_EDGE('',*,*,#2272,.T.);
#1160=ORIENTED_EDGE('',*,*,#2273,.T.);
#1161=ORIENTED_EDGE('',*,*,#2274,.T.);
#1162=ORIENTED_EDGE('',*,*,#2275,.T.);
#1163=ORIENTED_EDGE('',*,*,#2276,.T.);
#1164=ORIENTED_EDGE('',*,*,#2277,.T.);
#1165=ORIENTED_EDGE('',*,*,#2278,.T.);
#1166=ORIENTED_EDGE('',*,*,#2279,.T.);
#1167=ORIENTED_EDGE('',*,*,#2280,.T.);
#1168=ORIENTED_EDGE('',*,*,#2281,.T.);
#1169=ORIENTED_EDGE('',*,*,#2282,.T.);
#1170=ORIENTED_EDGE('',*,*,#2279,.F.);
#1171=ORIENTED_EDGE('',*,*,#2283,.T.);
#1172=ORIENTED_EDGE('',*,*,#2258,.F.);
#1173=ORIENTED_EDGE('',*,*,#2284,.T.);
#1174=ORIENTED_EDGE('',*,*,#2255,.F.);
#1175=ORIENTED_EDGE('',*,*,#2285,.T.);
#1176=ORIENTED_EDGE('',*,*,#2277,.F.);
#1177=ORIENTED_EDGE('',*,*,#2286,.T.);
#1178=ORIENTED_EDGE('',*,*,#2287,.T.);
#1179=ORIENTED_EDGE('',*,*,#2288,.T.);
#1180=ORIENTED_EDGE('',*,*,#2289,.T.);
#1181=ORIENTED_EDGE('',*,*,#2290,.T.);
#1182=ORIENTED_EDGE('',*,*,#2291,.T.);
#1183=ORIENTED_EDGE('',*,*,#2292,.T.);
#1184=ORIENTED_EDGE('',*,*,#2293,.T.);
#1185=ORIENTED_EDGE('',*,*,#2294,.T.);
#1186=ORIENTED_EDGE('',*,*,#2295,.T.);
#1187=ORIENTED_EDGE('',*,*,#2296,.T.);
#1188=ORIENTED_EDGE('',*,*,#2297,.T.);
#1189=ORIENTED_EDGE('',*,*,#2298,.T.);
#1190=ORIENTED_EDGE('',*,*,#2299,.T.);
#1191=ORIENTED_EDGE('',*,*,#2300,.T.);
#1192=ORIENTED_EDGE('',*,*,#2301,.T.);
#1193=ORIENTED_EDGE('',*,*,#2302,.T.);
#1194=ORIENTED_EDGE('',*,*,#2303,.T.);
#1195=ORIENTED_EDGE('',*,*,#2304,.T.);
#1196=ORIENTED_EDGE('',*,*,#2305,.T.);
#1197=ORIENTED_EDGE('',*,*,#2306,.T.);
#1198=ORIENTED_EDGE('',*,*,#2306,.F.);
#1199=ORIENTED_EDGE('',*,*,#2307,.F.);
#1200=ORIENTED_EDGE('',*,*,#2308,.F.);
#1201=ORIENTED_EDGE('',*,*,#2309,.F.);
#1202=ORIENTED_EDGE('',*,*,#2300,.F.);
#1203=ORIENTED_EDGE('',*,*,#2310,.F.);
#1204=ORIENTED_EDGE('',*,*,#2293,.F.);
#1205=ORIENTED_EDGE('',*,*,#2305,.F.);
#1206=ORIENTED_EDGE('',*,*,#2311,.F.);
#1207=ORIENTED_EDGE('',*,*,#2287,.F.);
#1208=ORIENTED_EDGE('',*,*,#2312,.F.);
#1209=ORIENTED_EDGE('',*,*,#2309,.T.);
#1210=ORIENTED_EDGE('',*,*,#2313,.F.);
#1211=ORIENTED_EDGE('',*,*,#2314,.F.);
#1212=ORIENTED_EDGE('',*,*,#2310,.T.);
#1213=ORIENTED_EDGE('',*,*,#2315,.F.);
#1214=ORIENTED_EDGE('',*,*,#2313,.T.);
#1215=ORIENTED_EDGE('',*,*,#2296,.F.);
#1216=ORIENTED_EDGE('',*,*,#2230,.F.);
#1217=ORIENTED_EDGE('',*,*,#2316,.F.);
#1218=ORIENTED_EDGE('',*,*,#2308,.T.);
#1219=ORIENTED_EDGE('',*,*,#2317,.F.);
#1220=ORIENTED_EDGE('',*,*,#2318,.F.);
#1221=ORIENTED_EDGE('',*,*,#2297,.F.);
#1222=ORIENTED_EDGE('',*,*,#2312,.T.);
#1223=ORIENTED_EDGE('',*,*,#2319,.F.);
#1224=ORIENTED_EDGE('',*,*,#2320,.F.);
#1225=ORIENTED_EDGE('',*,*,#2298,.F.);
#1226=ORIENTED_EDGE('',*,*,#2321,.F.);
#1227=ORIENTED_EDGE('',*,*,#2303,.F.);
#1228=ORIENTED_EDGE('',*,*,#2315,.T.);
#1229=ORIENTED_EDGE('',*,*,#2299,.F.);
#1230=ORIENTED_EDGE('',*,*,#2322,.F.);
#1231=ORIENTED_EDGE('',*,*,#2288,.F.);
#1232=ORIENTED_EDGE('',*,*,#2311,.T.);
#1233=ORIENTED_EDGE('',*,*,#2292,.F.);
#1234=ORIENTED_EDGE('',*,*,#2314,.T.);
#1235=ORIENTED_EDGE('',*,*,#2291,.F.);
#1236=ORIENTED_EDGE('',*,*,#2323,.F.);
#1237=ORIENTED_EDGE('',*,*,#2294,.F.);
#1238=ORIENTED_EDGE('',*,*,#2324,.F.);
#1239=ORIENTED_EDGE('',*,*,#2210,.F.);
#1240=ORIENTED_EDGE('',*,*,#2231,.F.);
#1241=ORIENTED_EDGE('',*,*,#2295,.F.);
#1242=ORIENTED_EDGE('',*,*,#2321,.T.);
#1243=ORIENTED_EDGE('',*,*,#2318,.T.);
#1244=ORIENTED_EDGE('',*,*,#2325,.F.);
#1245=ORIENTED_EDGE('',*,*,#2322,.T.);
#1246=ORIENTED_EDGE('',*,*,#2320,.T.);
#1247=ORIENTED_EDGE('',*,*,#2326,.F.);
#1248=ORIENTED_EDGE('',*,*,#2324,.T.);
#1249=ORIENTED_EDGE('',*,*,#2323,.T.);
#1250=ORIENTED_EDGE('',*,*,#2327,.F.);
#1251=ORIENTED_EDGE('',*,*,#2211,.T.);
#1252=ORIENTED_EDGE('',*,*,#2325,.T.);
#1253=ORIENTED_EDGE('',*,*,#2328,.F.);
#1254=ORIENTED_EDGE('',*,*,#2234,.F.);
#1255=ORIENTED_EDGE('',*,*,#2304,.F.);
#1256=ORIENTED_EDGE('',*,*,#2326,.T.);
#1257=ORIENTED_EDGE('',*,*,#2302,.F.);
#1258=ORIENTED_EDGE('',*,*,#2329,.F.);
#1259=ORIENTED_EDGE('',*,*,#2289,.F.);
#1260=ORIENTED_EDGE('',*,*,#2327,.T.);
#1261=ORIENTED_EDGE('',*,*,#2290,.F.);
#1262=ORIENTED_EDGE('',*,*,#2330,.F.);
#1263=ORIENTED_EDGE('',*,*,#2212,.F.);
#1264=ORIENTED_EDGE('',*,*,#2330,.T.);
#1265=ORIENTED_EDGE('',*,*,#2329,.T.);
#1266=ORIENTED_EDGE('',*,*,#2331,.F.);
#1267=ORIENTED_EDGE('',*,*,#2213,.T.);
#1268=ORIENTED_EDGE('',*,*,#2233,.T.);
#1269=ORIENTED_EDGE('',*,*,#2214,.F.);
#1270=ORIENTED_EDGE('',*,*,#2331,.T.);
#1271=ORIENTED_EDGE('',*,*,#2301,.F.);
#1272=ORIENTED_EDGE('',*,*,#2332,.F.);
#1273=ORIENTED_EDGE('',*,*,#2272,.F.);
#1274=ORIENTED_EDGE('',*,*,#2333,.F.);
#1275=ORIENTED_EDGE('',*,*,#2254,.F.);
#1276=ORIENTED_EDGE('',*,*,#2333,.T.);
#1277=ORIENTED_EDGE('',*,*,#2271,.F.);
#1278=ORIENTED_EDGE('',*,*,#2334,.F.);
#1279=ORIENTED_EDGE('',*,*,#2285,.F.);
#1280=ORIENTED_EDGE('',*,*,#2253,.F.);
#1281=ORIENTED_EDGE('',*,*,#2198,.F.);
#1282=ORIENTED_EDGE('',*,*,#2335,.F.);
#1283=ORIENTED_EDGE('',*,*,#2332,.T.);
#1284=ORIENTED_EDGE('',*,*,#2334,.T.);
#1285=ORIENTED_EDGE('',*,*,#2270,.F.);
#1286=ORIENTED_EDGE('',*,*,#2336,.F.);
#1287=ORIENTED_EDGE('',*,*,#2278,.F.);
#1288=ORIENTED_EDGE('',*,*,#2335,.T.);
#1289=ORIENTED_EDGE('',*,*,#2197,.F.);
#1290=ORIENTED_EDGE('',*,*,#2337,.F.);
#1291=ORIENTED_EDGE('',*,*,#2273,.F.);
#1292=ORIENTED_EDGE('',*,*,#2336,.T.);
#1293=ORIENTED_EDGE('',*,*,#2275,.F.);
#1294=ORIENTED_EDGE('',*,*,#2338,.F.);
#1295=ORIENTED_EDGE('',*,*,#2283,.F.);
#1296=ORIENTED_EDGE('',*,*,#2204,.F.);
#1297=ORIENTED_EDGE('',*,*,#2260,.F.);
#1298=ORIENTED_EDGE('',*,*,#2339,.F.);
#1299=ORIENTED_EDGE('',*,*,#2337,.T.);
#1300=ORIENTED_EDGE('',*,*,#2338,.T.);
#1301=ORIENTED_EDGE('',*,*,#2274,.F.);
#1302=ORIENTED_EDGE('',*,*,#2339,.T.);
#1303=ORIENTED_EDGE('',*,*,#2259,.F.);
#1304=ORIENTED_EDGE('',*,*,#2281,.F.);
#1305=ORIENTED_EDGE('',*,*,#2276,.F.);
#1306=ORIENTED_EDGE('',*,*,#2340,.F.);
#1307=ORIENTED_EDGE('',*,*,#2267,.F.);
#1308=ORIENTED_EDGE('',*,*,#2341,.F.);
#1309=ORIENTED_EDGE('',*,*,#2262,.F.);
#1310=ORIENTED_EDGE('',*,*,#2341,.T.);
#1311=ORIENTED_EDGE('',*,*,#2266,.F.);
#1312=ORIENTED_EDGE('',*,*,#2342,.F.);
#1313=ORIENTED_EDGE('',*,*,#2284,.F.);
#1314=ORIENTED_EDGE('',*,*,#2261,.F.);
#1315=ORIENTED_EDGE('',*,*,#2202,.F.);
#1316=ORIENTED_EDGE('',*,*,#2343,.F.);
#1317=ORIENTED_EDGE('',*,*,#2340,.T.);
#1318=ORIENTED_EDGE('',*,*,#2342,.T.);
#1319=ORIENTED_EDGE('',*,*,#2265,.F.);
#1320=ORIENTED_EDGE('',*,*,#2344,.F.);
#1321=ORIENTED_EDGE('',*,*,#2280,.F.);
#1322=ORIENTED_EDGE('',*,*,#2343,.T.);
#1323=ORIENTED_EDGE('',*,*,#2201,.F.);
#1324=ORIENTED_EDGE('',*,*,#2345,.F.);
#1325=ORIENTED_EDGE('',*,*,#2268,.F.);
#1326=ORIENTED_EDGE('',*,*,#2344,.T.);
#1327=ORIENTED_EDGE('',*,*,#2264,.F.);
#1328=ORIENTED_EDGE('',*,*,#2346,.F.);
#1329=ORIENTED_EDGE('',*,*,#2286,.F.);
#1330=ORIENTED_EDGE('',*,*,#2200,.F.);
#1331=ORIENTED_EDGE('',*,*,#2257,.F.);
#1332=ORIENTED_EDGE('',*,*,#2347,.F.);
#1333=ORIENTED_EDGE('',*,*,#2345,.T.);
#1334=ORIENTED_EDGE('',*,*,#2346,.T.);
#1335=ORIENTED_EDGE('',*,*,#2263,.F.);
#1336=ORIENTED_EDGE('',*,*,#2347,.T.);
#1337=ORIENTED_EDGE('',*,*,#2256,.F.);
#1338=ORIENTED_EDGE('',*,*,#2269,.F.);
#1339=ORIENTED_EDGE('',*,*,#2282,.F.);
#1340=ORIENTED_EDGE('',*,*,#2348,.T.);
#1341=ORIENTED_EDGE('',*,*,#2349,.T.);
#1342=ORIENTED_EDGE('',*,*,#2350,.T.);
#1343=ORIENTED_EDGE('',*,*,#2351,.T.);
#1344=ORIENTED_EDGE('',*,*,#2352,.T.);
#1345=ORIENTED_EDGE('',*,*,#2353,.T.);
#1346=ORIENTED_EDGE('',*,*,#2354,.T.);
#1347=ORIENTED_EDGE('',*,*,#2355,.T.);
#1348=ORIENTED_EDGE('',*,*,#2356,.T.);
#1349=ORIENTED_EDGE('',*,*,#2357,.T.);
#1350=ORIENTED_EDGE('',*,*,#2358,.T.);
#1351=ORIENTED_EDGE('',*,*,#2359,.T.);
#1352=ORIENTED_EDGE('',*,*,#2360,.T.);
#1353=ORIENTED_EDGE('',*,*,#2361,.T.);
#1354=ORIENTED_EDGE('',*,*,#2362,.T.);
#1355=ORIENTED_EDGE('',*,*,#2363,.T.);
#1356=ORIENTED_EDGE('',*,*,#2364,.T.);
#1357=ORIENTED_EDGE('',*,*,#2365,.T.);
#1358=ORIENTED_EDGE('',*,*,#2366,.T.);
#1359=ORIENTED_EDGE('',*,*,#2367,.T.);
#1360=ORIENTED_EDGE('',*,*,#2368,.T.);
#1361=ORIENTED_EDGE('',*,*,#2369,.T.);
#1362=ORIENTED_EDGE('',*,*,#2370,.T.);
#1363=ORIENTED_EDGE('',*,*,#2371,.T.);
#1364=ORIENTED_EDGE('',*,*,#2372,.F.);
#1365=ORIENTED_EDGE('',*,*,#2366,.F.);
#1366=ORIENTED_EDGE('',*,*,#2373,.F.);
#1367=ORIENTED_EDGE('',*,*,#2364,.F.);
#1368=ORIENTED_EDGE('',*,*,#2374,.F.);
#1369=ORIENTED_EDGE('',*,*,#2372,.T.);
#1370=ORIENTED_EDGE('',*,*,#2375,.F.);
#1371=ORIENTED_EDGE('',*,*,#2376,.F.);
#1372=ORIENTED_EDGE('',*,*,#2373,.T.);
#1373=ORIENTED_EDGE('',*,*,#2377,.F.);
#1374=ORIENTED_EDGE('',*,*,#2375,.T.);
#1375=ORIENTED_EDGE('',*,*,#2363,.F.);
#1376=ORIENTED_EDGE('',*,*,#2378,.F.);
#1377=ORIENTED_EDGE('',*,*,#2357,.F.);
#1378=ORIENTED_EDGE('',*,*,#2374,.T.);
#1379=ORIENTED_EDGE('',*,*,#2356,.F.);
#1380=ORIENTED_EDGE('',*,*,#2379,.F.);
#1381=ORIENTED_EDGE('',*,*,#2367,.F.);
#1382=ORIENTED_EDGE('',*,*,#2380,.F.);
#1383=ORIENTED_EDGE('',*,*,#2368,.F.);
#1384=ORIENTED_EDGE('',*,*,#2381,.F.);
#1385=ORIENTED_EDGE('',*,*,#2196,.F.);
#1386=ORIENTED_EDGE('',*,*,#2377,.T.);
#1387=ORIENTED_EDGE('',*,*,#2369,.F.);
#1388=ORIENTED_EDGE('',*,*,#2382,.F.);
#1389=ORIENTED_EDGE('',*,*,#2349,.F.);
#1390=ORIENTED_EDGE('',*,*,#2376,.T.);
#1391=ORIENTED_EDGE('',*,*,#2352,.F.);
#1392=ORIENTED_EDGE('',*,*,#2383,.F.);
#1393=ORIENTED_EDGE('',*,*,#2365,.F.);
#1394=ORIENTED_EDGE('',*,*,#2384,.F.);
#1395=ORIENTED_EDGE('',*,*,#2362,.F.);
#1396=ORIENTED_EDGE('',*,*,#2385,.F.);
#1397=ORIENTED_EDGE('',*,*,#2360,.F.);
#1398=ORIENTED_EDGE('',*,*,#2378,.T.);
#1399=ORIENTED_EDGE('',*,*,#2384,.T.);
#1400=ORIENTED_EDGE('',*,*,#2386,.F.);
#1401=ORIENTED_EDGE('',*,*,#2381,.T.);
#1402=ORIENTED_EDGE('',*,*,#2379,.T.);
#1403=ORIENTED_EDGE('',*,*,#2387,.F.);
#1404=ORIENTED_EDGE('',*,*,#2189,.T.);
#1405=ORIENTED_EDGE('',*,*,#2380,.T.);
#1406=ORIENTED_EDGE('',*,*,#2195,.T.);
#1407=ORIENTED_EDGE('',*,*,#2388,.F.);
#1408=ORIENTED_EDGE('',*,*,#2382,.T.);
#1409=ORIENTED_EDGE('',*,*,#2385,.T.);
#1410=ORIENTED_EDGE('',*,*,#2383,.T.);
#1411=ORIENTED_EDGE('',*,*,#2389,.F.);
#1412=ORIENTED_EDGE('',*,*,#2386,.T.);
#1413=ORIENTED_EDGE('',*,*,#2359,.F.);
#1414=ORIENTED_EDGE('',*,*,#2390,.F.);
#1415=ORIENTED_EDGE('',*,*,#2354,.F.);
#1416=ORIENTED_EDGE('',*,*,#2387,.T.);
#1417=ORIENTED_EDGE('',*,*,#2355,.F.);
#1418=ORIENTED_EDGE('',*,*,#2391,.F.);
#1419=ORIENTED_EDGE('',*,*,#2190,.F.);
#1420=ORIENTED_EDGE('',*,*,#2388,.T.);
#1421=ORIENTED_EDGE('',*,*,#2194,.F.);
#1422=ORIENTED_EDGE('',*,*,#2392,.F.);
#1423=ORIENTED_EDGE('',*,*,#2350,.F.);
#1424=ORIENTED_EDGE('',*,*,#2389,.T.);
#1425=ORIENTED_EDGE('',*,*,#2351,.F.);
#1426=ORIENTED_EDGE('',*,*,#2393,.F.);
#1427=ORIENTED_EDGE('',*,*,#2361,.F.);
#1428=ORIENTED_EDGE('',*,*,#2391,.T.);
#1429=ORIENTED_EDGE('',*,*,#2390,.T.);
#1430=ORIENTED_EDGE('',*,*,#2394,.F.);
#1431=ORIENTED_EDGE('',*,*,#2191,.T.);
#1432=ORIENTED_EDGE('',*,*,#2392,.T.);
#1433=ORIENTED_EDGE('',*,*,#2193,.T.);
#1434=ORIENTED_EDGE('',*,*,#2395,.F.);
#1435=ORIENTED_EDGE('',*,*,#2393,.T.);
#1436=ORIENTED_EDGE('',*,*,#2394,.T.);
#1437=ORIENTED_EDGE('',*,*,#2358,.F.);
#1438=ORIENTED_EDGE('',*,*,#2395,.T.);
#1439=ORIENTED_EDGE('',*,*,#2192,.F.);
#1440=ORIENTED_EDGE('',*,*,#2353,.F.);
#1441=ORIENTED_EDGE('',*,*,#2370,.F.);
#1442=ORIENTED_EDGE('',*,*,#2371,.F.);
#1443=ORIENTED_EDGE('',*,*,#2348,.F.);
#1444=ORIENTED_EDGE('',*,*,#2396,.T.);
#1445=ORIENTED_EDGE('',*,*,#2397,.T.);
#1446=ORIENTED_EDGE('',*,*,#2398,.F.);
#1447=ORIENTED_EDGE('',*,*,#2399,.T.);
#1448=ORIENTED_EDGE('',*,*,#2400,.T.);
#1449=ORIENTED_EDGE('',*,*,#2398,.T.);
#1450=ORIENTED_EDGE('',*,*,#2401,.T.);
#1451=ORIENTED_EDGE('',*,*,#2402,.T.);
#1452=ORIENTED_EDGE('',*,*,#2403,.T.);
#1453=ORIENTED_EDGE('',*,*,#2404,.T.);
#1454=ORIENTED_EDGE('',*,*,#2405,.T.);
#1455=ORIENTED_EDGE('',*,*,#2406,.F.);
#1456=ORIENTED_EDGE('',*,*,#2407,.T.);
#1457=ORIENTED_EDGE('',*,*,#2402,.F.);
#1458=ORIENTED_EDGE('',*,*,#2397,.F.);
#1459=ORIENTED_EDGE('',*,*,#2408,.T.);
#1460=ORIENTED_EDGE('',*,*,#2409,.F.);
#1461=ORIENTED_EDGE('',*,*,#2410,.T.);
#1462=ORIENTED_EDGE('',*,*,#2406,.T.);
#1463=ORIENTED_EDGE('',*,*,#2411,.T.);
#1464=ORIENTED_EDGE('',*,*,#2412,.T.);
#1465=ORIENTED_EDGE('',*,*,#2409,.T.);
#1466=ORIENTED_EDGE('',*,*,#2413,.T.);
#1467=ORIENTED_EDGE('',*,*,#2412,.F.);
#1468=ORIENTED_EDGE('',*,*,#2414,.F.);
#1469=ORIENTED_EDGE('',*,*,#2404,.F.);
#1470=ORIENTED_EDGE('',*,*,#2415,.T.);
#1471=ORIENTED_EDGE('',*,*,#2416,.F.);
#1472=ORIENTED_EDGE('',*,*,#2417,.F.);
#1473=ORIENTED_EDGE('',*,*,#2401,.F.);
#1474=ORIENTED_EDGE('',*,*,#2411,.F.);
#1475=ORIENTED_EDGE('',*,*,#2405,.F.);
#1476=ORIENTED_EDGE('',*,*,#2418,.F.);
#1477=ORIENTED_EDGE('',*,*,#2319,.T.);
#1478=ORIENTED_EDGE('',*,*,#2419,.F.);
#1479=ORIENTED_EDGE('',*,*,#2417,.T.);
#1480=ORIENTED_EDGE('',*,*,#2416,.T.);
#1481=ORIENTED_EDGE('',*,*,#2317,.T.);
#1482=ORIENTED_EDGE('',*,*,#2414,.T.);
#1483=ORIENTED_EDGE('',*,*,#2307,.T.);
#1484=ORIENTED_EDGE('',*,*,#2418,.T.);
#1485=ORIENTED_EDGE('',*,*,#2419,.T.);
#1486=ORIENTED_EDGE('',*,*,#2420,.T.);
#1487=ORIENTED_EDGE('',*,*,#2399,.F.);
#1488=ORIENTED_EDGE('',*,*,#2396,.F.);
#1489=ORIENTED_EDGE('',*,*,#2421,.T.);
#1490=ORIENTED_EDGE('',*,*,#2422,.T.);
#1491=ORIENTED_EDGE('',*,*,#2423,.T.);
#1492=ORIENTED_EDGE('',*,*,#2400,.F.);
#1493=ORIENTED_EDGE('',*,*,#2424,.F.);
#1494=ORIENTED_EDGE('',*,*,#2425,.F.);
#1495=ORIENTED_EDGE('',*,*,#2421,.F.);
#1496=ORIENTED_EDGE('',*,*,#2426,.F.);
#1497=ORIENTED_EDGE('',*,*,#2427,.F.);
#1498=ORIENTED_EDGE('',*,*,#2403,.F.);
#1499=ORIENTED_EDGE('',*,*,#2428,.F.);
#1500=ORIENTED_EDGE('',*,*,#2407,.F.);
#1501=ORIENTED_EDGE('',*,*,#2429,.T.);
#1502=ORIENTED_EDGE('',*,*,#2430,.T.);
#1503=ORIENTED_EDGE('',*,*,#2428,.T.);
#1504=ORIENTED_EDGE('',*,*,#2413,.F.);
#1505=ORIENTED_EDGE('',*,*,#2408,.F.);
#1506=ORIENTED_EDGE('',*,*,#2423,.F.);
#1507=ORIENTED_EDGE('',*,*,#2431,.F.);
#1508=ORIENTED_EDGE('',*,*,#2429,.F.);
#1509=ORIENTED_EDGE('',*,*,#2410,.F.);
#1510=ORIENTED_EDGE('',*,*,#2432,.F.);
#1511=ORIENTED_EDGE('',*,*,#2219,.T.);
#1512=ORIENTED_EDGE('',*,*,#2433,.T.);
#1513=ORIENTED_EDGE('',*,*,#2431,.T.);
#1514=ORIENTED_EDGE('',*,*,#2433,.F.);
#1515=ORIENTED_EDGE('',*,*,#2218,.F.);
#1516=ORIENTED_EDGE('',*,*,#2434,.T.);
#1517=ORIENTED_EDGE('',*,*,#2430,.F.);
#1518=ORIENTED_EDGE('',*,*,#2216,.F.);
#1519=ORIENTED_EDGE('',*,*,#2232,.T.);
#1520=ORIENTED_EDGE('',*,*,#2435,.F.);
#1521=ORIENTED_EDGE('',*,*,#2436,.T.);
#1522=ORIENTED_EDGE('',*,*,#2436,.F.);
#1523=ORIENTED_EDGE('',*,*,#2426,.T.);
#1524=ORIENTED_EDGE('',*,*,#2434,.F.);
#1525=ORIENTED_EDGE('',*,*,#2217,.T.);
#1526=ORIENTED_EDGE('',*,*,#2437,.F.);
#1527=ORIENTED_EDGE('',*,*,#2229,.T.);
#1528=ORIENTED_EDGE('',*,*,#2208,.F.);
#1529=ORIENTED_EDGE('',*,*,#2438,.F.);
#1530=ORIENTED_EDGE('',*,*,#2439,.T.);
#1531=ORIENTED_EDGE('',*,*,#2425,.T.);
#1532=ORIENTED_EDGE('',*,*,#2438,.T.);
#1533=ORIENTED_EDGE('',*,*,#2207,.T.);
#1534=ORIENTED_EDGE('',*,*,#2439,.F.);
#1535=ORIENTED_EDGE('',*,*,#2220,.F.);
#1536=ORIENTED_EDGE('',*,*,#2432,.T.);
#1537=ORIENTED_EDGE('',*,*,#2422,.F.);
#1538=ORIENTED_EDGE('',*,*,#2420,.F.);
#1539=ORIENTED_EDGE('',*,*,#2316,.T.);
#1540=ORIENTED_EDGE('',*,*,#2437,.T.);
#1541=ORIENTED_EDGE('',*,*,#2424,.T.);
#1542=ORIENTED_EDGE('',*,*,#2415,.F.);
#1543=ORIENTED_EDGE('',*,*,#2427,.T.);
#1544=ORIENTED_EDGE('',*,*,#2435,.T.);
#1545=ORIENTED_EDGE('',*,*,#2328,.T.);
#1546=ORIENTED_EDGE('',*,*,#2440,.T.);
#1547=ORIENTED_EDGE('',*,*,#2441,.F.);
#1548=ORIENTED_EDGE('',*,*,#2442,.F.);
#1549=ORIENTED_EDGE('',*,*,#2443,.T.);
#1550=ORIENTED_EDGE('',*,*,#2444,.T.);
#1551=ORIENTED_EDGE('',*,*,#2441,.T.);
#1552=ORIENTED_EDGE('',*,*,#2445,.F.);
#1553=ORIENTED_EDGE('',*,*,#2237,.F.);
#1554=ORIENTED_EDGE('',*,*,#2239,.T.);
#1555=ORIENTED_EDGE('',*,*,#2446,.T.);
#1556=ORIENTED_EDGE('',*,*,#2443,.F.);
#1557=ORIENTED_EDGE('',*,*,#2447,.F.);
#1558=ORIENTED_EDGE('',*,*,#2236,.T.);
#1559=ORIENTED_EDGE('',*,*,#2447,.T.);
#1560=ORIENTED_EDGE('',*,*,#2442,.T.);
#1561=ORIENTED_EDGE('',*,*,#2444,.F.);
#1562=ORIENTED_EDGE('',*,*,#2445,.T.);
#1563=ORIENTED_EDGE('',*,*,#2440,.F.);
#1564=ORIENTED_EDGE('',*,*,#2446,.F.);
#1565=ORIENTED_EDGE('',*,*,#2238,.F.);
#1566=ORIENTED_EDGE('',*,*,#2448,.F.);
#1567=ORIENTED_EDGE('',*,*,#2226,.T.);
#1568=ORIENTED_EDGE('',*,*,#2449,.F.);
#1569=ORIENTED_EDGE('',*,*,#2450,.F.);
#1570=ORIENTED_EDGE('',*,*,#2451,.F.);
#1571=ORIENTED_EDGE('',*,*,#2452,.F.);
#1572=ORIENTED_EDGE('',*,*,#2453,.F.);
#1573=ORIENTED_EDGE('',*,*,#2454,.F.);
#1574=ORIENTED_EDGE('',*,*,#2455,.F.);
#1575=ORIENTED_EDGE('',*,*,#2222,.F.);
#1576=ORIENTED_EDGE('',*,*,#2456,.F.);
#1577=ORIENTED_EDGE('',*,*,#2457,.F.);
#1578=ORIENTED_EDGE('',*,*,#2458,.F.);
#1579=ORIENTED_EDGE('',*,*,#2459,.F.);
#1580=ORIENTED_EDGE('',*,*,#2460,.F.);
#1581=ORIENTED_EDGE('',*,*,#2461,.F.);
#1582=ORIENTED_EDGE('',*,*,#2462,.F.);
#1583=ORIENTED_EDGE('',*,*,#2463,.F.);
#1584=ORIENTED_EDGE('',*,*,#2464,.F.);
#1585=ORIENTED_EDGE('',*,*,#2465,.F.);
#1586=ORIENTED_EDGE('',*,*,#2466,.F.);
#1587=ORIENTED_EDGE('',*,*,#2467,.F.);
#1588=ORIENTED_EDGE('',*,*,#2468,.F.);
#1589=ORIENTED_EDGE('',*,*,#2469,.F.);
#1590=ORIENTED_EDGE('',*,*,#2470,.F.);
#1591=ORIENTED_EDGE('',*,*,#2471,.F.);
#1592=ORIENTED_EDGE('',*,*,#2472,.F.);
#1593=ORIENTED_EDGE('',*,*,#2473,.F.);
#1594=ORIENTED_EDGE('',*,*,#2474,.F.);
#1595=ORIENTED_EDGE('',*,*,#2475,.F.);
#1596=ORIENTED_EDGE('',*,*,#2476,.F.);
#1597=ORIENTED_EDGE('',*,*,#2477,.F.);
#1598=ORIENTED_EDGE('',*,*,#2474,.T.);
#1599=ORIENTED_EDGE('',*,*,#2478,.F.);
#1600=ORIENTED_EDGE('',*,*,#2453,.T.);
#1601=ORIENTED_EDGE('',*,*,#2479,.F.);
#1602=ORIENTED_EDGE('',*,*,#2451,.T.);
#1603=ORIENTED_EDGE('',*,*,#2480,.F.);
#1604=ORIENTED_EDGE('',*,*,#2472,.T.);
#1605=ORIENTED_EDGE('',*,*,#2481,.F.);
#1606=ORIENTED_EDGE('',*,*,#2482,.T.);
#1607=ORIENTED_EDGE('',*,*,#2452,.T.);
#1608=ORIENTED_EDGE('',*,*,#2483,.T.);
#1609=ORIENTED_EDGE('',*,*,#2469,.T.);
#1610=ORIENTED_EDGE('',*,*,#2483,.F.);
#1611=ORIENTED_EDGE('',*,*,#2481,.T.);
#1612=ORIENTED_EDGE('',*,*,#2484,.T.);
#1613=ORIENTED_EDGE('',*,*,#2470,.T.);
#1614=ORIENTED_EDGE('',*,*,#2448,.T.);
#1615=ORIENTED_EDGE('',*,*,#2482,.F.);
#1616=ORIENTED_EDGE('',*,*,#2485,.T.);
#1617=ORIENTED_EDGE('',*,*,#2227,.T.);
#1618=ORIENTED_EDGE('',*,*,#2484,.F.);
#1619=ORIENTED_EDGE('',*,*,#2475,.T.);
#1620=ORIENTED_EDGE('',*,*,#2486,.T.);
#1621=ORIENTED_EDGE('',*,*,#2465,.T.);
#1622=ORIENTED_EDGE('',*,*,#2485,.F.);
#1623=ORIENTED_EDGE('',*,*,#2468,.T.);
#1624=ORIENTED_EDGE('',*,*,#2487,.T.);
#1625=ORIENTED_EDGE('',*,*,#2228,.T.);
#1626=ORIENTED_EDGE('',*,*,#2486,.F.);
#1627=ORIENTED_EDGE('',*,*,#2479,.T.);
#1628=ORIENTED_EDGE('',*,*,#2488,.T.);
#1629=ORIENTED_EDGE('',*,*,#2466,.T.);
#1630=ORIENTED_EDGE('',*,*,#2221,.T.);
#1631=ORIENTED_EDGE('',*,*,#2487,.F.);
#1632=ORIENTED_EDGE('',*,*,#2489,.T.);
#1633=ORIENTED_EDGE('',*,*,#2456,.T.);
#1634=ORIENTED_EDGE('',*,*,#2488,.F.);
#1635=ORIENTED_EDGE('',*,*,#2457,.T.);
#1636=ORIENTED_EDGE('',*,*,#2489,.F.);
#1637=ORIENTED_EDGE('',*,*,#2467,.T.);
#1638=ORIENTED_EDGE('',*,*,#2476,.T.);
#1639=ORIENTED_EDGE('',*,*,#2471,.T.);
#1640=ORIENTED_EDGE('',*,*,#2490,.T.);
#1641=ORIENTED_EDGE('',*,*,#2454,.T.);
#1642=ORIENTED_EDGE('',*,*,#2491,.T.);
#1643=ORIENTED_EDGE('',*,*,#2460,.T.);
#1644=ORIENTED_EDGE('',*,*,#2491,.F.);
#1645=ORIENTED_EDGE('',*,*,#2478,.T.);
#1646=ORIENTED_EDGE('',*,*,#2492,.T.);
#1647=ORIENTED_EDGE('',*,*,#2461,.T.);
#1648=ORIENTED_EDGE('',*,*,#2455,.T.);
#1649=ORIENTED_EDGE('',*,*,#2490,.F.);
#1650=ORIENTED_EDGE('',*,*,#2493,.T.);
#1651=ORIENTED_EDGE('',*,*,#2223,.T.);
#1652=ORIENTED_EDGE('',*,*,#2492,.F.);
#1653=ORIENTED_EDGE('',*,*,#2473,.T.);
#1654=ORIENTED_EDGE('',*,*,#2494,.T.);
#1655=ORIENTED_EDGE('',*,*,#2462,.T.);
#1656=ORIENTED_EDGE('',*,*,#2493,.F.);
#1657=ORIENTED_EDGE('',*,*,#2459,.T.);
#1658=ORIENTED_EDGE('',*,*,#2495,.T.);
#1659=ORIENTED_EDGE('',*,*,#2224,.T.);
#1660=ORIENTED_EDGE('',*,*,#2494,.F.);
#1661=ORIENTED_EDGE('',*,*,#2480,.T.);
#1662=ORIENTED_EDGE('',*,*,#2496,.T.);
#1663=ORIENTED_EDGE('',*,*,#2463,.T.);
#1664=ORIENTED_EDGE('',*,*,#2225,.T.);
#1665=ORIENTED_EDGE('',*,*,#2495,.F.);
#1666=ORIENTED_EDGE('',*,*,#2497,.T.);
#1667=ORIENTED_EDGE('',*,*,#2449,.T.);
#1668=ORIENTED_EDGE('',*,*,#2496,.F.);
#1669=ORIENTED_EDGE('',*,*,#2450,.T.);
#1670=ORIENTED_EDGE('',*,*,#2497,.F.);
#1671=ORIENTED_EDGE('',*,*,#2458,.T.);
#1672=ORIENTED_EDGE('',*,*,#2464,.T.);
#1673=ORIENTED_EDGE('',*,*,#2477,.T.);
#1674=ORIENTED_EDGE('',*,*,#2498,.F.);
#1675=ORIENTED_EDGE('',*,*,#2499,.F.);
#1676=ORIENTED_EDGE('',*,*,#2500,.F.);
#1677=ORIENTED_EDGE('',*,*,#2501,.T.);
#1678=ORIENTED_EDGE('',*,*,#2502,.F.);
#1679=ORIENTED_EDGE('',*,*,#2503,.F.);
#1680=ORIENTED_EDGE('',*,*,#2504,.T.);
#1681=ORIENTED_EDGE('',*,*,#2505,.T.);
#1682=ORIENTED_EDGE('',*,*,#2506,.T.);
#1683=ORIENTED_EDGE('',*,*,#2507,.F.);
#1684=ORIENTED_EDGE('',*,*,#2508,.F.);
#1685=ORIENTED_EDGE('',*,*,#2503,.T.);
#1686=ORIENTED_EDGE('',*,*,#2509,.T.);
#1687=ORIENTED_EDGE('',*,*,#2510,.F.);
#1688=ORIENTED_EDGE('',*,*,#2511,.F.);
#1689=ORIENTED_EDGE('',*,*,#2507,.T.);
#1690=ORIENTED_EDGE('',*,*,#2512,.T.);
#1691=ORIENTED_EDGE('',*,*,#2513,.F.);
#1692=ORIENTED_EDGE('',*,*,#2514,.F.);
#1693=ORIENTED_EDGE('',*,*,#2510,.T.);
#1694=ORIENTED_EDGE('',*,*,#2515,.T.);
#1695=ORIENTED_EDGE('',*,*,#2516,.F.);
#1696=ORIENTED_EDGE('',*,*,#2517,.F.);
#1697=ORIENTED_EDGE('',*,*,#2513,.T.);
#1698=ORIENTED_EDGE('',*,*,#2518,.T.);
#1699=ORIENTED_EDGE('',*,*,#2519,.F.);
#1700=ORIENTED_EDGE('',*,*,#2520,.F.);
#1701=ORIENTED_EDGE('',*,*,#2516,.T.);
#1702=ORIENTED_EDGE('',*,*,#2521,.F.);
#1703=ORIENTED_EDGE('',*,*,#2522,.T.);
#1704=ORIENTED_EDGE('',*,*,#2519,.T.);
#1705=ORIENTED_EDGE('',*,*,#2523,.F.);
#1706=ORIENTED_EDGE('',*,*,#2524,.F.);
#1707=ORIENTED_EDGE('',*,*,#2525,.F.);
#1708=ORIENTED_EDGE('',*,*,#2526,.T.);
#1709=ORIENTED_EDGE('',*,*,#2500,.T.);
#1710=ORIENTED_EDGE('',*,*,#2527,.F.);
#1711=ORIENTED_EDGE('',*,*,#2528,.F.);
#1712=ORIENTED_EDGE('',*,*,#2529,.T.);
#1713=ORIENTED_EDGE('',*,*,#2525,.T.);
#1714=ORIENTED_EDGE('',*,*,#2530,.F.);
#1715=ORIENTED_EDGE('',*,*,#2531,.F.);
#1716=ORIENTED_EDGE('',*,*,#2532,.T.);
#1717=ORIENTED_EDGE('',*,*,#2528,.T.);
#1718=ORIENTED_EDGE('',*,*,#2533,.F.);
#1719=ORIENTED_EDGE('',*,*,#2534,.F.);
#1720=ORIENTED_EDGE('',*,*,#2535,.T.);
#1721=ORIENTED_EDGE('',*,*,#2531,.T.);
#1722=ORIENTED_EDGE('',*,*,#2536,.F.);
#1723=ORIENTED_EDGE('',*,*,#2505,.F.);
#1724=ORIENTED_EDGE('',*,*,#2537,.T.);
#1725=ORIENTED_EDGE('',*,*,#2534,.T.);
#1726=ORIENTED_EDGE('',*,*,#2504,.F.);
#1727=ORIENTED_EDGE('',*,*,#2508,.T.);
#1728=ORIENTED_EDGE('',*,*,#2511,.T.);
#1729=ORIENTED_EDGE('',*,*,#2514,.T.);
#1730=ORIENTED_EDGE('',*,*,#2517,.T.);
#1731=ORIENTED_EDGE('',*,*,#2520,.T.);
#1732=ORIENTED_EDGE('',*,*,#2522,.F.);
#1733=ORIENTED_EDGE('',*,*,#2501,.F.);
#1734=ORIENTED_EDGE('',*,*,#2526,.F.);
#1735=ORIENTED_EDGE('',*,*,#2529,.F.);
#1736=ORIENTED_EDGE('',*,*,#2532,.F.);
#1737=ORIENTED_EDGE('',*,*,#2535,.F.);
#1738=ORIENTED_EDGE('',*,*,#2537,.F.);
#1739=ORIENTED_EDGE('',*,*,#2502,.T.);
#1740=ORIENTED_EDGE('',*,*,#2536,.T.);
#1741=ORIENTED_EDGE('',*,*,#2533,.T.);
#1742=ORIENTED_EDGE('',*,*,#2530,.T.);
#1743=ORIENTED_EDGE('',*,*,#2527,.T.);
#1744=ORIENTED_EDGE('',*,*,#2524,.T.);
#1745=ORIENTED_EDGE('',*,*,#2499,.T.);
#1746=ORIENTED_EDGE('',*,*,#2523,.T.);
#1747=ORIENTED_EDGE('',*,*,#2518,.F.);
#1748=ORIENTED_EDGE('',*,*,#2515,.F.);
#1749=ORIENTED_EDGE('',*,*,#2512,.F.);
#1750=ORIENTED_EDGE('',*,*,#2509,.F.);
#1751=ORIENTED_EDGE('',*,*,#2506,.F.);
#1752=ORIENTED_EDGE('',*,*,#2538,.F.);
#1753=ORIENTED_EDGE('',*,*,#2498,.T.);
#1754=ORIENTED_EDGE('',*,*,#2521,.T.);
#1755=ORIENTED_EDGE('',*,*,#2538,.T.);
#1756=ORIENTED_EDGE('',*,*,#2539,.T.);
#1757=ORIENTED_EDGE('',*,*,#2540,.T.);
#1758=ORIENTED_EDGE('',*,*,#2541,.T.);
#1759=ORIENTED_EDGE('',*,*,#2542,.T.);
#1760=ORIENTED_EDGE('',*,*,#2543,.T.);
#1761=ORIENTED_EDGE('',*,*,#2544,.T.);
#1762=ORIENTED_EDGE('',*,*,#2545,.T.);
#1763=ORIENTED_EDGE('',*,*,#2546,.T.);
#1764=ORIENTED_EDGE('',*,*,#2547,.T.);
#1765=ORIENTED_EDGE('',*,*,#2548,.T.);
#1766=ORIENTED_EDGE('',*,*,#2549,.T.);
#1767=ORIENTED_EDGE('',*,*,#2550,.T.);
#1768=ORIENTED_EDGE('',*,*,#2551,.F.);
#1769=ORIENTED_EDGE('',*,*,#2552,.F.);
#1770=ORIENTED_EDGE('',*,*,#2553,.F.);
#1771=ORIENTED_EDGE('',*,*,#2554,.T.);
#1772=ORIENTED_EDGE('',*,*,#2555,.T.);
#1773=ORIENTED_EDGE('',*,*,#2556,.F.);
#1774=ORIENTED_EDGE('',*,*,#2557,.F.);
#1775=ORIENTED_EDGE('',*,*,#2558,.T.);
#1776=ORIENTED_EDGE('',*,*,#2559,.T.);
#1777=ORIENTED_EDGE('',*,*,#2560,.T.);
#1778=ORIENTED_EDGE('',*,*,#2561,.T.);
#1779=ORIENTED_EDGE('',*,*,#2562,.T.);
#1780=ORIENTED_EDGE('',*,*,#2563,.T.);
#1781=ORIENTED_EDGE('',*,*,#2564,.F.);
#1782=ORIENTED_EDGE('',*,*,#2565,.T.);
#1783=ORIENTED_EDGE('',*,*,#2566,.F.);
#1784=ORIENTED_EDGE('',*,*,#2567,.F.);
#1785=ORIENTED_EDGE('',*,*,#2568,.F.);
#1786=ORIENTED_EDGE('',*,*,#2569,.F.);
#1787=ORIENTED_EDGE('',*,*,#2570,.F.);
#1788=ORIENTED_EDGE('',*,*,#2571,.F.);
#1789=ORIENTED_EDGE('',*,*,#2572,.F.);
#1790=ORIENTED_EDGE('',*,*,#2573,.T.);
#1791=ORIENTED_EDGE('',*,*,#2574,.T.);
#1792=ORIENTED_EDGE('',*,*,#2575,.F.);
#1793=ORIENTED_EDGE('',*,*,#2568,.T.);
#1794=ORIENTED_EDGE('',*,*,#2576,.F.);
#1795=ORIENTED_EDGE('',*,*,#2555,.F.);
#1796=ORIENTED_EDGE('',*,*,#2577,.F.);
#1797=ORIENTED_EDGE('',*,*,#2578,.F.);
#1798=ORIENTED_EDGE('',*,*,#2579,.F.);
#1799=ORIENTED_EDGE('',*,*,#2571,.T.);
#1800=ORIENTED_EDGE('',*,*,#2575,.T.);
#1801=ORIENTED_EDGE('',*,*,#2580,.T.);
#1802=ORIENTED_EDGE('',*,*,#2581,.T.);
#1803=ORIENTED_EDGE('',*,*,#2582,.T.);
#1804=ORIENTED_EDGE('',*,*,#2583,.T.);
#1805=ORIENTED_EDGE('',*,*,#2584,.T.);
#1806=ORIENTED_EDGE('',*,*,#2569,.T.);
#1807=ORIENTED_EDGE('',*,*,#2552,.T.);
#1808=ORIENTED_EDGE('',*,*,#2585,.T.);
#1809=ORIENTED_EDGE('',*,*,#2561,.F.);
#1810=ORIENTED_EDGE('',*,*,#2584,.F.);
#1811=ORIENTED_EDGE('',*,*,#2586,.F.);
#1812=ORIENTED_EDGE('',*,*,#2587,.T.);
#1813=ORIENTED_EDGE('',*,*,#2588,.F.);
#1814=ORIENTED_EDGE('',*,*,#2589,.F.);
#1815=ORIENTED_EDGE('',*,*,#2577,.T.);
#1816=ORIENTED_EDGE('',*,*,#2590,.T.);
#1817=ORIENTED_EDGE('',*,*,#2591,.T.);
#1818=ORIENTED_EDGE('',*,*,#2580,.F.);
#1819=ORIENTED_EDGE('',*,*,#2574,.F.);
#1820=ORIENTED_EDGE('',*,*,#2592,.T.);
#1821=ORIENTED_EDGE('',*,*,#2593,.T.);
#1822=ORIENTED_EDGE('',*,*,#2591,.F.);
#1823=ORIENTED_EDGE('',*,*,#2594,.F.);
#1824=ORIENTED_EDGE('',*,*,#2595,.T.);
#1825=ORIENTED_EDGE('',*,*,#2578,.T.);
#1826=ORIENTED_EDGE('',*,*,#2590,.F.);
#1827=ORIENTED_EDGE('',*,*,#2554,.F.);
#1828=ORIENTED_EDGE('',*,*,#2596,.T.);
#1829=ORIENTED_EDGE('',*,*,#2594,.T.);
#1830=ORIENTED_EDGE('',*,*,#2583,.F.);
#1831=ORIENTED_EDGE('',*,*,#2597,.F.);
#1832=ORIENTED_EDGE('',*,*,#2598,.T.);
#1833=ORIENTED_EDGE('',*,*,#2586,.T.);
#1834=ORIENTED_EDGE('',*,*,#2582,.F.);
#1835=ORIENTED_EDGE('',*,*,#2599,.F.);
#1836=ORIENTED_EDGE('',*,*,#2600,.T.);
#1837=ORIENTED_EDGE('',*,*,#2597,.T.);
#1838=ORIENTED_EDGE('',*,*,#2581,.F.);
#1839=ORIENTED_EDGE('',*,*,#2593,.F.);
#1840=ORIENTED_EDGE('',*,*,#2601,.T.);
#1841=ORIENTED_EDGE('',*,*,#2599,.T.);
#1842=ORIENTED_EDGE('',*,*,#2602,.F.);
#1843=ORIENTED_EDGE('',*,*,#2603,.T.);
#1844=ORIENTED_EDGE('',*,*,#2556,.T.);
#1845=ORIENTED_EDGE('',*,*,#2576,.T.);
#1846=ORIENTED_EDGE('',*,*,#2570,.T.);
#1847=ORIENTED_EDGE('',*,*,#2567,.T.);
#1848=ORIENTED_EDGE('',*,*,#2604,.T.);
#1849=ORIENTED_EDGE('',*,*,#2605,.F.);
#1850=ORIENTED_EDGE('',*,*,#2606,.T.);
#1851=ORIENTED_EDGE('',*,*,#2607,.T.);
#1852=ORIENTED_EDGE('',*,*,#2608,.F.);
#1853=ORIENTED_EDGE('',*,*,#2609,.F.);
#1854=ORIENTED_EDGE('',*,*,#2610,.F.);
#1855=ORIENTED_EDGE('',*,*,#2557,.T.);
#1856=ORIENTED_EDGE('',*,*,#2603,.F.);
#1857=ORIENTED_EDGE('',*,*,#2566,.T.);
#1858=ORIENTED_EDGE('',*,*,#2611,.F.);
#1859=ORIENTED_EDGE('',*,*,#2558,.F.);
#1860=ORIENTED_EDGE('',*,*,#2610,.T.);
#1861=ORIENTED_EDGE('',*,*,#2565,.F.);
#1862=ORIENTED_EDGE('',*,*,#2612,.T.);
#1863=ORIENTED_EDGE('',*,*,#2602,.T.);
#1864=ORIENTED_EDGE('',*,*,#2613,.F.);
#1865=ORIENTED_EDGE('',*,*,#2614,.T.);
#1866=ORIENTED_EDGE('',*,*,#2615,.F.);
#1867=ORIENTED_EDGE('',*,*,#2604,.F.);
#1868=ORIENTED_EDGE('',*,*,#2616,.F.);
#1869=ORIENTED_EDGE('',*,*,#2617,.F.);
#1870=ORIENTED_EDGE('',*,*,#2613,.T.);
#1871=ORIENTED_EDGE('',*,*,#2618,.F.);
#1872=ORIENTED_EDGE('',*,*,#2619,.F.);
#1873=ORIENTED_EDGE('',*,*,#2612,.F.);
#1874=ORIENTED_EDGE('',*,*,#2608,.T.);
#1875=ORIENTED_EDGE('',*,*,#2614,.F.);
#1876=ORIENTED_EDGE('',*,*,#2609,.T.);
#1877=ORIENTED_EDGE('',*,*,#2620,.T.);
#1878=ORIENTED_EDGE('',*,*,#2621,.F.);
#1879=ORIENTED_EDGE('',*,*,#2622,.F.);
#1880=ORIENTED_EDGE('',*,*,#2588,.T.);
#1881=ORIENTED_EDGE('',*,*,#2623,.F.);
#1882=ORIENTED_EDGE('',*,*,#2573,.F.);
#1883=ORIENTED_EDGE('',*,*,#2624,.T.);
#1884=ORIENTED_EDGE('',*,*,#2621,.T.);
#1885=ORIENTED_EDGE('',*,*,#2553,.T.);
#1886=ORIENTED_EDGE('',*,*,#2589,.T.);
#1887=ORIENTED_EDGE('',*,*,#2622,.T.);
#1888=ORIENTED_EDGE('',*,*,#2624,.F.);
#1889=ORIENTED_EDGE('',*,*,#2572,.T.);
#1890=ORIENTED_EDGE('',*,*,#2579,.T.);
#1891=ORIENTED_EDGE('',*,*,#2595,.F.);
#1892=ORIENTED_EDGE('',*,*,#2596,.F.);
#1893=ORIENTED_EDGE('',*,*,#2592,.F.);
#1894=ORIENTED_EDGE('',*,*,#2623,.T.);
#1895=ORIENTED_EDGE('',*,*,#2620,.F.);
#1896=ORIENTED_EDGE('',*,*,#2587,.F.);
#1897=ORIENTED_EDGE('',*,*,#2598,.F.);
#1898=ORIENTED_EDGE('',*,*,#2600,.F.);
#1899=ORIENTED_EDGE('',*,*,#2601,.F.);
#1900=ORIENTED_EDGE('',*,*,#2551,.T.);
#1901=ORIENTED_EDGE('',*,*,#2625,.T.);
#1902=ORIENTED_EDGE('',*,*,#2562,.F.);
#1903=ORIENTED_EDGE('',*,*,#2585,.F.);
#1904=ORIENTED_EDGE('',*,*,#2564,.T.);
#1905=ORIENTED_EDGE('',*,*,#2626,.T.);
#1906=ORIENTED_EDGE('',*,*,#2559,.F.);
#1907=ORIENTED_EDGE('',*,*,#2611,.T.);
#1908=ORIENTED_EDGE('',*,*,#2560,.F.);
#1909=ORIENTED_EDGE('',*,*,#2626,.F.);
#1910=ORIENTED_EDGE('',*,*,#2563,.F.);
#1911=ORIENTED_EDGE('',*,*,#2625,.F.);
#1912=ORIENTED_EDGE('',*,*,#2627,.T.);
#1913=ORIENTED_EDGE('',*,*,#2605,.T.);
#1914=ORIENTED_EDGE('',*,*,#2615,.T.);
#1915=ORIENTED_EDGE('',*,*,#2628,.F.);
#1916=ORIENTED_EDGE('',*,*,#2548,.F.);
#1917=ORIENTED_EDGE('',*,*,#2629,.T.);
#1918=ORIENTED_EDGE('',*,*,#2619,.T.);
#1919=ORIENTED_EDGE('',*,*,#2630,.F.);
#1920=ORIENTED_EDGE('',*,*,#2549,.F.);
#1921=ORIENTED_EDGE('',*,*,#2628,.T.);
#1922=ORIENTED_EDGE('',*,*,#2618,.T.);
#1923=ORIENTED_EDGE('',*,*,#2631,.F.);
#1924=ORIENTED_EDGE('',*,*,#2550,.F.);
#1925=ORIENTED_EDGE('',*,*,#2630,.T.);
#1926=ORIENTED_EDGE('',*,*,#2617,.T.);
#1927=ORIENTED_EDGE('',*,*,#2632,.F.);
#1928=ORIENTED_EDGE('',*,*,#2539,.F.);
#1929=ORIENTED_EDGE('',*,*,#2631,.T.);
#1930=ORIENTED_EDGE('',*,*,#2607,.F.);
#1931=ORIENTED_EDGE('',*,*,#2633,.T.);
#1932=ORIENTED_EDGE('',*,*,#2634,.F.);
#1933=ORIENTED_EDGE('',*,*,#2635,.F.);
#1934=ORIENTED_EDGE('',*,*,#2636,.T.);
#1935=ORIENTED_EDGE('',*,*,#2632,.T.);
#1936=ORIENTED_EDGE('',*,*,#2616,.T.);
#1937=ORIENTED_EDGE('',*,*,#2634,.T.);
#1938=ORIENTED_EDGE('',*,*,#2637,.T.);
#1939=ORIENTED_EDGE('',*,*,#2638,.F.);
#1940=ORIENTED_EDGE('',*,*,#2639,.F.);
#1941=ORIENTED_EDGE('',*,*,#2640,.T.);
#1942=ORIENTED_EDGE('',*,*,#2641,.T.);
#1943=ORIENTED_EDGE('',*,*,#2638,.T.);
#1944=ORIENTED_EDGE('',*,*,#2642,.T.);
#1945=ORIENTED_EDGE('',*,*,#2643,.F.);
#1946=ORIENTED_EDGE('',*,*,#2545,.F.);
#1947=ORIENTED_EDGE('',*,*,#2644,.F.);
#1948=ORIENTED_EDGE('',*,*,#2645,.T.);
#1949=ORIENTED_EDGE('',*,*,#2646,.F.);
#1950=ORIENTED_EDGE('',*,*,#2647,.F.);
#1951=ORIENTED_EDGE('',*,*,#2643,.T.);
#1952=ORIENTED_EDGE('',*,*,#2648,.T.);
#1953=ORIENTED_EDGE('',*,*,#2649,.F.);
#1954=ORIENTED_EDGE('',*,*,#2546,.F.);
#1955=ORIENTED_EDGE('',*,*,#2649,.T.);
#1956=ORIENTED_EDGE('',*,*,#2650,.T.);
#1957=ORIENTED_EDGE('',*,*,#2629,.F.);
#1958=ORIENTED_EDGE('',*,*,#2547,.F.);
#1959=ORIENTED_EDGE('',*,*,#2606,.F.);
#1960=ORIENTED_EDGE('',*,*,#2627,.F.);
#1961=ORIENTED_EDGE('',*,*,#2650,.F.);
#1962=ORIENTED_EDGE('',*,*,#2648,.F.);
#1963=ORIENTED_EDGE('',*,*,#2642,.F.);
#1964=ORIENTED_EDGE('',*,*,#2637,.F.);
#1965=ORIENTED_EDGE('',*,*,#2633,.F.);
#1966=ORIENTED_EDGE('',*,*,#2540,.F.);
#1967=ORIENTED_EDGE('',*,*,#2636,.F.);
#1968=ORIENTED_EDGE('',*,*,#2651,.T.);
#1969=ORIENTED_EDGE('',*,*,#2652,.T.);
#1970=ORIENTED_EDGE('',*,*,#2544,.F.);
#1971=ORIENTED_EDGE('',*,*,#2653,.F.);
#1972=ORIENTED_EDGE('',*,*,#2654,.T.);
#1973=ORIENTED_EDGE('',*,*,#2644,.T.);
#1974=ORIENTED_EDGE('',*,*,#2543,.F.);
#1975=ORIENTED_EDGE('',*,*,#2655,.F.);
#1976=ORIENTED_EDGE('',*,*,#2656,.T.);
#1977=ORIENTED_EDGE('',*,*,#2653,.T.);
#1978=ORIENTED_EDGE('',*,*,#2542,.F.);
#1979=ORIENTED_EDGE('',*,*,#2657,.F.);
#1980=ORIENTED_EDGE('',*,*,#2658,.T.);
#1981=ORIENTED_EDGE('',*,*,#2655,.T.);
#1982=ORIENTED_EDGE('',*,*,#2541,.F.);
#1983=ORIENTED_EDGE('',*,*,#2652,.F.);
#1984=ORIENTED_EDGE('',*,*,#2659,.T.);
#1985=ORIENTED_EDGE('',*,*,#2657,.T.);
#1986=ORIENTED_EDGE('',*,*,#2651,.F.);
#1987=ORIENTED_EDGE('',*,*,#2635,.T.);
#1988=ORIENTED_EDGE('',*,*,#2641,.F.);
#1989=ORIENTED_EDGE('',*,*,#2660,.T.);
#1990=ORIENTED_EDGE('',*,*,#2661,.F.);
#1991=ORIENTED_EDGE('',*,*,#2662,.F.);
#1992=ORIENTED_EDGE('',*,*,#2645,.F.);
#1993=ORIENTED_EDGE('',*,*,#2654,.F.);
#1994=ORIENTED_EDGE('',*,*,#2656,.F.);
#1995=ORIENTED_EDGE('',*,*,#2658,.F.);
#1996=ORIENTED_EDGE('',*,*,#2659,.F.);
#1997=ORIENTED_EDGE('',*,*,#2660,.F.);
#1998=ORIENTED_EDGE('',*,*,#2640,.F.);
#1999=ORIENTED_EDGE('',*,*,#2663,.T.);
#2000=ORIENTED_EDGE('',*,*,#2664,.T.);
#2001=ORIENTED_EDGE('',*,*,#2662,.T.);
#2002=ORIENTED_EDGE('',*,*,#2665,.F.);
#2003=ORIENTED_EDGE('',*,*,#2666,.F.);
#2004=ORIENTED_EDGE('',*,*,#2646,.T.);
#2005=ORIENTED_EDGE('',*,*,#2661,.T.);
#2006=ORIENTED_EDGE('',*,*,#2664,.F.);
#2007=ORIENTED_EDGE('',*,*,#2667,.F.);
#2008=ORIENTED_EDGE('',*,*,#2665,.T.);
#2009=ORIENTED_EDGE('',*,*,#2663,.F.);
#2010=ORIENTED_EDGE('',*,*,#2639,.T.);
#2011=ORIENTED_EDGE('',*,*,#2647,.T.);
#2012=ORIENTED_EDGE('',*,*,#2666,.T.);
#2013=ORIENTED_EDGE('',*,*,#2667,.T.);
#2014=ORIENTED_EDGE('',*,*,#2668,.F.);
#2015=ORIENTED_EDGE('',*,*,#2669,.F.);
#2016=ORIENTED_EDGE('',*,*,#2670,.T.);
#2017=ORIENTED_EDGE('',*,*,#2671,.T.);
#2018=ORIENTED_EDGE('',*,*,#2672,.F.);
#2019=ORIENTED_EDGE('',*,*,#2673,.F.);
#2020=ORIENTED_EDGE('',*,*,#2674,.T.);
#2021=ORIENTED_EDGE('',*,*,#2675,.T.);
#2022=ORIENTED_EDGE('',*,*,#2676,.F.);
#2023=ORIENTED_EDGE('',*,*,#2671,.F.);
#2024=ORIENTED_EDGE('',*,*,#2677,.F.);
#2025=ORIENTED_EDGE('',*,*,#2678,.T.);
#2026=ORIENTED_EDGE('',*,*,#2679,.T.);
#2027=ORIENTED_EDGE('',*,*,#2675,.F.);
#2028=ORIENTED_EDGE('',*,*,#2680,.F.);
#2029=ORIENTED_EDGE('',*,*,#2681,.F.);
#2030=ORIENTED_EDGE('',*,*,#2682,.T.);
#2031=ORIENTED_EDGE('',*,*,#2683,.T.);
#2032=ORIENTED_EDGE('',*,*,#2684,.T.);
#2033=ORIENTED_EDGE('',*,*,#2683,.F.);
#2034=ORIENTED_EDGE('',*,*,#2668,.T.);
#2035=ORIENTED_EDGE('',*,*,#2684,.F.);
#2036=ORIENTED_EDGE('',*,*,#2685,.T.);
#2037=ORIENTED_EDGE('',*,*,#2672,.T.);
#2038=ORIENTED_EDGE('',*,*,#2682,.F.);
#2039=ORIENTED_EDGE('',*,*,#2686,.F.);
#2040=ORIENTED_EDGE('',*,*,#2687,.F.);
#2041=ORIENTED_EDGE('',*,*,#2681,.T.);
#2042=ORIENTED_EDGE('',*,*,#2688,.F.);
#2043=ORIENTED_EDGE('',*,*,#2689,.F.);
#2044=ORIENTED_EDGE('',*,*,#2686,.T.);
#2045=ORIENTED_EDGE('',*,*,#2674,.F.);
#2046=ORIENTED_EDGE('',*,*,#2690,.F.);
#2047=ORIENTED_EDGE('',*,*,#2688,.T.);
#2048=ORIENTED_EDGE('',*,*,#2680,.T.);
#2049=ORIENTED_EDGE('',*,*,#2690,.T.);
#2050=ORIENTED_EDGE('',*,*,#2673,.T.);
#2051=ORIENTED_EDGE('',*,*,#2685,.F.);
#2052=ORIENTED_EDGE('',*,*,#2689,.T.);
#2053=ORIENTED_EDGE('',*,*,#2691,.F.);
#2054=ORIENTED_EDGE('',*,*,#2678,.F.);
#2055=ORIENTED_EDGE('',*,*,#2692,.F.);
#2056=ORIENTED_EDGE('',*,*,#2693,.T.);
#2057=ORIENTED_EDGE('',*,*,#2694,.T.);
#2058=ORIENTED_EDGE('',*,*,#2670,.F.);
#2059=ORIENTED_EDGE('',*,*,#2695,.F.);
#2060=ORIENTED_EDGE('',*,*,#2692,.T.);
#2061=ORIENTED_EDGE('',*,*,#2677,.T.);
#2062=ORIENTED_EDGE('',*,*,#2696,.T.);
#2063=ORIENTED_EDGE('',*,*,#2676,.T.);
#2064=ORIENTED_EDGE('',*,*,#2679,.F.);
#2065=ORIENTED_EDGE('',*,*,#2694,.F.);
#2066=ORIENTED_EDGE('',*,*,#2695,.T.);
#2067=ORIENTED_EDGE('',*,*,#2669,.T.);
#2068=ORIENTED_EDGE('',*,*,#2696,.F.);
#2069=ORIENTED_EDGE('',*,*,#2693,.F.);
#2070=ORIENTED_EDGE('',*,*,#2697,.F.);
#2071=ORIENTED_EDGE('',*,*,#2687,.T.);
#2072=ORIENTED_EDGE('',*,*,#2697,.T.);
#2073=ORIENTED_EDGE('',*,*,#2698,.F.);
#2074=ORIENTED_EDGE('',*,*,#2691,.T.);
#2075=ORIENTED_EDGE('',*,*,#2698,.T.);
#2076=ORIENTED_EDGE('',*,*,#2699,.T.);
#2077=ORIENTED_EDGE('',*,*,#2700,.F.);
#2078=ORIENTED_EDGE('',*,*,#2701,.T.);
#2079=ORIENTED_EDGE('',*,*,#2702,.T.);
#2080=ORIENTED_EDGE('',*,*,#2703,.F.);
#2081=ORIENTED_EDGE('',*,*,#2704,.F.);
#2082=ORIENTED_EDGE('',*,*,#2705,.T.);
#2083=ORIENTED_EDGE('',*,*,#2706,.T.);
#2084=ORIENTED_EDGE('',*,*,#2707,.F.);
#2085=ORIENTED_EDGE('',*,*,#2708,.F.);
#2086=ORIENTED_EDGE('',*,*,#2709,.F.);
#2087=ORIENTED_EDGE('',*,*,#2710,.F.);
#2088=ORIENTED_EDGE('',*,*,#2711,.T.);
#2089=ORIENTED_EDGE('',*,*,#2712,.F.);
#2090=ORIENTED_EDGE('',*,*,#2713,.F.);
#2091=ORIENTED_EDGE('',*,*,#2700,.T.);
#2092=ORIENTED_EDGE('',*,*,#2714,.F.);
#2093=ORIENTED_EDGE('',*,*,#2715,.T.);
#2094=ORIENTED_EDGE('',*,*,#2716,.T.);
#2095=ORIENTED_EDGE('',*,*,#2704,.T.);
#2096=ORIENTED_EDGE('',*,*,#2717,.F.);
#2097=ORIENTED_EDGE('',*,*,#2718,.F.);
#2098=ORIENTED_EDGE('',*,*,#2719,.T.);
#2099=ORIENTED_EDGE('',*,*,#2711,.F.);
#2100=ORIENTED_EDGE('',*,*,#2699,.F.);
#2101=ORIENTED_EDGE('',*,*,#2710,.T.);
#2102=ORIENTED_EDGE('',*,*,#2714,.T.);
#2103=ORIENTED_EDGE('',*,*,#2707,.T.);
#2104=ORIENTED_EDGE('',*,*,#2720,.F.);
#2105=ORIENTED_EDGE('',*,*,#2721,.T.);
#2106=ORIENTED_EDGE('',*,*,#2705,.F.);
#2107=ORIENTED_EDGE('',*,*,#2716,.F.);
#2108=ORIENTED_EDGE('',*,*,#2722,.F.);
#2109=ORIENTED_EDGE('',*,*,#2723,.T.);
#2110=ORIENTED_EDGE('',*,*,#2724,.F.);
#2111=ORIENTED_EDGE('',*,*,#2715,.F.);
#2112=ORIENTED_EDGE('',*,*,#2721,.F.);
#2113=ORIENTED_EDGE('',*,*,#2725,.T.);
#2114=ORIENTED_EDGE('',*,*,#2722,.T.);
#2115=ORIENTED_EDGE('',*,*,#2706,.F.);
#2116=ORIENTED_EDGE('',*,*,#2723,.F.);
#2117=ORIENTED_EDGE('',*,*,#2725,.F.);
#2118=ORIENTED_EDGE('',*,*,#2720,.T.);
#2119=ORIENTED_EDGE('',*,*,#2701,.F.);
#2120=ORIENTED_EDGE('',*,*,#2719,.F.);
#2121=ORIENTED_EDGE('',*,*,#2726,.F.);
#2122=ORIENTED_EDGE('',*,*,#2727,.T.);
#2123=ORIENTED_EDGE('',*,*,#2717,.T.);
#2124=ORIENTED_EDGE('',*,*,#2703,.T.);
#2125=ORIENTED_EDGE('',*,*,#2728,.F.);
#2126=ORIENTED_EDGE('',*,*,#2729,.T.);
#2127=ORIENTED_EDGE('',*,*,#2730,.F.);
#2128=ORIENTED_EDGE('',*,*,#2718,.T.);
#2129=ORIENTED_EDGE('',*,*,#2729,.F.);
#2130=ORIENTED_EDGE('',*,*,#2731,.F.);
#2131=ORIENTED_EDGE('',*,*,#2726,.T.);
#2132=ORIENTED_EDGE('',*,*,#2702,.F.);
#2133=ORIENTED_EDGE('',*,*,#2727,.F.);
#2134=ORIENTED_EDGE('',*,*,#2731,.T.);
#2135=ORIENTED_EDGE('',*,*,#2728,.T.);
#2136=ORIENTED_EDGE('',*,*,#2712,.T.);
#2137=ORIENTED_EDGE('',*,*,#2708,.T.);
#2138=ORIENTED_EDGE('',*,*,#2713,.T.);
#2139=ORIENTED_EDGE('',*,*,#2709,.T.);
#2140=ORIENTED_EDGE('',*,*,#2732,.F.);
#2141=ORIENTED_EDGE('',*,*,#2724,.T.);
#2142=ORIENTED_EDGE('',*,*,#2732,.T.);
#2143=ORIENTED_EDGE('',*,*,#2733,.F.);
#2144=ORIENTED_EDGE('',*,*,#2730,.T.);
#2145=ORIENTED_EDGE('',*,*,#2733,.T.);
#2146=ORIENTED_EDGE('',*,*,#2734,.F.);
#2147=ORIENTED_EDGE('',*,*,#2735,.T.);
#2148=ORIENTED_EDGE('',*,*,#2734,.T.);
#2149=ORIENTED_EDGE('',*,*,#2735,.F.);
#2150=ORIENTED_EDGE('',*,*,#2736,.F.);
#2151=ORIENTED_EDGE('',*,*,#2737,.T.);
#2152=ORIENTED_EDGE('',*,*,#2736,.T.);
#2153=ORIENTED_EDGE('',*,*,#2737,.F.);
#2154=EDGE_CURVE('',#2738,#2738,#3119,.T.);
#2155=EDGE_CURVE('',#2739,#2739,#3120,.T.);
#2156=EDGE_CURVE('',#2740,#2741,#3121,.T.);
#2157=EDGE_CURVE('',#2742,#2741,#135,.T.);
#2158=EDGE_CURVE('',#2743,#2742,#3122,.T.);
#2159=EDGE_CURVE('',#2743,#2740,#136,.T.);
#2160=EDGE_CURVE('',#2741,#2744,#137,.T.);
#2161=EDGE_CURVE('',#2745,#2744,#138,.T.);
#2162=EDGE_CURVE('',#2742,#2745,#139,.T.);
#2163=EDGE_CURVE('',#2744,#2746,#67,.T.);
#2164=EDGE_CURVE('',#2747,#2746,#140,.T.);
#2165=EDGE_CURVE('',#2745,#2747,#68,.T.);
#2166=EDGE_CURVE('',#2748,#2746,#69,.T.);
#2167=EDGE_CURVE('',#2749,#2748,#141,.T.);
#2168=EDGE_CURVE('',#2749,#2747,#70,.T.);
#2169=EDGE_CURVE('',#2750,#2750,#3123,.T.);
#2170=EDGE_CURVE('',#2751,#2751,#3124,.T.);
#2171=EDGE_CURVE('',#2752,#2752,#3125,.T.);
#2172=EDGE_CURVE('',#2753,#2753,#3126,.T.);
#2173=EDGE_CURVE('',#2754,#2754,#3127,.T.);
#2174=EDGE_CURVE('',#2755,#2755,#3128,.T.);
#2175=EDGE_CURVE('',#2756,#2756,#3129,.T.);
#2176=EDGE_CURVE('',#2757,#2757,#3130,.T.);
#2177=EDGE_CURVE('',#2758,#2758,#3131,.T.);
#2178=EDGE_CURVE('',#2759,#2759,#3132,.T.);
#2179=EDGE_CURVE('',#2740,#2748,#142,.T.);
#2180=EDGE_CURVE('',#2743,#2749,#143,.T.);
#2181=EDGE_CURVE('',#2760,#2760,#3133,.T.);
#2182=EDGE_CURVE('',#2761,#2761,#3134,.T.);
#2183=EDGE_CURVE('',#2762,#2762,#3135,.T.);
#2184=EDGE_CURVE('',#2763,#2763,#3136,.T.);
#2185=EDGE_CURVE('',#2764,#2764,#3137,.T.);
#2186=EDGE_CURVE('',#2765,#2765,#3138,.T.);
#2187=EDGE_CURVE('',#2766,#2766,#3139,.T.);
#2188=EDGE_CURVE('',#2767,#2767,#3140,.T.);
#2189=EDGE_CURVE('',#2768,#2769,#71,.T.);
#2190=EDGE_CURVE('',#2768,#2770,#144,.T.);
#2191=EDGE_CURVE('',#2771,#2770,#72,.T.);
#2192=EDGE_CURVE('',#2771,#2772,#3141,.T.);
#2193=EDGE_CURVE('',#2773,#2772,#73,.T.);
#2194=EDGE_CURVE('',#2773,#2774,#145,.F.);
#2195=EDGE_CURVE('',#2775,#2774,#74,.T.);
#2196=EDGE_CURVE('',#2775,#2769,#3142,.F.);
#2197=EDGE_CURVE('',#2776,#2777,#146,.F.);
#2198=EDGE_CURVE('',#2777,#2778,#75,.T.);
#2199=EDGE_CURVE('',#2778,#2779,#3143,.T.);
#2200=EDGE_CURVE('',#2779,#2780,#76,.T.);
#2201=EDGE_CURVE('',#2780,#2781,#147,.T.);
#2202=EDGE_CURVE('',#2781,#2782,#77,.T.);
#2203=EDGE_CURVE('',#2783,#2782,#3144,.T.);
#2204=EDGE_CURVE('',#2783,#2776,#78,.T.);
#2205=EDGE_CURVE('',#2784,#2784,#3145,.T.);
#2206=EDGE_CURVE('',#2785,#2785,#3146,.T.);
#2207=EDGE_CURVE('',#2786,#2787,#3147,.T.);
#2208=EDGE_CURVE('',#2786,#2788,#79,.T.);
#2209=EDGE_CURVE('',#2789,#2788,#80,.T.);
#2210=EDGE_CURVE('',#2789,#2790,#3148,.T.);
#2211=EDGE_CURVE('',#2791,#2790,#81,.T.);
#2212=EDGE_CURVE('',#2791,#2792,#148,.T.);
#2213=EDGE_CURVE('',#2793,#2792,#82,.T.);
#2214=EDGE_CURVE('',#2793,#2794,#3149,.F.);
#2215=EDGE_CURVE('',#2795,#2794,#83,.T.);
#2216=EDGE_CURVE('',#2795,#2796,#84,.T.);
#2217=EDGE_CURVE('',#2797,#2796,#3150,.F.);
#2218=EDGE_CURVE('',#2797,#2798,#85,.T.);
#2219=EDGE_CURVE('',#2799,#2798,#149,.T.);
#2220=EDGE_CURVE('',#2799,#2787,#86,.T.);
#2221=EDGE_CURVE('',#2800,#2801,#87,.T.);
#2222=EDGE_CURVE('',#2800,#2802,#3151,.T.);
#2223=EDGE_CURVE('',#2803,#2802,#88,.T.);
#2224=EDGE_CURVE('',#2804,#2803,#150,.T.);
#2225=EDGE_CURVE('',#2805,#2804,#89,.T.);
#2226=EDGE_CURVE('',#2806,#2805,#3152,.T.);
#2227=EDGE_CURVE('',#2807,#2806,#90,.T.);
#2228=EDGE_CURVE('',#2801,#2807,#151,.F.);
#2229=EDGE_CURVE('',#2808,#2788,#91,.F.);
#2230=EDGE_CURVE('',#2808,#2809,#92,.T.);
#2231=EDGE_CURVE('',#2809,#2789,#3153,.T.);
#2232=EDGE_CURVE('',#2795,#2810,#93,.T.);
#2233=EDGE_CURVE('',#2811,#2794,#3154,.F.);
#2234=EDGE_CURVE('',#2811,#2810,#94,.T.);
#2235=EDGE_CURVE('',#2812,#2812,#3155,.T.);
#2236=EDGE_CURVE('',#2813,#2814,#152,.F.);
#2237=EDGE_CURVE('',#2813,#2815,#3156,.F.);
#2238=EDGE_CURVE('',#2815,#2816,#153,.F.);
#2239=EDGE_CURVE('',#2814,#2816,#3157,.F.);
#2240=EDGE_CURVE('',#2817,#2818,#3158,.F.);
#2241=EDGE_CURVE('',#2817,#2819,#154,.F.);
#2242=EDGE_CURVE('',#2819,#2820,#3159,.F.);
#2243=EDGE_CURVE('',#2818,#2820,#155,.F.);
#2244=EDGE_CURVE('',#2821,#2821,#3160,.T.);
#2245=EDGE_CURVE('',#2822,#2823,#156,.T.);
#2246=EDGE_CURVE('',#2824,#2822,#157,.T.);
#2247=EDGE_CURVE('',#2824,#2825,#158,.T.);
#2248=EDGE_CURVE('',#2825,#2823,#159,.T.);
#2249=EDGE_CURVE('',#2818,#2823,#160,.T.);
#2250=EDGE_CURVE('',#2820,#2822,#161,.T.);
#2251=EDGE_CURVE('',#2817,#2825,#162,.T.);
#2252=EDGE_CURVE('',#2819,#2824,#163,.T.);
#2253=EDGE_CURVE('',#2778,#2826,#95,.T.);
#2254=EDGE_CURVE('',#2826,#2827,#164,.F.);
#2255=EDGE_CURVE('',#2827,#2828,#165,.F.);
#2256=EDGE_CURVE('',#2828,#2829,#166,.T.);
#2257=EDGE_CURVE('',#2829,#2779,#96,.F.);
#2258=EDGE_CURVE('',#2830,#2831,#167,.T.);
#2259=EDGE_CURVE('',#2831,#2832,#168,.T.);
#2260=EDGE_CURVE('',#2832,#2783,#97,.F.);
#2261=EDGE_CURVE('',#2782,#2833,#98,.T.);
#2262=EDGE_CURVE('',#2833,#2830,#169,.F.);
#2263=EDGE_CURVE('',#2834,#2835,#170,.F.);
#2264=EDGE_CURVE('',#2835,#2836,#3161,.T.);
#2265=EDGE_CURVE('',#2836,#2837,#171,.T.);
#2266=EDGE_CURVE('',#2837,#2838,#3162,.T.);
#2267=EDGE_CURVE('',#2838,#2839,#172,.T.);
#2268=EDGE_CURVE('',#2839,#2834,#173,.F.);
#2269=EDGE_CURVE('',#2840,#2840,#3163,.F.);
#2270=EDGE_CURVE('',#2841,#2842,#174,.F.);
#2271=EDGE_CURVE('',#2842,#2843,#3164,.F.);
#2272=EDGE_CURVE('',#2843,#2844,#175,.T.);
#2273=EDGE_CURVE('',#2844,#2845,#176,.F.);
#2274=EDGE_CURVE('',#2845,#2846,#177,.F.);
#2275=EDGE_CURVE('',#2846,#2841,#3165,.F.);
#2276=EDGE_CURVE('',#2847,#2847,#3166,.T.);
#2277=EDGE_CURVE('',#2848,#2849,#178,.T.);
#2278=EDGE_CURVE('',#2849,#2850,#179,.T.);
#2279=EDGE_CURVE('',#2850,#2851,#180,.F.);
#2280=EDGE_CURVE('',#2851,#2848,#181,.F.);
#2281=EDGE_CURVE('',#2852,#2852,#3167,.F.);
#2282=EDGE_CURVE('',#2853,#2853,#3168,.T.);
#2283=EDGE_CURVE('',#2850,#2831,#3169,.T.);
#2284=EDGE_CURVE('',#2830,#2851,#3170,.F.);
#2285=EDGE_CURVE('',#2827,#2849,#3171,.T.);
#2286=EDGE_CURVE('',#2848,#2828,#3172,.F.);
#2287=EDGE_CURVE('',#2854,#2855,#3173,.F.);
#2288=EDGE_CURVE('',#2855,#2856,#182,.T.);
#2289=EDGE_CURVE('',#2856,#2857,#183,.T.);
#2290=EDGE_CURVE('',#2857,#2858,#184,.F.);
#2291=EDGE_CURVE('',#2858,#2859,#185,.F.);
#2292=EDGE_CURVE('',#2859,#2854,#186,.T.);
#2293=EDGE_CURVE('',#2860,#2861,#187,.F.);
#2294=EDGE_CURVE('',#2861,#2862,#188,.T.);
#2295=EDGE_CURVE('',#2862,#2809,#3174,.F.);
#2296=EDGE_CURVE('',#2809,#2860,#189,.F.);
#2297=EDGE_CURVE('',#2863,#2864,#190,.T.);
#2298=EDGE_CURVE('',#2864,#2865,#191,.F.);
#2299=EDGE_CURVE('',#2865,#2866,#192,.F.);
#2300=EDGE_CURVE('',#2866,#2863,#193,.T.);
#2301=EDGE_CURVE('',#2811,#2867,#3175,.T.);
#2302=EDGE_CURVE('',#2867,#2868,#194,.F.);
#2303=EDGE_CURVE('',#2868,#2869,#195,.T.);
#2304=EDGE_CURVE('',#2869,#2811,#196,.T.);
#2305=EDGE_CURVE('',#2870,#2870,#3176,.T.);
#2306=EDGE_CURVE('',#2871,#2871,#3177,.F.);
#2307=EDGE_CURVE('',#2872,#2873,#3178,.T.);
#2308=EDGE_CURVE('',#2873,#2872,#99,.F.);
#2309=EDGE_CURVE('',#2863,#2860,#3179,.T.);
#2310=EDGE_CURVE('',#2861,#2866,#3180,.T.);
#2311=EDGE_CURVE('',#2855,#2854,#100,.F.);
#2312=EDGE_CURVE('',#2863,#2874,#3181,.F.);
#2313=EDGE_CURVE('',#2874,#2860,#3182,.F.);
#2314=EDGE_CURVE('',#2861,#2859,#3183,.F.);
#2315=EDGE_CURVE('',#2859,#2866,#3184,.F.);
#2316=EDGE_CURVE('',#2874,#2808,#197,.T.);
#2317=EDGE_CURVE('',#2875,#2872,#198,.F.);
#2318=EDGE_CURVE('',#2864,#2875,#3185,.T.);
#2319=EDGE_CURVE('',#2873,#2874,#199,.F.);
#2320=EDGE_CURVE('',#2865,#2868,#3186,.T.);
#2321=EDGE_CURVE('',#2869,#2864,#3187,.T.);
#2322=EDGE_CURVE('',#2856,#2865,#3188,.T.);
#2323=EDGE_CURVE('',#2862,#2858,#101,.T.);
#2324=EDGE_CURVE('',#2790,#2862,#3189,.T.);
#2325=EDGE_CURVE('',#2869,#2875,#3190,.F.);
#2326=EDGE_CURVE('',#2856,#2868,#3191,.F.);
#2327=EDGE_CURVE('',#2791,#2858,#3192,.F.);
#2328=EDGE_CURVE('',#2810,#2875,#200,.F.);
#2329=EDGE_CURVE('',#2857,#2867,#102,.T.);
#2330=EDGE_CURVE('',#2792,#2857,#3193,.T.);
#2331=EDGE_CURVE('',#2793,#2867,#3194,.F.);
#2332=EDGE_CURVE('',#2844,#2826,#103,.T.);
#2333=EDGE_CURVE('',#2827,#2843,#3195,.T.);
#2334=EDGE_CURVE('',#2849,#2842,#3196,.T.);
#2335=EDGE_CURVE('',#2844,#2777,#3197,.T.);
#2336=EDGE_CURVE('',#2850,#2841,#3198,.T.);
#2337=EDGE_CURVE('',#2845,#2776,#3199,.T.);
#2338=EDGE_CURVE('',#2831,#2846,#3200,.T.);
#2339=EDGE_CURVE('',#2845,#2832,#104,.T.);
#2340=EDGE_CURVE('',#2839,#2833,#105,.T.);
#2341=EDGE_CURVE('',#2830,#2838,#3201,.T.);
#2342=EDGE_CURVE('',#2851,#2837,#3202,.T.);
#2343=EDGE_CURVE('',#2839,#2781,#3203,.T.);
#2344=EDGE_CURVE('',#2848,#2836,#3204,.T.);
#2345=EDGE_CURVE('',#2834,#2780,#3205,.T.);
#2346=EDGE_CURVE('',#2828,#2835,#3206,.T.);
#2347=EDGE_CURVE('',#2834,#2829,#106,.T.);
#2348=EDGE_CURVE('',#2876,#2876,#3207,.F.);
#2349=EDGE_CURVE('',#2877,#2878,#201,.T.);
#2350=EDGE_CURVE('',#2878,#2879,#202,.T.);
#2351=EDGE_CURVE('',#2879,#2880,#203,.F.);
#2352=EDGE_CURVE('',#2880,#2877,#204,.F.);
#2353=EDGE_CURVE('',#2881,#2881,#3208,.T.);
#2354=EDGE_CURVE('',#2882,#2883,#205,.T.);
#2355=EDGE_CURVE('',#2883,#2884,#206,.T.);
#2356=EDGE_CURVE('',#2884,#2885,#207,.F.);
#2357=EDGE_CURVE('',#2885,#2882,#208,.T.);
#2358=EDGE_CURVE('',#2886,#2887,#3209,.F.);
#2359=EDGE_CURVE('',#2887,#2888,#209,.F.);
#2360=EDGE_CURVE('',#2888,#2889,#210,.F.);
#2361=EDGE_CURVE('',#2889,#2886,#211,.T.);
#2362=EDGE_CURVE('',#2890,#2891,#212,.T.);
#2363=EDGE_CURVE('',#2891,#2892,#213,.F.);
#2364=EDGE_CURVE('',#2892,#2893,#214,.F.);
#2365=EDGE_CURVE('',#2893,#2890,#215,.T.);
#2366=EDGE_CURVE('',#2894,#2895,#216,.T.);
#2367=EDGE_CURVE('',#2895,#2896,#217,.T.);
#2368=EDGE_CURVE('',#2896,#2897,#3210,.T.);
#2369=EDGE_CURVE('',#2897,#2894,#218,.F.);
#2370=EDGE_CURVE('',#2898,#2898,#3211,.F.);
#2371=EDGE_CURVE('',#2899,#2899,#3212,.T.);
#2372=EDGE_CURVE('',#2895,#2892,#3213,.T.);
#2373=EDGE_CURVE('',#2893,#2894,#3214,.T.);
#2374=EDGE_CURVE('',#2895,#2885,#3215,.F.);
#2375=EDGE_CURVE('',#2885,#2892,#3216,.F.);
#2376=EDGE_CURVE('',#2893,#2877,#3217,.F.);
#2377=EDGE_CURVE('',#2877,#2894,#3218,.F.);
#2378=EDGE_CURVE('',#2882,#2891,#3219,.T.);
#2379=EDGE_CURVE('',#2896,#2884,#107,.T.);
#2380=EDGE_CURVE('',#2897,#2775,#3220,.T.);
#2381=EDGE_CURVE('',#2769,#2896,#3221,.T.);
#2382=EDGE_CURVE('',#2878,#2897,#108,.T.);
#2383=EDGE_CURVE('',#2890,#2880,#3222,.T.);
#2384=EDGE_CURVE('',#2891,#2888,#3223,.T.);
#2385=EDGE_CURVE('',#2889,#2890,#3224,.T.);
#2386=EDGE_CURVE('',#2882,#2888,#3225,.F.);
#2387=EDGE_CURVE('',#2768,#2884,#3226,.F.);
#2388=EDGE_CURVE('',#2878,#2774,#3227,.F.);
#2389=EDGE_CURVE('',#2889,#2880,#3228,.F.);
#2390=EDGE_CURVE('',#2883,#2887,#109,.T.);
#2391=EDGE_CURVE('',#2770,#2883,#3229,.T.);
#2392=EDGE_CURVE('',#2879,#2773,#3230,.T.);
#2393=EDGE_CURVE('',#2886,#2879,#110,.T.);
#2394=EDGE_CURVE('',#2771,#2887,#3231,.F.);
#2395=EDGE_CURVE('',#2886,#2772,#3232,.F.);
#2396=EDGE_CURVE('',#2900,#2901,#3233,.F.);
#2397=EDGE_CURVE('',#2901,#2902,#3234,.F.);
#2398=EDGE_CURVE('',#2900,#2902,#3235,.T.);
#2399=EDGE_CURVE('',#2903,#2904,#3236,.T.);
#2400=EDGE_CURVE('',#2904,#2900,#219,.F.);
#2401=EDGE_CURVE('',#2902,#2903,#220,.T.);
#2402=EDGE_CURVE('',#2905,#2906,#3237,.T.);
#2403=EDGE_CURVE('',#2906,#2907,#221,.T.);
#2404=EDGE_CURVE('',#2907,#2908,#3238,.T.);
#2405=EDGE_CURVE('',#2908,#2905,#222,.F.);
#2406=EDGE_CURVE('',#2909,#2905,#3239,.T.);
#2407=EDGE_CURVE('',#2909,#2906,#3240,.F.);
#2408=EDGE_CURVE('',#2901,#2910,#223,.T.);
#2409=EDGE_CURVE('',#2911,#2910,#111,.F.);
#2410=EDGE_CURVE('',#2911,#2909,#224,.T.);
#2411=EDGE_CURVE('',#2905,#2902,#225,.F.);
#2412=EDGE_CURVE('',#2912,#2912,#3241,.T.);
#2413=EDGE_CURVE('',#2910,#2911,#3242,.F.);
#2414=EDGE_CURVE('',#2913,#2913,#3243,.F.);
#2415=EDGE_CURVE('',#2907,#2875,#3244,.F.);
#2416=EDGE_CURVE('',#2908,#2875,#3245,.T.);
#2417=EDGE_CURVE('',#2903,#2908,#226,.T.);
#2418=EDGE_CURVE('',#2873,#2872,#112,.F.);
#2419=EDGE_CURVE('',#2903,#2874,#3246,.F.);
#2420=EDGE_CURVE('',#2874,#2904,#3247,.F.);
#2421=EDGE_CURVE('',#2900,#2914,#227,.T.);
#2422=EDGE_CURVE('',#2914,#2915,#113,.T.);
#2423=EDGE_CURVE('',#2915,#2901,#228,.F.);
#2424=EDGE_CURVE('',#2916,#2904,#229,.F.);
#2425=EDGE_CURVE('',#2914,#2916,#3248,.F.);
#2426=EDGE_CURVE('',#2917,#2918,#3249,.T.);
#2427=EDGE_CURVE('',#2907,#2917,#230,.T.);
#2428=EDGE_CURVE('',#2918,#2906,#231,.F.);
#2429=EDGE_CURVE('',#2909,#2919,#232,.T.);
#2430=EDGE_CURVE('',#2919,#2918,#114,.T.);
#2431=EDGE_CURVE('',#2919,#2915,#233,.F.);
#2432=EDGE_CURVE('',#2799,#2915,#3250,.F.);
#2433=EDGE_CURVE('',#2798,#2919,#3251,.T.);
#2434=EDGE_CURVE('',#2797,#2918,#3252,.F.);
#2435=EDGE_CURVE('',#2917,#2810,#115,.T.);
#2436=EDGE_CURVE('',#2917,#2796,#3253,.F.);
#2437=EDGE_CURVE('',#2808,#2916,#116,.T.);
#2438=EDGE_CURVE('',#2916,#2786,#3254,.T.);
#2439=EDGE_CURVE('',#2787,#2914,#3255,.T.);
#2440=EDGE_CURVE('',#2920,#2921,#234,.T.);
#2441=EDGE_CURVE('',#2922,#2921,#235,.T.);
#2442=EDGE_CURVE('',#2923,#2922,#236,.T.);
#2443=EDGE_CURVE('',#2923,#2920,#237,.T.);
#2444=EDGE_CURVE('',#2813,#2922,#238,.T.);
#2445=EDGE_CURVE('',#2815,#2921,#239,.T.);
#2446=EDGE_CURVE('',#2816,#2920,#240,.T.);
#2447=EDGE_CURVE('',#2814,#2923,#241,.T.);
#2448=EDGE_CURVE('',#2806,#2924,#117,.T.);
#2449=EDGE_CURVE('',#2925,#2805,#118,.F.);
#2450=EDGE_CURVE('',#2926,#2925,#242,.T.);
#2451=EDGE_CURVE('',#2927,#2926,#243,.F.);
#2452=EDGE_CURVE('',#2924,#2927,#244,.F.);
#2453=EDGE_CURVE('',#2928,#2929,#245,.T.);
#2454=EDGE_CURVE('',#2930,#2928,#246,.F.);
#2455=EDGE_CURVE('',#2802,#2930,#119,.T.);
#2456=EDGE_CURVE('',#2931,#2800,#120,.F.);
#2457=EDGE_CURVE('',#2929,#2931,#247,.T.);
#2458=EDGE_CURVE('',#2932,#2933,#248,.F.);
#2459=EDGE_CURVE('',#2934,#2932,#249,.F.);
#2460=EDGE_CURVE('',#2935,#2934,#250,.T.);
#2461=EDGE_CURVE('',#2936,#2935,#3256,.T.);
#2462=EDGE_CURVE('',#2937,#2936,#251,.T.);
#2463=EDGE_CURVE('',#2933,#2937,#3257,.T.);
#2464=EDGE_CURVE('',#2938,#2938,#3258,.F.);
#2465=EDGE_CURVE('',#2939,#2940,#252,.F.);
#2466=EDGE_CURVE('',#2941,#2939,#3259,.F.);
#2467=EDGE_CURVE('',#2942,#2941,#253,.F.);
#2468=EDGE_CURVE('',#2943,#2942,#254,.F.);
#2469=EDGE_CURVE('',#2944,#2943,#255,.T.);
#2470=EDGE_CURVE('',#2940,#2944,#3260,.F.);
#2471=EDGE_CURVE('',#2945,#2945,#3261,.T.);
#2472=EDGE_CURVE('',#2946,#2947,#256,.T.);
#2473=EDGE_CURVE('',#2948,#2946,#257,.F.);
#2474=EDGE_CURVE('',#2949,#2948,#258,.F.);
#2475=EDGE_CURVE('',#2947,#2949,#259,.T.);
#2476=EDGE_CURVE('',#2950,#2950,#3262,.F.);
#2477=EDGE_CURVE('',#2951,#2951,#3263,.T.);
#2478=EDGE_CURVE('',#2928,#2948,#3264,.F.);
#2479=EDGE_CURVE('',#2949,#2929,#3265,.T.);
#2480=EDGE_CURVE('',#2946,#2926,#3266,.F.);
#2481=EDGE_CURVE('',#2927,#2947,#3267,.T.);
#2482=EDGE_CURVE('',#2943,#2924,#121,.T.);
#2483=EDGE_CURVE('',#2927,#2944,#3268,.T.);
#2484=EDGE_CURVE('',#2947,#2940,#3269,.T.);
#2485=EDGE_CURVE('',#2943,#2807,#3270,.T.);
#2486=EDGE_CURVE('',#2949,#2939,#3271,.T.);
#2487=EDGE_CURVE('',#2942,#2801,#3272,.T.);
#2488=EDGE_CURVE('',#2929,#2941,#3273,.T.);
#2489=EDGE_CURVE('',#2942,#2931,#122,.T.);
#2490=EDGE_CURVE('',#2934,#2930,#123,.T.);
#2491=EDGE_CURVE('',#2928,#2935,#3274,.T.);
#2492=EDGE_CURVE('',#2948,#2936,#3275,.T.);
#2493=EDGE_CURVE('',#2934,#2803,#3276,.T.);
#2494=EDGE_CURVE('',#2946,#2937,#3277,.T.);
#2495=EDGE_CURVE('',#2932,#2804,#3278,.T.);
#2496=EDGE_CURVE('',#2926,#2933,#3279,.T.);
#2497=EDGE_CURVE('',#2932,#2925,#124,.T.);
#2498=EDGE_CURVE('',#2952,#2953,#3280,.T.);
#2499=EDGE_CURVE('',#2954,#2952,#260,.T.);
#2500=EDGE_CURVE('',#2955,#2954,#261,.T.);
#2501=EDGE_CURVE('',#2955,#2953,#262,.T.);
#2502=EDGE_CURVE('',#2956,#2957,#263,.T.);
#2503=EDGE_CURVE('',#2958,#2956,#264,.T.);
#2504=EDGE_CURVE('',#2958,#2959,#265,.T.);
#2505=EDGE_CURVE('',#2959,#2957,#266,.T.);
#2506=EDGE_CURVE('',#2956,#2960,#267,.T.);
#2507=EDGE_CURVE('',#2961,#2960,#268,.T.);
#2508=EDGE_CURVE('',#2958,#2961,#269,.T.);
#2509=EDGE_CURVE('',#2960,#2962,#270,.T.);
#2510=EDGE_CURVE('',#2963,#2962,#271,.T.);
#2511=EDGE_CURVE('',#2961,#2963,#272,.T.);
#2512=EDGE_CURVE('',#2962,#2964,#273,.T.);
#2513=EDGE_CURVE('',#2965,#2964,#274,.T.);
#2514=EDGE_CURVE('',#2963,#2965,#275,.T.);
#2515=EDGE_CURVE('',#2964,#2966,#276,.T.);
#2516=EDGE_CURVE('',#2967,#2966,#277,.T.);
#2517=EDGE_CURVE('',#2965,#2967,#278,.T.);
#2518=EDGE_CURVE('',#2966,#2968,#279,.T.);
#2519=EDGE_CURVE('',#2969,#2968,#280,.T.);
#2520=EDGE_CURVE('',#2967,#2969,#281,.T.);
#2521=EDGE_CURVE('',#2953,#2952,#3281,.T.);
#2522=EDGE_CURVE('',#2953,#2969,#282,.T.);
#2523=EDGE_CURVE('',#2952,#2968,#283,.T.);
#2524=EDGE_CURVE('',#2970,#2954,#284,.T.);
#2525=EDGE_CURVE('',#2971,#2970,#285,.T.);
#2526=EDGE_CURVE('',#2971,#2955,#286,.T.);
#2527=EDGE_CURVE('',#2972,#2970,#287,.T.);
#2528=EDGE_CURVE('',#2973,#2972,#288,.T.);
#2529=EDGE_CURVE('',#2973,#2971,#289,.T.);
#2530=EDGE_CURVE('',#2974,#2972,#290,.T.);
#2531=EDGE_CURVE('',#2975,#2974,#291,.T.);
#2532=EDGE_CURVE('',#2975,#2973,#292,.T.);
#2533=EDGE_CURVE('',#2976,#2974,#293,.T.);
#2534=EDGE_CURVE('',#2977,#2976,#294,.T.);
#2535=EDGE_CURVE('',#2977,#2975,#295,.T.);
#2536=EDGE_CURVE('',#2957,#2976,#296,.T.);
#2537=EDGE_CURVE('',#2959,#2977,#297,.T.);
#2538=EDGE_CURVE('',#2978,#2978,#3282,.T.);
#2539=EDGE_CURVE('',#2979,#2980,#298,.T.);
#2540=EDGE_CURVE('',#2980,#2981,#299,.T.);
#2541=EDGE_CURVE('',#2981,#2982,#300,.T.);
#2542=EDGE_CURVE('',#2982,#2983,#301,.T.);
#2543=EDGE_CURVE('',#2983,#2984,#302,.T.);
#2544=EDGE_CURVE('',#2984,#2985,#303,.T.);
#2545=EDGE_CURVE('',#2985,#2986,#304,.T.);
#2546=EDGE_CURVE('',#2986,#2987,#305,.T.);
#2547=EDGE_CURVE('',#2987,#2988,#306,.T.);
#2548=EDGE_CURVE('',#2988,#2989,#307,.T.);
#2549=EDGE_CURVE('',#2989,#2990,#308,.T.);
#2550=EDGE_CURVE('',#2990,#2979,#309,.T.);
#2551=EDGE_CURVE('',#2991,#2992,#310,.T.);
#2552=EDGE_CURVE('',#2993,#2991,#311,.T.);
#2553=EDGE_CURVE('',#2994,#2993,#312,.T.);
#2554=EDGE_CURVE('',#2994,#2995,#313,.T.);
#2555=EDGE_CURVE('',#2995,#2996,#314,.T.);
#2556=EDGE_CURVE('',#2997,#2996,#315,.T.);
#2557=EDGE_CURVE('',#2998,#2997,#316,.T.);
#2558=EDGE_CURVE('',#2998,#2999,#317,.T.);
#2559=EDGE_CURVE('',#2999,#3000,#318,.T.);
#2560=EDGE_CURVE('',#3000,#2992,#3283,.T.);
#2561=EDGE_CURVE('',#3001,#3002,#319,.T.);
#2562=EDGE_CURVE('',#3002,#3003,#320,.T.);
#2563=EDGE_CURVE('',#3003,#3004,#3284,.T.);
#2564=EDGE_CURVE('',#3005,#3004,#321,.T.);
#2565=EDGE_CURVE('',#3005,#3006,#322,.T.);
#2566=EDGE_CURVE('',#3007,#3006,#323,.F.);
#2567=EDGE_CURVE('',#3008,#3007,#324,.T.);
#2568=EDGE_CURVE('',#3009,#3008,#325,.T.);
#2569=EDGE_CURVE('',#3001,#3009,#326,.T.);
#2570=EDGE_CURVE('',#3010,#3008,#327,.T.);
#2571=EDGE_CURVE('',#3011,#3010,#328,.T.);
#2572=EDGE_CURVE('',#3012,#3011,#329,.T.);
#2573=EDGE_CURVE('',#3012,#3013,#330,.T.);
#2574=EDGE_CURVE('',#3013,#3014,#331,.T.);
#2575=EDGE_CURVE('',#3009,#3014,#332,.T.);
#2576=EDGE_CURVE('',#2996,#3010,#333,.T.);
#2577=EDGE_CURVE('',#3015,#2995,#334,.T.);
#2578=EDGE_CURVE('',#3016,#3015,#335,.T.);
#2579=EDGE_CURVE('',#3011,#3016,#336,.T.);
#2580=EDGE_CURVE('',#3014,#3017,#337,.T.);
#2581=EDGE_CURVE('',#3017,#3018,#338,.T.);
#2582=EDGE_CURVE('',#3018,#3019,#339,.T.);
#2583=EDGE_CURVE('',#3019,#3020,#340,.T.);
#2584=EDGE_CURVE('',#3020,#3001,#341,.T.);
#2585=EDGE_CURVE('',#2991,#3002,#342,.T.);
#2586=EDGE_CURVE('',#3021,#3020,#343,.T.);
#2587=EDGE_CURVE('',#3021,#3022,#344,.T.);
#2588=EDGE_CURVE('',#3023,#3022,#345,.T.);
#2589=EDGE_CURVE('',#2993,#3023,#346,.T.);
#2590=EDGE_CURVE('',#2995,#3024,#347,.T.);
#2591=EDGE_CURVE('',#3024,#3015,#348,.T.);
#2592=EDGE_CURVE('',#3013,#3025,#349,.T.);
#2593=EDGE_CURVE('',#3025,#3017,#350,.T.);
#2594=EDGE_CURVE('',#3026,#3024,#351,.T.);
#2595=EDGE_CURVE('',#3026,#3016,#352,.T.);
#2596=EDGE_CURVE('',#2994,#3026,#353,.T.);
#2597=EDGE_CURVE('',#3027,#3019,#354,.T.);
#2598=EDGE_CURVE('',#3027,#3021,#355,.T.);
#2599=EDGE_CURVE('',#3028,#3018,#356,.T.);
#2600=EDGE_CURVE('',#3028,#3027,#357,.T.);
#2601=EDGE_CURVE('',#3025,#3028,#358,.T.);
#2602=EDGE_CURVE('',#3029,#3029,#3285,.T.);
#2603=EDGE_CURVE('',#3007,#2997,#3286,.T.);
#2604=EDGE_CURVE('',#3030,#3031,#3287,.T.);
#2605=EDGE_CURVE('',#3032,#3031,#359,.T.);
#2606=EDGE_CURVE('',#3032,#3033,#3288,.T.);
#2607=EDGE_CURVE('',#3033,#3030,#360,.T.);
#2608=EDGE_CURVE('',#3034,#3034,#125,.T.);
#2609=EDGE_CURVE('',#3035,#3035,#126,.T.);
#2610=EDGE_CURVE('',#2998,#3006,#3289,.F.);
#2611=EDGE_CURVE('',#2999,#3005,#361,.T.);
#2612=EDGE_CURVE('',#3036,#3036,#127,.T.);
#2613=EDGE_CURVE('',#3037,#3037,#3290,.T.);
#2614=EDGE_CURVE('',#3038,#3038,#128,.T.);
#2615=EDGE_CURVE('',#3031,#3039,#362,.T.);
#2616=EDGE_CURVE('',#3040,#3030,#363,.T.);
#2617=EDGE_CURVE('',#3037,#3040,#364,.T.);
#2618=EDGE_CURVE('',#3041,#3037,#365,.T.);
#2619=EDGE_CURVE('',#3039,#3041,#366,.T.);
#2620=EDGE_CURVE('',#3022,#3042,#367,.T.);
#2621=EDGE_CURVE('',#3043,#3042,#368,.T.);
#2622=EDGE_CURVE('',#3023,#3043,#369,.T.);
#2623=EDGE_CURVE('',#3013,#3042,#370,.T.);
#2624=EDGE_CURVE('',#3012,#3043,#371,.T.);
#2625=EDGE_CURVE('',#2992,#3003,#372,.T.);
#2626=EDGE_CURVE('',#3004,#3000,#373,.F.);
#2627=EDGE_CURVE('',#3044,#3032,#374,.T.);
#2628=EDGE_CURVE('',#2989,#3039,#375,.T.);
#2629=EDGE_CURVE('',#2988,#3044,#376,.T.);
#2630=EDGE_CURVE('',#2990,#3041,#377,.T.);
#2631=EDGE_CURVE('',#2979,#3037,#378,.T.);
#2632=EDGE_CURVE('',#2980,#3040,#379,.T.);
#2633=EDGE_CURVE('',#3033,#3045,#380,.T.);
#2634=EDGE_CURVE('',#3046,#3045,#381,.T.);
#2635=EDGE_CURVE('',#3047,#3046,#382,.T.);
#2636=EDGE_CURVE('',#3047,#2980,#383,.T.);
#2637=EDGE_CURVE('',#3045,#3048,#384,.T.);
#2638=EDGE_CURVE('',#3049,#3048,#385,.T.);
#2639=EDGE_CURVE('',#3050,#3049,#386,.T.);
#2640=EDGE_CURVE('',#3050,#3051,#387,.T.);
#2641=EDGE_CURVE('',#3051,#3046,#388,.T.);
#2642=EDGE_CURVE('',#3048,#3052,#389,.T.);
#2643=EDGE_CURVE('',#2986,#3052,#390,.T.);
#2644=EDGE_CURVE('',#3053,#2985,#391,.T.);
#2645=EDGE_CURVE('',#3053,#3054,#392,.T.);
#2646=EDGE_CURVE('',#3055,#3054,#393,.T.);
#2647=EDGE_CURVE('',#3049,#3055,#394,.T.);
#2648=EDGE_CURVE('',#3052,#3056,#395,.T.);
#2649=EDGE_CURVE('',#2987,#3056,#396,.T.);
#2650=EDGE_CURVE('',#3056,#3044,#397,.T.);
#2651=EDGE_CURVE('',#3047,#3057,#398,.T.);
#2652=EDGE_CURVE('',#3057,#2981,#399,.T.);
#2653=EDGE_CURVE('',#3058,#2984,#400,.T.);
#2654=EDGE_CURVE('',#3058,#3053,#401,.T.);
#2655=EDGE_CURVE('',#3059,#2983,#402,.T.);
#2656=EDGE_CURVE('',#3059,#3058,#403,.T.);
#2657=EDGE_CURVE('',#3060,#2982,#404,.T.);
#2658=EDGE_CURVE('',#3060,#3059,#405,.T.);
#2659=EDGE_CURVE('',#3057,#3060,#406,.T.);
#2660=EDGE_CURVE('',#3051,#3061,#407,.T.);
#2661=EDGE_CURVE('',#3062,#3061,#408,.T.);
#2662=EDGE_CURVE('',#3054,#3062,#409,.T.);
#2663=EDGE_CURVE('',#3050,#3063,#410,.T.);
#2664=EDGE_CURVE('',#3063,#3061,#411,.T.);
#2665=EDGE_CURVE('',#3064,#3062,#412,.T.);
#2666=EDGE_CURVE('',#3055,#3064,#413,.T.);
#2667=EDGE_CURVE('',#3064,#3063,#414,.T.);
#2668=EDGE_CURVE('',#3065,#3065,#3291,.T.);
#2669=EDGE_CURVE('',#3066,#3067,#3292,.F.);
#2670=EDGE_CURVE('',#3066,#3068,#415,.F.);
#2671=EDGE_CURVE('',#3068,#3069,#3293,.T.);
#2672=EDGE_CURVE('',#3070,#3069,#416,.F.);
#2673=EDGE_CURVE('',#3071,#3070,#3294,.F.);
#2674=EDGE_CURVE('',#3071,#3072,#417,.F.);
#2675=EDGE_CURVE('',#3072,#3073,#3295,.T.);
#2676=EDGE_CURVE('',#3067,#3073,#418,.F.);
#2677=EDGE_CURVE('',#3074,#3068,#419,.T.);
#2678=EDGE_CURVE('',#3074,#3075,#420,.T.);
#2679=EDGE_CURVE('',#3075,#3073,#421,.T.);
#2680=EDGE_CURVE('',#3076,#3072,#422,.T.);
#2681=EDGE_CURVE('',#3077,#3076,#423,.T.);
#2682=EDGE_CURVE('',#3077,#3069,#424,.T.);
#2683=EDGE_CURVE('',#3078,#3078,#3296,.T.);
#2684=EDGE_CURVE('',#3079,#3079,#3297,.T.);
#2685=EDGE_CURVE('',#3080,#3070,#425,.T.);
#2686=EDGE_CURVE('',#3080,#3077,#426,.T.);
#2687=EDGE_CURVE('',#3081,#3081,#3298,.T.);
#2688=EDGE_CURVE('',#3082,#3076,#427,.T.);
#2689=EDGE_CURVE('',#3080,#3082,#428,.T.);
#2690=EDGE_CURVE('',#3082,#3071,#429,.T.);
#2691=EDGE_CURVE('',#3083,#3083,#3299,.T.);
#2692=EDGE_CURVE('',#3084,#3074,#430,.T.);
#2693=EDGE_CURVE('',#3084,#3085,#431,.T.);
#2694=EDGE_CURVE('',#3085,#3075,#432,.T.);
#2695=EDGE_CURVE('',#3084,#3066,#433,.T.);
#2696=EDGE_CURVE('',#3085,#3067,#434,.T.);
#2697=EDGE_CURVE('',#3086,#3086,#3300,.T.);
#2698=EDGE_CURVE('',#3087,#3087,#3301,.T.);
#2699=EDGE_CURVE('',#3088,#3088,#3302,.T.);
#2700=EDGE_CURVE('',#3089,#3090,#3303,.T.);
#2701=EDGE_CURVE('',#3089,#3091,#435,.F.);
#2702=EDGE_CURVE('',#3091,#3092,#3304,.T.);
#2703=EDGE_CURVE('',#3093,#3092,#436,.F.);
#2704=EDGE_CURVE('',#3094,#3093,#3305,.T.);
#2705=EDGE_CURVE('',#3094,#3095,#437,.F.);
#2706=EDGE_CURVE('',#3095,#3096,#3306,.T.);
#2707=EDGE_CURVE('',#3090,#3096,#438,.F.);
#2708=EDGE_CURVE('',#3097,#3097,#129,.T.);
#2709=EDGE_CURVE('',#3098,#3098,#130,.T.);
#2710=EDGE_CURVE('',#3099,#3099,#3307,.T.);
#2711=EDGE_CURVE('',#3100,#3100,#3308,.T.);
#2712=EDGE_CURVE('',#3101,#3101,#131,.T.);
#2713=EDGE_CURVE('',#3102,#3102,#132,.T.);
#2714=EDGE_CURVE('',#3103,#3090,#439,.T.);
#2715=EDGE_CURVE('',#3103,#3104,#440,.T.);
#2716=EDGE_CURVE('',#3104,#3094,#441,.T.);
#2717=EDGE_CURVE('',#3105,#3093,#442,.T.);
#2718=EDGE_CURVE('',#3106,#3105,#443,.T.);
#2719=EDGE_CURVE('',#3106,#3089,#444,.T.);
#2720=EDGE_CURVE('',#3107,#3096,#445,.T.);
#2721=EDGE_CURVE('',#3107,#3103,#446,.T.);
#2722=EDGE_CURVE('',#3108,#3104,#447,.T.);
#2723=EDGE_CURVE('',#3108,#3095,#448,.T.);
#2724=EDGE_CURVE('',#3109,#3109,#3309,.T.);
#2725=EDGE_CURVE('',#3107,#3108,#449,.T.);
#2726=EDGE_CURVE('',#3110,#3106,#450,.T.);
#2727=EDGE_CURVE('',#3110,#3091,#451,.T.);
#2728=EDGE_CURVE('',#3111,#3092,#452,.T.);
#2729=EDGE_CURVE('',#3111,#3105,#453,.T.);
#2730=EDGE_CURVE('',#3112,#3112,#3310,.T.);
#2731=EDGE_CURVE('',#3110,#3111,#454,.T.);
#2732=EDGE_CURVE('',#3113,#3113,#3311,.T.);
#2733=EDGE_CURVE('',#3114,#3114,#3312,.T.);
#2734=EDGE_CURVE('',#3115,#3115,#3313,.T.);
#2735=EDGE_CURVE('',#3116,#3116,#3314,.T.);
#2736=EDGE_CURVE('',#3117,#3117,#3315,.T.);
#2737=EDGE_CURVE('',#3118,#3118,#3316,.T.);
#2738=VERTEX_POINT('',#6252);
#2739=VERTEX_POINT('',#6254);
#2740=VERTEX_POINT('',#6260);
#2741=VERTEX_POINT('',#6261);
#2742=VERTEX_POINT('',#6263);
#2743=VERTEX_POINT('',#6265);
#2744=VERTEX_POINT('',#6269);
#2745=VERTEX_POINT('',#6271);
#2746=VERTEX_POINT('',#6284);
#2747=VERTEX_POINT('',#6286);
#2748=VERTEX_POINT('',#6301);
#2749=VERTEX_POINT('',#6303);
#2750=VERTEX_POINT('',#6309);
#2751=VERTEX_POINT('',#6311);
#2752=VERTEX_POINT('',#6314);
#2753=VERTEX_POINT('',#6316);
#2754=VERTEX_POINT('',#6319);
#2755=VERTEX_POINT('',#6321);
#2756=VERTEX_POINT('',#6324);
#2757=VERTEX_POINT('',#6326);
#2758=VERTEX_POINT('',#6329);
#2759=VERTEX_POINT('',#6331);
#2760=VERTEX_POINT('',#6337);
#2761=VERTEX_POINT('',#6339);
#2762=VERTEX_POINT('',#6342);
#2763=VERTEX_POINT('',#6344);
#2764=VERTEX_POINT('',#6350);
#2765=VERTEX_POINT('',#6352);
#2766=VERTEX_POINT('',#6358);
#2767=VERTEX_POINT('',#6360);
#2768=VERTEX_POINT('',#6369);
#2769=VERTEX_POINT('',#6370);
#2770=VERTEX_POINT('',#6372);
#2771=VERTEX_POINT('',#6377);
#2772=VERTEX_POINT('',#6379);
#2773=VERTEX_POINT('',#6384);
#2774=VERTEX_POINT('',#6386);
#2775=VERTEX_POINT('',#6391);
#2776=VERTEX_POINT('',#6394);
#2777=VERTEX_POINT('',#6395);
#2778=VERTEX_POINT('',#6401);
#2779=VERTEX_POINT('',#6403);
#2780=VERTEX_POINT('',#6409);
#2781=VERTEX_POINT('',#6411);
#2782=VERTEX_POINT('',#6417);
#2783=VERTEX_POINT('',#6419);
#2784=VERTEX_POINT('',#6426);
#2785=VERTEX_POINT('',#6428);
#2786=VERTEX_POINT('',#6430);
#2787=VERTEX_POINT('',#6431);
#2788=VERTEX_POINT('',#6436);
#2789=VERTEX_POINT('',#6441);
#2790=VERTEX_POINT('',#6443);
#2791=VERTEX_POINT('',#6448);
#2792=VERTEX_POINT('',#6450);
#2793=VERTEX_POINT('',#6455);
#2794=VERTEX_POINT('',#6457);
#2795=VERTEX_POINT('',#6462);
#2796=VERTEX_POINT('',#6467);
#2797=VERTEX_POINT('',#6469);
#2798=VERTEX_POINT('',#6474);
#2799=VERTEX_POINT('',#6476);
#2800=VERTEX_POINT('',#6486);
#2801=VERTEX_POINT('',#6487);
#2802=VERTEX_POINT('',#6489);
#2803=VERTEX_POINT('',#6495);
#2804=VERTEX_POINT('',#6497);
#2805=VERTEX_POINT('',#6503);
#2806=VERTEX_POINT('',#6505);
#2807=VERTEX_POINT('',#6511);
#2808=VERTEX_POINT('',#6529);
#2809=VERTEX_POINT('',#6534);
#2810=VERTEX_POINT('',#6552);
#2811=VERTEX_POINT('',#6554);
#2812=VERTEX_POINT('',#6562);
#2813=VERTEX_POINT('',#6565);
#2814=VERTEX_POINT('',#6566);
#2815=VERTEX_POINT('',#6568);
#2816=VERTEX_POINT('',#6570);
#2817=VERTEX_POINT('',#6573);
#2818=VERTEX_POINT('',#6574);
#2819=VERTEX_POINT('',#6576);
#2820=VERTEX_POINT('',#6578);
#2821=VERTEX_POINT('',#6581);
#2822=VERTEX_POINT('',#6585);
#2823=VERTEX_POINT('',#6586);
#2824=VERTEX_POINT('',#6588);
#2825=VERTEX_POINT('',#6590);
#2826=VERTEX_POINT('',#6605);
#2827=VERTEX_POINT('',#6607);
#2828=VERTEX_POINT('',#6609);
#2829=VERTEX_POINT('',#6611);
#2830=VERTEX_POINT('',#6618);
#2831=VERTEX_POINT('',#6619);
#2832=VERTEX_POINT('',#6621);
#2833=VERTEX_POINT('',#6630);
#2834=VERTEX_POINT('',#6634);
#2835=VERTEX_POINT('',#6635);
#2836=VERTEX_POINT('',#6637);
#2837=VERTEX_POINT('',#6639);
#2838=VERTEX_POINT('',#6641);
#2839=VERTEX_POINT('',#6643);
#2840=VERTEX_POINT('',#6646);
#2841=VERTEX_POINT('',#6649);
#2842=VERTEX_POINT('',#6650);
#2843=VERTEX_POINT('',#6652);
#2844=VERTEX_POINT('',#6654);
#2845=VERTEX_POINT('',#6656);
#2846=VERTEX_POINT('',#6658);
#2847=VERTEX_POINT('',#6661);
#2848=VERTEX_POINT('',#6664);
#2849=VERTEX_POINT('',#6665);
#2850=VERTEX_POINT('',#6667);
#2851=VERTEX_POINT('',#6669);
#2852=VERTEX_POINT('',#6673);
#2853=VERTEX_POINT('',#6675);
#2854=VERTEX_POINT('',#6684);
#2855=VERTEX_POINT('',#6685);
#2856=VERTEX_POINT('',#6687);
#2857=VERTEX_POINT('',#6689);
#2858=VERTEX_POINT('',#6691);
#2859=VERTEX_POINT('',#6693);
#2860=VERTEX_POINT('',#6697);
#2861=VERTEX_POINT('',#6698);
#2862=VERTEX_POINT('',#6700);
#2863=VERTEX_POINT('',#6705);
#2864=VERTEX_POINT('',#6706);
#2865=VERTEX_POINT('',#6708);
#2866=VERTEX_POINT('',#6710);
#2867=VERTEX_POINT('',#6714);
#2868=VERTEX_POINT('',#6716);
#2869=VERTEX_POINT('',#6718);
#2870=VERTEX_POINT('',#6722);
#2871=VERTEX_POINT('',#6724);
#2872=VERTEX_POINT('',#6727);
#2873=VERTEX_POINT('',#6728);
#2874=VERTEX_POINT('',#6743);
#2875=VERTEX_POINT('',#6752);
#2876=VERTEX_POINT('',#6911);
#2877=VERTEX_POINT('',#6913);
#2878=VERTEX_POINT('',#6914);
#2879=VERTEX_POINT('',#6916);
#2880=VERTEX_POINT('',#6918);
#2881=VERTEX_POINT('',#6922);
#2882=VERTEX_POINT('',#6924);
#2883=VERTEX_POINT('',#6925);
#2884=VERTEX_POINT('',#6927);
#2885=VERTEX_POINT('',#6929);
#2886=VERTEX_POINT('',#6933);
#2887=VERTEX_POINT('',#6934);
#2888=VERTEX_POINT('',#6936);
#2889=VERTEX_POINT('',#6938);
#2890=VERTEX_POINT('',#6942);
#2891=VERTEX_POINT('',#6943);
#2892=VERTEX_POINT('',#6945);
#2893=VERTEX_POINT('',#6947);
#2894=VERTEX_POINT('',#6951);
#2895=VERTEX_POINT('',#6952);
#2896=VERTEX_POINT('',#6954);
#2897=VERTEX_POINT('',#6956);
#2898=VERTEX_POINT('',#6960);
#2899=VERTEX_POINT('',#6962);
#2900=VERTEX_POINT('',#7067);
#2901=VERTEX_POINT('',#7068);
#2902=VERTEX_POINT('',#7070);
#2903=VERTEX_POINT('',#7074);
#2904=VERTEX_POINT('',#7075);
#2905=VERTEX_POINT('',#7080);
#2906=VERTEX_POINT('',#7081);
#2907=VERTEX_POINT('',#7083);
#2908=VERTEX_POINT('',#7085);
#2909=VERTEX_POINT('',#7089);
#2910=VERTEX_POINT('',#7093);
#2911=VERTEX_POINT('',#7098);
#2912=VERTEX_POINT('',#7103);
#2913=VERTEX_POINT('',#7107);
#2914=VERTEX_POINT('',#7124);
#2915=VERTEX_POINT('',#7129);
#2916=VERTEX_POINT('',#7133);
#2917=VERTEX_POINT('',#7137);
#2918=VERTEX_POINT('',#7138);
#2919=VERTEX_POINT('',#7143);
#2920=VERTEX_POINT('',#7219);
#2921=VERTEX_POINT('',#7220);
#2922=VERTEX_POINT('',#7222);
#2923=VERTEX_POINT('',#7224);
#2924=VERTEX_POINT('',#7239);
#2925=VERTEX_POINT('',#7244);
#2926=VERTEX_POINT('',#7246);
#2927=VERTEX_POINT('',#7248);
#2928=VERTEX_POINT('',#7252);
#2929=VERTEX_POINT('',#7253);
#2930=VERTEX_POINT('',#7255);
#2931=VERTEX_POINT('',#7264);
#2932=VERTEX_POINT('',#7268);
#2933=VERTEX_POINT('',#7269);
#2934=VERTEX_POINT('',#7271);
#2935=VERTEX_POINT('',#7273);
#2936=VERTEX_POINT('',#7275);
#2937=VERTEX_POINT('',#7277);
#2938=VERTEX_POINT('',#7280);
#2939=VERTEX_POINT('',#7283);
#2940=VERTEX_POINT('',#7284);
#2941=VERTEX_POINT('',#7286);
#2942=VERTEX_POINT('',#7288);
#2943=VERTEX_POINT('',#7290);
#2944=VERTEX_POINT('',#7292);
#2945=VERTEX_POINT('',#7295);
#2946=VERTEX_POINT('',#7298);
#2947=VERTEX_POINT('',#7299);
#2948=VERTEX_POINT('',#7301);
#2949=VERTEX_POINT('',#7303);
#2950=VERTEX_POINT('',#7307);
#2951=VERTEX_POINT('',#7309);
#2952=VERTEX_POINT('',#7421);
#2953=VERTEX_POINT('',#7422);
#2954=VERTEX_POINT('',#7424);
#2955=VERTEX_POINT('',#7426);
#2956=VERTEX_POINT('',#7430);
#2957=VERTEX_POINT('',#7431);
#2958=VERTEX_POINT('',#7433);
#2959=VERTEX_POINT('',#7435);
#2960=VERTEX_POINT('',#7439);
#2961=VERTEX_POINT('',#7441);
#2962=VERTEX_POINT('',#7445);
#2963=VERTEX_POINT('',#7447);
#2964=VERTEX_POINT('',#7451);
#2965=VERTEX_POINT('',#7453);
#2966=VERTEX_POINT('',#7457);
#2967=VERTEX_POINT('',#7459);
#2968=VERTEX_POINT('',#7463);
#2969=VERTEX_POINT('',#7465);
#2970=VERTEX_POINT('',#7473);
#2971=VERTEX_POINT('',#7475);
#2972=VERTEX_POINT('',#7479);
#2973=VERTEX_POINT('',#7481);
#2974=VERTEX_POINT('',#7485);
#2975=VERTEX_POINT('',#7487);
#2976=VERTEX_POINT('',#7491);
#2977=VERTEX_POINT('',#7493);
#2978=VERTEX_POINT('',#7502);
#2979=VERTEX_POINT('',#7508);
#2980=VERTEX_POINT('',#7509);
#2981=VERTEX_POINT('',#7511);
#2982=VERTEX_POINT('',#7513);
#2983=VERTEX_POINT('',#7515);
#2984=VERTEX_POINT('',#7517);
#2985=VERTEX_POINT('',#7519);
#2986=VERTEX_POINT('',#7521);
#2987=VERTEX_POINT('',#7523);
#2988=VERTEX_POINT('',#7525);
#2989=VERTEX_POINT('',#7527);
#2990=VERTEX_POINT('',#7529);
#2991=VERTEX_POINT('',#7533);
#2992=VERTEX_POINT('',#7534);
#2993=VERTEX_POINT('',#7536);
#2994=VERTEX_POINT('',#7538);
#2995=VERTEX_POINT('',#7540);
#2996=VERTEX_POINT('',#7542);
#2997=VERTEX_POINT('',#7544);
#2998=VERTEX_POINT('',#7546);
#2999=VERTEX_POINT('',#7548);
#3000=VERTEX_POINT('',#7550);
#3001=VERTEX_POINT('',#7554);
#3002=VERTEX_POINT('',#7555);
#3003=VERTEX_POINT('',#7557);
#3004=VERTEX_POINT('',#7559);
#3005=VERTEX_POINT('',#7561);
#3006=VERTEX_POINT('',#7563);
#3007=VERTEX_POINT('',#7565);
#3008=VERTEX_POINT('',#7567);
#3009=VERTEX_POINT('',#7569);
#3010=VERTEX_POINT('',#7573);
#3011=VERTEX_POINT('',#7575);
#3012=VERTEX_POINT('',#7577);
#3013=VERTEX_POINT('',#7579);
#3014=VERTEX_POINT('',#7581);
#3015=VERTEX_POINT('',#7586);
#3016=VERTEX_POINT('',#7588);
#3017=VERTEX_POINT('',#7592);
#3018=VERTEX_POINT('',#7594);
#3019=VERTEX_POINT('',#7596);
#3020=VERTEX_POINT('',#7598);
#3021=VERTEX_POINT('',#7603);
#3022=VERTEX_POINT('',#7605);
#3023=VERTEX_POINT('',#7607);
#3024=VERTEX_POINT('',#7611);
#3025=VERTEX_POINT('',#7615);
#3026=VERTEX_POINT('',#7619);
#3027=VERTEX_POINT('',#7625);
#3028=VERTEX_POINT('',#7629);
#3029=VERTEX_POINT('',#7635);
#3030=VERTEX_POINT('',#7639);
#3031=VERTEX_POINT('',#7640);
#3032=VERTEX_POINT('',#7642);
#3033=VERTEX_POINT('',#7644);
#3034=VERTEX_POINT('',#7657);
#3035=VERTEX_POINT('',#7669);
#3036=VERTEX_POINT('',#7685);
#3037=VERTEX_POINT('',#7687);
#3038=VERTEX_POINT('',#7699);
#3039=VERTEX_POINT('',#7702);
#3040=VERTEX_POINT('',#7704);
#3041=VERTEX_POINT('',#7707);
#3042=VERTEX_POINT('',#7713);
#3043=VERTEX_POINT('',#7715);
#3044=VERTEX_POINT('',#7729);
#3045=VERTEX_POINT('',#7740);
#3046=VERTEX_POINT('',#7742);
#3047=VERTEX_POINT('',#7744);
#3048=VERTEX_POINT('',#7748);
#3049=VERTEX_POINT('',#7750);
#3050=VERTEX_POINT('',#7752);
#3051=VERTEX_POINT('',#7754);
#3052=VERTEX_POINT('',#7758);
#3053=VERTEX_POINT('',#7761);
#3054=VERTEX_POINT('',#7763);
#3055=VERTEX_POINT('',#7765);
#3056=VERTEX_POINT('',#7769);
#3057=VERTEX_POINT('',#7776);
#3058=VERTEX_POINT('',#7780);
#3059=VERTEX_POINT('',#7784);
#3060=VERTEX_POINT('',#7788);
#3061=VERTEX_POINT('',#7794);
#3062=VERTEX_POINT('',#7796);
#3063=VERTEX_POINT('',#7800);
#3064=VERTEX_POINT('',#7804);
#3065=VERTEX_POINT('',#7812);
#3066=VERTEX_POINT('',#7814);
#3067=VERTEX_POINT('',#7815);
#3068=VERTEX_POINT('',#7817);
#3069=VERTEX_POINT('',#7819);
#3070=VERTEX_POINT('',#7821);
#3071=VERTEX_POINT('',#7823);
#3072=VERTEX_POINT('',#7825);
#3073=VERTEX_POINT('',#7827);
#3074=VERTEX_POINT('',#7831);
#3075=VERTEX_POINT('',#7833);
#3076=VERTEX_POINT('',#7836);
#3077=VERTEX_POINT('',#7838);
#3078=VERTEX_POINT('',#7841);
#3079=VERTEX_POINT('',#7844);
#3080=VERTEX_POINT('',#7848);
#3081=VERTEX_POINT('',#7852);
#3082=VERTEX_POINT('',#7854);
#3083=VERTEX_POINT('',#7861);
#3084=VERTEX_POINT('',#7863);
#3085=VERTEX_POINT('',#7865);
#3086=VERTEX_POINT('',#7874);
#3087=VERTEX_POINT('',#7878);
#3088=VERTEX_POINT('',#7883);
#3089=VERTEX_POINT('',#7885);
#3090=VERTEX_POINT('',#7886);
#3091=VERTEX_POINT('',#7888);
#3092=VERTEX_POINT('',#7890);
#3093=VERTEX_POINT('',#7892);
#3094=VERTEX_POINT('',#7894);
#3095=VERTEX_POINT('',#7896);
#3096=VERTEX_POINT('',#7898);
#3097=VERTEX_POINT('',#7911);
#3098=VERTEX_POINT('',#7923);
#3099=VERTEX_POINT('',#7926);
#3100=VERTEX_POINT('',#7928);
#3101=VERTEX_POINT('',#7940);
#3102=VERTEX_POINT('',#7952);
#3103=VERTEX_POINT('',#7955);
#3104=VERTEX_POINT('',#7957);
#3105=VERTEX_POINT('',#7960);
#3106=VERTEX_POINT('',#7962);
#3107=VERTEX_POINT('',#7967);
#3108=VERTEX_POINT('',#7971);
#3109=VERTEX_POINT('',#7975);
#3110=VERTEX_POINT('',#7980);
#3111=VERTEX_POINT('',#7984);
#3112=VERTEX_POINT('',#7988);
#3113=VERTEX_POINT('',#7995);
#3114=VERTEX_POINT('',#7999);
#3115=VERTEX_POINT('',#8005);
#3116=VERTEX_POINT('',#8007);
#3117=VERTEX_POINT('',#8013);
#3118=VERTEX_POINT('',#8015);
#3119=CIRCLE('',#4533,0.001778);
#3120=CIRCLE('',#4534,0.001778);
#3121=CIRCLE('',#4539,0.00395984218542081);
#3122=CIRCLE('',#4540,0.00395984218542081);
#3123=CIRCLE('',#4543,0.000598157281011827);
#3124=CIRCLE('',#4544,0.000598157281011827);
#3125=CIRCLE('',#4546,0.00055616015806917);
#3126=CIRCLE('',#4547,0.00055616015806917);
#3127=CIRCLE('',#4549,0.000610957569499395);
#3128=CIRCLE('',#4550,0.000610957569499395);
#3129=CIRCLE('',#4552,0.000650526306883619);
#3130=CIRCLE('',#4553,0.000650526306883619);
#3131=CIRCLE('',#4555,0.000614199681689816);
#3132=CIRCLE('',#4556,0.000614199681689816);
#3133=CIRCLE('',#4559,0.0016398286265835);
#3134=CIRCLE('',#4560,0.0016398286265835);
#3135=CIRCLE('',#4562,0.000531693247930145);
#3136=CIRCLE('',#4563,0.000531693247930145);
#3137=CIRCLE('',#4568,0.001778);
#3138=CIRCLE('',#4569,0.001778);
#3139=CIRCLE('',#4574,0.0023999952);
#3140=CIRCLE('',#4575,0.0023999952);
#3141=CIRCLE('',#4580,0.022758174687624);
#3142=CIRCLE('',#4581,0.022758174687624);
#3143=CIRCLE('',#4582,0.022758174687624);
#3144=CIRCLE('',#4583,0.022758174687624);
#3145=CIRCLE('',#4584,0.022758174687624);
#3146=CIRCLE('',#4585,0.022758174687624);
#3147=CIRCLE('',#4586,0.022758174687624);
#3148=CIRCLE('',#4587,0.022758174687624);
#3149=CIRCLE('',#4588,0.022758174687624);
#3150=CIRCLE('',#4589,0.022758174687624);
#3151=CIRCLE('',#4590,0.022758174687624);
#3152=CIRCLE('',#4591,0.022758174687624);
#3153=CIRCLE('',#4592,0.0002032);
#3154=CIRCLE('',#4593,0.0002032);
#3155=CIRCLE('',#4596,0.01905);
#3156=CIRCLE('',#4598,0.01905);
#3157=CIRCLE('',#4599,0.01905);
#3158=CIRCLE('',#4600,0.01905);
#3159=CIRCLE('',#4601,0.01905);
#3160=CIRCLE('',#4602,0.01905);
#3161=CIRCLE('',#4612,0.0024590040528239);
#3162=CIRCLE('',#4613,0.0010922);
#3163=CIRCLE('',#4614,0.00164275107011189);
#3164=CIRCLE('',#4616,0.0024590040528239);
#3165=CIRCLE('',#4617,0.0010922);
#3166=CIRCLE('',#4618,0.00164275107011189);
#3167=CIRCLE('',#4621,0.00146495107011189);
#3168=CIRCLE('',#4622,0.00146495107011189);
#3169=CIRCLE('',#4624,0.00127);
#3170=CIRCLE('',#4625,0.00127);
#3171=CIRCLE('',#4627,0.0026368040528239);
#3172=CIRCLE('',#4628,0.0026368040528239);
#3173=CIRCLE('',#4630,0.00152688058616235);
#3174=CIRCLE('',#4632,0.022961374687624);
#3175=CIRCLE('',#4635,0.022961374687624);
#3176=CIRCLE('',#4637,0.00132368058616236);
#3177=CIRCLE('',#4638,0.00132368058616236);
#3178=CIRCLE('',#4640,0.00152688058616235);
#3179=CIRCLE('',#4642,0.0002032);
#3180=CIRCLE('',#4643,0.0002032);
#3181=CIRCLE('',#4646,0.0002032);
#3182=CIRCLE('',#4647,0.0002032);
#3183=CIRCLE('',#4649,0.0002032);
#3184=CIRCLE('',#4650,0.0002032);
#3185=CIRCLE('',#4653,0.0002032);
#3186=CIRCLE('',#4655,0.0002032);
#3187=CIRCLE('',#4656,0.0002032);
#3188=CIRCLE('',#4658,0.0002032);
#3189=CIRCLE('',#4661,0.0002032);
#3190=CIRCLE('',#4663,0.0002032);
#3191=CIRCLE('',#4665,0.0002032);
#3192=CIRCLE('',#4666,0.0002032);
#3193=CIRCLE('',#4670,0.0002032);
#3194=CIRCLE('',#4671,0.0002032);
#3195=CIRCLE('',#4674,0.0001778);
#3196=CIRCLE('',#4676,0.0001778);
#3197=CIRCLE('',#4677,0.0001778);
#3198=CIRCLE('',#4679,0.0001778);
#3199=CIRCLE('',#4681,0.0001778);
#3200=CIRCLE('',#4683,0.0001778);
#3201=CIRCLE('',#4687,0.0001778);
#3202=CIRCLE('',#4689,0.0001778);
#3203=CIRCLE('',#4690,0.0001778);
#3204=CIRCLE('',#4692,0.0001778);
#3205=CIRCLE('',#4694,0.0001778);
#3206=CIRCLE('',#4696,0.0001778);
#3207=CIRCLE('',#4700,0.00150148058616235);
#3208=CIRCLE('',#4702,0.00150148058616235);
#3209=CIRCLE('',#4704,0.022935974687624);
#3210=CIRCLE('',#4707,0.022935974687624);
#3211=CIRCLE('',#4709,0.00132368058616236);
#3212=CIRCLE('',#4710,0.00132368058616236);
#3213=CIRCLE('',#4712,0.0001778);
#3214=CIRCLE('',#4713,0.0001778);
#3215=CIRCLE('',#4715,0.0001778);
#3216=CIRCLE('',#4716,0.0001778);
#3217=CIRCLE('',#4718,0.0001778);
#3218=CIRCLE('',#4719,0.0001778);
#3219=CIRCLE('',#4721,0.0001778);
#3220=CIRCLE('',#4724,0.0001778);
#3221=CIRCLE('',#4725,0.0001778);
#3222=CIRCLE('',#4728,0.0001778);
#3223=CIRCLE('',#4730,0.0001778);
#3224=CIRCLE('',#4731,0.0001778);
#3225=CIRCLE('',#4733,0.0001778);
#3226=CIRCLE('',#4734,0.0001778);
#3227=CIRCLE('',#4735,0.0001778);
#3228=CIRCLE('',#4737,0.0001778);
#3229=CIRCLE('',#4740,0.0001778);
#3230=CIRCLE('',#4742,0.0001778);
#3231=CIRCLE('',#4744,0.0001778);
#3232=CIRCLE('',#4745,0.0001778);
#3233=CIRCLE('',#4750,0.0002032);
#3234=CIRCLE('',#4751,0.0002032);
#3235=CIRCLE('',#4752,0.0002032);
#3236=CIRCLE('',#4754,0.0002032);
#3237=CIRCLE('',#4756,0.0002032);
#3238=CIRCLE('',#4757,0.0002032);
#3239=CIRCLE('',#4759,0.0002032);
#3240=CIRCLE('',#4760,0.0002032);
#3241=CIRCLE('',#4763,0.00132368058616236);
#3242=CIRCLE('',#4764,0.00152688058616235);
#3243=CIRCLE('',#4766,0.00132368058616236);
#3244=CIRCLE('',#4768,0.0002032);
#3245=CIRCLE('',#4769,0.0002032);
#3246=CIRCLE('',#4772,0.0002032);
#3247=CIRCLE('',#4775,0.0002032);
#3248=CIRCLE('',#4778,0.022961374687624);
#3249=CIRCLE('',#4780,0.022961374687624);
#3250=CIRCLE('',#4784,0.0002032);
#3251=CIRCLE('',#4785,0.0002032);
#3252=CIRCLE('',#4786,0.0002032);
#3253=CIRCLE('',#4787,0.0002032);
#3254=CIRCLE('',#4789,0.0002032);
#3255=CIRCLE('',#4791,0.0002032);
#3256=CIRCLE('',#4802,0.0010922);
#3257=CIRCLE('',#4803,0.0024590040528239);
#3258=CIRCLE('',#4804,0.00164275107011189);
#3259=CIRCLE('',#4806,0.0010922);
#3260=CIRCLE('',#4807,0.0024590040528239);
#3261=CIRCLE('',#4808,0.00164275107011189);
#3262=CIRCLE('',#4811,0.00146495107011189);
#3263=CIRCLE('',#4812,0.00146495107011189);
#3264=CIRCLE('',#4814,0.00127);
#3265=CIRCLE('',#4815,0.00127);
#3266=CIRCLE('',#4817,0.0026368040528239);
#3267=CIRCLE('',#4818,0.0026368040528239);
#3268=CIRCLE('',#4820,0.0001778);
#3269=CIRCLE('',#4822,0.0001778);
#3270=CIRCLE('',#4823,0.0001778);
#3271=CIRCLE('',#4825,0.0001778);
#3272=CIRCLE('',#4827,0.0001778);
#3273=CIRCLE('',#4829,0.0001778);
#3274=CIRCLE('',#4833,0.0001778);
#3275=CIRCLE('',#4835,0.0001778);
#3276=CIRCLE('',#4836,0.0001778);
#3277=CIRCLE('',#4838,0.0001778);
#3278=CIRCLE('',#4840,0.0001778);
#3279=CIRCLE('',#4842,0.0001778);
#3280=CIRCLE('',#4847,0.0060000007);
#3281=CIRCLE('',#4855,0.0060000007);
#3282=CIRCLE('',#4864,0.0060000007);
#3283=CIRCLE('',#4870,0.00508);
#3284=CIRCLE('',#4872,0.00508);
#3285=CIRCLE('',#4885,0.0419063055049021);
#3286=CIRCLE('',#4886,0.0457163055049022);
#3287=CIRCLE('',#4888,0.0457163055049022);
#3288=CIRCLE('',#4889,0.0457163055049022);
#3289=CIRCLE('',#4890,0.0457163055049022);
#3290=CIRCLE('',#4893,0.0419063055049021);
#3291=CIRCLE('',#4926,0.0270067287256516);
#3292=CIRCLE('',#4927,0.0270067287256516);
#3293=CIRCLE('',#4928,0.0270067287256516);
#3294=CIRCLE('',#4929,0.0270067287256516);
#3295=CIRCLE('',#4930,0.0270067287256516);
#3296=CIRCLE('',#4932,0.023114);
#3297=CIRCLE('',#4934,0.023114);
#3298=CIRCLE('',#4938,0.001905);
#3299=CIRCLE('',#4942,0.00184725122860536);
#3300=CIRCLE('',#4947,0.001905);
#3301=CIRCLE('',#4950,0.00184725122860536);
#3302=CIRCLE('',#4954,0.0361622571945189);
#3303=CIRCLE('',#4955,0.0361622571945189);
#3304=CIRCLE('',#4956,0.0361622571945189);
#3305=CIRCLE('',#4957,0.0361622571945189);
#3306=CIRCLE('',#4958,0.0361622571945189);
#3307=CIRCLE('',#4960,0.0330889038741589);
#3308=CIRCLE('',#4961,0.0330889038741589);
#3309=CIRCLE('',#4967,0.001905);
#3310=CIRCLE('',#4972,0.00190820407599676);
#3311=CIRCLE('',#4977,0.001905);
#3312=CIRCLE('',#4980,0.00190820407599676);
#3313=CIRCLE('',#4985,0.001778);
#3314=CIRCLE('',#4986,0.001778);
#3315=CIRCLE('',#4991,0.001778);
#3316=CIRCLE('',#4992,0.001778);
#3317=EDGE_LOOP('',(#986));
#3318=EDGE_LOOP('',(#987));
#3319=EDGE_LOOP('',(#988));
#3320=EDGE_LOOP('',(#989));
#3321=EDGE_LOOP('',(#990,#991,#992,#993));
#3322=EDGE_LOOP('',(#994,#995,#996,#997));
#3323=EDGE_LOOP('',(#998,#999,#1000,#1001));
#3324=EDGE_LOOP('',(#1002,#1003,#1004,#1005));
#3325=EDGE_LOOP('',(#1006));
#3326=EDGE_LOOP('',(#1007));
#3327=EDGE_LOOP('',(#1008));
#3328=EDGE_LOOP('',(#1009));
#3329=EDGE_LOOP('',(#1010));
#3330=EDGE_LOOP('',(#1011));
#3331=EDGE_LOOP('',(#1012));
#3332=EDGE_LOOP('',(#1013));
#3333=EDGE_LOOP('',(#1014));
#3334=EDGE_LOOP('',(#1015));
#3335=EDGE_LOOP('',(#1016,#1017,#1018,#1019));
#3336=EDGE_LOOP('',(#1020));
#3337=EDGE_LOOP('',(#1021));
#3338=EDGE_LOOP('',(#1022));
#3339=EDGE_LOOP('',(#1023));
#3340=EDGE_LOOP('',(#1024));
#3341=EDGE_LOOP('',(#1025,#1026,#1027,#1028,#1029));
#3342=EDGE_LOOP('',(#1030));
#3343=EDGE_LOOP('',(#1031));
#3344=EDGE_LOOP('',(#1032));
#3345=EDGE_LOOP('',(#1033));
#3346=EDGE_LOOP('',(#1034));
#3347=EDGE_LOOP('',(#1035));
#3348=EDGE_LOOP('',(#1036));
#3349=EDGE_LOOP('',(#1037,#1038,#1039,#1040,#1041));
#3350=EDGE_LOOP('',(#1042));
#3351=EDGE_LOOP('',(#1043));
#3352=EDGE_LOOP('',(#1044));
#3353=EDGE_LOOP('',(#1045));
#3354=EDGE_LOOP('',(#1046));
#3355=EDGE_LOOP('',(#1047));
#3356=EDGE_LOOP('',(#1048));
#3357=EDGE_LOOP('',(#1049));
#3358=EDGE_LOOP('',(#1050));
#3359=EDGE_LOOP('',(#1051));
#3360=EDGE_LOOP('',(#1052));
#3361=EDGE_LOOP('',(#1053));
#3362=EDGE_LOOP('',(#1054));
#3363=EDGE_LOOP('',(#1055));
#3364=EDGE_LOOP('',(#1056,#1057,#1058,#1059,#1060,#1061,#1062,#1063));
#3365=EDGE_LOOP('',(#1064,#1065,#1066,#1067,#1068,#1069,#1070,#1071));
#3366=EDGE_LOOP('',(#1072));
#3367=EDGE_LOOP('',(#1073));
#3368=EDGE_LOOP('',(#1074,#1075,#1076,#1077,#1078,#1079,#1080,#1081,#1082,
#1083,#1084,#1085,#1086,#1087));
#3369=EDGE_LOOP('',(#1088,#1089,#1090,#1091,#1092,#1093,#1094,#1095));
#3370=EDGE_LOOP('',(#1096,#1097,#1098,#1099));
#3371=EDGE_LOOP('',(#1100,#1101,#1102,#1103));
#3372=EDGE_LOOP('',(#1104));
#3373=EDGE_LOOP('',(#1105));
#3374=EDGE_LOOP('',(#1106));
#3375=EDGE_LOOP('',(#1107,#1108,#1109,#1110));
#3376=EDGE_LOOP('',(#1111,#1112,#1113,#1114));
#3377=EDGE_LOOP('',(#1115));
#3378=EDGE_LOOP('',(#1116));
#3379=EDGE_LOOP('',(#1117));
#3380=EDGE_LOOP('',(#1118,#1119,#1120,#1121));
#3381=EDGE_LOOP('',(#1122,#1123,#1124,#1125));
#3382=EDGE_LOOP('',(#1126,#1127,#1128,#1129));
#3383=EDGE_LOOP('',(#1130,#1131,#1132,#1133));
#3384=EDGE_LOOP('',(#1134,#1135,#1136,#1137));
#3385=EDGE_LOOP('',(#1138,#1139,#1140,#1141,#1142,#1143));
#3386=EDGE_LOOP('',(#1144,#1145,#1146,#1147,#1148,#1149));
#3387=EDGE_LOOP('',(#1150,#1151,#1152,#1153,#1154,#1155));
#3388=EDGE_LOOP('',(#1156));
#3389=EDGE_LOOP('',(#1157,#1158,#1159,#1160,#1161,#1162));
#3390=EDGE_LOOP('',(#1163));
#3391=EDGE_LOOP('',(#1164,#1165,#1166,#1167));
#3392=EDGE_LOOP('',(#1168));
#3393=EDGE_LOOP('',(#1169));
#3394=EDGE_LOOP('',(#1170,#1171,#1172,#1173));
#3395=EDGE_LOOP('',(#1174,#1175,#1176,#1177));
#3396=EDGE_LOOP('',(#1178,#1179,#1180,#1181,#1182,#1183));
#3397=EDGE_LOOP('',(#1184,#1185,#1186,#1187));
#3398=EDGE_LOOP('',(#1188,#1189,#1190,#1191));
#3399=EDGE_LOOP('',(#1192,#1193,#1194,#1195));
#3400=EDGE_LOOP('',(#1196));
#3401=EDGE_LOOP('',(#1197));
#3402=EDGE_LOOP('',(#1198));
#3403=EDGE_LOOP('',(#1199,#1200));
#3404=EDGE_LOOP('',(#1201,#1202,#1203,#1204));
#3405=EDGE_LOOP('',(#1205));
#3406=EDGE_LOOP('',(#1206,#1207));
#3407=EDGE_LOOP('',(#1208,#1209,#1210));
#3408=EDGE_LOOP('',(#1211,#1212,#1213));
#3409=EDGE_LOOP('',(#1214,#1215,#1216,#1217));
#3410=EDGE_LOOP('',(#1218,#1219,#1220,#1221,#1222,#1223));
#3411=EDGE_LOOP('',(#1224,#1225,#1226,#1227));
#3412=EDGE_LOOP('',(#1228,#1229,#1230,#1231,#1232,#1233));
#3413=EDGE_LOOP('',(#1234,#1235,#1236,#1237));
#3414=EDGE_LOOP('',(#1238,#1239,#1240,#1241));
#3415=EDGE_LOOP('',(#1242,#1243,#1244));
#3416=EDGE_LOOP('',(#1245,#1246,#1247));
#3417=EDGE_LOOP('',(#1248,#1249,#1250,#1251));
#3418=EDGE_LOOP('',(#1252,#1253,#1254,#1255));
#3419=EDGE_LOOP('',(#1256,#1257,#1258,#1259));
#3420=EDGE_LOOP('',(#1260,#1261,#1262,#1263));
#3421=EDGE_LOOP('',(#1264,#1265,#1266,#1267));
#3422=EDGE_LOOP('',(#1268,#1269,#1270,#1271));
#3423=EDGE_LOOP('',(#1272,#1273,#1274,#1275));
#3424=EDGE_LOOP('',(#1276,#1277,#1278,#1279));
#3425=EDGE_LOOP('',(#1280,#1281,#1282,#1283));
#3426=EDGE_LOOP('',(#1284,#1285,#1286,#1287));
#3427=EDGE_LOOP('',(#1288,#1289,#1290,#1291));
#3428=EDGE_LOOP('',(#1292,#1293,#1294,#1295));
#3429=EDGE_LOOP('',(#1296,#1297,#1298,#1299));
#3430=EDGE_LOOP('',(#1300,#1301,#1302,#1303));
#3431=EDGE_LOOP('',(#1304));
#3432=EDGE_LOOP('',(#1305));
#3433=EDGE_LOOP('',(#1306,#1307,#1308,#1309));
#3434=EDGE_LOOP('',(#1310,#1311,#1312,#1313));
#3435=EDGE_LOOP('',(#1314,#1315,#1316,#1317));
#3436=EDGE_LOOP('',(#1318,#1319,#1320,#1321));
#3437=EDGE_LOOP('',(#1322,#1323,#1324,#1325));
#3438=EDGE_LOOP('',(#1326,#1327,#1328,#1329));
#3439=EDGE_LOOP('',(#1330,#1331,#1332,#1333));
#3440=EDGE_LOOP('',(#1334,#1335,#1336,#1337));
#3441=EDGE_LOOP('',(#1338));
#3442=EDGE_LOOP('',(#1339));
#3443=EDGE_LOOP('',(#1340));
#3444=EDGE_LOOP('',(#1341,#1342,#1343,#1344));
#3445=EDGE_LOOP('',(#1345));
#3446=EDGE_LOOP('',(#1346,#1347,#1348,#1349));
#3447=EDGE_LOOP('',(#1350,#1351,#1352,#1353));
#3448=EDGE_LOOP('',(#1354,#1355,#1356,#1357));
#3449=EDGE_LOOP('',(#1358,#1359,#1360,#1361));
#3450=EDGE_LOOP('',(#1362));
#3451=EDGE_LOOP('',(#1363));
#3452=EDGE_LOOP('',(#1364,#1365,#1366,#1367));
#3453=EDGE_LOOP('',(#1368,#1369,#1370));
#3454=EDGE_LOOP('',(#1371,#1372,#1373));
#3455=EDGE_LOOP('',(#1374,#1375,#1376,#1377));
#3456=EDGE_LOOP('',(#1378,#1379,#1380,#1381));
#3457=EDGE_LOOP('',(#1382,#1383,#1384,#1385));
#3458=EDGE_LOOP('',(#1386,#1387,#1388,#1389));
#3459=EDGE_LOOP('',(#1390,#1391,#1392,#1393));
#3460=EDGE_LOOP('',(#1394,#1395,#1396,#1397));
#3461=EDGE_LOOP('',(#1398,#1399,#1400));
#3462=EDGE_LOOP('',(#1401,#1402,#1403,#1404));
#3463=EDGE_LOOP('',(#1405,#1406,#1407,#1408));
#3464=EDGE_LOOP('',(#1409,#1410,#1411));
#3465=EDGE_LOOP('',(#1412,#1413,#1414,#1415));
#3466=EDGE_LOOP('',(#1416,#1417,#1418,#1419));
#3467=EDGE_LOOP('',(#1420,#1421,#1422,#1423));
#3468=EDGE_LOOP('',(#1424,#1425,#1426,#1427));
#3469=EDGE_LOOP('',(#1428,#1429,#1430,#1431));
#3470=EDGE_LOOP('',(#1432,#1433,#1434,#1435));
#3471=EDGE_LOOP('',(#1436,#1437,#1438,#1439));
#3472=EDGE_LOOP('',(#1440));
#3473=EDGE_LOOP('',(#1441));
#3474=EDGE_LOOP('',(#1442));
#3475=EDGE_LOOP('',(#1443));
#3476=EDGE_LOOP('',(#1444,#1445,#1446));
#3477=EDGE_LOOP('',(#1447,#1448,#1449,#1450));
#3478=EDGE_LOOP('',(#1451,#1452,#1453,#1454));
#3479=EDGE_LOOP('',(#1455,#1456,#1457));
#3480=EDGE_LOOP('',(#1458,#1459,#1460,#1461,#1462,#1463));
#3481=EDGE_LOOP('',(#1464));
#3482=EDGE_LOOP('',(#1465,#1466));
#3483=EDGE_LOOP('',(#1467));
#3484=EDGE_LOOP('',(#1468));
#3485=EDGE_LOOP('',(#1469,#1470,#1471));
#3486=EDGE_LOOP('',(#1472,#1473,#1474,#1475));
#3487=EDGE_LOOP('',(#1476,#1477,#1478,#1479,#1480,#1481));
#3488=EDGE_LOOP('',(#1482));
#3489=EDGE_LOOP('',(#1483,#1484));
#3490=EDGE_LOOP('',(#1485,#1486,#1487));
#3491=EDGE_LOOP('',(#1488,#1489,#1490,#1491));
#3492=EDGE_LOOP('',(#1492,#1493,#1494,#1495));
#3493=EDGE_LOOP('',(#1496,#1497,#1498,#1499));
#3494=EDGE_LOOP('',(#1500,#1501,#1502,#1503));
#3495=EDGE_LOOP('',(#1504,#1505,#1506,#1507,#1508,#1509));
#3496=EDGE_LOOP('',(#1510,#1511,#1512,#1513));
#3497=EDGE_LOOP('',(#1514,#1515,#1516,#1517));
#3498=EDGE_LOOP('',(#1518,#1519,#1520,#1521));
#3499=EDGE_LOOP('',(#1522,#1523,#1524,#1525));
#3500=EDGE_LOOP('',(#1526,#1527,#1528,#1529));
#3501=EDGE_LOOP('',(#1530,#1531,#1532,#1533));
#3502=EDGE_LOOP('',(#1534,#1535,#1536,#1537));
#3503=EDGE_LOOP('',(#1538,#1539,#1540,#1541));
#3504=EDGE_LOOP('',(#1542,#1543,#1544,#1545));
#3505=EDGE_LOOP('',(#1546,#1547,#1548,#1549));
#3506=EDGE_LOOP('',(#1550,#1551,#1552,#1553));
#3507=EDGE_LOOP('',(#1554,#1555,#1556,#1557));
#3508=EDGE_LOOP('',(#1558,#1559,#1560,#1561));
#3509=EDGE_LOOP('',(#1562,#1563,#1564,#1565));
#3510=EDGE_LOOP('',(#1566,#1567,#1568,#1569,#1570,#1571));
#3511=EDGE_LOOP('',(#1572,#1573,#1574,#1575,#1576,#1577));
#3512=EDGE_LOOP('',(#1578,#1579,#1580,#1581,#1582,#1583));
#3513=EDGE_LOOP('',(#1584));
#3514=EDGE_LOOP('',(#1585,#1586,#1587,#1588,#1589,#1590));
#3515=EDGE_LOOP('',(#1591));
#3516=EDGE_LOOP('',(#1592,#1593,#1594,#1595));
#3517=EDGE_LOOP('',(#1596));
#3518=EDGE_LOOP('',(#1597));
#3519=EDGE_LOOP('',(#1598,#1599,#1600,#1601));
#3520=EDGE_LOOP('',(#1602,#1603,#1604,#1605));
#3521=EDGE_LOOP('',(#1606,#1607,#1608,#1609));
#3522=EDGE_LOOP('',(#1610,#1611,#1612,#1613));
#3523=EDGE_LOOP('',(#1614,#1615,#1616,#1617));
#3524=EDGE_LOOP('',(#1618,#1619,#1620,#1621));
#3525=EDGE_LOOP('',(#1622,#1623,#1624,#1625));
#3526=EDGE_LOOP('',(#1626,#1627,#1628,#1629));
#3527=EDGE_LOOP('',(#1630,#1631,#1632,#1633));
#3528=EDGE_LOOP('',(#1634,#1635,#1636,#1637));
#3529=EDGE_LOOP('',(#1638));
#3530=EDGE_LOOP('',(#1639));
#3531=EDGE_LOOP('',(#1640,#1641,#1642,#1643));
#3532=EDGE_LOOP('',(#1644,#1645,#1646,#1647));
#3533=EDGE_LOOP('',(#1648,#1649,#1650,#1651));
#3534=EDGE_LOOP('',(#1652,#1653,#1654,#1655));
#3535=EDGE_LOOP('',(#1656,#1657,#1658,#1659));
#3536=EDGE_LOOP('',(#1660,#1661,#1662,#1663));
#3537=EDGE_LOOP('',(#1664,#1665,#1666,#1667));
#3538=EDGE_LOOP('',(#1668,#1669,#1670,#1671));
#3539=EDGE_LOOP('',(#1672));
#3540=EDGE_LOOP('',(#1673));
#3541=EDGE_LOOP('',(#1674,#1675,#1676,#1677));
#3542=EDGE_LOOP('',(#1678,#1679,#1680,#1681));
#3543=EDGE_LOOP('',(#1682,#1683,#1684,#1685));
#3544=EDGE_LOOP('',(#1686,#1687,#1688,#1689));
#3545=EDGE_LOOP('',(#1690,#1691,#1692,#1693));
#3546=EDGE_LOOP('',(#1694,#1695,#1696,#1697));
#3547=EDGE_LOOP('',(#1698,#1699,#1700,#1701));
#3548=EDGE_LOOP('',(#1702,#1703,#1704,#1705));
#3549=EDGE_LOOP('',(#1706,#1707,#1708,#1709));
#3550=EDGE_LOOP('',(#1710,#1711,#1712,#1713));
#3551=EDGE_LOOP('',(#1714,#1715,#1716,#1717));
#3552=EDGE_LOOP('',(#1718,#1719,#1720,#1721));
#3553=EDGE_LOOP('',(#1722,#1723,#1724,#1725));
#3554=EDGE_LOOP('',(#1726,#1727,#1728,#1729,#1730,#1731,#1732,#1733,#1734,
#1735,#1736,#1737,#1738));
#3555=EDGE_LOOP('',(#1739,#1740,#1741,#1742,#1743,#1744,#1745,#1746,#1747,
#1748,#1749,#1750,#1751));
#3556=EDGE_LOOP('',(#1752));
#3557=EDGE_LOOP('',(#1753,#1754));
#3558=EDGE_LOOP('',(#1755));
#3559=EDGE_LOOP('',(#1756,#1757,#1758,#1759,#1760,#1761,#1762,#1763,#1764,
#1765,#1766,#1767));
#3560=EDGE_LOOP('',(#1768,#1769,#1770,#1771,#1772,#1773,#1774,#1775,#1776,
#1777));
#3561=EDGE_LOOP('',(#1778,#1779,#1780,#1781,#1782,#1783,#1784,#1785,#1786));
#3562=EDGE_LOOP('',(#1787,#1788,#1789,#1790,#1791,#1792,#1793));
#3563=EDGE_LOOP('',(#1794,#1795,#1796,#1797,#1798,#1799));
#3564=EDGE_LOOP('',(#1800,#1801,#1802,#1803,#1804,#1805,#1806));
#3565=EDGE_LOOP('',(#1807,#1808,#1809,#1810,#1811,#1812,#1813,#1814));
#3566=EDGE_LOOP('',(#1815,#1816,#1817));
#3567=EDGE_LOOP('',(#1818,#1819,#1820,#1821));
#3568=EDGE_LOOP('',(#1822,#1823,#1824,#1825));
#3569=EDGE_LOOP('',(#1826,#1827,#1828,#1829));
#3570=EDGE_LOOP('',(#1830,#1831,#1832,#1833));
#3571=EDGE_LOOP('',(#1834,#1835,#1836,#1837));
#3572=EDGE_LOOP('',(#1838,#1839,#1840,#1841));
#3573=EDGE_LOOP('',(#1842));
#3574=EDGE_LOOP('',(#1843,#1844,#1845,#1846,#1847));
#3575=EDGE_LOOP('',(#1848,#1849,#1850,#1851));
#3576=EDGE_LOOP('',(#1852));
#3577=EDGE_LOOP('',(#1853));
#3578=EDGE_LOOP('',(#1854,#1855,#1856,#1857));
#3579=EDGE_LOOP('',(#1858,#1859,#1860,#1861));
#3580=EDGE_LOOP('',(#1862));
#3581=EDGE_LOOP('',(#1863));
#3582=EDGE_LOOP('',(#1864));
#3583=EDGE_LOOP('',(#1865));
#3584=EDGE_LOOP('',(#1866,#1867,#1868,#1869,#1870,#1871,#1872));
#3585=EDGE_LOOP('',(#1873));
#3586=EDGE_LOOP('',(#1874));
#3587=EDGE_LOOP('',(#1875));
#3588=EDGE_LOOP('',(#1876));
#3589=EDGE_LOOP('',(#1877,#1878,#1879,#1880));
#3590=EDGE_LOOP('',(#1881,#1882,#1883,#1884));
#3591=EDGE_LOOP('',(#1885,#1886,#1887,#1888,#1889,#1890,#1891,#1892));
#3592=EDGE_LOOP('',(#1893,#1894,#1895,#1896,#1897,#1898,#1899));
#3593=EDGE_LOOP('',(#1900,#1901,#1902,#1903));
#3594=EDGE_LOOP('',(#1904,#1905,#1906,#1907));
#3595=EDGE_LOOP('',(#1908,#1909,#1910,#1911));
#3596=EDGE_LOOP('',(#1912,#1913,#1914,#1915,#1916,#1917));
#3597=EDGE_LOOP('',(#1918,#1919,#1920,#1921));
#3598=EDGE_LOOP('',(#1922,#1923,#1924,#1925));
#3599=EDGE_LOOP('',(#1926,#1927,#1928,#1929));
#3600=EDGE_LOOP('',(#1930,#1931,#1932,#1933,#1934,#1935,#1936));
#3601=EDGE_LOOP('',(#1937,#1938,#1939,#1940,#1941,#1942));
#3602=EDGE_LOOP('',(#1943,#1944,#1945,#1946,#1947,#1948,#1949,#1950));
#3603=EDGE_LOOP('',(#1951,#1952,#1953,#1954));
#3604=EDGE_LOOP('',(#1955,#1956,#1957,#1958));
#3605=EDGE_LOOP('',(#1959,#1960,#1961,#1962,#1963,#1964,#1965));
#3606=EDGE_LOOP('',(#1966,#1967,#1968,#1969));
#3607=EDGE_LOOP('',(#1970,#1971,#1972,#1973));
#3608=EDGE_LOOP('',(#1974,#1975,#1976,#1977));
#3609=EDGE_LOOP('',(#1978,#1979,#1980,#1981));
#3610=EDGE_LOOP('',(#1982,#1983,#1984,#1985));
#3611=EDGE_LOOP('',(#1986,#1987,#1988,#1989,#1990,#1991,#1992,#1993,#1994,
#1995,#1996));
#3612=EDGE_LOOP('',(#1997,#1998,#1999,#2000));
#3613=EDGE_LOOP('',(#2001,#2002,#2003,#2004));
#3614=EDGE_LOOP('',(#2005,#2006,#2007,#2008));
#3615=EDGE_LOOP('',(#2009,#2010,#2011,#2012,#2013));
#3616=EDGE_LOOP('',(#2014));
#3617=EDGE_LOOP('',(#2015,#2016,#2017,#2018,#2019,#2020,#2021,#2022));
#3618=EDGE_LOOP('',(#2023,#2024,#2025,#2026,#2027,#2028,#2029,#2030));
#3619=EDGE_LOOP('',(#2031));
#3620=EDGE_LOOP('',(#2032));
#3621=EDGE_LOOP('',(#2033));
#3622=EDGE_LOOP('',(#2034));
#3623=EDGE_LOOP('',(#2035));
#3624=EDGE_LOOP('',(#2036,#2037,#2038,#2039));
#3625=EDGE_LOOP('',(#2040));
#3626=EDGE_LOOP('',(#2041,#2042,#2043,#2044));
#3627=EDGE_LOOP('',(#2045,#2046,#2047,#2048));
#3628=EDGE_LOOP('',(#2049,#2050,#2051,#2052));
#3629=EDGE_LOOP('',(#2053));
#3630=EDGE_LOOP('',(#2054,#2055,#2056,#2057));
#3631=EDGE_LOOP('',(#2058,#2059,#2060,#2061));
#3632=EDGE_LOOP('',(#2062,#2063,#2064,#2065));
#3633=EDGE_LOOP('',(#2066,#2067,#2068,#2069));
#3634=EDGE_LOOP('',(#2070));
#3635=EDGE_LOOP('',(#2071));
#3636=EDGE_LOOP('',(#2072));
#3637=EDGE_LOOP('',(#2073));
#3638=EDGE_LOOP('',(#2074));
#3639=EDGE_LOOP('',(#2075));
#3640=EDGE_LOOP('',(#2076));
#3641=EDGE_LOOP('',(#2077,#2078,#2079,#2080,#2081,#2082,#2083,#2084));
#3642=EDGE_LOOP('',(#2085));
#3643=EDGE_LOOP('',(#2086));
#3644=EDGE_LOOP('',(#2087));
#3645=EDGE_LOOP('',(#2088));
#3646=EDGE_LOOP('',(#2089));
#3647=EDGE_LOOP('',(#2090));
#3648=EDGE_LOOP('',(#2091,#2092,#2093,#2094,#2095,#2096,#2097,#2098));
#3649=EDGE_LOOP('',(#2099));
#3650=EDGE_LOOP('',(#2100));
#3651=EDGE_LOOP('',(#2101));
#3652=EDGE_LOOP('',(#2102,#2103,#2104,#2105));
#3653=EDGE_LOOP('',(#2106,#2107,#2108,#2109));
#3654=EDGE_LOOP('',(#2110));
#3655=EDGE_LOOP('',(#2111,#2112,#2113,#2114));
#3656=EDGE_LOOP('',(#2115,#2116,#2117,#2118));
#3657=EDGE_LOOP('',(#2119,#2120,#2121,#2122));
#3658=EDGE_LOOP('',(#2123,#2124,#2125,#2126));
#3659=EDGE_LOOP('',(#2127));
#3660=EDGE_LOOP('',(#2128,#2129,#2130,#2131));
#3661=EDGE_LOOP('',(#2132,#2133,#2134,#2135));
#3662=EDGE_LOOP('',(#2136));
#3663=EDGE_LOOP('',(#2137));
#3664=EDGE_LOOP('',(#2138));
#3665=EDGE_LOOP('',(#2139));
#3666=EDGE_LOOP('',(#2140));
#3667=EDGE_LOOP('',(#2141));
#3668=EDGE_LOOP('',(#2142));
#3669=EDGE_LOOP('',(#2143));
#3670=EDGE_LOOP('',(#2144));
#3671=EDGE_LOOP('',(#2145));
#3672=EDGE_LOOP('',(#2146));
#3673=EDGE_LOOP('',(#2147));
#3674=EDGE_LOOP('',(#2148));
#3675=EDGE_LOOP('',(#2149));
#3676=EDGE_LOOP('',(#2150));
#3677=EDGE_LOOP('',(#2151));
#3678=EDGE_LOOP('',(#2152));
#3679=EDGE_LOOP('',(#2153));
#3680=FACE_BOUND('',#3317,.T.);
#3681=FACE_BOUND('',#3318,.T.);
#3682=FACE_BOUND('',#3319,.T.);
#3683=FACE_BOUND('',#3320,.T.);
#3684=FACE_BOUND('',#3321,.T.);
#3685=FACE_BOUND('',#3322,.T.);
#3686=FACE_BOUND('',#3323,.T.);
#3687=FACE_BOUND('',#3324,.T.);
#3688=FACE_BOUND('',#3325,.T.);
#3689=FACE_BOUND('',#3326,.T.);
#3690=FACE_BOUND('',#3327,.T.);
#3691=FACE_BOUND('',#3328,.T.);
#3692=FACE_BOUND('',#3329,.T.);
#3693=FACE_BOUND('',#3330,.T.);
#3694=FACE_BOUND('',#3331,.T.);
#3695=FACE_BOUND('',#3332,.T.);
#3696=FACE_BOUND('',#3333,.T.);
#3697=FACE_BOUND('',#3334,.T.);
#3698=FACE_BOUND('',#3335,.T.);
#3699=FACE_BOUND('',#3336,.T.);
#3700=FACE_BOUND('',#3337,.T.);
#3701=FACE_BOUND('',#3338,.T.);
#3702=FACE_BOUND('',#3339,.T.);
#3703=FACE_BOUND('',#3340,.T.);
#3704=FACE_BOUND('',#3341,.T.);
#3705=FACE_BOUND('',#3342,.T.);
#3706=FACE_BOUND('',#3343,.T.);
#3707=FACE_BOUND('',#3344,.T.);
#3708=FACE_BOUND('',#3345,.T.);
#3709=FACE_BOUND('',#3346,.T.);
#3710=FACE_BOUND('',#3347,.T.);
#3711=FACE_BOUND('',#3348,.T.);
#3712=FACE_BOUND('',#3349,.T.);
#3713=FACE_BOUND('',#3350,.T.);
#3714=FACE_BOUND('',#3351,.T.);
#3715=FACE_BOUND('',#3352,.T.);
#3716=FACE_BOUND('',#3353,.T.);
#3717=FACE_BOUND('',#3354,.T.);
#3718=FACE_BOUND('',#3355,.T.);
#3719=FACE_BOUND('',#3356,.T.);
#3720=FACE_BOUND('',#3357,.T.);
#3721=FACE_BOUND('',#3358,.T.);
#3722=FACE_BOUND('',#3359,.T.);
#3723=FACE_BOUND('',#3360,.T.);
#3724=FACE_BOUND('',#3361,.T.);
#3725=FACE_BOUND('',#3362,.T.);
#3726=FACE_BOUND('',#3363,.T.);
#3727=FACE_BOUND('',#3364,.T.);
#3728=FACE_BOUND('',#3365,.T.);
#3729=FACE_BOUND('',#3366,.T.);
#3730=FACE_BOUND('',#3367,.T.);
#3731=FACE_BOUND('',#3368,.T.);
#3732=FACE_BOUND('',#3369,.T.);
#3733=FACE_BOUND('',#3370,.T.);
#3734=FACE_BOUND('',#3371,.T.);
#3735=FACE_BOUND('',#3372,.T.);
#3736=FACE_BOUND('',#3373,.T.);
#3737=FACE_BOUND('',#3374,.T.);
#3738=FACE_BOUND('',#3375,.T.);
#3739=FACE_BOUND('',#3376,.T.);
#3740=FACE_BOUND('',#3377,.T.);
#3741=FACE_BOUND('',#3378,.T.);
#3742=FACE_BOUND('',#3379,.T.);
#3743=FACE_BOUND('',#3380,.T.);
#3744=FACE_BOUND('',#3381,.T.);
#3745=FACE_BOUND('',#3382,.T.);
#3746=FACE_BOUND('',#3383,.T.);
#3747=FACE_BOUND('',#3384,.T.);
#3748=FACE_BOUND('',#3385,.T.);
#3749=FACE_BOUND('',#3386,.T.);
#3750=FACE_BOUND('',#3387,.T.);
#3751=FACE_BOUND('',#3388,.T.);
#3752=FACE_BOUND('',#3389,.T.);
#3753=FACE_BOUND('',#3390,.T.);
#3754=FACE_BOUND('',#3391,.T.);
#3755=FACE_BOUND('',#3392,.T.);
#3756=FACE_BOUND('',#3393,.T.);
#3757=FACE_BOUND('',#3394,.T.);
#3758=FACE_BOUND('',#3395,.T.);
#3759=FACE_BOUND('',#3396,.T.);
#3760=FACE_BOUND('',#3397,.T.);
#3761=FACE_BOUND('',#3398,.T.);
#3762=FACE_BOUND('',#3399,.T.);
#3763=FACE_BOUND('',#3400,.T.);
#3764=FACE_BOUND('',#3401,.T.);
#3765=FACE_BOUND('',#3402,.T.);
#3766=FACE_BOUND('',#3403,.T.);
#3767=FACE_BOUND('',#3404,.T.);
#3768=FACE_BOUND('',#3405,.T.);
#3769=FACE_BOUND('',#3406,.T.);
#3770=FACE_BOUND('',#3407,.T.);
#3771=FACE_BOUND('',#3408,.T.);
#3772=FACE_BOUND('',#3409,.T.);
#3773=FACE_BOUND('',#3410,.T.);
#3774=FACE_BOUND('',#3411,.T.);
#3775=FACE_BOUND('',#3412,.T.);
#3776=FACE_BOUND('',#3413,.T.);
#3777=FACE_BOUND('',#3414,.T.);
#3778=FACE_BOUND('',#3415,.T.);
#3779=FACE_BOUND('',#3416,.T.);
#3780=FACE_BOUND('',#3417,.T.);
#3781=FACE_BOUND('',#3418,.T.);
#3782=FACE_BOUND('',#3419,.T.);
#3783=FACE_BOUND('',#3420,.T.);
#3784=FACE_BOUND('',#3421,.T.);
#3785=FACE_BOUND('',#3422,.T.);
#3786=FACE_BOUND('',#3423,.T.);
#3787=FACE_BOUND('',#3424,.T.);
#3788=FACE_BOUND('',#3425,.T.);
#3789=FACE_BOUND('',#3426,.T.);
#3790=FACE_BOUND('',#3427,.T.);
#3791=FACE_BOUND('',#3428,.T.);
#3792=FACE_BOUND('',#3429,.T.);
#3793=FACE_BOUND('',#3430,.T.);
#3794=FACE_BOUND('',#3431,.T.);
#3795=FACE_BOUND('',#3432,.T.);
#3796=FACE_BOUND('',#3433,.T.);
#3797=FACE_BOUND('',#3434,.T.);
#3798=FACE_BOUND('',#3435,.T.);
#3799=FACE_BOUND('',#3436,.T.);
#3800=FACE_BOUND('',#3437,.T.);
#3801=FACE_BOUND('',#3438,.T.);
#3802=FACE_BOUND('',#3439,.T.);
#3803=FACE_BOUND('',#3440,.T.);
#3804=FACE_BOUND('',#3441,.T.);
#3805=FACE_BOUND('',#3442,.T.);
#3806=FACE_BOUND('',#3443,.T.);
#3807=FACE_BOUND('',#3444,.T.);
#3808=FACE_BOUND('',#3445,.T.);
#3809=FACE_BOUND('',#3446,.T.);
#3810=FACE_BOUND('',#3447,.T.);
#3811=FACE_BOUND('',#3448,.T.);
#3812=FACE_BOUND('',#3449,.T.);
#3813=FACE_BOUND('',#3450,.T.);
#3814=FACE_BOUND('',#3451,.T.);
#3815=FACE_BOUND('',#3452,.T.);
#3816=FACE_BOUND('',#3453,.T.);
#3817=FACE_BOUND('',#3454,.T.);
#3818=FACE_BOUND('',#3455,.T.);
#3819=FACE_BOUND('',#3456,.T.);
#3820=FACE_BOUND('',#3457,.T.);
#3821=FACE_BOUND('',#3458,.T.);
#3822=FACE_BOUND('',#3459,.T.);
#3823=FACE_BOUND('',#3460,.T.);
#3824=FACE_BOUND('',#3461,.T.);
#3825=FACE_BOUND('',#3462,.T.);
#3826=FACE_BOUND('',#3463,.T.);
#3827=FACE_BOUND('',#3464,.T.);
#3828=FACE_BOUND('',#3465,.T.);
#3829=FACE_BOUND('',#3466,.T.);
#3830=FACE_BOUND('',#3467,.T.);
#3831=FACE_BOUND('',#3468,.T.);
#3832=FACE_BOUND('',#3469,.T.);
#3833=FACE_BOUND('',#3470,.T.);
#3834=FACE_BOUND('',#3471,.T.);
#3835=FACE_BOUND('',#3472,.T.);
#3836=FACE_BOUND('',#3473,.T.);
#3837=FACE_BOUND('',#3474,.T.);
#3838=FACE_BOUND('',#3475,.T.);
#3839=FACE_BOUND('',#3476,.T.);
#3840=FACE_BOUND('',#3477,.T.);
#3841=FACE_BOUND('',#3478,.T.);
#3842=FACE_BOUND('',#3479,.T.);
#3843=FACE_BOUND('',#3480,.T.);
#3844=FACE_BOUND('',#3481,.T.);
#3845=FACE_BOUND('',#3482,.T.);
#3846=FACE_BOUND('',#3483,.T.);
#3847=FACE_BOUND('',#3484,.T.);
#3848=FACE_BOUND('',#3485,.T.);
#3849=FACE_BOUND('',#3486,.T.);
#3850=FACE_BOUND('',#3487,.T.);
#3851=FACE_BOUND('',#3488,.T.);
#3852=FACE_BOUND('',#3489,.T.);
#3853=FACE_BOUND('',#3490,.T.);
#3854=FACE_BOUND('',#3491,.T.);
#3855=FACE_BOUND('',#3492,.T.);
#3856=FACE_BOUND('',#3493,.T.);
#3857=FACE_BOUND('',#3494,.T.);
#3858=FACE_BOUND('',#3495,.T.);
#3859=FACE_BOUND('',#3496,.T.);
#3860=FACE_BOUND('',#3497,.T.);
#3861=FACE_BOUND('',#3498,.T.);
#3862=FACE_BOUND('',#3499,.T.);
#3863=FACE_BOUND('',#3500,.T.);
#3864=FACE_BOUND('',#3501,.T.);
#3865=FACE_BOUND('',#3502,.T.);
#3866=FACE_BOUND('',#3503,.T.);
#3867=FACE_BOUND('',#3504,.T.);
#3868=FACE_BOUND('',#3505,.T.);
#3869=FACE_BOUND('',#3506,.T.);
#3870=FACE_BOUND('',#3507,.T.);
#3871=FACE_BOUND('',#3508,.T.);
#3872=FACE_BOUND('',#3509,.T.);
#3873=FACE_BOUND('',#3510,.T.);
#3874=FACE_BOUND('',#3511,.T.);
#3875=FACE_BOUND('',#3512,.T.);
#3876=FACE_BOUND('',#3513,.T.);
#3877=FACE_BOUND('',#3514,.T.);
#3878=FACE_BOUND('',#3515,.T.);
#3879=FACE_BOUND('',#3516,.T.);
#3880=FACE_BOUND('',#3517,.T.);
#3881=FACE_BOUND('',#3518,.T.);
#3882=FACE_BOUND('',#3519,.T.);
#3883=FACE_BOUND('',#3520,.T.);
#3884=FACE_BOUND('',#3521,.T.);
#3885=FACE_BOUND('',#3522,.T.);
#3886=FACE_BOUND('',#3523,.T.);
#3887=FACE_BOUND('',#3524,.T.);
#3888=FACE_BOUND('',#3525,.T.);
#3889=FACE_BOUND('',#3526,.T.);
#3890=FACE_BOUND('',#3527,.T.);
#3891=FACE_BOUND('',#3528,.T.);
#3892=FACE_BOUND('',#3529,.T.);
#3893=FACE_BOUND('',#3530,.T.);
#3894=FACE_BOUND('',#3531,.T.);
#3895=FACE_BOUND('',#3532,.T.);
#3896=FACE_BOUND('',#3533,.T.);
#3897=FACE_BOUND('',#3534,.T.);
#3898=FACE_BOUND('',#3535,.T.);
#3899=FACE_BOUND('',#3536,.T.);
#3900=FACE_BOUND('',#3537,.T.);
#3901=FACE_BOUND('',#3538,.T.);
#3902=FACE_BOUND('',#3539,.T.);
#3903=FACE_BOUND('',#3540,.T.);
#3904=FACE_BOUND('',#3541,.T.);
#3905=FACE_BOUND('',#3542,.T.);
#3906=FACE_BOUND('',#3543,.T.);
#3907=FACE_BOUND('',#3544,.T.);
#3908=FACE_BOUND('',#3545,.T.);
#3909=FACE_BOUND('',#3546,.T.);
#3910=FACE_BOUND('',#3547,.T.);
#3911=FACE_BOUND('',#3548,.T.);
#3912=FACE_BOUND('',#3549,.T.);
#3913=FACE_BOUND('',#3550,.T.);
#3914=FACE_BOUND('',#3551,.T.);
#3915=FACE_BOUND('',#3552,.T.);
#3916=FACE_BOUND('',#3553,.T.);
#3917=FACE_BOUND('',#3554,.T.);
#3918=FACE_BOUND('',#3555,.T.);
#3919=FACE_BOUND('',#3556,.T.);
#3920=FACE_BOUND('',#3557,.T.);
#3921=FACE_BOUND('',#3558,.T.);
#3922=FACE_BOUND('',#3559,.T.);
#3923=FACE_BOUND('',#3560,.T.);
#3924=FACE_BOUND('',#3561,.T.);
#3925=FACE_BOUND('',#3562,.T.);
#3926=FACE_BOUND('',#3563,.T.);
#3927=FACE_BOUND('',#3564,.T.);
#3928=FACE_BOUND('',#3565,.T.);
#3929=FACE_BOUND('',#3566,.T.);
#3930=FACE_BOUND('',#3567,.T.);
#3931=FACE_BOUND('',#3568,.T.);
#3932=FACE_BOUND('',#3569,.T.);
#3933=FACE_BOUND('',#3570,.T.);
#3934=FACE_BOUND('',#3571,.T.);
#3935=FACE_BOUND('',#3572,.T.);
#3936=FACE_BOUND('',#3573,.T.);
#3937=FACE_BOUND('',#3574,.T.);
#3938=FACE_BOUND('',#3575,.T.);
#3939=FACE_BOUND('',#3576,.T.);
#3940=FACE_BOUND('',#3577,.T.);
#3941=FACE_BOUND('',#3578,.T.);
#3942=FACE_BOUND('',#3579,.T.);
#3943=FACE_BOUND('',#3580,.T.);
#3944=FACE_BOUND('',#3581,.T.);
#3945=FACE_BOUND('',#3582,.T.);
#3946=FACE_BOUND('',#3583,.T.);
#3947=FACE_BOUND('',#3584,.T.);
#3948=FACE_BOUND('',#3585,.T.);
#3949=FACE_BOUND('',#3586,.T.);
#3950=FACE_BOUND('',#3587,.T.);
#3951=FACE_BOUND('',#3588,.T.);
#3952=FACE_BOUND('',#3589,.T.);
#3953=FACE_BOUND('',#3590,.T.);
#3954=FACE_BOUND('',#3591,.T.);
#3955=FACE_BOUND('',#3592,.T.);
#3956=FACE_BOUND('',#3593,.T.);
#3957=FACE_BOUND('',#3594,.T.);
#3958=FACE_BOUND('',#3595,.T.);
#3959=FACE_BOUND('',#3596,.T.);
#3960=FACE_BOUND('',#3597,.T.);
#3961=FACE_BOUND('',#3598,.T.);
#3962=FACE_BOUND('',#3599,.T.);
#3963=FACE_BOUND('',#3600,.T.);
#3964=FACE_BOUND('',#3601,.T.);
#3965=FACE_BOUND('',#3602,.T.);
#3966=FACE_BOUND('',#3603,.T.);
#3967=FACE_BOUND('',#3604,.T.);
#3968=FACE_BOUND('',#3605,.T.);
#3969=FACE_BOUND('',#3606,.T.);
#3970=FACE_BOUND('',#3607,.T.);
#3971=FACE_BOUND('',#3608,.T.);
#3972=FACE_BOUND('',#3609,.T.);
#3973=FACE_BOUND('',#3610,.T.);
#3974=FACE_BOUND('',#3611,.T.);
#3975=FACE_BOUND('',#3612,.T.);
#3976=FACE_BOUND('',#3613,.T.);
#3977=FACE_BOUND('',#3614,.T.);
#3978=FACE_BOUND('',#3615,.T.);
#3979=FACE_BOUND('',#3616,.T.);
#3980=FACE_BOUND('',#3617,.T.);
#3981=FACE_BOUND('',#3618,.T.);
#3982=FACE_BOUND('',#3619,.T.);
#3983=FACE_BOUND('',#3620,.T.);
#3984=FACE_BOUND('',#3621,.T.);
#3985=FACE_BOUND('',#3622,.T.);
#3986=FACE_BOUND('',#3623,.T.);
#3987=FACE_BOUND('',#3624,.T.);
#3988=FACE_BOUND('',#3625,.T.);
#3989=FACE_BOUND('',#3626,.T.);
#3990=FACE_BOUND('',#3627,.T.);
#3991=FACE_BOUND('',#3628,.T.);
#3992=FACE_BOUND('',#3629,.T.);
#3993=FACE_BOUND('',#3630,.T.);
#3994=FACE_BOUND('',#3631,.T.);
#3995=FACE_BOUND('',#3632,.T.);
#3996=FACE_BOUND('',#3633,.T.);
#3997=FACE_BOUND('',#3634,.T.);
#3998=FACE_BOUND('',#3635,.T.);
#3999=FACE_BOUND('',#3636,.T.);
#4000=FACE_BOUND('',#3637,.T.);
#4001=FACE_BOUND('',#3638,.T.);
#4002=FACE_BOUND('',#3639,.T.);
#4003=FACE_BOUND('',#3640,.T.);
#4004=FACE_BOUND('',#3641,.T.);
#4005=FACE_BOUND('',#3642,.T.);
#4006=FACE_BOUND('',#3643,.T.);
#4007=FACE_BOUND('',#3644,.T.);
#4008=FACE_BOUND('',#3645,.T.);
#4009=FACE_BOUND('',#3646,.T.);
#4010=FACE_BOUND('',#3647,.T.);
#4011=FACE_BOUND('',#3648,.T.);
#4012=FACE_BOUND('',#3649,.T.);
#4013=FACE_BOUND('',#3650,.T.);
#4014=FACE_BOUND('',#3651,.T.);
#4015=FACE_BOUND('',#3652,.T.);
#4016=FACE_BOUND('',#3653,.T.);
#4017=FACE_BOUND('',#3654,.T.);
#4018=FACE_BOUND('',#3655,.T.);
#4019=FACE_BOUND('',#3656,.T.);
#4020=FACE_BOUND('',#3657,.T.);
#4021=FACE_BOUND('',#3658,.T.);
#4022=FACE_BOUND('',#3659,.T.);
#4023=FACE_BOUND('',#3660,.T.);
#4024=FACE_BOUND('',#3661,.T.);
#4025=FACE_BOUND('',#3662,.T.);
#4026=FACE_BOUND('',#3663,.T.);
#4027=FACE_BOUND('',#3664,.T.);
#4028=FACE_BOUND('',#3665,.T.);
#4029=FACE_BOUND('',#3666,.T.);
#4030=FACE_BOUND('',#3667,.T.);
#4031=FACE_BOUND('',#3668,.T.);
#4032=FACE_BOUND('',#3669,.T.);
#4033=FACE_BOUND('',#3670,.T.);
#4034=FACE_BOUND('',#3671,.T.);
#4035=FACE_BOUND('',#3672,.T.);
#4036=FACE_BOUND('',#3673,.T.);
#4037=FACE_BOUND('',#3674,.T.);
#4038=FACE_BOUND('',#3675,.T.);
#4039=FACE_BOUND('',#3676,.T.);
#4040=FACE_BOUND('',#3677,.T.);
#4041=FACE_BOUND('',#3678,.T.);
#4042=FACE_BOUND('',#3679,.T.);
#4043=CYLINDRICAL_SURFACE('',#4532,0.001778);
#4044=CYLINDRICAL_SURFACE('',#4538,0.00395984218542081);
#4045=CYLINDRICAL_SURFACE('',#4542,0.000598157281011827);
#4046=CYLINDRICAL_SURFACE('',#4545,0.00055616015806917);
#4047=CYLINDRICAL_SURFACE('',#4548,0.000610957569499395);
#4048=CYLINDRICAL_SURFACE('',#4551,0.000650526306883619);
#4049=CYLINDRICAL_SURFACE('',#4554,0.000614199681689816);
#4050=CYLINDRICAL_SURFACE('',#4558,0.0016398286265835);
#4051=CYLINDRICAL_SURFACE('',#4561,0.000531693247930145);
#4052=CYLINDRICAL_SURFACE('',#4567,0.001778);
#4053=CYLINDRICAL_SURFACE('',#4573,0.0023999952);
#4054=CYLINDRICAL_SURFACE('',#4579,0.022758174687624);
#4055=CYLINDRICAL_SURFACE('',#4597,0.01905);
#4056=CYLINDRICAL_SURFACE('',#4620,0.00146495107011189);
#4057=CYLINDRICAL_SURFACE('',#4623,0.00127);
#4058=CYLINDRICAL_SURFACE('',#4626,0.0026368040528239);
#4059=CYLINDRICAL_SURFACE('',#4636,0.00132368058616236);
#4060=CYLINDRICAL_SURFACE('',#4641,0.0002032);
#4061=CYLINDRICAL_SURFACE('',#4651,0.0002032);
#4062=CYLINDRICAL_SURFACE('',#4652,0.0002032);
#4063=CYLINDRICAL_SURFACE('',#4654,0.0002032);
#4064=CYLINDRICAL_SURFACE('',#4657,0.0002032);
#4065=CYLINDRICAL_SURFACE('',#4659,0.0002032);
#4066=CYLINDRICAL_SURFACE('',#4667,0.0002032);
#4067=CYLINDRICAL_SURFACE('',#4668,0.0002032);
#4068=CYLINDRICAL_SURFACE('',#4669,0.0002032);
#4069=CYLINDRICAL_SURFACE('',#4673,0.0001778);
#4070=CYLINDRICAL_SURFACE('',#4678,0.0001778);
#4071=CYLINDRICAL_SURFACE('',#4680,0.0001778);
#4072=CYLINDRICAL_SURFACE('',#4684,0.0001778);
#4073=CYLINDRICAL_SURFACE('',#4686,0.0001778);
#4074=CYLINDRICAL_SURFACE('',#4691,0.0001778);
#4075=CYLINDRICAL_SURFACE('',#4693,0.0001778);
#4076=CYLINDRICAL_SURFACE('',#4697,0.0001778);
#4077=CYLINDRICAL_SURFACE('',#4708,0.00132368058616236);
#4078=CYLINDRICAL_SURFACE('',#4711,0.0001778);
#4079=CYLINDRICAL_SURFACE('',#4720,0.0001778);
#4080=CYLINDRICAL_SURFACE('',#4722,0.0001778);
#4081=CYLINDRICAL_SURFACE('',#4726,0.0001778);
#4082=CYLINDRICAL_SURFACE('',#4727,0.0001778);
#4083=CYLINDRICAL_SURFACE('',#4729,0.0001778);
#4084=CYLINDRICAL_SURFACE('',#4738,0.0001778);
#4085=CYLINDRICAL_SURFACE('',#4739,0.0001778);
#4086=CYLINDRICAL_SURFACE('',#4741,0.0001778);
#4087=CYLINDRICAL_SURFACE('',#4743,0.0001778);
#4088=CYLINDRICAL_SURFACE('',#4753,0.0002032);
#4089=CYLINDRICAL_SURFACE('',#4755,0.0002032);
#4090=CYLINDRICAL_SURFACE('',#4761,0.0002032);
#4091=CYLINDRICAL_SURFACE('',#4765,0.00132368058616236);
#4092=CYLINDRICAL_SURFACE('',#4771,0.0002032);
#4093=CYLINDRICAL_SURFACE('',#4776,0.0002032);
#4094=CYLINDRICAL_SURFACE('',#4781,0.0002032);
#4095=CYLINDRICAL_SURFACE('',#4783,0.0002032);
#4096=CYLINDRICAL_SURFACE('',#4792,0.0002032);
#4097=CYLINDRICAL_SURFACE('',#4793,0.0002032);
#4098=CYLINDRICAL_SURFACE('',#4810,0.00146495107011189);
#4099=CYLINDRICAL_SURFACE('',#4813,0.00127);
#4100=CYLINDRICAL_SURFACE('',#4816,0.0026368040528239);
#4101=CYLINDRICAL_SURFACE('',#4819,0.0001778);
#4102=CYLINDRICAL_SURFACE('',#4824,0.0001778);
#4103=CYLINDRICAL_SURFACE('',#4826,0.0001778);
#4104=CYLINDRICAL_SURFACE('',#4830,0.0001778);
#4105=CYLINDRICAL_SURFACE('',#4832,0.0001778);
#4106=CYLINDRICAL_SURFACE('',#4837,0.0001778);
#4107=CYLINDRICAL_SURFACE('',#4839,0.0001778);
#4108=CYLINDRICAL_SURFACE('',#4843,0.0001778);
#4109=CYLINDRICAL_SURFACE('',#4863,0.0060000007);
#4110=CYLINDRICAL_SURFACE('',#4887,0.0457163055049022);
#4111=CYLINDRICAL_SURFACE('',#4892,0.0419063055049021);
#4112=CYLINDRICAL_SURFACE('',#4895,0.001905);
#4113=CYLINDRICAL_SURFACE('',#4896,0.00190820407599676);
#4114=CYLINDRICAL_SURFACE('',#4903,0.00508);
#4115=CYLINDRICAL_SURFACE('',#4925,0.0270067287256516);
#4116=CYLINDRICAL_SURFACE('',#4933,0.023114);
#4117=CYLINDRICAL_SURFACE('',#4946,0.001905);
#4118=CYLINDRICAL_SURFACE('',#4949,0.00184725122860536);
#4119=CYLINDRICAL_SURFACE('',#4953,0.0361622571945189);
#4120=CYLINDRICAL_SURFACE('',#4959,0.0330889038741589);
#4121=CYLINDRICAL_SURFACE('',#4974,0.001905);
#4122=CYLINDRICAL_SURFACE('',#4975,0.00184725122860536);
#4123=CYLINDRICAL_SURFACE('',#4976,0.001905);
#4124=CYLINDRICAL_SURFACE('',#4979,0.00190820407599676);
#4125=CYLINDRICAL_SURFACE('',#4984,0.001778);
#4126=CYLINDRICAL_SURFACE('',#4990,0.001778);
#4127=ADVANCED_FACE('',(#3680,#3681),#4043,.T.);
#4128=ADVANCED_FACE('',(#3682),#853,.T.);
#4129=ADVANCED_FACE('',(#3683),#854,.F.);
#4130=ADVANCED_FACE('',(#3684),#4044,.T.);
#4131=ADVANCED_FACE('',(#3685),#855,.F.);
#4132=ADVANCED_FACE('',(#3686),#133,.F.);
#4133=ADVANCED_FACE('',(#3687),#134,.T.);
#4134=ADVANCED_FACE('',(#3688,#3689),#4045,.F.);
#4135=ADVANCED_FACE('',(#3690,#3691),#4046,.F.);
#4136=ADVANCED_FACE('',(#3692,#3693),#4047,.F.);
#4137=ADVANCED_FACE('',(#3694,#3695),#4048,.F.);
#4138=ADVANCED_FACE('',(#3696,#3697),#4049,.F.);
#4139=ADVANCED_FACE('',(#3698),#856,.T.);
#4140=ADVANCED_FACE('',(#3699,#3700),#4050,.F.);
#4141=ADVANCED_FACE('',(#3701,#3702),#4051,.F.);
#4142=ADVANCED_FACE('',(#3703,#3704,#3705,#3706,#3707,#3708,#3709,#3710),
#857,.T.);
#4143=ADVANCED_FACE('',(#3711,#3712,#3713,#3714,#3715,#3716,#3717,#3718),
#858,.F.);
#4144=ADVANCED_FACE('',(#3719,#3720),#4052,.T.);
#4145=ADVANCED_FACE('',(#3721),#859,.T.);
#4146=ADVANCED_FACE('',(#3722),#860,.F.);
#4147=ADVANCED_FACE('',(#3723,#3724),#4053,.T.);
#4148=ADVANCED_FACE('',(#3725),#861,.T.);
#4149=ADVANCED_FACE('',(#3726),#862,.F.);
#4150=ADVANCED_FACE('',(#3727,#3728,#3729,#3730,#3731,#3732),#4054,.T.);
#4151=ADVANCED_FACE('',(#3733),#47,.F.);
#4152=ADVANCED_FACE('',(#3734),#48,.F.);
#4153=ADVANCED_FACE('',(#3735),#863,.F.);
#4154=ADVANCED_FACE('',(#3736,#3737),#864,.F.);
#4155=ADVANCED_FACE('',(#3738,#3739,#3740,#3741),#4055,.F.);
#4156=ADVANCED_FACE('',(#3742),#865,.F.);
#4157=ADVANCED_FACE('',(#3743),#866,.T.);
#4158=ADVANCED_FACE('',(#3744),#867,.F.);
#4159=ADVANCED_FACE('',(#3745),#868,.T.);
#4160=ADVANCED_FACE('',(#3746),#869,.F.);
#4161=ADVANCED_FACE('',(#3747),#870,.T.);
#4162=ADVANCED_FACE('',(#3748),#871,.T.);
#4163=ADVANCED_FACE('',(#3749),#872,.F.);
#4164=ADVANCED_FACE('',(#3750,#3751),#873,.T.);
#4165=ADVANCED_FACE('',(#3752,#3753),#874,.F.);
#4166=ADVANCED_FACE('',(#3754),#875,.F.);
#4167=ADVANCED_FACE('',(#3755,#3756),#4056,.F.);
#4168=ADVANCED_FACE('',(#3757),#4057,.T.);
#4169=ADVANCED_FACE('',(#3758),#4058,.T.);
#4170=ADVANCED_FACE('',(#3759),#876,.T.);
#4171=ADVANCED_FACE('',(#3760),#877,.T.);
#4172=ADVANCED_FACE('',(#3761),#878,.F.);
#4173=ADVANCED_FACE('',(#3762),#879,.F.);
#4174=ADVANCED_FACE('',(#3763,#3764),#4059,.F.);
#4175=ADVANCED_FACE('',(#3765,#3766),#23,.T.);
#4176=ADVANCED_FACE('',(#3767),#4060,.T.);
#4177=ADVANCED_FACE('',(#3768,#3769),#24,.T.);
#4178=ADVANCED_FACE('',(#3770),#11,.T.);
#4179=ADVANCED_FACE('',(#3771),#12,.T.);
#4180=ADVANCED_FACE('',(#3772),#4061,.T.);
#4181=ADVANCED_FACE('',(#3773),#4062,.T.);
#4182=ADVANCED_FACE('',(#3774),#4063,.T.);
#4183=ADVANCED_FACE('',(#3775),#4064,.T.);
#4184=ADVANCED_FACE('',(#3776),#4065,.T.);
#4185=ADVANCED_FACE('',(#3777),#25,.F.);
#4186=ADVANCED_FACE('',(#3778),#13,.T.);
#4187=ADVANCED_FACE('',(#3779),#14,.T.);
#4188=ADVANCED_FACE('',(#3780),#49,.F.);
#4189=ADVANCED_FACE('',(#3781),#4066,.T.);
#4190=ADVANCED_FACE('',(#3782),#4067,.T.);
#4191=ADVANCED_FACE('',(#3783),#4068,.F.);
#4192=ADVANCED_FACE('',(#3784),#50,.F.);
#4193=ADVANCED_FACE('',(#3785),#26,.F.);
#4194=ADVANCED_FACE('',(#3786),#4069,.T.);
#4195=ADVANCED_FACE('',(#3787),#27,.T.);
#4196=ADVANCED_FACE('',(#3788),#51,.F.);
#4197=ADVANCED_FACE('',(#3789),#4070,.T.);
#4198=ADVANCED_FACE('',(#3790),#4071,.F.);
#4199=ADVANCED_FACE('',(#3791),#28,.T.);
#4200=ADVANCED_FACE('',(#3792),#52,.F.);
#4201=ADVANCED_FACE('',(#3793),#4072,.T.);
#4202=ADVANCED_FACE('',(#3794,#3795),#29,.T.);
#4203=ADVANCED_FACE('',(#3796),#4073,.T.);
#4204=ADVANCED_FACE('',(#3797),#30,.T.);
#4205=ADVANCED_FACE('',(#3798),#53,.F.);
#4206=ADVANCED_FACE('',(#3799),#4074,.T.);
#4207=ADVANCED_FACE('',(#3800),#4075,.F.);
#4208=ADVANCED_FACE('',(#3801),#31,.T.);
#4209=ADVANCED_FACE('',(#3802),#54,.F.);
#4210=ADVANCED_FACE('',(#3803),#4076,.T.);
#4211=ADVANCED_FACE('',(#3804,#3805),#32,.T.);
#4212=ADVANCED_FACE('',(#3806,#3807),#880,.T.);
#4213=ADVANCED_FACE('',(#3808,#3809),#881,.F.);
#4214=ADVANCED_FACE('',(#3810),#882,.T.);
#4215=ADVANCED_FACE('',(#3811),#883,.T.);
#4216=ADVANCED_FACE('',(#3812),#884,.F.);
#4217=ADVANCED_FACE('',(#3813,#3814),#4077,.F.);
#4218=ADVANCED_FACE('',(#3815),#4078,.T.);
#4219=ADVANCED_FACE('',(#3816),#15,.T.);
#4220=ADVANCED_FACE('',(#3817),#16,.T.);
#4221=ADVANCED_FACE('',(#3818),#4079,.T.);
#4222=ADVANCED_FACE('',(#3819),#4080,.T.);
#4223=ADVANCED_FACE('',(#3820),#33,.F.);
#4224=ADVANCED_FACE('',(#3821),#4081,.T.);
#4225=ADVANCED_FACE('',(#3822),#4082,.T.);
#4226=ADVANCED_FACE('',(#3823),#4083,.T.);
#4227=ADVANCED_FACE('',(#3824),#17,.T.);
#4228=ADVANCED_FACE('',(#3825),#55,.F.);
#4229=ADVANCED_FACE('',(#3826),#56,.F.);
#4230=ADVANCED_FACE('',(#3827),#18,.T.);
#4231=ADVANCED_FACE('',(#3828),#4084,.T.);
#4232=ADVANCED_FACE('',(#3829),#4085,.F.);
#4233=ADVANCED_FACE('',(#3830),#4086,.F.);
#4234=ADVANCED_FACE('',(#3831),#4087,.T.);
#4235=ADVANCED_FACE('',(#3832),#57,.F.);
#4236=ADVANCED_FACE('',(#3833),#58,.F.);
#4237=ADVANCED_FACE('',(#3834),#34,.F.);
#4238=ADVANCED_FACE('',(#3835,#3836),#35,.T.);
#4239=ADVANCED_FACE('',(#3837,#3838),#36,.T.);
#4240=ADVANCED_FACE('',(#3839),#19,.T.);
#4241=ADVANCED_FACE('',(#3840),#4088,.T.);
#4242=ADVANCED_FACE('',(#3841),#4089,.T.);
#4243=ADVANCED_FACE('',(#3842),#20,.T.);
#4244=ADVANCED_FACE('',(#3843),#4090,.T.);
#4245=ADVANCED_FACE('',(#3844,#3845),#37,.T.);
#4246=ADVANCED_FACE('',(#3846,#3847),#4091,.F.);
#4247=ADVANCED_FACE('',(#3848),#21,.T.);
#4248=ADVANCED_FACE('',(#3849),#885,.F.);
#4249=ADVANCED_FACE('',(#3850),#4092,.T.);
#4250=ADVANCED_FACE('',(#3851,#3852),#38,.T.);
#4251=ADVANCED_FACE('',(#3853),#22,.T.);
#4252=ADVANCED_FACE('',(#3854),#4093,.T.);
#4253=ADVANCED_FACE('',(#3855),#886,.T.);
#4254=ADVANCED_FACE('',(#3856),#887,.F.);
#4255=ADVANCED_FACE('',(#3857),#4094,.T.);
#4256=ADVANCED_FACE('',(#3858),#888,.T.);
#4257=ADVANCED_FACE('',(#3859),#4095,.F.);
#4258=ADVANCED_FACE('',(#3860),#59,.F.);
#4259=ADVANCED_FACE('',(#3861),#60,.F.);
#4260=ADVANCED_FACE('',(#3862),#39,.F.);
#4261=ADVANCED_FACE('',(#3863),#61,.F.);
#4262=ADVANCED_FACE('',(#3864),#40,.F.);
#4263=ADVANCED_FACE('',(#3865),#62,.F.);
#4264=ADVANCED_FACE('',(#3866),#4096,.T.);
#4265=ADVANCED_FACE('',(#3867),#4097,.T.);
#4266=ADVANCED_FACE('',(#3868),#889,.T.);
#4267=ADVANCED_FACE('',(#3869),#890,.F.);
#4268=ADVANCED_FACE('',(#3870),#891,.T.);
#4269=ADVANCED_FACE('',(#3871),#892,.T.);
#4270=ADVANCED_FACE('',(#3872),#893,.F.);
#4271=ADVANCED_FACE('',(#3873),#894,.T.);
#4272=ADVANCED_FACE('',(#3874),#895,.F.);
#4273=ADVANCED_FACE('',(#3875,#3876),#896,.T.);
#4274=ADVANCED_FACE('',(#3877,#3878),#897,.F.);
#4275=ADVANCED_FACE('',(#3879),#898,.F.);
#4276=ADVANCED_FACE('',(#3880,#3881),#4098,.F.);
#4277=ADVANCED_FACE('',(#3882),#4099,.T.);
#4278=ADVANCED_FACE('',(#3883),#4100,.T.);
#4279=ADVANCED_FACE('',(#3884),#4101,.T.);
#4280=ADVANCED_FACE('',(#3885),#41,.T.);
#4281=ADVANCED_FACE('',(#3886),#63,.F.);
#4282=ADVANCED_FACE('',(#3887),#4102,.T.);
#4283=ADVANCED_FACE('',(#3888),#4103,.F.);
#4284=ADVANCED_FACE('',(#3889),#42,.T.);
#4285=ADVANCED_FACE('',(#3890),#64,.F.);
#4286=ADVANCED_FACE('',(#3891),#4104,.T.);
#4287=ADVANCED_FACE('',(#3892,#3893),#43,.T.);
#4288=ADVANCED_FACE('',(#3894),#4105,.T.);
#4289=ADVANCED_FACE('',(#3895),#44,.T.);
#4290=ADVANCED_FACE('',(#3896),#65,.F.);
#4291=ADVANCED_FACE('',(#3897),#4106,.T.);
#4292=ADVANCED_FACE('',(#3898),#4107,.F.);
#4293=ADVANCED_FACE('',(#3899),#45,.T.);
#4294=ADVANCED_FACE('',(#3900),#66,.F.);
#4295=ADVANCED_FACE('',(#3901),#4108,.T.);
#4296=ADVANCED_FACE('',(#3902,#3903),#46,.T.);
#4297=ADVANCED_FACE('',(#3904),#899,.T.);
#4298=ADVANCED_FACE('',(#3905),#900,.T.);
#4299=ADVANCED_FACE('',(#3906),#901,.F.);
#4300=ADVANCED_FACE('',(#3907),#902,.F.);
#4301=ADVANCED_FACE('',(#3908),#903,.F.);
#4302=ADVANCED_FACE('',(#3909),#904,.F.);
#4303=ADVANCED_FACE('',(#3910),#905,.F.);
#4304=ADVANCED_FACE('',(#3911),#906,.T.);
#4305=ADVANCED_FACE('',(#3912),#907,.T.);
#4306=ADVANCED_FACE('',(#3913),#908,.T.);
#4307=ADVANCED_FACE('',(#3914),#909,.T.);
#4308=ADVANCED_FACE('',(#3915),#910,.T.);
#4309=ADVANCED_FACE('',(#3916),#911,.T.);
#4310=ADVANCED_FACE('',(#3917),#912,.T.);
#4311=ADVANCED_FACE('',(#3918),#913,.F.);
#4312=ADVANCED_FACE('',(#3919,#3920),#4109,.T.);
#4313=ADVANCED_FACE('',(#3921),#914,.T.);
#4314=ADVANCED_FACE('',(#3922),#915,.T.);
#4315=ADVANCED_FACE('',(#3923),#916,.F.);
#4316=ADVANCED_FACE('',(#3924),#917,.F.);
#4317=ADVANCED_FACE('',(#3925),#918,.F.);
#4318=ADVANCED_FACE('',(#3926),#919,.F.);
#4319=ADVANCED_FACE('',(#3927),#920,.F.);
#4320=ADVANCED_FACE('',(#3928),#921,.F.);
#4321=ADVANCED_FACE('',(#3929),#922,.F.);
#4322=ADVANCED_FACE('',(#3930),#923,.T.);
#4323=ADVANCED_FACE('',(#3931),#924,.T.);
#4324=ADVANCED_FACE('',(#3932),#925,.T.);
#4325=ADVANCED_FACE('',(#3933),#926,.T.);
#4326=ADVANCED_FACE('',(#3934),#927,.T.);
#4327=ADVANCED_FACE('',(#3935),#928,.T.);
#4328=ADVANCED_FACE('',(#3936,#3937),#929,.F.);
#4329=ADVANCED_FACE('',(#3938,#3939,#3940,#3941),#4110,.T.);
#4330=ADVANCED_FACE('',(#3942),#930,.T.);
#4331=ADVANCED_FACE('',(#3943,#3944,#3945,#3946),#4111,.F.);
#4332=ADVANCED_FACE('',(#3947),#931,.T.);
#4333=ADVANCED_FACE('',(#3948,#3949),#4112,.F.);
#4334=ADVANCED_FACE('',(#3950,#3951),#4113,.F.);
#4335=ADVANCED_FACE('',(#3952),#932,.F.);
#4336=ADVANCED_FACE('',(#3953),#933,.T.);
#4337=ADVANCED_FACE('',(#3954),#934,.T.);
#4338=ADVANCED_FACE('',(#3955),#935,.F.);
#4339=ADVANCED_FACE('',(#3956),#936,.T.);
#4340=ADVANCED_FACE('',(#3957),#937,.F.);
#4341=ADVANCED_FACE('',(#3958),#4114,.F.);
#4342=ADVANCED_FACE('',(#3959),#938,.F.);
#4343=ADVANCED_FACE('',(#3960),#939,.F.);
#4344=ADVANCED_FACE('',(#3961),#940,.F.);
#4345=ADVANCED_FACE('',(#3962),#941,.F.);
#4346=ADVANCED_FACE('',(#3963),#942,.F.);
#4347=ADVANCED_FACE('',(#3964),#943,.F.);
#4348=ADVANCED_FACE('',(#3965),#944,.F.);
#4349=ADVANCED_FACE('',(#3966),#945,.F.);
#4350=ADVANCED_FACE('',(#3967),#946,.F.);
#4351=ADVANCED_FACE('',(#3968),#947,.F.);
#4352=ADVANCED_FACE('',(#3969),#948,.T.);
#4353=ADVANCED_FACE('',(#3970),#949,.T.);
#4354=ADVANCED_FACE('',(#3971),#950,.T.);
#4355=ADVANCED_FACE('',(#3972),#951,.T.);
#4356=ADVANCED_FACE('',(#3973),#952,.T.);
#4357=ADVANCED_FACE('',(#3974),#953,.F.);
#4358=ADVANCED_FACE('',(#3975),#954,.T.);
#4359=ADVANCED_FACE('',(#3976),#955,.F.);
#4360=ADVANCED_FACE('',(#3977),#956,.F.);
#4361=ADVANCED_FACE('',(#3978),#957,.T.);
#4362=ADVANCED_FACE('',(#3979,#3980),#4115,.T.);
#4363=ADVANCED_FACE('',(#3981,#3982),#958,.T.);
#4364=ADVANCED_FACE('',(#3983,#3984),#4116,.F.);
#4365=ADVANCED_FACE('',(#3985,#3986),#959,.T.);
#4366=ADVANCED_FACE('',(#3987),#960,.T.);
#4367=ADVANCED_FACE('',(#3988,#3989),#961,.F.);
#4368=ADVANCED_FACE('',(#3990),#962,.F.);
#4369=ADVANCED_FACE('',(#3991),#963,.T.);
#4370=ADVANCED_FACE('',(#3992,#3993),#964,.T.);
#4371=ADVANCED_FACE('',(#3994),#965,.F.);
#4372=ADVANCED_FACE('',(#3995),#966,.T.);
#4373=ADVANCED_FACE('',(#3996),#967,.T.);
#4374=ADVANCED_FACE('',(#3997,#3998),#4117,.F.);
#4375=ADVANCED_FACE('',(#3999),#968,.T.);
#4376=ADVANCED_FACE('',(#4000,#4001),#4118,.F.);
#4377=ADVANCED_FACE('',(#4002),#969,.T.);
#4378=ADVANCED_FACE('',(#4003,#4004,#4005,#4006),#4119,.T.);
#4379=ADVANCED_FACE('',(#4007,#4008,#4009,#4010),#4120,.F.);
#4380=ADVANCED_FACE('',(#4011,#4012),#970,.F.);
#4381=ADVANCED_FACE('',(#4013,#4014),#971,.F.);
#4382=ADVANCED_FACE('',(#4015),#972,.F.);
#4383=ADVANCED_FACE('',(#4016),#973,.T.);
#4384=ADVANCED_FACE('',(#4017,#4018),#974,.T.);
#4385=ADVANCED_FACE('',(#4019),#975,.T.);
#4386=ADVANCED_FACE('',(#4020),#976,.T.);
#4387=ADVANCED_FACE('',(#4021),#977,.F.);
#4388=ADVANCED_FACE('',(#4022,#4023),#978,.F.);
#4389=ADVANCED_FACE('',(#4024),#979,.T.);
#4390=ADVANCED_FACE('',(#4025,#4026),#4121,.F.);
#4391=ADVANCED_FACE('',(#4027,#4028),#4122,.F.);
#4392=ADVANCED_FACE('',(#4029,#4030),#4123,.F.);
#4393=ADVANCED_FACE('',(#4031),#980,.T.);
#4394=ADVANCED_FACE('',(#4032,#4033),#4124,.F.);
#4395=ADVANCED_FACE('',(#4034),#981,.T.);
#4396=ADVANCED_FACE('',(#4035,#4036),#4125,.T.);
#4397=ADVANCED_FACE('',(#4037),#982,.T.);
#4398=ADVANCED_FACE('',(#4038),#983,.F.);
#4399=ADVANCED_FACE('',(#4039,#4040),#4126,.T.);
#4400=ADVANCED_FACE('',(#4041),#984,.T.);
#4401=ADVANCED_FACE('',(#4042),#985,.F.);
#4402=CLOSED_SHELL('',(#4127,#4128,#4129));
#4403=CLOSED_SHELL('',(#4130,#4131,#4132,#4133,#4134,#4135,#4136,#4137,
#4138,#4139,#4140,#4141,#4142,#4143));
#4404=CLOSED_SHELL('',(#4144,#4145,#4146));
#4405=CLOSED_SHELL('',(#4147,#4148,#4149));
#4406=CLOSED_SHELL('',(#4150,#4151,#4152,#4153,#4154,#4155,#4156,#4157,
#4158,#4159,#4160,#4161,#4162,#4163,#4164,#4165,#4166,#4167,#4168,#4169,
#4170,#4171,#4172,#4173,#4174,#4175,#4176,#4177,#4178,#4179,#4180,#4181,
#4182,#4183,#4184,#4185,#4186,#4187,#4188,#4189,#4190,#4191,#4192,#4193,
#4194,#4195,#4196,#4197,#4198,#4199,#4200,#4201,#4202,#4203,#4204,#4205,
#4206,#4207,#4208,#4209,#4210,#4211,#4212,#4213,#4214,#4215,#4216,#4217,
#4218,#4219,#4220,#4221,#4222,#4223,#4224,#4225,#4226,#4227,#4228,#4229,
#4230,#4231,#4232,#4233,#4234,#4235,#4236,#4237,#4238,#4239,#4240,#4241,
#4242,#4243,#4244,#4245,#4246,#4247,#4248,#4249,#4250,#4251,#4252,#4253,
#4254,#4255,#4256,#4257,#4258,#4259,#4260,#4261,#4262,#4263,#4264,#4265,
#4266,#4267,#4268,#4269,#4270,#4271,#4272,#4273,#4274,#4275,#4276,#4277,
#4278,#4279,#4280,#4281,#4282,#4283,#4284,#4285,#4286,#4287,#4288,#4289,
#4290,#4291,#4292,#4293,#4294,#4295,#4296));
#4407=CLOSED_SHELL('',(#4297,#4298,#4299,#4300,#4301,#4302,#4303,#4304,
#4305,#4306,#4307,#4308,#4309,#4310,#4311,#4312,#4313));
#4408=CLOSED_SHELL('',(#4314,#4315,#4316,#4317,#4318,#4319,#4320,#4321,
#4322,#4323,#4324,#4325,#4326,#4327,#4328,#4329,#4330,#4331,#4332,#4333,
#4334,#4335,#4336,#4337,#4338,#4339,#4340,#4341,#4342,#4343,#4344,#4345,
#4346,#4347,#4348,#4349,#4350,#4351,#4352,#4353,#4354,#4355,#4356,#4357,
#4358,#4359,#4360,#4361));
#4409=CLOSED_SHELL('',(#4362,#4363,#4364,#4365,#4366,#4367,#4368,#4369,
#4370,#4371,#4372,#4373,#4374,#4375,#4376,#4377));
#4410=CLOSED_SHELL('',(#4378,#4379,#4380,#4381,#4382,#4383,#4384,#4385,
#4386,#4387,#4388,#4389,#4390,#4391,#4392,#4393,#4394,#4395));
#4411=CLOSED_SHELL('',(#4396,#4397,#4398));
#4412=CLOSED_SHELL('',(#4399,#4400,#4401));
#4413=STYLED_ITEM('',(#4424),#4496);
#4414=STYLED_ITEM('',(#4425),#4497);
#4415=STYLED_ITEM('',(#4426),#4498);
#4416=STYLED_ITEM('',(#4427),#4499);
#4417=STYLED_ITEM('',(#4428),#4500);
#4418=STYLED_ITEM('',(#4429),#4501);
#4419=STYLED_ITEM('',(#4430),#4502);
#4420=STYLED_ITEM('',(#4431),#4503);
#4421=STYLED_ITEM('',(#4432),#4504);
#4422=STYLED_ITEM('',(#4433),#4505);
#4423=STYLED_ITEM('',(#4434),#4506);
#4424=PRESENTATION_STYLE_ASSIGNMENT((#4435));
#4425=PRESENTATION_STYLE_ASSIGNMENT((#4436));
#4426=PRESENTATION_STYLE_ASSIGNMENT((#4437));
#4427=PRESENTATION_STYLE_ASSIGNMENT((#4438));
#4428=PRESENTATION_STYLE_ASSIGNMENT((#4439));
#4429=PRESENTATION_STYLE_ASSIGNMENT((#4440));
#4430=PRESENTATION_STYLE_ASSIGNMENT((#4441));
#4431=PRESENTATION_STYLE_ASSIGNMENT((#4442));
#4432=PRESENTATION_STYLE_ASSIGNMENT((#4443));
#4433=PRESENTATION_STYLE_ASSIGNMENT((#4444));
#4434=PRESENTATION_STYLE_ASSIGNMENT((#4445));
#4435=SURFACE_STYLE_USAGE(.BOTH.,#4446);
#4436=SURFACE_STYLE_USAGE(.BOTH.,#4447);
#4437=SURFACE_STYLE_USAGE(.BOTH.,#4448);
#4438=SURFACE_STYLE_USAGE(.BOTH.,#4449);
#4439=SURFACE_STYLE_USAGE(.BOTH.,#4450);
#4440=SURFACE_STYLE_USAGE(.BOTH.,#4451);
#4441=SURFACE_STYLE_USAGE(.BOTH.,#4452);
#4442=SURFACE_STYLE_USAGE(.BOTH.,#4453);
#4443=SURFACE_STYLE_USAGE(.BOTH.,#4454);
#4444=SURFACE_STYLE_USAGE(.BOTH.,#4455);
#4445=SURFACE_STYLE_USAGE(.BOTH.,#4456);
#4446=SURFACE_SIDE_STYLE('',(#4457));
#4447=SURFACE_SIDE_STYLE('',(#4458));
#4448=SURFACE_SIDE_STYLE('',(#4459));
#4449=SURFACE_SIDE_STYLE('',(#4460));
#4450=SURFACE_SIDE_STYLE('',(#4461));
#4451=SURFACE_SIDE_STYLE('',(#4462));
#4452=SURFACE_SIDE_STYLE('',(#4463));
#4453=SURFACE_SIDE_STYLE('',(#4464));
#4454=SURFACE_SIDE_STYLE('',(#4465));
#4455=SURFACE_SIDE_STYLE('',(#4466));
#4456=SURFACE_SIDE_STYLE('',(#4467));
#4457=SURFACE_STYLE_FILL_AREA(#4468);
#4458=SURFACE_STYLE_FILL_AREA(#4469);
#4459=SURFACE_STYLE_FILL_AREA(#4470);
#4460=SURFACE_STYLE_FILL_AREA(#4471);
#4461=SURFACE_STYLE_FILL_AREA(#4472);
#4462=SURFACE_STYLE_FILL_AREA(#4473);
#4463=SURFACE_STYLE_FILL_AREA(#4474);
#4464=SURFACE_STYLE_FILL_AREA(#4475);
#4465=SURFACE_STYLE_FILL_AREA(#4476);
#4466=SURFACE_STYLE_FILL_AREA(#4477);
#4467=SURFACE_STYLE_FILL_AREA(#4478);
#4468=FILL_AREA_STYLE('',(#4479));
#4469=FILL_AREA_STYLE('',(#4480));
#4470=FILL_AREA_STYLE('',(#4481));
#4471=FILL_AREA_STYLE('',(#4482));
#4472=FILL_AREA_STYLE('',(#4483));
#4473=FILL_AREA_STYLE('',(#4484));
#4474=FILL_AREA_STYLE('',(#4485));
#4475=FILL_AREA_STYLE('',(#4486));
#4476=FILL_AREA_STYLE('',(#4487));
#4477=FILL_AREA_STYLE('',(#4488));
#4478=FILL_AREA_STYLE('',(#4489));
#4479=FILL_AREA_STYLE_COLOUR('',#4490);
#4480=FILL_AREA_STYLE_COLOUR('',#4491);
#4481=FILL_AREA_STYLE_COLOUR('',#4492);
#4482=FILL_AREA_STYLE_COLOUR('',#4493);
#4483=FILL_AREA_STYLE_COLOUR('',#4491);
#4484=FILL_AREA_STYLE_COLOUR('',#10);
#4485=FILL_AREA_STYLE_COLOUR('',#4491);
#4486=FILL_AREA_STYLE_COLOUR('',#4491);
#4487=FILL_AREA_STYLE_COLOUR('',#4493);
#4488=FILL_AREA_STYLE_COLOUR('',#4494);
#4489=FILL_AREA_STYLE_COLOUR('',#4495);
#4490=COLOUR_RGB('',0.917647058823529,0.917647058823529,0.917647058823529);
#4491=COLOUR_RGB('',0.615686274509804,0.811764705882353,0.929411764705882);
#4492=COLOUR_RGB('',0.768627450980392,0.886274509803922,0.952941176470588);
#4493=COLOUR_RGB('',0.647058823529412,0.647058823529412,0.647058823529412);
#4494=COLOUR_RGB('',0.972549019607843,0.529411764705882,0.00392156862745098);
#4495=COLOUR_RGB('',0.231372549019608,0.380392156862745,0.705882352941177);
#4496=MANIFOLD_SOLID_BREP('Part 4',#4402);
#4497=MANIFOLD_SOLID_BREP('Part 1',#4403);
#4498=MANIFOLD_SOLID_BREP('Part 5',#4404);
#4499=MANIFOLD_SOLID_BREP('Part 2',#4405);
#4500=MANIFOLD_SOLID_BREP('Part 1',#4406);
#4501=MANIFOLD_SOLID_BREP('Part 1',#4407);
#4502=MANIFOLD_SOLID_BREP('Part 7',#4408);
#4503=MANIFOLD_SOLID_BREP('Part 1',#4409);
#4504=MANIFOLD_SOLID_BREP('Part 2',#4410);
#4505=MANIFOLD_SOLID_BREP('Part 6',#4411);
#4506=MANIFOLD_SOLID_BREP('Part 3',#4412);
#4507=SHAPE_DEFINITION_REPRESENTATION(#8048,#4519);
#4508=SHAPE_DEFINITION_REPRESENTATION(#8049,#4520);
#4509=SHAPE_DEFINITION_REPRESENTATION(#8051,#4521);
#4510=SHAPE_DEFINITION_REPRESENTATION(#8053,#4522);
#4511=SHAPE_DEFINITION_REPRESENTATION(#8055,#4523);
#4512=SHAPE_DEFINITION_REPRESENTATION(#8057,#4524);
#4513=SHAPE_DEFINITION_REPRESENTATION(#8059,#4525);
#4514=SHAPE_DEFINITION_REPRESENTATION(#8062,#4526);
#4515=SHAPE_DEFINITION_REPRESENTATION(#8064,#4527);
#4516=SHAPE_DEFINITION_REPRESENTATION(#8066,#4528);
#4517=SHAPE_DEFINITION_REPRESENTATION(#8069,#4529);
#4518=SHAPE_DEFINITION_REPRESENTATION(#8071,#4530);
#4519=SHAPE_REPRESENTATION('tvc build',(#4531,#4537,#4566,#4572,#4578,#4845,
#4866,#4867,#4924,#4952,#4982,#4983,#4989,#4995,#4996),#8021);
#4520=SHAPE_REPRESENTATION('Part 4',(#4531),#8022);
#4521=SHAPE_REPRESENTATION('Part 1',(#4531),#8023);
#4522=SHAPE_REPRESENTATION('Part 5',(#4531),#8024);
#4523=SHAPE_REPRESENTATION('Part 2',(#4531),#8025);
#4524=SHAPE_REPRESENTATION('Part 1',(#4531),#8026);
#4525=SHAPE_REPRESENTATION('Part 1',(#4531),#8027);
#4526=SHAPE_REPRESENTATION('Part 7',(#4531),#8028);
#4527=SHAPE_REPRESENTATION('Part 1',(#4531),#8029);
#4528=SHAPE_REPRESENTATION('Part 2',(#4531),#8030);
#4529=SHAPE_REPRESENTATION('Part 6',(#4531),#8031);
#4530=SHAPE_REPRESENTATION('Part 3',(#4531),#8032);
#4531=AXIS2_PLACEMENT_3D('',#6249,#4997,#4998);
#4532=AXIS2_PLACEMENT_3D('',#6250,#4999,#5000);
#4533=AXIS2_PLACEMENT_3D('',#6251,#5001,#5002);
#4534=AXIS2_PLACEMENT_3D('',#6253,#5003,#5004);
#4535=AXIS2_PLACEMENT_3D('',#6255,#5005,#5006);
#4536=AXIS2_PLACEMENT_3D('',#6256,#5007,#5008);
#4537=AXIS2_PLACEMENT_3D('',#6257,#5009,#5010);
#4538=AXIS2_PLACEMENT_3D('',#6258,#5011,#5012);
#4539=AXIS2_PLACEMENT_3D('',#6259,#5013,#5014);
#4540=AXIS2_PLACEMENT_3D('',#6264,#5016,#5017);
#4541=AXIS2_PLACEMENT_3D('',#6267,#5019,#5020);
#4542=AXIS2_PLACEMENT_3D('',#6307,#5026,#5027);
#4543=AXIS2_PLACEMENT_3D('',#6308,#5028,#5029);
#4544=AXIS2_PLACEMENT_3D('',#6310,#5030,#5031);
#4545=AXIS2_PLACEMENT_3D('',#6312,#5032,#5033);
#4546=AXIS2_PLACEMENT_3D('',#6313,#5034,#5035);
#4547=AXIS2_PLACEMENT_3D('',#6315,#5036,#5037);
#4548=AXIS2_PLACEMENT_3D('',#6317,#5038,#5039);
#4549=AXIS2_PLACEMENT_3D('',#6318,#5040,#5041);
#4550=AXIS2_PLACEMENT_3D('',#6320,#5042,#5043);
#4551=AXIS2_PLACEMENT_3D('',#6322,#5044,#5045);
#4552=AXIS2_PLACEMENT_3D('',#6323,#5046,#5047);
#4553=AXIS2_PLACEMENT_3D('',#6325,#5048,#5049);
#4554=AXIS2_PLACEMENT_3D('',#6327,#5050,#5051);
#4555=AXIS2_PLACEMENT_3D('',#6328,#5052,#5053);
#4556=AXIS2_PLACEMENT_3D('',#6330,#5054,#5055);
#4557=AXIS2_PLACEMENT_3D('',#6332,#5056,#5057);
#4558=AXIS2_PLACEMENT_3D('',#6335,#5060,#5061);
#4559=AXIS2_PLACEMENT_3D('',#6336,#5062,#5063);
#4560=AXIS2_PLACEMENT_3D('',#6338,#5064,#5065);
#4561=AXIS2_PLACEMENT_3D('',#6340,#5066,#5067);
#4562=AXIS2_PLACEMENT_3D('',#6341,#5068,#5069);
#4563=AXIS2_PLACEMENT_3D('',#6343,#5070,#5071);
#4564=AXIS2_PLACEMENT_3D('',#6345,#5072,#5073);
#4565=AXIS2_PLACEMENT_3D('',#6346,#5074,#5075);
#4566=AXIS2_PLACEMENT_3D('',#6347,#5076,#5077);
#4567=AXIS2_PLACEMENT_3D('',#6348,#5078,#5079);
#4568=AXIS2_PLACEMENT_3D('',#6349,#5080,#5081);
#4569=AXIS2_PLACEMENT_3D('',#6351,#5082,#5083);
#4570=AXIS2_PLACEMENT_3D('',#6353,#5084,#5085);
#4571=AXIS2_PLACEMENT_3D('',#6354,#5086,#5087);
#4572=AXIS2_PLACEMENT_3D('',#6355,#5088,#5089);
#4573=AXIS2_PLACEMENT_3D('',#6356,#5090,#5091);
#4574=AXIS2_PLACEMENT_3D('',#6357,#5092,#5093);
#4575=AXIS2_PLACEMENT_3D('',#6359,#5094,#5095);
#4576=AXIS2_PLACEMENT_3D('',#6361,#5096,#5097);
#4577=AXIS2_PLACEMENT_3D('',#6362,#5098,#5099);
#4578=AXIS2_PLACEMENT_3D('',#6363,#5100,#5101);
#4579=AXIS2_PLACEMENT_3D('',#6364,#5102,#5103);
#4580=AXIS2_PLACEMENT_3D('',#6378,#5105,#5106);
#4581=AXIS2_PLACEMENT_3D('',#6392,#5108,#5109);
#4582=AXIS2_PLACEMENT_3D('',#6402,#5111,#5112);
#4583=AXIS2_PLACEMENT_3D('',#6418,#5114,#5115);
#4584=AXIS2_PLACEMENT_3D('',#6425,#5116,#5117);
#4585=AXIS2_PLACEMENT_3D('',#6427,#5118,#5119);
#4586=AXIS2_PLACEMENT_3D('',#6429,#5120,#5121);
#4587=AXIS2_PLACEMENT_3D('',#6442,#5122,#5123);
#4588=AXIS2_PLACEMENT_3D('',#6456,#5125,#5126);
#4589=AXIS2_PLACEMENT_3D('',#6468,#5127,#5128);
#4590=AXIS2_PLACEMENT_3D('',#6488,#5130,#5131);
#4591=AXIS2_PLACEMENT_3D('',#6504,#5133,#5134);
#4592=AXIS2_PLACEMENT_3D('',#6535,#5136,#5137);
#4593=AXIS2_PLACEMENT_3D('',#6553,#5138,#5139);
#4594=AXIS2_PLACEMENT_3D('',#6559,#5140,#5141);
#4595=AXIS2_PLACEMENT_3D('',#6560,#5142,#5143);
#4596=AXIS2_PLACEMENT_3D('',#6561,#5144,#5145);
#4597=AXIS2_PLACEMENT_3D('',#6563,#5146,#5147);
#4598=AXIS2_PLACEMENT_3D('',#6567,#5149,#5150);
#4599=AXIS2_PLACEMENT_3D('',#6571,#5152,#5153);
#4600=AXIS2_PLACEMENT_3D('',#6572,#5154,#5155);
#4601=AXIS2_PLACEMENT_3D('',#6577,#5157,#5158);
#4602=AXIS2_PLACEMENT_3D('',#6580,#5160,#5161);
#4603=AXIS2_PLACEMENT_3D('',#6582,#5162,#5163);
#4604=AXIS2_PLACEMENT_3D('',#6583,#5164,#5165);
#4605=AXIS2_PLACEMENT_3D('',#6592,#5170,#5171);
#4606=AXIS2_PLACEMENT_3D('',#6595,#5174,#5175);
#4607=AXIS2_PLACEMENT_3D('',#6598,#5178,#5179);
#4608=AXIS2_PLACEMENT_3D('',#6599,#5180,#5181);
#4609=AXIS2_PLACEMENT_3D('',#6600,#5182,#5183);
#4610=AXIS2_PLACEMENT_3D('',#6616,#5187,#5188);
#4611=AXIS2_PLACEMENT_3D('',#6632,#5192,#5193);
#4612=AXIS2_PLACEMENT_3D('',#6636,#5195,#5196);
#4613=AXIS2_PLACEMENT_3D('',#6640,#5198,#5199);
#4614=AXIS2_PLACEMENT_3D('',#6645,#5202,#5203);
#4615=AXIS2_PLACEMENT_3D('',#6647,#5204,#5205);
#4616=AXIS2_PLACEMENT_3D('',#6651,#5207,#5208);
#4617=AXIS2_PLACEMENT_3D('',#6659,#5212,#5213);
#4618=AXIS2_PLACEMENT_3D('',#6660,#5214,#5215);
#4619=AXIS2_PLACEMENT_3D('',#6662,#5216,#5217);
#4620=AXIS2_PLACEMENT_3D('',#6671,#5222,#5223);
#4621=AXIS2_PLACEMENT_3D('',#6672,#5224,#5225);
#4622=AXIS2_PLACEMENT_3D('',#6674,#5226,#5227);
#4623=AXIS2_PLACEMENT_3D('',#6676,#5228,#5229);
#4624=AXIS2_PLACEMENT_3D('',#6677,#5230,#5231);
#4625=AXIS2_PLACEMENT_3D('',#6678,#5232,#5233);
#4626=AXIS2_PLACEMENT_3D('',#6679,#5234,#5235);
#4627=AXIS2_PLACEMENT_3D('',#6680,#5236,#5237);
#4628=AXIS2_PLACEMENT_3D('',#6681,#5238,#5239);
#4629=AXIS2_PLACEMENT_3D('',#6682,#5240,#5241);
#4630=AXIS2_PLACEMENT_3D('',#6683,#5242,#5243);
#4631=AXIS2_PLACEMENT_3D('',#6695,#5249,#5250);
#4632=AXIS2_PLACEMENT_3D('',#6701,#5253,#5254);
#4633=AXIS2_PLACEMENT_3D('',#6703,#5256,#5257);
#4634=AXIS2_PLACEMENT_3D('',#6712,#5262,#5263);
#4635=AXIS2_PLACEMENT_3D('',#6713,#5264,#5265);
#4636=AXIS2_PLACEMENT_3D('',#6720,#5269,#5270);
#4637=AXIS2_PLACEMENT_3D('',#6721,#5271,#5272);
#4638=AXIS2_PLACEMENT_3D('',#6723,#5273,#5274);
#4639=AXIS2_PLACEMENT_3D('',#6725,#5275,#5276);
#4640=AXIS2_PLACEMENT_3D('',#6726,#5277,#5278);
#4641=AXIS2_PLACEMENT_3D('',#6733,#5279,#5280);
#4642=AXIS2_PLACEMENT_3D('',#6734,#5281,#5282);
#4643=AXIS2_PLACEMENT_3D('',#6735,#5283,#5284);
#4644=AXIS2_PLACEMENT_3D('',#6736,#5285,#5286);
#4645=AXIS2_PLACEMENT_3D('',#6741,#5287,#5288);
#4646=AXIS2_PLACEMENT_3D('',#6742,#5289,#5290);
#4647=AXIS2_PLACEMENT_3D('',#6744,#5291,#5292);
#4648=AXIS2_PLACEMENT_3D('',#6745,#5293,#5294);
#4649=AXIS2_PLACEMENT_3D('',#6746,#5295,#5296);
#4650=AXIS2_PLACEMENT_3D('',#6747,#5297,#5298);
#4651=AXIS2_PLACEMENT_3D('',#6748,#5299,#5300);
#4652=AXIS2_PLACEMENT_3D('',#6750,#5302,#5303);
#4653=AXIS2_PLACEMENT_3D('',#6753,#5305,#5306);
#4654=AXIS2_PLACEMENT_3D('',#6755,#5308,#5309);
#4655=AXIS2_PLACEMENT_3D('',#6756,#5310,#5311);
#4656=AXIS2_PLACEMENT_3D('',#6757,#5312,#5313);
#4657=AXIS2_PLACEMENT_3D('',#6758,#5314,#5315);
#4658=AXIS2_PLACEMENT_3D('',#6759,#5316,#5317);
#4659=AXIS2_PLACEMENT_3D('',#6760,#5318,#5319);
#4660=AXIS2_PLACEMENT_3D('',#6765,#5320,#5321);
#4661=AXIS2_PLACEMENT_3D('',#6766,#5322,#5323);
#4662=AXIS2_PLACEMENT_3D('',#6767,#5324,#5325);
#4663=AXIS2_PLACEMENT_3D('',#6768,#5326,#5327);
#4664=AXIS2_PLACEMENT_3D('',#6769,#5328,#5329);
#4665=AXIS2_PLACEMENT_3D('',#6770,#5330,#5331);
#4666=AXIS2_PLACEMENT_3D('',#6783,#5332,#5333);
#4667=AXIS2_PLACEMENT_3D('',#6784,#5334,#5335);
#4668=AXIS2_PLACEMENT_3D('',#6786,#5337,#5338);
#4669=AXIS2_PLACEMENT_3D('',#6791,#5339,#5340);
#4670=AXIS2_PLACEMENT_3D('',#6792,#5341,#5342);
#4671=AXIS2_PLACEMENT_3D('',#6805,#5343,#5344);
#4672=AXIS2_PLACEMENT_3D('',#6806,#5345,#5346);
#4673=AXIS2_PLACEMENT_3D('',#6807,#5347,#5348);
#4674=AXIS2_PLACEMENT_3D('',#6812,#5349,#5350);
#4675=AXIS2_PLACEMENT_3D('',#6813,#5351,#5352);
#4676=AXIS2_PLACEMENT_3D('',#6814,#5353,#5354);
#4677=AXIS2_PLACEMENT_3D('',#6830,#5355,#5356);
#4678=AXIS2_PLACEMENT_3D('',#6831,#5357,#5358);
#4679=AXIS2_PLACEMENT_3D('',#6832,#5359,#5360);
#4680=AXIS2_PLACEMENT_3D('',#6833,#5361,#5362);
#4681=AXIS2_PLACEMENT_3D('',#6834,#5363,#5364);
#4682=AXIS2_PLACEMENT_3D('',#6835,#5365,#5366);
#4683=AXIS2_PLACEMENT_3D('',#6836,#5367,#5368);
#4684=AXIS2_PLACEMENT_3D('',#6856,#5369,#5370);
#4685=AXIS2_PLACEMENT_3D('',#6857,#5371,#5372);
#4686=AXIS2_PLACEMENT_3D('',#6858,#5373,#5374);
#4687=AXIS2_PLACEMENT_3D('',#6863,#5375,#5376);
#4688=AXIS2_PLACEMENT_3D('',#6864,#5377,#5378);
#4689=AXIS2_PLACEMENT_3D('',#6865,#5379,#5380);
#4690=AXIS2_PLACEMENT_3D('',#6881,#5381,#5382);
#4691=AXIS2_PLACEMENT_3D('',#6882,#5383,#5384);
#4692=AXIS2_PLACEMENT_3D('',#6883,#5385,#5386);
#4693=AXIS2_PLACEMENT_3D('',#6884,#5387,#5388);
#4694=AXIS2_PLACEMENT_3D('',#6885,#5389,#5390);
#4695=AXIS2_PLACEMENT_3D('',#6886,#5391,#5392);
#4696=AXIS2_PLACEMENT_3D('',#6887,#5393,#5394);
#4697=AXIS2_PLACEMENT_3D('',#6907,#5395,#5396);
#4698=AXIS2_PLACEMENT_3D('',#6908,#5397,#5398);
#4699=AXIS2_PLACEMENT_3D('',#6909,#5399,#5400);
#4700=AXIS2_PLACEMENT_3D('',#6910,#5401,#5402);
#4701=AXIS2_PLACEMENT_3D('',#6920,#5407,#5408);
#4702=AXIS2_PLACEMENT_3D('',#6921,#5409,#5410);
#4703=AXIS2_PLACEMENT_3D('',#6931,#5415,#5416);
#4704=AXIS2_PLACEMENT_3D('',#6932,#5417,#5418);
#4705=AXIS2_PLACEMENT_3D('',#6940,#5422,#5423);
#4706=AXIS2_PLACEMENT_3D('',#6949,#5428,#5429);
#4707=AXIS2_PLACEMENT_3D('',#6955,#5432,#5433);
#4708=AXIS2_PLACEMENT_3D('',#6958,#5435,#5436);
#4709=AXIS2_PLACEMENT_3D('',#6959,#5437,#5438);
#4710=AXIS2_PLACEMENT_3D('',#6961,#5439,#5440);
#4711=AXIS2_PLACEMENT_3D('',#6963,#5441,#5442);
#4712=AXIS2_PLACEMENT_3D('',#6964,#5443,#5444);
#4713=AXIS2_PLACEMENT_3D('',#6965,#5445,#5446);
#4714=AXIS2_PLACEMENT_3D('',#6966,#5447,#5448);
#4715=AXIS2_PLACEMENT_3D('',#6967,#5449,#5450);
#4716=AXIS2_PLACEMENT_3D('',#6968,#5451,#5452);
#4717=AXIS2_PLACEMENT_3D('',#6969,#5453,#5454);
#4718=AXIS2_PLACEMENT_3D('',#6970,#5455,#5456);
#4719=AXIS2_PLACEMENT_3D('',#6971,#5457,#5458);
#4720=AXIS2_PLACEMENT_3D('',#6972,#5459,#5460);
#4721=AXIS2_PLACEMENT_3D('',#6973,#5461,#5462);
#4722=AXIS2_PLACEMENT_3D('',#6974,#5463,#5464);
#4723=AXIS2_PLACEMENT_3D('',#6979,#5465,#5466);
#4724=AXIS2_PLACEMENT_3D('',#6980,#5467,#5468);
#4725=AXIS2_PLACEMENT_3D('',#6981,#5469,#5470);
#4726=AXIS2_PLACEMENT_3D('',#6982,#5471,#5472);
#4727=AXIS2_PLACEMENT_3D('',#6987,#5473,#5474);
#4728=AXIS2_PLACEMENT_3D('',#6988,#5475,#5476);
#4729=AXIS2_PLACEMENT_3D('',#6989,#5477,#5478);
#4730=AXIS2_PLACEMENT_3D('',#6990,#5479,#5480);
#4731=AXIS2_PLACEMENT_3D('',#6991,#5481,#5482);
#4732=AXIS2_PLACEMENT_3D('',#6992,#5483,#5484);
#4733=AXIS2_PLACEMENT_3D('',#6993,#5485,#5486);
#4734=AXIS2_PLACEMENT_3D('',#7006,#5487,#5488);
#4735=AXIS2_PLACEMENT_3D('',#7019,#5489,#5490);
#4736=AXIS2_PLACEMENT_3D('',#7020,#5491,#5492);
#4737=AXIS2_PLACEMENT_3D('',#7021,#5493,#5494);
#4738=AXIS2_PLACEMENT_3D('',#7022,#5495,#5496);
#4739=AXIS2_PLACEMENT_3D('',#7027,#5497,#5498);
#4740=AXIS2_PLACEMENT_3D('',#7028,#5499,#5500);
#4741=AXIS2_PLACEMENT_3D('',#7029,#5501,#5502);
#4742=AXIS2_PLACEMENT_3D('',#7030,#5503,#5504);
#4743=AXIS2_PLACEMENT_3D('',#7031,#5505,#5506);
#4744=AXIS2_PLACEMENT_3D('',#7048,#5507,#5508);
#4745=AXIS2_PLACEMENT_3D('',#7061,#5509,#5510);
#4746=AXIS2_PLACEMENT_3D('',#7062,#5511,#5512);
#4747=AXIS2_PLACEMENT_3D('',#7063,#5513,#5514);
#4748=AXIS2_PLACEMENT_3D('',#7064,#5515,#5516);
#4749=AXIS2_PLACEMENT_3D('',#7065,#5517,#5518);
#4750=AXIS2_PLACEMENT_3D('',#7066,#5519,#5520);
#4751=AXIS2_PLACEMENT_3D('',#7069,#5521,#5522);
#4752=AXIS2_PLACEMENT_3D('',#7071,#5523,#5524);
#4753=AXIS2_PLACEMENT_3D('',#7072,#5525,#5526);
#4754=AXIS2_PLACEMENT_3D('',#7073,#5527,#5528);
#4755=AXIS2_PLACEMENT_3D('',#7078,#5531,#5532);
#4756=AXIS2_PLACEMENT_3D('',#7079,#5533,#5534);
#4757=AXIS2_PLACEMENT_3D('',#7084,#5536,#5537);
#4758=AXIS2_PLACEMENT_3D('',#7087,#5539,#5540);
#4759=AXIS2_PLACEMENT_3D('',#7088,#5541,#5542);
#4760=AXIS2_PLACEMENT_3D('',#7090,#5543,#5544);
#4761=AXIS2_PLACEMENT_3D('',#7091,#5545,#5546);
#4762=AXIS2_PLACEMENT_3D('',#7101,#5550,#5551);
#4763=AXIS2_PLACEMENT_3D('',#7102,#5552,#5553);
#4764=AXIS2_PLACEMENT_3D('',#7104,#5554,#5555);
#4765=AXIS2_PLACEMENT_3D('',#7105,#5556,#5557);
#4766=AXIS2_PLACEMENT_3D('',#7106,#5558,#5559);
#4767=AXIS2_PLACEMENT_3D('',#7108,#5560,#5561);
#4768=AXIS2_PLACEMENT_3D('',#7109,#5562,#5563);
#4769=AXIS2_PLACEMENT_3D('',#7110,#5564,#5565);
#4770=AXIS2_PLACEMENT_3D('',#7111,#5566,#5567);
#4771=AXIS2_PLACEMENT_3D('',#7113,#5569,#5570);
#4772=AXIS2_PLACEMENT_3D('',#7118,#5571,#5572);
#4773=AXIS2_PLACEMENT_3D('',#7119,#5573,#5574);
#4774=AXIS2_PLACEMENT_3D('',#7120,#5575,#5576);
#4775=AXIS2_PLACEMENT_3D('',#7121,#5577,#5578);
#4776=AXIS2_PLACEMENT_3D('',#7122,#5579,#5580);
#4777=AXIS2_PLACEMENT_3D('',#7131,#5583,#5584);
#4778=AXIS2_PLACEMENT_3D('',#7134,#5586,#5587);
#4779=AXIS2_PLACEMENT_3D('',#7135,#5588,#5589);
#4780=AXIS2_PLACEMENT_3D('',#7136,#5590,#5591);
#4781=AXIS2_PLACEMENT_3D('',#7141,#5594,#5595);
#4782=AXIS2_PLACEMENT_3D('',#7148,#5597,#5598);
#4783=AXIS2_PLACEMENT_3D('',#7150,#5600,#5601);
#4784=AXIS2_PLACEMENT_3D('',#7151,#5602,#5603);
#4785=AXIS2_PLACEMENT_3D('',#7152,#5604,#5605);
#4786=AXIS2_PLACEMENT_3D('',#7165,#5606,#5607);
#4787=AXIS2_PLACEMENT_3D('',#7182,#5608,#5609);
#4788=AXIS2_PLACEMENT_3D('',#7183,#5610,#5611);
#4789=AXIS2_PLACEMENT_3D('',#7200,#5612,#5613);
#4790=AXIS2_PLACEMENT_3D('',#7201,#5614,#5615);
#4791=AXIS2_PLACEMENT_3D('',#7202,#5616,#5617);
#4792=AXIS2_PLACEMENT_3D('',#7215,#5618,#5619);
#4793=AXIS2_PLACEMENT_3D('',#7216,#5620,#5621);
#4794=AXIS2_PLACEMENT_3D('',#7217,#5622,#5623);
#4795=AXIS2_PLACEMENT_3D('',#7226,#5628,#5629);
#4796=AXIS2_PLACEMENT_3D('',#7229,#5632,#5633);
#4797=AXIS2_PLACEMENT_3D('',#7232,#5636,#5637);
#4798=AXIS2_PLACEMENT_3D('',#7233,#5638,#5639);
#4799=AXIS2_PLACEMENT_3D('',#7234,#5640,#5641);
#4800=AXIS2_PLACEMENT_3D('',#7250,#5645,#5646);
#4801=AXIS2_PLACEMENT_3D('',#7266,#5650,#5651);
#4802=AXIS2_PLACEMENT_3D('',#7274,#5655,#5656);
#4803=AXIS2_PLACEMENT_3D('',#7278,#5658,#5659);
#4804=AXIS2_PLACEMENT_3D('',#7279,#5660,#5661);
#4805=AXIS2_PLACEMENT_3D('',#7281,#5662,#5663);
#4806=AXIS2_PLACEMENT_3D('',#7285,#5665,#5666);
#4807=AXIS2_PLACEMENT_3D('',#7293,#5670,#5671);
#4808=AXIS2_PLACEMENT_3D('',#7294,#5672,#5673);
#4809=AXIS2_PLACEMENT_3D('',#7296,#5674,#5675);
#4810=AXIS2_PLACEMENT_3D('',#7305,#5680,#5681);
#4811=AXIS2_PLACEMENT_3D('',#7306,#5682,#5683);
#4812=AXIS2_PLACEMENT_3D('',#7308,#5684,#5685);
#4813=AXIS2_PLACEMENT_3D('',#7310,#5686,#5687);
#4814=AXIS2_PLACEMENT_3D('',#7311,#5688,#5689);
#4815=AXIS2_PLACEMENT_3D('',#7312,#5690,#5691);
#4816=AXIS2_PLACEMENT_3D('',#7313,#5692,#5693);
#4817=AXIS2_PLACEMENT_3D('',#7314,#5694,#5695);
#4818=AXIS2_PLACEMENT_3D('',#7315,#5696,#5697);
#4819=AXIS2_PLACEMENT_3D('',#7316,#5698,#5699);
#4820=AXIS2_PLACEMENT_3D('',#7321,#5700,#5701);
#4821=AXIS2_PLACEMENT_3D('',#7322,#5702,#5703);
#4822=AXIS2_PLACEMENT_3D('',#7323,#5704,#5705);
#4823=AXIS2_PLACEMENT_3D('',#7339,#5706,#5707);
#4824=AXIS2_PLACEMENT_3D('',#7340,#5708,#5709);
#4825=AXIS2_PLACEMENT_3D('',#7341,#5710,#5711);
#4826=AXIS2_PLACEMENT_3D('',#7342,#5712,#5713);
#4827=AXIS2_PLACEMENT_3D('',#7343,#5714,#5715);
#4828=AXIS2_PLACEMENT_3D('',#7344,#5716,#5717);
#4829=AXIS2_PLACEMENT_3D('',#7345,#5718,#5719);
#4830=AXIS2_PLACEMENT_3D('',#7365,#5720,#5721);
#4831=AXIS2_PLACEMENT_3D('',#7366,#5722,#5723);
#4832=AXIS2_PLACEMENT_3D('',#7367,#5724,#5725);
#4833=AXIS2_PLACEMENT_3D('',#7372,#5726,#5727);
#4834=AXIS2_PLACEMENT_3D('',#7373,#5728,#5729);
#4835=AXIS2_PLACEMENT_3D('',#7374,#5730,#5731);
#4836=AXIS2_PLACEMENT_3D('',#7390,#5732,#5733);
#4837=AXIS2_PLACEMENT_3D('',#7391,#5734,#5735);
#4838=AXIS2_PLACEMENT_3D('',#7392,#5736,#5737);
#4839=AXIS2_PLACEMENT_3D('',#7393,#5738,#5739);
#4840=AXIS2_PLACEMENT_3D('',#7394,#5740,#5741);
#4841=AXIS2_PLACEMENT_3D('',#7395,#5742,#5743);
#4842=AXIS2_PLACEMENT_3D('',#7396,#5744,#5745);
#4843=AXIS2_PLACEMENT_3D('',#7416,#5746,#5747);
#4844=AXIS2_PLACEMENT_3D('',#7417,#5748,#5749);
#4845=AXIS2_PLACEMENT_3D('',#7418,#5750,#5751);
#4846=AXIS2_PLACEMENT_3D('',#7419,#5752,#5753);
#4847=AXIS2_PLACEMENT_3D('',#7420,#5754,#5755);
#4848=AXIS2_PLACEMENT_3D('',#7428,#5759,#5760);
#4849=AXIS2_PLACEMENT_3D('',#7437,#5765,#5766);
#4850=AXIS2_PLACEMENT_3D('',#7443,#5770,#5771);
#4851=AXIS2_PLACEMENT_3D('',#7449,#5775,#5776);
#4852=AXIS2_PLACEMENT_3D('',#7455,#5780,#5781);
#4853=AXIS2_PLACEMENT_3D('',#7461,#5785,#5786);
#4854=AXIS2_PLACEMENT_3D('',#7467,#5790,#5791);
#4855=AXIS2_PLACEMENT_3D('',#7468,#5792,#5793);
#4856=AXIS2_PLACEMENT_3D('',#7471,#5796,#5797);
#4857=AXIS2_PLACEMENT_3D('',#7477,#5801,#5802);
#4858=AXIS2_PLACEMENT_3D('',#7483,#5806,#5807);
#4859=AXIS2_PLACEMENT_3D('',#7489,#5811,#5812);
#4860=AXIS2_PLACEMENT_3D('',#7495,#5816,#5817);
#4861=AXIS2_PLACEMENT_3D('',#7498,#5820,#5821);
#4862=AXIS2_PLACEMENT_3D('',#7499,#5822,#5823);
#4863=AXIS2_PLACEMENT_3D('',#7500,#5824,#5825);
#4864=AXIS2_PLACEMENT_3D('',#7501,#5826,#5827);
#4865=AXIS2_PLACEMENT_3D('',#7503,#5828,#5829);
#4866=AXIS2_PLACEMENT_3D('',#7504,#5830,#5831);
#4867=AXIS2_PLACEMENT_3D('',#7505,#5832,#5833);
#4868=AXIS2_PLACEMENT_3D('',#7506,#5834,#5835);
#4869=AXIS2_PLACEMENT_3D('',#7531,#5848,#5849);
#4870=AXIS2_PLACEMENT_3D('',#7551,#5859,#5860);
#4871=AXIS2_PLACEMENT_3D('',#7552,#5861,#5862);
#4872=AXIS2_PLACEMENT_3D('',#7558,#5865,#5866);
#4873=AXIS2_PLACEMENT_3D('',#7571,#5873,#5874);
#4874=AXIS2_PLACEMENT_3D('',#7583,#5881,#5882);
#4875=AXIS2_PLACEMENT_3D('',#7590,#5887,#5888);
#4876=AXIS2_PLACEMENT_3D('',#7600,#5894,#5895);
#4877=AXIS2_PLACEMENT_3D('',#7609,#5901,#5902);
#4878=AXIS2_PLACEMENT_3D('',#7613,#5905,#5906);
#4879=AXIS2_PLACEMENT_3D('',#7617,#5909,#5910);
#4880=AXIS2_PLACEMENT_3D('',#7621,#5913,#5914);
#4881=AXIS2_PLACEMENT_3D('',#7623,#5916,#5917);
#4882=AXIS2_PLACEMENT_3D('',#7627,#5920,#5921);
#4883=AXIS2_PLACEMENT_3D('',#7631,#5924,#5925);
#4884=AXIS2_PLACEMENT_3D('',#7633,#5927,#5928);
#4885=AXIS2_PLACEMENT_3D('',#7634,#5929,#5930);
#4886=AXIS2_PLACEMENT_3D('',#7636,#5931,#5932);
#4887=AXIS2_PLACEMENT_3D('',#7637,#5933,#5934);
#4888=AXIS2_PLACEMENT_3D('',#7638,#5935,#5936);
#4889=AXIS2_PLACEMENT_3D('',#7643,#5938,#5939);
#4890=AXIS2_PLACEMENT_3D('',#7670,#5941,#5942);
#4891=AXIS2_PLACEMENT_3D('',#7671,#5943,#5944);
#4892=AXIS2_PLACEMENT_3D('',#7673,#5946,#5947);
#4893=AXIS2_PLACEMENT_3D('',#7686,#5948,#5949);
#4894=AXIS2_PLACEMENT_3D('',#7700,#5950,#5951);
#4895=AXIS2_PLACEMENT_3D('',#7709,#5957,#5958);
#4896=AXIS2_PLACEMENT_3D('',#7710,#5959,#5960);
#4897=AXIS2_PLACEMENT_3D('',#7711,#5961,#5962);
#4898=AXIS2_PLACEMENT_3D('',#7717,#5966,#5967);
#4899=AXIS2_PLACEMENT_3D('',#7720,#5970,#5971);
#4900=AXIS2_PLACEMENT_3D('',#7721,#5972,#5973);
#4901=AXIS2_PLACEMENT_3D('',#7722,#5974,#5975);
#4902=AXIS2_PLACEMENT_3D('',#7724,#5977,#5978);
#4903=AXIS2_PLACEMENT_3D('',#7726,#5980,#5981);
#4904=AXIS2_PLACEMENT_3D('',#7727,#5982,#5983);
#4905=AXIS2_PLACEMENT_3D('',#7732,#5987,#5988);
#4906=AXIS2_PLACEMENT_3D('',#7734,#5990,#5991);
#4907=AXIS2_PLACEMENT_3D('',#7736,#5993,#5994);
#4908=AXIS2_PLACEMENT_3D('',#7738,#5996,#5997);
#4909=AXIS2_PLACEMENT_3D('',#7746,#6002,#6003);
#4910=AXIS2_PLACEMENT_3D('',#7756,#6009,#6010);
#4911=AXIS2_PLACEMENT_3D('',#7767,#6017,#6018);
#4912=AXIS2_PLACEMENT_3D('',#7771,#6021,#6022);
#4913=AXIS2_PLACEMENT_3D('',#7773,#6024,#6025);
#4914=AXIS2_PLACEMENT_3D('',#7774,#6026,#6027);
#4915=AXIS2_PLACEMENT_3D('',#7778,#6030,#6031);
#4916=AXIS2_PLACEMENT_3D('',#7782,#6034,#6035);
#4917=AXIS2_PLACEMENT_3D('',#7786,#6038,#6039);
#4918=AXIS2_PLACEMENT_3D('',#7790,#6042,#6043);
#4919=AXIS2_PLACEMENT_3D('',#7792,#6045,#6046);
#4920=AXIS2_PLACEMENT_3D('',#7798,#6050,#6051);
#4921=AXIS2_PLACEMENT_3D('',#7802,#6054,#6055);
#4922=AXIS2_PLACEMENT_3D('',#7806,#6058,#6059);
#4923=AXIS2_PLACEMENT_3D('',#7808,#6061,#6062);
#4924=AXIS2_PLACEMENT_3D('',#7809,#6063,#6064);
#4925=AXIS2_PLACEMENT_3D('',#7810,#6065,#6066);
#4926=AXIS2_PLACEMENT_3D('',#7811,#6067,#6068);
#4927=AXIS2_PLACEMENT_3D('',#7813,#6069,#6070);
#4928=AXIS2_PLACEMENT_3D('',#7818,#6072,#6073);
#4929=AXIS2_PLACEMENT_3D('',#7822,#6075,#6076);
#4930=AXIS2_PLACEMENT_3D('',#7826,#6078,#6079);
#4931=AXIS2_PLACEMENT_3D('',#7829,#6081,#6082);
#4932=AXIS2_PLACEMENT_3D('',#7840,#6089,#6090);
#4933=AXIS2_PLACEMENT_3D('',#7842,#6091,#6092);
#4934=AXIS2_PLACEMENT_3D('',#7843,#6093,#6094);
#4935=AXIS2_PLACEMENT_3D('',#7845,#6095,#6096);
#4936=AXIS2_PLACEMENT_3D('',#7846,#6097,#6098);
#4937=AXIS2_PLACEMENT_3D('',#7850,#6101,#6102);
#4938=AXIS2_PLACEMENT_3D('',#7851,#6103,#6104);
#4939=AXIS2_PLACEMENT_3D('',#7856,#6107,#6108);
#4940=AXIS2_PLACEMENT_3D('',#7858,#6110,#6111);
#4941=AXIS2_PLACEMENT_3D('',#7859,#6112,#6113);
#4942=AXIS2_PLACEMENT_3D('',#7860,#6114,#6115);
#4943=AXIS2_PLACEMENT_3D('',#7867,#6119,#6120);
#4944=AXIS2_PLACEMENT_3D('',#7869,#6122,#6123);
#4945=AXIS2_PLACEMENT_3D('',#7871,#6125,#6126);
#4946=AXIS2_PLACEMENT_3D('',#7872,#6127,#6128);
#4947=AXIS2_PLACEMENT_3D('',#7873,#6129,#6130);
#4948=AXIS2_PLACEMENT_3D('',#7875,#6131,#6132);
#4949=AXIS2_PLACEMENT_3D('',#7876,#6133,#6134);
#4950=AXIS2_PLACEMENT_3D('',#7877,#6135,#6136);
#4951=AXIS2_PLACEMENT_3D('',#7879,#6137,#6138);
#4952=AXIS2_PLACEMENT_3D('',#7880,#6139,#6140);
#4953=AXIS2_PLACEMENT_3D('',#7881,#6141,#6142);
#4954=AXIS2_PLACEMENT_3D('',#7882,#6143,#6144);
#4955=AXIS2_PLACEMENT_3D('',#7884,#6145,#6146);
#4956=AXIS2_PLACEMENT_3D('',#7889,#6148,#6149);
#4957=AXIS2_PLACEMENT_3D('',#7893,#6151,#6152);
#4958=AXIS2_PLACEMENT_3D('',#7897,#6154,#6155);
#4959=AXIS2_PLACEMENT_3D('',#7924,#6157,#6158);
#4960=AXIS2_PLACEMENT_3D('',#7925,#6159,#6160);
#4961=AXIS2_PLACEMENT_3D('',#7927,#6161,#6162);
#4962=AXIS2_PLACEMENT_3D('',#7953,#6163,#6164);
#4963=AXIS2_PLACEMENT_3D('',#7964,#6171,#6172);
#4964=AXIS2_PLACEMENT_3D('',#7965,#6173,#6174);
#4965=AXIS2_PLACEMENT_3D('',#7969,#6177,#6178);
#4966=AXIS2_PLACEMENT_3D('',#7973,#6181,#6182);
#4967=AXIS2_PLACEMENT_3D('',#7974,#6183,#6184);
#4968=AXIS2_PLACEMENT_3D('',#7977,#6186,#6187);
#4969=AXIS2_PLACEMENT_3D('',#7978,#6188,#6189);
#4970=AXIS2_PLACEMENT_3D('',#7982,#6192,#6193);
#4971=AXIS2_PLACEMENT_3D('',#7986,#6196,#6197);
#4972=AXIS2_PLACEMENT_3D('',#7987,#6198,#6199);
#4973=AXIS2_PLACEMENT_3D('',#7990,#6201,#6202);
#4974=AXIS2_PLACEMENT_3D('',#7991,#6203,#6204);
#4975=AXIS2_PLACEMENT_3D('',#7992,#6205,#6206);
#4976=AXIS2_PLACEMENT_3D('',#7993,#6207,#6208);
#4977=AXIS2_PLACEMENT_3D('',#7994,#6209,#6210);
#4978=AXIS2_PLACEMENT_3D('',#7996,#6211,#6212);
#4979=AXIS2_PLACEMENT_3D('',#7997,#6213,#6214);
#4980=AXIS2_PLACEMENT_3D('',#7998,#6215,#6216);
#4981=AXIS2_PLACEMENT_3D('',#8000,#6217,#6218);
#4982=AXIS2_PLACEMENT_3D('',#8001,#6219,#6220);
#4983=AXIS2_PLACEMENT_3D('',#8002,#6221,#6222);
#4984=AXIS2_PLACEMENT_3D('',#8003,#6223,#6224);
#4985=AXIS2_PLACEMENT_3D('',#8004,#6225,#6226);
#4986=AXIS2_PLACEMENT_3D('',#8006,#6227,#6228);
#4987=AXIS2_PLACEMENT_3D('',#8008,#6229,#6230);
#4988=AXIS2_PLACEMENT_3D('',#8009,#6231,#6232);
#4989=AXIS2_PLACEMENT_3D('',#8010,#6233,#6234);
#4990=AXIS2_PLACEMENT_3D('',#8011,#6235,#6236);
#4991=AXIS2_PLACEMENT_3D('',#8012,#6237,#6238);
#4992=AXIS2_PLACEMENT_3D('',#8014,#6239,#6240);
#4993=AXIS2_PLACEMENT_3D('',#8016,#6241,#6242);
#4994=AXIS2_PLACEMENT_3D('',#8017,#6243,#6244);
#4995=AXIS2_PLACEMENT_3D('',#8018,#6245,#6246);
#4996=AXIS2_PLACEMENT_3D('',#8019,#6247,#6248);
#4997=DIRECTION('',(0.,0.,1.));
#4998=DIRECTION('',(1.,0.,0.));
#4999=DIRECTION('',(0.,0.,-1.));
#5000=DIRECTION('',(-1.,0.,0.));
#5001=DIRECTION('',(0.,0.,1.));
#5002=DIRECTION('',(1.,0.,0.));
#5003=DIRECTION('',(0.,0.,1.));
#5004=DIRECTION('',(1.,0.,0.));
#5005=DIRECTION('',(0.,0.,1.));
#5006=DIRECTION('',(1.,0.,0.));
#5007=DIRECTION('',(0.,0.,1.));
#5008=DIRECTION('',(1.,0.,0.));
#5009=DIRECTION('',(-2.47275232222406E-17,-1.,-2.50609762890101E-18));
#5010=DIRECTION('',(1.,-2.47275232222406E-17,-2.84512080410064E-18));
#5011=DIRECTION('',(0.,0.,-1.));
#5012=DIRECTION('',(-1.,0.,0.));
#5013=DIRECTION('',(0.,0.,1.));
#5014=DIRECTION('',(1.,0.,0.));
#5015=DIRECTION('',(0.,0.,-1.));
#5016=DIRECTION('',(0.,0.,1.));
#5017=DIRECTION('',(1.,0.,0.));
#5018=DIRECTION('',(0.,0.,-1.));
#5019=DIRECTION('',(0.999547254673745,0.0300879656038892,0.));
#5020=DIRECTION('',(-0.0300879656038892,0.999547254673745,0.));
#5021=DIRECTION('',(0.0300879656038892,-0.999547254673744,0.));
#5022=DIRECTION('',(0.,0.,-1.));
#5023=DIRECTION('',(0.0300879656038892,-0.999547254673744,0.));
#5024=DIRECTION('',(0.,0.,-1.));
#5025=DIRECTION('',(0.,0.,-1.));
#5026=DIRECTION('',(0.,0.,-1.));
#5027=DIRECTION('',(-1.,0.,0.));
#5028=DIRECTION('',(0.,0.,1.));
#5029=DIRECTION('',(1.,0.,0.));
#5030=DIRECTION('',(0.,0.,1.));
#5031=DIRECTION('',(1.,0.,0.));
#5032=DIRECTION('',(0.,0.,-1.));
#5033=DIRECTION('',(-1.,0.,0.));
#5034=DIRECTION('',(0.,0.,1.));
#5035=DIRECTION('',(1.,0.,0.));
#5036=DIRECTION('',(0.,0.,1.));
#5037=DIRECTION('',(1.,0.,0.));
#5038=DIRECTION('',(0.,0.,-1.));
#5039=DIRECTION('',(-1.,0.,0.));
#5040=DIRECTION('',(0.,0.,1.));
#5041=DIRECTION('',(1.,0.,0.));
#5042=DIRECTION('',(0.,0.,1.));
#5043=DIRECTION('',(1.,0.,0.));
#5044=DIRECTION('',(0.,0.,-1.));
#5045=DIRECTION('',(-1.,0.,0.));
#5046=DIRECTION('',(0.,0.,1.));
#5047=DIRECTION('',(1.,0.,0.));
#5048=DIRECTION('',(0.,0.,1.));
#5049=DIRECTION('',(1.,0.,0.));
#5050=DIRECTION('',(0.,0.,-1.));
#5051=DIRECTION('',(-1.,0.,0.));
#5052=DIRECTION('',(0.,0.,1.));
#5053=DIRECTION('',(1.,0.,0.));
#5054=DIRECTION('',(0.,0.,1.));
#5055=DIRECTION('',(1.,0.,0.));
#5056=DIRECTION('',(0.999547254673745,-0.0300879656038892,0.));
#5057=DIRECTION('',(0.0300879656038892,0.999547254673745,0.));
#5058=DIRECTION('',(-0.0300879656038892,-0.999547254673744,0.));
#5059=DIRECTION('',(-0.0300879656038892,-0.999547254673744,0.));
#5060=DIRECTION('',(0.,0.,-1.));
#5061=DIRECTION('',(-1.,0.,0.));
#5062=DIRECTION('',(0.,0.,1.));
#5063=DIRECTION('',(1.,0.,0.));
#5064=DIRECTION('',(0.,0.,1.));
#5065=DIRECTION('',(1.,0.,0.));
#5066=DIRECTION('',(0.,0.,-1.));
#5067=DIRECTION('',(-1.,0.,0.));
#5068=DIRECTION('',(0.,0.,1.));
#5069=DIRECTION('',(1.,0.,0.));
#5070=DIRECTION('',(0.,0.,1.));
#5071=DIRECTION('',(1.,0.,0.));
#5072=DIRECTION('',(0.,0.,1.));
#5073=DIRECTION('',(1.,0.,0.));
#5074=DIRECTION('',(0.,0.,1.));
#5075=DIRECTION('',(1.,0.,0.));
#5076=DIRECTION('',(-1.,2.33544388267115E-16,1.351125066219E-16));
#5077=DIRECTION('',(-2.39966534168719E-16,-0.998765935318371,-0.0496649418364709));
#5078=DIRECTION('',(0.,0.,-1.));
#5079=DIRECTION('',(-1.,0.,0.));
#5080=DIRECTION('',(0.,0.,1.));
#5081=DIRECTION('',(1.,0.,0.));
#5082=DIRECTION('',(0.,0.,1.));
#5083=DIRECTION('',(1.,0.,0.));
#5084=DIRECTION('',(0.,0.,1.));
#5085=DIRECTION('',(1.,0.,0.));
#5086=DIRECTION('',(0.,0.,1.));
#5087=DIRECTION('',(1.,0.,0.));
#5088=DIRECTION('',(1.,5.82681260804054E-26,4.97584420364217E-44));
#5089=DIRECTION('',(0.,-8.53956448981369E-19,1.));
#5090=DIRECTION('',(0.,0.,-1.));
#5091=DIRECTION('',(-1.,0.,0.));
#5092=DIRECTION('',(0.,0.,1.));
#5093=DIRECTION('',(1.,0.,0.));
#5094=DIRECTION('',(0.,0.,1.));
#5095=DIRECTION('',(1.,0.,0.));
#5096=DIRECTION('',(0.,0.,1.));
#5097=DIRECTION('',(1.,0.,0.));
#5098=DIRECTION('',(0.,0.,1.));
#5099=DIRECTION('',(1.,0.,0.));
#5100=DIRECTION('',(1.18209384578755E-15,1.,3.0793456093008E-16));
#5101=DIRECTION('',(0.999963564503225,-1.18467941991898E-15,0.00853637311772026));
#5102=DIRECTION('',(0.,0.,-1.));
#5103=DIRECTION('',(-1.,0.,0.));
#5104=DIRECTION('',(0.,0.,-1.));
#5105=DIRECTION('',(0.,0.,-1.));
#5106=DIRECTION('',(-1.,0.,0.));
#5107=DIRECTION('',(0.,0.,-1.));
#5108=DIRECTION('',(0.,0.,-1.));
#5109=DIRECTION('',(-1.,0.,0.));
#5110=DIRECTION('',(0.,0.,-1.));
#5111=DIRECTION('',(0.,0.,1.));
#5112=DIRECTION('',(1.,0.,0.));
#5113=DIRECTION('',(0.,0.,-1.));
#5114=DIRECTION('',(0.,0.,1.));
#5115=DIRECTION('',(1.,0.,0.));
#5116=DIRECTION('',(0.,0.,-1.));
#5117=DIRECTION('',(-1.,0.,0.));
#5118=DIRECTION('',(0.,0.,-1.));
#5119=DIRECTION('',(-1.,0.,0.));
#5120=DIRECTION('',(0.,0.,-1.));
#5121=DIRECTION('',(-1.,0.,0.));
#5122=DIRECTION('',(0.,0.,1.));
#5123=DIRECTION('',(1.,0.,0.));
#5124=DIRECTION('',(0.,0.,-1.));
#5125=DIRECTION('',(0.,0.,1.));
#5126=DIRECTION('',(1.,0.,0.));
#5127=DIRECTION('',(0.,0.,-1.));
#5128=DIRECTION('',(-1.,0.,0.));
#5129=DIRECTION('',(0.,0.,-1.));
#5130=DIRECTION('',(0.,0.,-1.));
#5131=DIRECTION('',(-1.,0.,0.));
#5132=DIRECTION('',(0.,0.,-1.));
#5133=DIRECTION('',(0.,0.,-1.));
#5134=DIRECTION('',(-1.,0.,0.));
#5135=DIRECTION('',(0.,0.,-1.));
#5136=DIRECTION('',(0.999960841130643,0.00884964435990509,0.));
#5137=DIRECTION('',(-0.00884964435990509,0.999960841130643,0.));
#5138=DIRECTION('',(0.999960841130643,0.00884964435990509,0.));
#5139=DIRECTION('',(-0.00884964435990509,0.999960841130643,0.));
#5140=DIRECTION('',(0.,0.,1.));
#5141=DIRECTION('',(1.,0.,0.));
#5142=DIRECTION('',(0.,0.,-1.));
#5143=DIRECTION('',(-1.,0.,0.));
#5144=DIRECTION('',(0.,0.,-1.));
#5145=DIRECTION('',(-1.,0.,0.));
#5146=DIRECTION('',(0.,0.,-1.));
#5147=DIRECTION('',(-1.,0.,0.));
#5148=DIRECTION('',(0.,0.,-1.));
#5149=DIRECTION('',(0.,0.,-1.));
#5150=DIRECTION('',(-1.,0.,0.));
#5151=DIRECTION('',(0.,0.,-1.));
#5152=DIRECTION('',(0.,0.,-1.));
#5153=DIRECTION('',(-1.,0.,0.));
#5154=DIRECTION('',(0.,0.,1.));
#5155=DIRECTION('',(1.,0.,0.));
#5156=DIRECTION('',(0.,0.,-1.));
#5157=DIRECTION('',(0.,0.,1.));
#5158=DIRECTION('',(1.,0.,0.));
#5159=DIRECTION('',(0.,0.,-1.));
#5160=DIRECTION('',(0.,0.,-1.));
#5161=DIRECTION('',(-1.,0.,0.));
#5162=DIRECTION('',(0.,0.,-1.));
#5163=DIRECTION('',(-1.,0.,0.));
#5164=DIRECTION('',(1.,0.,0.));
#5165=DIRECTION('',(0.,0.,-1.));
#5166=DIRECTION('',(0.,0.,-1.));
#5167=DIRECTION('',(0.,1.,0.));
#5168=DIRECTION('',(0.,0.,-1.));
#5169=DIRECTION('',(0.,1.,0.));
#5170=DIRECTION('',(0.,-1.,0.));
#5171=DIRECTION('',(1.,0.,0.));
#5172=DIRECTION('',(1.,0.,0.));
#5173=DIRECTION('',(1.,0.,0.));
#5174=DIRECTION('',(0.,-1.,0.));
#5175=DIRECTION('',(1.,0.,0.));
#5176=DIRECTION('',(1.,0.,0.));
#5177=DIRECTION('',(1.,0.,0.));
#5178=DIRECTION('',(0.,0.,1.));
#5179=DIRECTION('',(1.,0.,0.));
#5180=DIRECTION('',(0.,0.,1.));
#5181=DIRECTION('',(1.,0.,0.));
#5182=DIRECTION('',(0.,0.,1.));
#5183=DIRECTION('',(1.,0.,0.));
#5184=DIRECTION('',(1.,0.,0.));
#5185=DIRECTION('',(0.,1.,0.));
#5186=DIRECTION('',(1.,0.,0.));
#5187=DIRECTION('',(0.,0.,1.));
#5188=DIRECTION('',(1.,0.,0.));
#5189=DIRECTION('',(0.,1.,0.));
#5190=DIRECTION('',(1.,0.,0.));
#5191=DIRECTION('',(1.,0.,0.));
#5192=DIRECTION('',(0.,-1.,0.));
#5193=DIRECTION('',(1.,0.,0.));
#5194=DIRECTION('',(1.,0.,0.));
#5195=DIRECTION('',(0.,-1.,0.));
#5196=DIRECTION('',(0.,0.,-1.));
#5197=DIRECTION('',(0.,0.,-1.));
#5198=DIRECTION('',(0.,-1.,0.));
#5199=DIRECTION('',(0.,0.,-1.));
#5200=DIRECTION('',(1.,0.,0.));
#5201=DIRECTION('',(0.,0.,-1.));
#5202=DIRECTION('',(0.,-1.,0.));
#5203=DIRECTION('',(0.,0.,-1.));
#5204=DIRECTION('',(0.,-1.,0.));
#5205=DIRECTION('',(1.,0.,0.));
#5206=DIRECTION('',(0.,0.,-1.));
#5207=DIRECTION('',(0.,-1.,0.));
#5208=DIRECTION('',(0.,0.,-1.));
#5209=DIRECTION('',(1.,0.,0.));
#5210=DIRECTION('',(0.,0.,1.));
#5211=DIRECTION('',(1.,0.,0.));
#5212=DIRECTION('',(0.,-1.,0.));
#5213=DIRECTION('',(0.,0.,-1.));
#5214=DIRECTION('',(0.,-1.,0.));
#5215=DIRECTION('',(0.,0.,-1.));
#5216=DIRECTION('',(1.,0.,0.));
#5217=DIRECTION('',(0.,0.,-1.));
#5218=DIRECTION('',(0.,1.,0.));
#5219=DIRECTION('',(0.,0.,-1.));
#5220=DIRECTION('',(0.,1.,0.));
#5221=DIRECTION('',(0.,0.,-1.));
#5222=DIRECTION('',(0.,1.,0.));
#5223=DIRECTION('',(0.,0.,1.));
#5224=DIRECTION('',(0.,-1.,0.));
#5225=DIRECTION('',(0.,0.,-1.));
#5226=DIRECTION('',(0.,-1.,0.));
#5227=DIRECTION('',(0.,0.,-1.));
#5228=DIRECTION('',(0.,1.,0.));
#5229=DIRECTION('',(0.,0.,1.));
#5230=DIRECTION('',(0.,-1.,0.));
#5231=DIRECTION('',(0.,0.,-1.));
#5232=DIRECTION('',(0.,-1.,0.));
#5233=DIRECTION('',(0.,0.,-1.));
#5234=DIRECTION('',(0.,-1.,0.));
#5235=DIRECTION('',(0.,0.,-1.));
#5236=DIRECTION('',(0.,-1.,0.));
#5237=DIRECTION('',(0.,0.,-1.));
#5238=DIRECTION('',(0.,-1.,0.));
#5239=DIRECTION('',(0.,0.,-1.));
#5240=DIRECTION('',(1.,0.,0.));
#5241=DIRECTION('',(0.,1.,0.));
#5242=DIRECTION('',(1.,0.,0.));
#5243=DIRECTION('',(0.,0.,-1.));
#5244=DIRECTION('',(0.,0.,-1.));
#5245=DIRECTION('',(0.,1.,0.));
#5246=DIRECTION('',(0.,0.,-1.));
#5247=DIRECTION('',(0.,1.,0.));
#5248=DIRECTION('',(0.,0.,-1.));
#5249=DIRECTION('',(0.,0.,1.));
#5250=DIRECTION('',(1.,0.,0.));
#5251=DIRECTION('',(-1.,0.,0.));
#5252=DIRECTION('',(0.,1.,0.));
#5253=DIRECTION('',(0.,0.,1.));
#5254=DIRECTION('',(1.,0.,0.));
#5255=DIRECTION('',(0.,1.,0.));
#5256=DIRECTION('',(0.,1.,0.));
#5257=DIRECTION('',(0.,0.,1.));
#5258=DIRECTION('',(0.,0.,-1.));
#5259=DIRECTION('',(-1.,0.,0.));
#5260=DIRECTION('',(0.,0.,-1.));
#5261=DIRECTION('',(-1.,0.,0.));
#5262=DIRECTION('',(0.,0.,1.));
#5263=DIRECTION('',(1.,0.,0.));
#5264=DIRECTION('',(0.,0.,1.));
#5265=DIRECTION('',(1.,0.,0.));
#5266=DIRECTION('',(0.,1.,0.));
#5267=DIRECTION('',(-1.,0.,0.));
#5268=DIRECTION('',(0.,1.,0.));
#5269=DIRECTION('',(-1.,0.,0.));
#5270=DIRECTION('',(0.,0.,1.));
#5271=DIRECTION('',(1.,0.,0.));
#5272=DIRECTION('',(0.,0.,-1.));
#5273=DIRECTION('',(1.,0.,0.));
#5274=DIRECTION('',(0.,0.,-1.));
#5275=DIRECTION('',(1.,0.,0.));
#5276=DIRECTION('',(0.,0.,-1.));
#5277=DIRECTION('',(1.,0.,0.));
#5278=DIRECTION('',(0.,0.,-1.));
#5279=DIRECTION('',(1.,0.,0.));
#5280=DIRECTION('',(0.,0.,-1.));
#5281=DIRECTION('',(-1.,0.,-6.66955076578187E-16));
#5282=DIRECTION('',(-6.66955076578187E-16,0.,1.));
#5283=DIRECTION('',(1.,0.,0.));
#5284=DIRECTION('',(0.,0.,-1.));
#5285=DIRECTION('',(1.,0.,0.));
#5286=DIRECTION('',(0.,0.,-1.));
#5287=DIRECTION('',(0.,0.,1.));
#5288=DIRECTION('',(1.,0.,0.));
#5289=DIRECTION('',(0.,0.,1.));
#5290=DIRECTION('',(1.,0.,0.));
#5291=DIRECTION('',(0.,-1.,0.));
#5292=DIRECTION('',(0.,0.,-1.));
#5293=DIRECTION('',(0.,-1.,0.));
#5294=DIRECTION('',(0.,0.,-1.));
#5295=DIRECTION('',(0.,-1.,0.));
#5296=DIRECTION('',(0.,0.,-1.));
#5297=DIRECTION('',(0.,0.,1.));
#5298=DIRECTION('',(1.,0.,0.));
#5299=DIRECTION('',(0.,-1.,0.));
#5300=DIRECTION('',(0.,0.,-1.));
#5301=DIRECTION('',(0.,1.,0.));
#5302=DIRECTION('',(0.,0.,-1.));
#5303=DIRECTION('',(-1.,0.,0.));
#5304=DIRECTION('',(0.,0.,-1.));
#5305=DIRECTION('',(0.,0.,-1.));
#5306=DIRECTION('',(-1.,0.,0.));
#5307=DIRECTION('',(0.,0.,-1.));
#5308=DIRECTION('',(-1.,0.,0.));
#5309=DIRECTION('',(0.,0.,1.));
#5310=DIRECTION('',(1.,0.,0.));
#5311=DIRECTION('',(0.,0.,-1.));
#5312=DIRECTION('',(-1.,0.,0.));
#5313=DIRECTION('',(0.,0.,1.));
#5314=DIRECTION('',(0.,0.,1.));
#5315=DIRECTION('',(1.,0.,0.));
#5316=DIRECTION('',(0.,0.,-1.));
#5317=DIRECTION('',(-1.,0.,0.));
#5318=DIRECTION('',(0.,1.,0.));
#5319=DIRECTION('',(0.,0.,1.));
#5320=DIRECTION('',(0.,0.,1.));
#5321=DIRECTION('',(1.,0.,0.));
#5322=DIRECTION('',(-0.994807861775076,-0.101770910138909,0.));
#5323=DIRECTION('',(0.101770910138909,-0.994807861775076,0.));
#5324=DIRECTION('',(6.66955076578187E-16,-1.,0.));
#5325=DIRECTION('',(1.,6.66955076578187E-16,0.));
#5326=DIRECTION('',(0.,-1.,0.));
#5327=DIRECTION('',(0.,0.,-1.));
#5328=DIRECTION('',(0.,-1.,0.));
#5329=DIRECTION('',(0.,0.,-1.));
#5330=DIRECTION('',(0.,-1.,0.));
#5331=DIRECTION('',(0.,0.,-1.));
#5332=DIRECTION('',(0.,0.,-1.));
#5333=DIRECTION('',(-1.,0.,0.));
#5334=DIRECTION('',(0.,1.,0.));
#5335=DIRECTION('',(0.,0.,1.));
#5336=DIRECTION('',(0.,1.,0.));
#5337=DIRECTION('',(0.,-1.,0.));
#5338=DIRECTION('',(0.,0.,-1.));
#5339=DIRECTION('',(0.,0.,-1.));
#5340=DIRECTION('',(-1.,0.,0.));
#5341=DIRECTION('',(0.,0.,1.));
#5342=DIRECTION('',(1.,0.,0.));
#5343=DIRECTION('',(-0.994807861775076,-0.101770910138909,0.));
#5344=DIRECTION('',(0.101770910138909,-0.994807861775076,0.));
#5345=DIRECTION('',(0.,0.,1.));
#5346=DIRECTION('',(1.,0.,0.));
#5347=DIRECTION('',(-1.,0.,0.));
#5348=DIRECTION('',(0.,0.,1.));
#5349=DIRECTION('',(-1.,0.,0.));
#5350=DIRECTION('',(0.,0.,1.));
#5351=DIRECTION('',(0.,-1.,0.));
#5352=DIRECTION('',(0.,0.,-1.));
#5353=DIRECTION('',(0.,0.,-1.));
#5354=DIRECTION('',(-1.,0.,0.));
#5355=DIRECTION('',(0.,0.,1.));
#5356=DIRECTION('',(1.,0.,0.));
#5357=DIRECTION('',(0.,0.,-1.));
#5358=DIRECTION('',(-1.,0.,0.));
#5359=DIRECTION('',(0.,0.,-1.));
#5360=DIRECTION('',(-1.,0.,0.));
#5361=DIRECTION('',(0.,0.,-1.));
#5362=DIRECTION('',(-1.,0.,0.));
#5363=DIRECTION('',(0.,0.,1.));
#5364=DIRECTION('',(1.,0.,0.));
#5365=DIRECTION('',(0.,-1.,0.));
#5366=DIRECTION('',(0.,0.,-1.));
#5367=DIRECTION('',(1.,0.,0.));
#5368=DIRECTION('',(0.,0.,-1.));
#5369=DIRECTION('',(1.,0.,0.));
#5370=DIRECTION('',(0.,0.,-1.));
#5371=DIRECTION('',(0.,-1.,0.));
#5372=DIRECTION('',(0.,0.,-1.));
#5373=DIRECTION('',(-1.,0.,0.));
#5374=DIRECTION('',(0.,0.,1.));
#5375=DIRECTION('',(-1.,0.,0.));
#5376=DIRECTION('',(0.,0.,1.));
#5377=DIRECTION('',(0.,-1.,0.));
#5378=DIRECTION('',(0.,0.,-1.));
#5379=DIRECTION('',(0.,0.,1.));
#5380=DIRECTION('',(1.,0.,0.));
#5381=DIRECTION('',(0.,0.,-1.));
#5382=DIRECTION('',(-1.,0.,0.));
#5383=DIRECTION('',(0.,0.,1.));
#5384=DIRECTION('',(1.,0.,0.));
#5385=DIRECTION('',(0.,0.,1.));
#5386=DIRECTION('',(1.,0.,0.));
#5387=DIRECTION('',(0.,0.,-1.));
#5388=DIRECTION('',(-1.,0.,0.));
#5389=DIRECTION('',(0.,0.,-1.));
#5390=DIRECTION('',(-1.,0.,0.));
#5391=DIRECTION('',(0.,-1.,0.));
#5392=DIRECTION('',(0.,0.,-1.));
#5393=DIRECTION('',(1.,0.,0.));
#5394=DIRECTION('',(0.,0.,-1.));
#5395=DIRECTION('',(1.,0.,0.));
#5396=DIRECTION('',(0.,0.,-1.));
#5397=DIRECTION('',(0.,-1.,0.));
#5398=DIRECTION('',(0.,0.,-1.));
#5399=DIRECTION('',(1.,0.,0.));
#5400=DIRECTION('',(0.,1.,0.));
#5401=DIRECTION('',(1.,0.,0.));
#5402=DIRECTION('',(0.,0.,-1.));
#5403=DIRECTION('',(0.,-1.,0.));
#5404=DIRECTION('',(0.,0.,-1.));
#5405=DIRECTION('',(0.,-1.,0.));
#5406=DIRECTION('',(0.,0.,-1.));
#5407=DIRECTION('',(1.,0.,0.));
#5408=DIRECTION('',(0.,1.,0.));
#5409=DIRECTION('',(1.,0.,0.));
#5410=DIRECTION('',(0.,0.,-1.));
#5411=DIRECTION('',(0.,-1.,0.));
#5412=DIRECTION('',(0.,0.,1.));
#5413=DIRECTION('',(0.,-1.,0.));
#5414=DIRECTION('',(0.,0.,-1.));
#5415=DIRECTION('',(0.,0.,-1.));
#5416=DIRECTION('',(-1.,0.,0.));
#5417=DIRECTION('',(0.,0.,-1.));
#5418=DIRECTION('',(-1.,0.,0.));
#5419=DIRECTION('',(0.,-1.,0.));
#5420=DIRECTION('',(-1.,0.,0.));
#5421=DIRECTION('',(0.,-1.,0.));
#5422=DIRECTION('',(0.,1.,0.));
#5423=DIRECTION('',(0.,0.,1.));
#5424=DIRECTION('',(-1.,0.,0.));
#5425=DIRECTION('',(0.,0.,-1.));
#5426=DIRECTION('',(-1.,0.,0.));
#5427=DIRECTION('',(0.,0.,-1.));
#5428=DIRECTION('',(0.,0.,-1.));
#5429=DIRECTION('',(-1.,0.,0.));
#5430=DIRECTION('',(-1.,0.,0.));
#5431=DIRECTION('',(0.,-1.,0.));
#5432=DIRECTION('',(0.,0.,-1.));
#5433=DIRECTION('',(-1.,0.,0.));
#5434=DIRECTION('',(0.,-1.,0.));
#5435=DIRECTION('',(-1.,0.,0.));
#5436=DIRECTION('',(0.,0.,1.));
#5437=DIRECTION('',(1.,0.,0.));
#5438=DIRECTION('',(0.,0.,-1.));
#5439=DIRECTION('',(1.,0.,0.));
#5440=DIRECTION('',(0.,0.,-1.));
#5441=DIRECTION('',(1.,0.,0.));
#5442=DIRECTION('',(0.,0.,-1.));
#5443=DIRECTION('',(-1.,0.,0.));
#5444=DIRECTION('',(0.,0.,1.));
#5445=DIRECTION('',(1.,0.,0.));
#5446=DIRECTION('',(0.,0.,-1.));
#5447=DIRECTION('',(0.,1.,0.));
#5448=DIRECTION('',(0.,0.,1.));
#5449=DIRECTION('',(0.,1.,0.));
#5450=DIRECTION('',(0.,0.,1.));
#5451=DIRECTION('',(0.,0.,1.));
#5452=DIRECTION('',(1.,0.,0.));
#5453=DIRECTION('',(0.,0.,1.));
#5454=DIRECTION('',(1.,0.,0.));
#5455=DIRECTION('',(0.,0.,1.));
#5456=DIRECTION('',(1.,0.,0.));
#5457=DIRECTION('',(0.,1.,0.));
#5458=DIRECTION('',(0.,0.,1.));
#5459=DIRECTION('',(0.,0.,1.));
#5460=DIRECTION('',(1.,0.,0.));
#5461=DIRECTION('',(0.,0.,-1.));
#5462=DIRECTION('',(-1.,0.,0.));
#5463=DIRECTION('',(0.,-1.,0.));
#5464=DIRECTION('',(0.,0.,-1.));
#5465=DIRECTION('',(0.,0.,-1.));
#5466=DIRECTION('',(-1.,0.,0.));
#5467=DIRECTION('',(-0.998865547384858,0.0476195154064818,0.));
#5468=DIRECTION('',(-0.0476195154064818,-0.998865547384858,0.));
#5469=DIRECTION('',(0.998865547384858,0.047619515406483,1.2181914471266E-15));
#5470=DIRECTION('',(-0.047619515406483,0.998865547384858,0.));
#5471=DIRECTION('',(0.,1.,0.));
#5472=DIRECTION('',(0.,0.,1.));
#5473=DIRECTION('',(0.,0.,-1.));
#5474=DIRECTION('',(-1.,0.,0.));
#5475=DIRECTION('',(0.,0.,-1.));
#5476=DIRECTION('',(-1.,0.,0.));
#5477=DIRECTION('',(-1.,0.,0.));
#5478=DIRECTION('',(0.,0.,1.));
#5479=DIRECTION('',(-1.,0.,0.));
#5480=DIRECTION('',(0.,0.,1.));
#5481=DIRECTION('',(1.,0.,0.));
#5482=DIRECTION('',(0.,0.,-1.));
#5483=DIRECTION('',(0.,1.,0.));
#5484=DIRECTION('',(0.,0.,1.));
#5485=DIRECTION('',(0.,1.,0.));
#5486=DIRECTION('',(0.,0.,1.));
#5487=DIRECTION('',(0.,0.,-1.));
#5488=DIRECTION('',(-1.,0.,0.));
#5489=DIRECTION('',(0.,0.,-1.));
#5490=DIRECTION('',(-1.,0.,0.));
#5491=DIRECTION('',(0.,1.,0.));
#5492=DIRECTION('',(0.,0.,1.));
#5493=DIRECTION('',(0.,1.,0.));
#5494=DIRECTION('',(0.,0.,1.));
#5495=DIRECTION('',(0.,1.,0.));
#5496=DIRECTION('',(0.,0.,1.));
#5497=DIRECTION('',(0.,0.,-1.));
#5498=DIRECTION('',(-1.,0.,0.));
#5499=DIRECTION('',(0.,0.,1.));
#5500=DIRECTION('',(1.,0.,0.));
#5501=DIRECTION('',(0.,0.,-1.));
#5502=DIRECTION('',(-1.,0.,0.));
#5503=DIRECTION('',(0.,0.,1.));
#5504=DIRECTION('',(1.,0.,0.));
#5505=DIRECTION('',(0.,-1.,0.));
#5506=DIRECTION('',(0.,0.,-1.));
#5507=DIRECTION('',(0.998865547384858,0.0476195154064818,0.));
#5508=DIRECTION('',(-0.0476195154064818,0.998865547384858,0.));
#5509=DIRECTION('',(-0.998865547384858,0.047619515406483,-1.2181914471266E-15));
#5510=DIRECTION('',(-0.047619515406483,-0.998865547384858,0.));
#5511=DIRECTION('',(0.,0.,-1.));
#5512=DIRECTION('',(-1.,0.,0.));
#5513=DIRECTION('',(1.,0.,0.));
#5514=DIRECTION('',(0.,0.,-1.));
#5515=DIRECTION('',(1.,0.,0.));
#5516=DIRECTION('',(0.,0.,-1.));
#5517=DIRECTION('',(0.,-1.,0.));
#5518=DIRECTION('',(0.,0.,-1.));
#5519=DIRECTION('',(0.,1.,0.));
#5520=DIRECTION('',(0.,0.,-1.));
#5521=DIRECTION('',(0.,0.,-1.));
#5522=DIRECTION('',(-1.,0.,0.));
#5523=DIRECTION('',(1.,0.,0.));
#5524=DIRECTION('',(0.,0.,-1.));
#5525=DIRECTION('',(-1.,0.,0.));
#5526=DIRECTION('',(0.,0.,-1.));
#5527=DIRECTION('',(-1.,0.,6.66955076578187E-16));
#5528=DIRECTION('',(6.66955076578187E-16,0.,1.));
#5529=DIRECTION('',(1.,0.,0.));
#5530=DIRECTION('',(1.,0.,0.));
#5531=DIRECTION('',(1.,0.,0.));
#5532=DIRECTION('',(0.,0.,1.));
#5533=DIRECTION('',(1.,0.,0.));
#5534=DIRECTION('',(0.,0.,-1.));
#5535=DIRECTION('',(1.,0.,0.));
#5536=DIRECTION('',(-1.,0.,0.));
#5537=DIRECTION('',(0.,0.,1.));
#5538=DIRECTION('',(1.,0.,0.));
#5539=DIRECTION('',(0.,-1.,0.));
#5540=DIRECTION('',(0.,0.,-1.));
#5541=DIRECTION('',(0.,0.,1.));
#5542=DIRECTION('',(1.,0.,0.));
#5543=DIRECTION('',(0.,1.,0.));
#5544=DIRECTION('',(0.,0.,-1.));
#5545=DIRECTION('',(0.,0.,1.));
#5546=DIRECTION('',(-1.,0.,0.));
#5547=DIRECTION('',(0.,0.,-1.));
#5548=DIRECTION('',(0.,0.,-1.));
#5549=DIRECTION('',(0.,0.,-1.));
#5550=DIRECTION('',(-1.,0.,0.));
#5551=DIRECTION('',(0.,0.,-1.));
#5552=DIRECTION('',(1.,0.,0.));
#5553=DIRECTION('',(0.,0.,-1.));
#5554=DIRECTION('',(1.,0.,0.));
#5555=DIRECTION('',(0.,0.,-1.));
#5556=DIRECTION('',(1.,0.,0.));
#5557=DIRECTION('',(0.,0.,1.));
#5558=DIRECTION('',(1.,0.,0.));
#5559=DIRECTION('',(0.,0.,-1.));
#5560=DIRECTION('',(-6.66955076578187E-16,-1.,0.));
#5561=DIRECTION('',(-1.,6.66955076578187E-16,0.));
#5562=DIRECTION('',(0.,1.,0.));
#5563=DIRECTION('',(0.,0.,-1.));
#5564=DIRECTION('',(0.,0.,1.));
#5565=DIRECTION('',(1.,0.,0.));
#5566=DIRECTION('',(0.,1.,0.));
#5567=DIRECTION('',(0.,0.,1.));
#5568=DIRECTION('',(0.,0.,-1.));
#5569=DIRECTION('',(0.,0.,-1.));
#5570=DIRECTION('',(1.,0.,0.));
#5571=DIRECTION('',(0.,0.,-1.));
#5572=DIRECTION('',(-1.,0.,0.));
#5573=DIRECTION('',(-1.,0.,0.));
#5574=DIRECTION('',(0.,0.,-1.));
#5575=DIRECTION('',(0.,0.,1.));
#5576=DIRECTION('',(-1.,0.,0.));
#5577=DIRECTION('',(0.,1.,0.));
#5578=DIRECTION('',(0.,0.,-1.));
#5579=DIRECTION('',(0.,1.,0.));
#5580=DIRECTION('',(0.,0.,1.));
#5581=DIRECTION('',(0.,1.,0.));
#5582=DIRECTION('',(0.,1.,0.));
#5583=DIRECTION('',(0.,0.,1.));
#5584=DIRECTION('',(-1.,0.,0.));
#5585=DIRECTION('',(0.,1.,0.));
#5586=DIRECTION('',(0.,0.,-1.));
#5587=DIRECTION('',(-1.,0.,0.));
#5588=DIRECTION('',(0.,0.,1.));
#5589=DIRECTION('',(-1.,0.,0.));
#5590=DIRECTION('',(0.,0.,-1.));
#5591=DIRECTION('',(-1.,0.,0.));
#5592=DIRECTION('',(0.,1.,0.));
#5593=DIRECTION('',(0.,1.,0.));
#5594=DIRECTION('',(0.,-1.,0.));
#5595=DIRECTION('',(0.,0.,-1.));
#5596=DIRECTION('',(0.,1.,0.));
#5597=DIRECTION('',(-1.,0.,0.));
#5598=DIRECTION('',(0.,1.,0.));
#5599=DIRECTION('',(0.,0.,-1.));
#5600=DIRECTION('',(0.,0.,-1.));
#5601=DIRECTION('',(1.,0.,0.));
#5602=DIRECTION('',(0.,0.,1.));
#5603=DIRECTION('',(1.,0.,0.));
#5604=DIRECTION('',(0.,0.,-1.));
#5605=DIRECTION('',(-1.,0.,0.));
#5606=DIRECTION('',(-0.994807861775076,0.101770910138909,0.));
#5607=DIRECTION('',(-0.101770910138909,-0.994807861775076,0.));
#5608=DIRECTION('',(0.999960841130643,-0.00884964435990509,0.));
#5609=DIRECTION('',(0.00884964435990509,0.999960841130643,0.));
#5610=DIRECTION('',(0.,0.,1.));
#5611=DIRECTION('',(-1.,0.,0.));
#5612=DIRECTION('',(0.999960841130643,-0.00884964435990509,0.));
#5613=DIRECTION('',(0.00884964435990509,0.999960841130643,0.));
#5614=DIRECTION('',(0.,0.,1.));
#5615=DIRECTION('',(-1.,0.,0.));
#5616=DIRECTION('',(-0.994807861775076,0.101770910138909,0.));
#5617=DIRECTION('',(-0.101770910138909,-0.994807861775076,0.));
#5618=DIRECTION('',(0.,-1.,0.));
#5619=DIRECTION('',(0.,0.,-1.));
#5620=DIRECTION('',(0.,1.,0.));
#5621=DIRECTION('',(0.,0.,1.));
#5622=DIRECTION('',(-1.,0.,0.));
#5623=DIRECTION('',(0.,0.,-1.));
#5624=DIRECTION('',(0.,0.,-1.));
#5625=DIRECTION('',(0.,1.,0.));
#5626=DIRECTION('',(0.,0.,-1.));
#5627=DIRECTION('',(0.,1.,0.));
#5628=DIRECTION('',(0.,0.,1.));
#5629=DIRECTION('',(-1.,0.,0.));
#5630=DIRECTION('',(-1.,0.,0.));
#5631=DIRECTION('',(-1.,0.,0.));
#5632=DIRECTION('',(0.,0.,1.));
#5633=DIRECTION('',(-1.,0.,0.));
#5634=DIRECTION('',(-1.,0.,0.));
#5635=DIRECTION('',(-1.,0.,0.));
#5636=DIRECTION('',(0.,-1.,0.));
#5637=DIRECTION('',(-1.,0.,0.));
#5638=DIRECTION('',(0.,-1.,0.));
#5639=DIRECTION('',(-1.,0.,0.));
#5640=DIRECTION('',(0.,0.,1.));
#5641=DIRECTION('',(-1.,0.,0.));
#5642=DIRECTION('',(-1.,0.,0.));
#5643=DIRECTION('',(0.,1.,0.));
#5644=DIRECTION('',(-1.,0.,0.));
#5645=DIRECTION('',(0.,0.,1.));
#5646=DIRECTION('',(-1.,0.,0.));
#5647=DIRECTION('',(0.,1.,0.));
#5648=DIRECTION('',(-1.,0.,0.));
#5649=DIRECTION('',(-1.,0.,0.));
#5650=DIRECTION('',(0.,-1.,0.));
#5651=DIRECTION('',(-1.,0.,0.));
#5652=DIRECTION('',(-1.,0.,0.));
#5653=DIRECTION('',(0.,0.,-1.));
#5654=DIRECTION('',(-1.,0.,0.));
#5655=DIRECTION('',(0.,1.,0.));
#5656=DIRECTION('',(0.,0.,-1.));
#5657=DIRECTION('',(0.,0.,-1.));
#5658=DIRECTION('',(0.,1.,0.));
#5659=DIRECTION('',(0.,0.,-1.));
#5660=DIRECTION('',(0.,1.,0.));
#5661=DIRECTION('',(0.,0.,-1.));
#5662=DIRECTION('',(0.,-1.,0.));
#5663=DIRECTION('',(-1.,0.,0.));
#5664=DIRECTION('',(0.,0.,-1.));
#5665=DIRECTION('',(0.,1.,0.));
#5666=DIRECTION('',(0.,0.,-1.));
#5667=DIRECTION('',(-1.,0.,0.));
#5668=DIRECTION('',(0.,0.,1.));
#5669=DIRECTION('',(-1.,0.,0.));
#5670=DIRECTION('',(0.,1.,0.));
#5671=DIRECTION('',(0.,0.,-1.));
#5672=DIRECTION('',(0.,1.,0.));
#5673=DIRECTION('',(0.,0.,-1.));
#5674=DIRECTION('',(-1.,0.,0.));
#5675=DIRECTION('',(0.,0.,-1.));
#5676=DIRECTION('',(0.,1.,0.));
#5677=DIRECTION('',(0.,0.,-1.));
#5678=DIRECTION('',(0.,1.,0.));
#5679=DIRECTION('',(0.,0.,-1.));
#5680=DIRECTION('',(0.,1.,0.));
#5681=DIRECTION('',(0.,0.,1.));
#5682=DIRECTION('',(0.,1.,0.));
#5683=DIRECTION('',(0.,0.,-1.));
#5684=DIRECTION('',(0.,1.,0.));
#5685=DIRECTION('',(0.,0.,-1.));
#5686=DIRECTION('',(0.,1.,0.));
#5687=DIRECTION('',(0.,0.,1.));
#5688=DIRECTION('',(0.,1.,0.));
#5689=DIRECTION('',(0.,0.,-1.));
#5690=DIRECTION('',(0.,1.,0.));
#5691=DIRECTION('',(0.,0.,-1.));
#5692=DIRECTION('',(0.,-1.,0.));
#5693=DIRECTION('',(0.,0.,-1.));
#5694=DIRECTION('',(0.,1.,0.));
#5695=DIRECTION('',(0.,0.,-1.));
#5696=DIRECTION('',(0.,1.,0.));
#5697=DIRECTION('',(0.,0.,-1.));
#5698=DIRECTION('',(1.,0.,0.));
#5699=DIRECTION('',(0.,0.,1.));
#5700=DIRECTION('',(-1.,0.,0.));
#5701=DIRECTION('',(0.,0.,1.));
#5702=DIRECTION('',(0.,-1.,0.));
#5703=DIRECTION('',(0.,0.,-1.));
#5704=DIRECTION('',(0.,0.,1.));
#5705=DIRECTION('',(1.,0.,0.));
#5706=DIRECTION('',(0.,0.,-1.));
#5707=DIRECTION('',(-1.,0.,0.));
#5708=DIRECTION('',(0.,0.,-1.));
#5709=DIRECTION('',(1.,0.,0.));
#5710=DIRECTION('',(0.,0.,1.));
#5711=DIRECTION('',(1.,0.,0.));
#5712=DIRECTION('',(0.,0.,-1.));
#5713=DIRECTION('',(1.,0.,0.));
#5714=DIRECTION('',(0.,0.,-1.));
#5715=DIRECTION('',(-1.,0.,0.));
#5716=DIRECTION('',(0.,-1.,0.));
#5717=DIRECTION('',(0.,0.,-1.));
#5718=DIRECTION('',(1.,0.,0.));
#5719=DIRECTION('',(0.,0.,-1.));
#5720=DIRECTION('',(-1.,0.,0.));
#5721=DIRECTION('',(0.,0.,-1.));
#5722=DIRECTION('',(0.,-1.,0.));
#5723=DIRECTION('',(0.,0.,-1.));
#5724=DIRECTION('',(1.,0.,0.));
#5725=DIRECTION('',(0.,0.,1.));
#5726=DIRECTION('',(-1.,0.,0.));
#5727=DIRECTION('',(0.,0.,1.));
#5728=DIRECTION('',(0.,-1.,0.));
#5729=DIRECTION('',(0.,0.,-1.));
#5730=DIRECTION('',(0.,0.,-1.));
#5731=DIRECTION('',(-1.,0.,0.));
#5732=DIRECTION('',(0.,0.,1.));
#5733=DIRECTION('',(1.,0.,0.));
#5734=DIRECTION('',(0.,0.,1.));
#5735=DIRECTION('',(-1.,0.,0.));
#5736=DIRECTION('',(0.,0.,-1.));
#5737=DIRECTION('',(-1.,0.,0.));
#5738=DIRECTION('',(0.,0.,-1.));
#5739=DIRECTION('',(1.,0.,0.));
#5740=DIRECTION('',(0.,0.,1.));
#5741=DIRECTION('',(1.,0.,0.));
#5742=DIRECTION('',(0.,-1.,0.));
#5743=DIRECTION('',(0.,0.,-1.));
#5744=DIRECTION('',(1.,0.,0.));
#5745=DIRECTION('',(0.,0.,-1.));
#5746=DIRECTION('',(-1.,0.,0.));
#5747=DIRECTION('',(0.,0.,-1.));
#5748=DIRECTION('',(0.,-1.,0.));
#5749=DIRECTION('',(0.,0.,-1.));
#5750=DIRECTION('',(0.,0.,1.));
#5751=DIRECTION('',(1.,0.,0.));
#5752=DIRECTION('',(3.02494454913927E-16,0.,1.));
#5753=DIRECTION('',(1.,0.,-3.02494454913927E-16));
#5754=DIRECTION('',(3.02494454913927E-16,0.,1.));
#5755=DIRECTION('',(1.,0.,-3.02494454913927E-16));
#5756=DIRECTION('',(1.,0.,-3.02494454913927E-16));
#5757=DIRECTION('',(0.,1.,0.));
#5758=DIRECTION('',(1.,0.,-3.02494454913927E-16));
#5759=DIRECTION('',(0.,0.,-1.));
#5760=DIRECTION('',(-1.,0.,0.));
#5761=DIRECTION('',(-1.,0.,0.));
#5762=DIRECTION('',(0.,1.,0.));
#5763=DIRECTION('',(-1.,0.,0.));
#5764=DIRECTION('',(0.,1.,0.));
#5765=DIRECTION('',(-1.,0.,0.));
#5766=DIRECTION('',(0.,0.,1.));
#5767=DIRECTION('',(0.,0.,1.));
#5768=DIRECTION('',(0.,1.,0.));
#5769=DIRECTION('',(0.,0.,1.));
#5770=DIRECTION('',(0.,0.,1.));
#5771=DIRECTION('',(1.,0.,0.));
#5772=DIRECTION('',(1.,0.,0.));
#5773=DIRECTION('',(0.,1.,0.));
#5774=DIRECTION('',(1.,0.,0.));
#5775=DIRECTION('',(-1.,0.,0.));
#5776=DIRECTION('',(0.,0.,1.));
#5777=DIRECTION('',(0.,0.,1.));
#5778=DIRECTION('',(0.,1.,0.));
#5779=DIRECTION('',(0.,0.,1.));
#5780=DIRECTION('',(0.,0.,-1.));
#5781=DIRECTION('',(-1.,0.,0.));
#5782=DIRECTION('',(-1.,0.,0.));
#5783=DIRECTION('',(0.,1.,0.));
#5784=DIRECTION('',(-1.,0.,0.));
#5785=DIRECTION('',(-1.,0.,0.));
#5786=DIRECTION('',(0.,0.,1.));
#5787=DIRECTION('',(0.,0.,1.));
#5788=DIRECTION('',(0.,1.,0.));
#5789=DIRECTION('',(0.,0.,1.));
#5790=DIRECTION('',(3.02494454913927E-16,0.,1.));
#5791=DIRECTION('',(1.,0.,-3.02494454913927E-16));
#5792=DIRECTION('',(3.02494454913927E-16,0.,1.));
#5793=DIRECTION('',(1.,0.,-3.02494454913927E-16));
#5794=DIRECTION('',(1.,0.,-3.02494454913927E-16));
#5795=DIRECTION('',(1.,0.,-3.02494454913927E-16));
#5796=DIRECTION('',(-1.,0.,0.));
#5797=DIRECTION('',(0.,0.,1.));
#5798=DIRECTION('',(0.,0.,1.));
#5799=DIRECTION('',(0.,1.,0.));
#5800=DIRECTION('',(0.,0.,1.));
#5801=DIRECTION('',(0.,0.,1.));
#5802=DIRECTION('',(1.,0.,0.));
#5803=DIRECTION('',(1.,0.,0.));
#5804=DIRECTION('',(0.,1.,0.));
#5805=DIRECTION('',(1.,0.,0.));
#5806=DIRECTION('',(-1.,0.,0.));
#5807=DIRECTION('',(0.,0.,1.));
#5808=DIRECTION('',(0.,0.,1.));
#5809=DIRECTION('',(0.,1.,0.));
#5810=DIRECTION('',(0.,0.,1.));
#5811=DIRECTION('',(0.,0.,-1.));
#5812=DIRECTION('',(-1.,0.,0.));
#5813=DIRECTION('',(-1.,0.,0.));
#5814=DIRECTION('',(0.,1.,0.));
#5815=DIRECTION('',(-1.,0.,0.));
#5816=DIRECTION('',(-1.,0.,0.));
#5817=DIRECTION('',(0.,0.,1.));
#5818=DIRECTION('',(0.,0.,1.));
#5819=DIRECTION('',(0.,0.,1.));
#5820=DIRECTION('',(0.,-1.,0.));
#5821=DIRECTION('',(1.,0.,0.));
#5822=DIRECTION('',(0.,-1.,0.));
#5823=DIRECTION('',(1.,0.,0.));
#5824=DIRECTION('',(-3.02494454913927E-16,0.,-1.));
#5825=DIRECTION('',(-1.,0.,3.02494454913927E-16));
#5826=DIRECTION('',(3.02494454913927E-16,0.,1.));
#5827=DIRECTION('',(1.,0.,-3.02494454913927E-16));
#5828=DIRECTION('',(3.02494454913927E-16,0.,1.));
#5829=DIRECTION('',(1.,0.,-3.02494454913927E-16));
#5830=DIRECTION('',(1.,3.0833937866685E-16,-8.6111817872486E-17));
#5831=DIRECTION('',(3.0833937866685E-16,-1.,1.15183957628133E-16));
#5832=DIRECTION('',(-1.,3.94951175775331E-17,1.25463152953129E-16));
#5833=DIRECTION('',(-4.56774982418712E-17,-0.998765935318371,-0.0496649418364707));
#5834=DIRECTION('',(0.,0.,1.));
#5835=DIRECTION('',(1.,0.,0.));
#5836=DIRECTION('',(-0.401997121384383,-0.915640930932355,0.));
#5837=DIRECTION('',(1.,0.,0.));
#5838=DIRECTION('',(0.,-1.,0.));
#5839=DIRECTION('',(1.,0.,0.));
#5840=DIRECTION('',(0.,1.,0.));
#5841=DIRECTION('',(1.,0.,0.));
#5842=DIRECTION('',(0.,1.,0.));
#5843=DIRECTION('',(-1.,0.,0.));
#5844=DIRECTION('',(-0.0703704528498684,0.997520926780839,0.));
#5845=DIRECTION('',(-1.,-4.54151989392281E-16,0.));
#5846=DIRECTION('',(-0.224147347691078,-0.974555266017816,0.));
#5847=DIRECTION('',(-0.415661783103714,-0.909519258766432,0.));
#5848=DIRECTION('',(1.,0.,0.));
#5849=DIRECTION('',(0.,0.,-1.));
#5850=DIRECTION('',(0.,-1.,0.));
#5851=DIRECTION('',(0.,0.,1.));
#5852=DIRECTION('',(0.,1.,0.));
#5853=DIRECTION('',(0.,0.,1.));
#5854=DIRECTION('',(0.,0.,1.));
#5855=DIRECTION('',(0.,-1.,0.));
#5856=DIRECTION('',(0.,0.,-1.));
#5857=DIRECTION('',(0.,1.,0.));
#5858=DIRECTION('',(0.,0.,-1.));
#5859=DIRECTION('',(1.,0.,0.));
#5860=DIRECTION('',(0.,0.,-1.));
#5861=DIRECTION('',(-1.,0.,0.));
#5862=DIRECTION('',(0.,0.,1.));
#5863=DIRECTION('',(0.,0.,1.));
#5864=DIRECTION('',(0.,-1.,0.));
#5865=DIRECTION('',(-1.,0.,0.));
#5866=DIRECTION('',(0.,0.,1.));
#5867=DIRECTION('',(0.,0.,-1.));
#5868=DIRECTION('',(0.,-1.,0.));
#5869=DIRECTION('',(0.,0.,-1.));
#5870=DIRECTION('',(0.,1.,0.));
#5871=DIRECTION('',(0.,0.,1.));
#5872=DIRECTION('',(0.,-1.,0.));
#5873=DIRECTION('',(-0.339793580919918,0.940500038471886,0.));
#5874=DIRECTION('',(-0.940500038471886,-0.339793580919918,0.));
#5875=DIRECTION('',(0.940500038471886,0.339793580919918,0.));
#5876=DIRECTION('',(0.,0.,1.));
#5877=DIRECTION('',(-0.940500038471886,-0.339793580919918,0.));
#5878=DIRECTION('',(0.,0.,1.));
#5879=DIRECTION('',(0.,0.,1.));
#5880=DIRECTION('',(-0.940500038471886,-0.339793580919918,0.));
#5881=DIRECTION('',(-0.56710182353441,0.823647692732729,0.));
#5882=DIRECTION('',(-0.823647692732729,-0.56710182353441,0.));
#5883=DIRECTION('',(0.823647692732729,0.56710182353441,0.));
#5884=DIRECTION('',(-0.823647692732729,-0.56710182353441,0.));
#5885=DIRECTION('',(0.,0.,1.));
#5886=DIRECTION('',(-0.823647692732729,-0.56710182353441,0.));
#5887=DIRECTION('',(0.,0.,1.));
#5888=DIRECTION('',(1.,0.,0.));
#5889=DIRECTION('',(-0.999977469662913,-0.00671268698497289,0.));
#5890=DIRECTION('',(0.,1.,0.));
#5891=DIRECTION('',(1.,0.,0.));
#5892=DIRECTION('',(0.,1.,0.));
#5893=DIRECTION('',(1.,0.,0.));
#5894=DIRECTION('',(0.,-1.,0.));
#5895=DIRECTION('',(0.,0.,-1.));
#5896=DIRECTION('',(1.,0.,0.));
#5897=DIRECTION('',(0.,0.,1.));
#5898=DIRECTION('',(1.,0.,0.));
#5899=DIRECTION('',(0.,0.,1.));
#5900=DIRECTION('',(1.,0.,0.));
#5901=DIRECTION('',(0.,0.,1.));
#5902=DIRECTION('',(1.,0.,0.));
#5903=DIRECTION('',(0.7412003031284,0.671283926995402,0.));
#5904=DIRECTION('',(0.990546931023016,0.137174259396157,0.));
#5905=DIRECTION('',(-0.00671268698497289,0.999977469662913,0.));
#5906=DIRECTION('',(-0.999977469662913,-0.00671268698497289,0.));
#5907=DIRECTION('',(-0.999977469662913,-0.00671268698497289,0.));
#5908=DIRECTION('',(0.,0.,1.));
#5909=DIRECTION('',(0.137174259396157,-0.990546931023016,0.));
#5910=DIRECTION('',(0.990546931023016,0.137174259396157,0.));
#5911=DIRECTION('',(0.,0.,1.));
#5912=DIRECTION('',(0.990546931023016,0.137174259396157,0.));
#5913=DIRECTION('',(0.671283926995402,-0.7412003031284,0.));
#5914=DIRECTION('',(0.7412003031284,0.671283926995402,0.));
#5915=DIRECTION('',(0.7412003031284,0.671283926995402,0.));
#5916=DIRECTION('',(1.,0.,0.));
#5917=DIRECTION('',(0.,0.,-1.));
#5918=DIRECTION('',(0.,0.,1.));
#5919=DIRECTION('',(0.,1.,0.));
#5920=DIRECTION('',(0.,-1.,0.));
#5921=DIRECTION('',(0.,0.,-1.));
#5922=DIRECTION('',(0.,0.,1.));
#5923=DIRECTION('',(1.,0.,0.));
#5924=DIRECTION('',(1.,0.,0.));
#5925=DIRECTION('',(0.,0.,-1.));
#5926=DIRECTION('',(0.,1.,0.));
#5927=DIRECTION('',(0.,0.,1.));
#5928=DIRECTION('',(1.,0.,0.));
#5929=DIRECTION('',(0.,0.,-1.));
#5930=DIRECTION('',(-1.,0.,0.));
#5931=DIRECTION('',(0.,0.,-1.));
#5932=DIRECTION('',(-1.,0.,0.));
#5933=DIRECTION('',(0.,0.,-1.));
#5934=DIRECTION('',(-1.,0.,0.));
#5935=DIRECTION('',(0.,0.,-1.));
#5936=DIRECTION('',(-1.,0.,0.));
#5937=DIRECTION('',(0.,0.,-1.));
#5938=DIRECTION('',(0.,0.,-1.));
#5939=DIRECTION('',(-1.,0.,0.));
#5940=DIRECTION('',(0.,0.,-1.));
#5941=DIRECTION('',(0.,0.,1.));
#5942=DIRECTION('',(1.,0.,0.));
#5943=DIRECTION('',(0.,0.,1.));
#5944=DIRECTION('',(1.,0.,0.));
#5945=DIRECTION('',(1.,0.,0.));
#5946=DIRECTION('',(0.,0.,-1.));
#5947=DIRECTION('',(-1.,0.,0.));
#5948=DIRECTION('',(0.,0.,-1.));
#5949=DIRECTION('',(-1.,0.,0.));
#5950=DIRECTION('',(0.,0.,1.));
#5951=DIRECTION('',(1.,0.,0.));
#5952=DIRECTION('',(-1.,-4.54151989392281E-16,0.));
#5953=DIRECTION('',(0.,-1.,0.));
#5954=DIRECTION('',(-0.401997121384383,-0.915640930932355,0.));
#5955=DIRECTION('',(-0.415661783103714,-0.909519258766432,0.));
#5956=DIRECTION('',(-0.224147347691078,-0.974555266017816,0.));
#5957=DIRECTION('',(0.,1.,0.));
#5958=DIRECTION('',(0.,0.,1.));
#5959=DIRECTION('',(0.,-1.,0.));
#5960=DIRECTION('',(0.,0.,-1.));
#5961=DIRECTION('',(-1.,0.,0.));
#5962=DIRECTION('',(0.,0.,1.));
#5963=DIRECTION('',(0.,-1.,0.));
#5964=DIRECTION('',(0.,0.,1.));
#5965=DIRECTION('',(0.,-1.,0.));
#5966=DIRECTION('',(0.335411149327502,-0.942071844875328,0.));
#5967=DIRECTION('',(0.942071844875328,0.335411149327502,0.));
#5968=DIRECTION('',(0.942071844875328,0.335411149327502,0.));
#5969=DIRECTION('',(0.942071844875328,0.335411149327502,0.));
#5970=DIRECTION('',(0.,0.,-1.));
#5971=DIRECTION('',(1.,0.,0.));
#5972=DIRECTION('',(0.,0.,-1.));
#5973=DIRECTION('',(1.,0.,0.));
#5974=DIRECTION('',(0.,0.,1.));
#5975=DIRECTION('',(1.,0.,0.));
#5976=DIRECTION('',(1.,0.,0.));
#5977=DIRECTION('',(0.,-1.,0.));
#5978=DIRECTION('',(0.,0.,-1.));
#5979=DIRECTION('',(1.,0.,0.));
#5980=DIRECTION('',(1.,0.,0.));
#5981=DIRECTION('',(0.,0.,-1.));
#5982=DIRECTION('',(4.54151989392281E-16,-1.,0.));
#5983=DIRECTION('',(1.,4.54151989392281E-16,0.));
#5984=DIRECTION('',(-1.,-4.54151989392281E-16,0.));
#5985=DIRECTION('',(0.,0.,-1.));
#5986=DIRECTION('',(0.,0.,-1.));
#5987=DIRECTION('',(0.974555266017816,-0.224147347691078,0.));
#5988=DIRECTION('',(0.224147347691078,0.974555266017816,0.));
#5989=DIRECTION('',(0.,0.,-1.));
#5990=DIRECTION('',(0.909519258766432,-0.415661783103714,0.));
#5991=DIRECTION('',(0.415661783103714,0.909519258766432,0.));
#5992=DIRECTION('',(0.,0.,-1.));
#5993=DIRECTION('',(0.915640930932355,-0.401997121384383,0.));
#5994=DIRECTION('',(0.401997121384383,0.915640930932355,0.));
#5995=DIRECTION('',(0.,0.,-1.));
#5996=DIRECTION('',(1.,0.,0.));
#5997=DIRECTION('',(0.,0.,-1.));
#5998=DIRECTION('',(0.,-1.,0.));
#5999=DIRECTION('',(0.,0.,-1.));
#6000=DIRECTION('',(0.,-1.,0.));
#6001=DIRECTION('',(0.,0.,-1.));
#6002=DIRECTION('',(0.,1.,0.));
#6003=DIRECTION('',(0.,0.,1.));
#6004=DIRECTION('',(1.,0.,0.));
#6005=DIRECTION('',(0.,0.,-1.));
#6006=DIRECTION('',(1.,0.,0.));
#6007=DIRECTION('',(0.,0.,-1.));
#6008=DIRECTION('',(1.,0.,0.));
#6009=DIRECTION('',(-1.,0.,0.));
#6010=DIRECTION('',(0.,0.,1.));
#6011=DIRECTION('',(0.,1.,0.));
#6012=DIRECTION('',(0.,0.,-1.));
#6013=DIRECTION('',(0.,0.,-1.));
#6014=DIRECTION('',(0.,1.,0.));
#6015=DIRECTION('',(0.,0.,-1.));
#6016=DIRECTION('',(0.,1.,0.));
#6017=DIRECTION('',(0.,-1.,0.));
#6018=DIRECTION('',(0.,0.,-1.));
#6019=DIRECTION('',(-1.,0.,0.));
#6020=DIRECTION('',(0.,0.,-1.));
#6021=DIRECTION('',(-0.997520926780839,-0.0703704528498684,0.));
#6022=DIRECTION('',(0.0703704528498684,-0.997520926780839,0.));
#6023=DIRECTION('',(-0.0703704528498684,0.997520926780839,0.));
#6024=DIRECTION('',(0.,0.,1.));
#6025=DIRECTION('',(1.,0.,0.));
#6026=DIRECTION('',(0.,1.,0.));
#6027=DIRECTION('',(0.,0.,1.));
#6028=DIRECTION('',(1.,0.,0.));
#6029=DIRECTION('',(0.,0.,-1.));
#6030=DIRECTION('',(0.,1.,0.));
#6031=DIRECTION('',(0.,0.,1.));
#6032=DIRECTION('',(0.,0.,-1.));
#6033=DIRECTION('',(1.,0.,0.));
#6034=DIRECTION('',(-1.,0.,0.));
#6035=DIRECTION('',(0.,0.,1.));
#6036=DIRECTION('',(0.,0.,-1.));
#6037=DIRECTION('',(0.,1.,0.));
#6038=DIRECTION('',(0.,1.,0.));
#6039=DIRECTION('',(0.,0.,1.));
#6040=DIRECTION('',(0.,0.,-1.));
#6041=DIRECTION('',(1.,0.,0.));
#6042=DIRECTION('',(1.,0.,0.));
#6043=DIRECTION('',(0.,0.,-1.));
#6044=DIRECTION('',(0.,-1.,0.));
#6045=DIRECTION('',(0.,0.,1.));
#6046=DIRECTION('',(1.,0.,0.));
#6047=DIRECTION('',(0.,1.,0.));
#6048=DIRECTION('',(-0.441649677271956,-0.897187584937274,0.));
#6049=DIRECTION('',(-1.,0.,0.));
#6050=DIRECTION('',(-1.,0.,0.));
#6051=DIRECTION('',(0.,0.,1.));
#6052=DIRECTION('',(0.,1.,0.));
#6053=DIRECTION('',(0.,0.,-1.));
#6054=DIRECTION('',(0.,-1.,0.));
#6055=DIRECTION('',(0.,0.,-1.));
#6056=DIRECTION('',(0.,0.,-1.));
#6057=DIRECTION('',(-1.,0.,0.));
#6058=DIRECTION('',(0.897187584937274,-0.441649677271956,0.));
#6059=DIRECTION('',(0.441649677271956,0.897187584937274,0.));
#6060=DIRECTION('',(-0.441649677271956,-0.897187584937274,0.));
#6061=DIRECTION('',(0.,0.,1.));
#6062=DIRECTION('',(1.,0.,0.));
#6063=DIRECTION('',(3.36787248145534E-18,-1.00242978713843E-18,-1.));
#6064=DIRECTION('',(1.,-1.35749826219454E-16,3.36787248145534E-18));
#6065=DIRECTION('',(0.,0.,1.));
#6066=DIRECTION('',(1.,0.,0.));
#6067=DIRECTION('',(0.,0.,1.));
#6068=DIRECTION('',(1.,0.,0.));
#6069=DIRECTION('',(0.,0.,1.));
#6070=DIRECTION('',(1.,0.,0.));
#6071=DIRECTION('',(0.,0.,1.));
#6072=DIRECTION('',(0.,0.,1.));
#6073=DIRECTION('',(1.,0.,0.));
#6074=DIRECTION('',(0.,0.,1.));
#6075=DIRECTION('',(0.,0.,1.));
#6076=DIRECTION('',(1.,0.,0.));
#6077=DIRECTION('',(0.,0.,1.));
#6078=DIRECTION('',(0.,0.,1.));
#6079=DIRECTION('',(1.,0.,0.));
#6080=DIRECTION('',(0.,0.,1.));
#6081=DIRECTION('',(0.,0.,-1.));
#6082=DIRECTION('',(-1.,0.,0.));
#6083=DIRECTION('',(-1.,0.,0.));
#6084=DIRECTION('',(0.,-1.,0.));
#6085=DIRECTION('',(-1.,0.,0.));
#6086=DIRECTION('',(1.,0.,0.));
#6087=DIRECTION('',(0.,-1.,0.));
#6088=DIRECTION('',(1.,0.,0.));
#6089=DIRECTION('',(0.,0.,1.));
#6090=DIRECTION('',(1.,0.,0.));
#6091=DIRECTION('',(0.,0.,1.));
#6092=DIRECTION('',(1.,0.,0.));
#6093=DIRECTION('',(0.,0.,1.));
#6094=DIRECTION('',(1.,0.,0.));
#6095=DIRECTION('',(0.,0.,1.));
#6096=DIRECTION('',(1.,0.,0.));
#6097=DIRECTION('',(0.,1.,0.));
#6098=DIRECTION('',(0.,0.,1.));
#6099=DIRECTION('',(1.,0.,0.));
#6100=DIRECTION('',(0.,0.,-1.));
#6101=DIRECTION('',(1.,0.,0.));
#6102=DIRECTION('',(0.,0.,-1.));
#6103=DIRECTION('',(-1.,0.,0.));
#6104=DIRECTION('',(0.,0.,1.));
#6105=DIRECTION('',(0.,0.,-1.));
#6106=DIRECTION('',(0.,-1.,0.));
#6107=DIRECTION('',(0.,1.,0.));
#6108=DIRECTION('',(0.,0.,1.));
#6109=DIRECTION('',(1.,0.,0.));
#6110=DIRECTION('',(0.,0.,1.));
#6111=DIRECTION('',(1.,0.,0.));
#6112=DIRECTION('',(1.,0.,0.));
#6113=DIRECTION('',(0.,0.,-1.));
#6114=DIRECTION('',(1.,0.,0.));
#6115=DIRECTION('',(0.,0.,-1.));
#6116=DIRECTION('',(0.,0.,-1.));
#6117=DIRECTION('',(0.,-1.,0.));
#6118=DIRECTION('',(0.,0.,-1.));
#6119=DIRECTION('',(0.,-1.,0.));
#6120=DIRECTION('',(0.,0.,-1.));
#6121=DIRECTION('',(-1.,0.,0.));
#6122=DIRECTION('',(0.,-1.,0.));
#6123=DIRECTION('',(0.,0.,-1.));
#6124=DIRECTION('',(-1.,0.,0.));
#6125=DIRECTION('',(0.,0.,1.));
#6126=DIRECTION('',(1.,0.,0.));
#6127=DIRECTION('',(-1.,0.,0.));
#6128=DIRECTION('',(0.,0.,1.));
#6129=DIRECTION('',(-1.,0.,0.));
#6130=DIRECTION('',(0.,0.,1.));
#6131=DIRECTION('',(-1.,0.,0.));
#6132=DIRECTION('',(0.,-1.,0.));
#6133=DIRECTION('',(1.,0.,0.));
#6134=DIRECTION('',(0.,0.,-1.));
#6135=DIRECTION('',(1.,0.,0.));
#6136=DIRECTION('',(0.,0.,-1.));
#6137=DIRECTION('',(1.,0.,0.));
#6138=DIRECTION('',(0.,1.,0.));
#6139=DIRECTION('',(0.,0.,1.));
#6140=DIRECTION('',(1.,0.,0.));
#6141=DIRECTION('',(0.,0.,-1.));
#6142=DIRECTION('',(-1.,0.,0.));
#6143=DIRECTION('',(0.,0.,-1.));
#6144=DIRECTION('',(-1.,0.,0.));
#6145=DIRECTION('',(0.,0.,-1.));
#6146=DIRECTION('',(-1.,0.,0.));
#6147=DIRECTION('',(0.,0.,-1.));
#6148=DIRECTION('',(0.,0.,1.));
#6149=DIRECTION('',(1.,0.,0.));
#6150=DIRECTION('',(0.,0.,-1.));
#6151=DIRECTION('',(0.,0.,-1.));
#6152=DIRECTION('',(-1.,0.,0.));
#6153=DIRECTION('',(0.,0.,-1.));
#6154=DIRECTION('',(0.,0.,1.));
#6155=DIRECTION('',(1.,0.,0.));
#6156=DIRECTION('',(0.,0.,-1.));
#6157=DIRECTION('',(0.,0.,-1.));
#6158=DIRECTION('',(-1.,0.,0.));
#6159=DIRECTION('',(0.,0.,-1.));
#6160=DIRECTION('',(-1.,0.,0.));
#6161=DIRECTION('',(0.,0.,-1.));
#6162=DIRECTION('',(-1.,0.,0.));
#6163=DIRECTION('',(0.,0.,1.));
#6164=DIRECTION('',(1.,0.,0.));
#6165=DIRECTION('',(0.,1.,0.));
#6166=DIRECTION('',(-1.,0.,0.));
#6167=DIRECTION('',(0.,1.,0.));
#6168=DIRECTION('',(0.,-1.,0.));
#6169=DIRECTION('',(-1.,0.,0.));
#6170=DIRECTION('',(0.,-1.,0.));
#6171=DIRECTION('',(0.,0.,-1.));
#6172=DIRECTION('',(-1.,0.,0.));
#6173=DIRECTION('',(-1.,0.,0.));
#6174=DIRECTION('',(0.,0.,1.));
#6175=DIRECTION('',(0.,1.,0.));
#6176=DIRECTION('',(0.,0.,-1.));
#6177=DIRECTION('',(-1.,0.,0.));
#6178=DIRECTION('',(0.,0.,1.));
#6179=DIRECTION('',(0.,0.,-1.));
#6180=DIRECTION('',(0.,1.,0.));
#6181=DIRECTION('',(0.,-1.,0.));
#6182=DIRECTION('',(0.,0.,-1.));
#6183=DIRECTION('',(0.,-1.,0.));
#6184=DIRECTION('',(0.,0.,-1.));
#6185=DIRECTION('',(-1.,0.,0.));
#6186=DIRECTION('',(0.,0.,1.));
#6187=DIRECTION('',(1.,0.,0.));
#6188=DIRECTION('',(1.,0.,0.));
#6189=DIRECTION('',(0.,0.,-1.));
#6190=DIRECTION('',(0.,0.,-1.));
#6191=DIRECTION('',(0.,-1.,0.));
#6192=DIRECTION('',(1.,0.,0.));
#6193=DIRECTION('',(0.,0.,-1.));
#6194=DIRECTION('',(0.,-1.,0.));
#6195=DIRECTION('',(0.,0.,-1.));
#6196=DIRECTION('',(0.,-1.,0.));
#6197=DIRECTION('',(0.,0.,-1.));
#6198=DIRECTION('',(0.,1.,0.));
#6199=DIRECTION('',(0.,0.,1.));
#6200=DIRECTION('',(-1.,0.,0.));
#6201=DIRECTION('',(0.,0.,1.));
#6202=DIRECTION('',(1.,0.,0.));
#6203=DIRECTION('',(1.,0.,0.));
#6204=DIRECTION('',(0.,0.,-1.));
#6205=DIRECTION('',(-1.,0.,0.));
#6206=DIRECTION('',(0.,0.,1.));
#6207=DIRECTION('',(0.,-1.,0.));
#6208=DIRECTION('',(0.,0.,-1.));
#6209=DIRECTION('',(0.,-1.,0.));
#6210=DIRECTION('',(0.,0.,-1.));
#6211=DIRECTION('',(0.,-1.,0.));
#6212=DIRECTION('',(1.,0.,0.));
#6213=DIRECTION('',(0.,1.,0.));
#6214=DIRECTION('',(0.,0.,1.));
#6215=DIRECTION('',(0.,1.,0.));
#6216=DIRECTION('',(0.,0.,1.));
#6217=DIRECTION('',(0.,1.,0.));
#6218=DIRECTION('',(-1.,0.,0.));
#6219=DIRECTION('',(0.,0.,1.));
#6220=DIRECTION('',(1.,0.,0.));
#6221=DIRECTION('',(8.49039073858229E-16,1.,3.05091377535454E-16));
#6222=DIRECTION('',(0.999963564503225,-8.51612512531434E-16,0.00853637311772048));
#6223=DIRECTION('',(0.,0.,-1.));
#6224=DIRECTION('',(-1.,0.,0.));
#6225=DIRECTION('',(0.,0.,1.));
#6226=DIRECTION('',(1.,0.,0.));
#6227=DIRECTION('',(0.,0.,1.));
#6228=DIRECTION('',(1.,0.,0.));
#6229=DIRECTION('',(0.,0.,1.));
#6230=DIRECTION('',(1.,0.,0.));
#6231=DIRECTION('',(0.,0.,1.));
#6232=DIRECTION('',(1.,0.,0.));
#6233=DIRECTION('',(2.47275237569374E-17,1.,5.01224819736123E-19));
#6234=DIRECTION('',(1.,-2.47275237569374E-17,3.36787248145455E-18));
#6235=DIRECTION('',(0.,0.,-1.));
#6236=DIRECTION('',(-1.,0.,0.));
#6237=DIRECTION('',(0.,0.,1.));
#6238=DIRECTION('',(1.,0.,0.));
#6239=DIRECTION('',(0.,0.,1.));
#6240=DIRECTION('',(1.,0.,0.));
#6241=DIRECTION('',(0.,0.,1.));
#6242=DIRECTION('',(1.,0.,0.));
#6243=DIRECTION('',(0.,0.,1.));
#6244=DIRECTION('',(1.,0.,0.));
#6245=DIRECTION('',(-1.,-6.56933779584113E-27,-5.60992837629558E-45));
#6246=DIRECTION('',(0.,8.53956448981369E-19,-1.));
#6247=DIRECTION('',(-4.44089209850064E-16,-1.,-2.81677773202208E-16));
#6248=DIRECTION('',(1.,-4.44089209850064E-16,6.10622663543836E-16));
#6249=CARTESIAN_POINT('',(0.,0.,0.));
#6250=CARTESIAN_POINT('',(-0.0369626857995987,0.0578513443470001,0.0127));
#6251=CARTESIAN_POINT('',(-0.0369626857995987,0.0578513443470001,0.0127));
#6252=CARTESIAN_POINT('',(-0.0351846857995987,0.0578513443470001,0.0127));
#6253=CARTESIAN_POINT('',(-0.0369626857995987,0.0578513443470001,0.));
#6254=CARTESIAN_POINT('',(-0.0351846857995987,0.0578513443470001,0.));
#6255=CARTESIAN_POINT('',(-0.0242626857995987,0.0578513443470001,0.0127));
#6256=CARTESIAN_POINT('',(-0.0242626857995987,0.0578513443470001,0.));
#6257=CARTESIAN_POINT('',(0.0368375687848884,-0.0359105280447006,-0.0701532198808816));
#6258=CARTESIAN_POINT('',(3.38075635934707E-19,0.0169548708945513,0.00254));
#6259=CARTESIAN_POINT('',(3.38075635934707E-19,0.0169548708945513,0.));
#6260=CARTESIAN_POINT('',(0.00272749727662595,0.0140841377583235,0.));
#6261=CARTESIAN_POINT('',(-0.00272749727662595,0.0140841377583235,0.));
#6262=CARTESIAN_POINT('',(-0.00272749727662595,0.0140841377583235,0.00254));
#6263=CARTESIAN_POINT('',(-0.00272749727662595,0.0140841377583235,0.00254));
#6264=CARTESIAN_POINT('',(3.38075635934707E-19,0.0169548708945513,0.00254));
#6265=CARTESIAN_POINT('',(0.00272749727662595,0.0140841377583235,0.00254));
#6266=CARTESIAN_POINT('',(0.00272749727662595,0.0140841377583235,0.00254));
#6267=CARTESIAN_POINT('',(-0.0025331825454707,0.00762884069284868,0.00254));
#6268=CARTESIAN_POINT('',(-0.0025331825454707,0.00762884069284868,0.));
#6269=CARTESIAN_POINT('',(-0.00233886781431546,0.00117354362737387,0.));
#6270=CARTESIAN_POINT('',(-0.00233886781431546,0.00117354362737387,0.00254));
#6271=CARTESIAN_POINT('',(-0.00233886781431546,0.00117354362737387,0.00254));
#6272=CARTESIAN_POINT('',(-0.0025331825454707,0.00762884069284868,0.00254));
#6273=CARTESIAN_POINT('',(-0.00233886781431546,0.00117354362737387,0.00254));
#6274=CARTESIAN_POINT('',(-0.00233886781431546,0.00117354362737387,0.));
#6275=CARTESIAN_POINT('',(-0.00237462483545671,4.5294718195994E-5,0.00254));
#6276=CARTESIAN_POINT('',(-0.00237462483545671,4.5294718195994E-5,0.));
#6277=CARTESIAN_POINT('',(-0.00159500223068489,-0.000644917677467068,0.00254));
#6278=CARTESIAN_POINT('',(-0.00159500223068489,-0.000644917677467068,0.));
#6279=CARTESIAN_POINT('',(0.,-0.000897093559615314,0.00254));
#6280=CARTESIAN_POINT('',(0.,-0.000897093559615314,0.));
#6281=CARTESIAN_POINT('',(-0.00233886781431546,0.00117354362737387,0.));
#6282=CARTESIAN_POINT('',(-0.00239250334602734,-0.000518829736392945,0.));
#6283=CARTESIAN_POINT('',(0.,-0.000897093559615314,0.));
#6284=CARTESIAN_POINT('',(0.,-0.000897093559615314,0.));
#6285=CARTESIAN_POINT('',(0.,-0.000897093559615314,0.00254));
#6286=CARTESIAN_POINT('',(0.,-0.000897093559615314,0.00254));
#6287=CARTESIAN_POINT('',(-0.00233886781431546,0.00117354362737387,0.00254));
#6288=CARTESIAN_POINT('',(-0.00239250334602734,-0.000518829736392945,0.00254));
#6289=CARTESIAN_POINT('',(0.,-0.000897093559615314,0.00254));
#6290=CARTESIAN_POINT('',(0.00233886781431546,0.00117354362737387,0.00254));
#6291=CARTESIAN_POINT('',(0.00233886781431546,0.00117354362737387,0.));
#6292=CARTESIAN_POINT('',(0.00237462483545671,4.5294718195994E-5,0.00254));
#6293=CARTESIAN_POINT('',(0.00237462483545671,4.5294718195994E-5,0.));
#6294=CARTESIAN_POINT('',(0.00159500223068489,-0.000644917677467068,0.00254));
#6295=CARTESIAN_POINT('',(0.00159500223068489,-0.000644917677467068,0.));
#6296=CARTESIAN_POINT('',(0.,-0.000897093559615314,0.00254));
#6297=CARTESIAN_POINT('',(0.,-0.000897093559615314,0.));
#6298=CARTESIAN_POINT('',(0.00233886781431546,0.00117354362737387,0.));
#6299=CARTESIAN_POINT('',(0.00239250334602734,-0.000518829736392945,0.));
#6300=CARTESIAN_POINT('',(0.,-0.000897093559615314,0.));
#6301=CARTESIAN_POINT('',(0.00233886781431546,0.00117354362737387,0.));
#6302=CARTESIAN_POINT('',(0.00233886781431546,0.00117354362737387,0.00254));
#6303=CARTESIAN_POINT('',(0.00233886781431546,0.00117354362737387,0.00254));
#6304=CARTESIAN_POINT('',(0.00233886781431546,0.00117354362737387,0.00254));
#6305=CARTESIAN_POINT('',(0.00239250334602734,-0.000518829736392945,0.00254));
#6306=CARTESIAN_POINT('',(0.,-0.000897093559615314,0.00254));
#6307=CARTESIAN_POINT('',(-3.66265699788909E-20,0.00972600563003194,0.00254));
#6308=CARTESIAN_POINT('',(-3.66265699788909E-20,0.00972600563003194,0.00254));
#6309=CARTESIAN_POINT('',(0.000598157281011827,0.00972600563003194,0.00254));
#6310=CARTESIAN_POINT('',(-3.66265699788909E-20,0.00972600563003194,0.));
#6311=CARTESIAN_POINT('',(0.000598157281011827,0.00972600563003194,0.));
#6312=CARTESIAN_POINT('',(-3.40549878696347E-20,0.00736348919230858,0.00254));
#6313=CARTESIAN_POINT('',(-3.40549878696347E-20,0.00736348919230858,0.00254));
#6314=CARTESIAN_POINT('',(0.00055616015806917,0.00736348919230858,0.00254));
#6315=CARTESIAN_POINT('',(-3.40549878696347E-20,0.00736348919230858,0.));
#6316=CARTESIAN_POINT('',(0.00055616015806917,0.00736348919230858,0.));
#6317=CARTESIAN_POINT('',(-3.74103615951141E-20,0.00514571556689217,0.00254));
#6318=CARTESIAN_POINT('',(-3.74103615951141E-20,0.00514571556689217,0.00254));
#6319=CARTESIAN_POINT('',(0.000610957569499395,0.00514571556689217,0.00254));
#6320=CARTESIAN_POINT('',(-3.74103615951141E-20,0.00514571556689217,0.));
#6321=CARTESIAN_POINT('',(0.000610957569499395,0.00514571556689217,0.));
#6322=CARTESIAN_POINT('',(-3.98332479743087E-20,0.00315418087568432,0.00254));
#6323=CARTESIAN_POINT('',(-3.98332479743087E-20,0.00315418087568432,0.00254));
#6324=CARTESIAN_POINT('',(0.000650526306883619,0.00315418087568432,0.00254));
#6325=CARTESIAN_POINT('',(-3.98332479743087E-20,0.00315418087568432,0.));
#6326=CARTESIAN_POINT('',(0.000650526306883619,0.00315418087568432,0.));
#6327=CARTESIAN_POINT('',(-3.76088837109379E-20,0.000867366332094249,0.00254));
#6328=CARTESIAN_POINT('',(-3.76088837109379E-20,0.000867366332094249,0.00254));
#6329=CARTESIAN_POINT('',(0.000614199681689816,0.000867366332094249,0.00254));
#6330=CARTESIAN_POINT('',(-3.76088837109379E-20,0.000867366332094249,0.));
#6331=CARTESIAN_POINT('',(0.000614199681689816,0.000867366332094249,0.));
#6332=CARTESIAN_POINT('',(0.0025331825454707,0.00762884069284868,0.00254));
#6333=CARTESIAN_POINT('',(0.0025331825454707,0.00762884069284868,0.));
#6334=CARTESIAN_POINT('',(0.0025331825454707,0.00762884069284868,0.00254));
#6335=CARTESIAN_POINT('',(0.,0.0169548708945513,0.00254));
#6336=CARTESIAN_POINT('',(0.,0.0169548708945513,0.00254));
#6337=CARTESIAN_POINT('',(0.0016398286265835,0.0169548708945513,0.00254));
#6338=CARTESIAN_POINT('',(0.,0.0169548708945513,0.));
#6339=CARTESIAN_POINT('',(0.0016398286265835,0.0169548708945513,0.));
#6340=CARTESIAN_POINT('',(-3.25568217102956E-20,0.0119266068700066,0.00254));
#6341=CARTESIAN_POINT('',(-3.25568217102956E-20,0.0119266068700066,0.00254));
#6342=CARTESIAN_POINT('',(0.000531693247930145,0.0119266068700066,0.00254));
#6343=CARTESIAN_POINT('',(-3.25568217102956E-20,0.0119266068700066,0.));
#6344=CARTESIAN_POINT('',(0.000531693247930145,0.0119266068700066,0.));
#6345=CARTESIAN_POINT('',(0.,0.0100088097601784,0.00254));
#6346=CARTESIAN_POINT('',(0.,0.0100088097601784,0.));
#6347=CARTESIAN_POINT('',(0.00137323101418355,-0.0408178432670162,0.0146910682921746));
#6348=CARTESIAN_POINT('',(-0.0115626857995987,0.0578513443470001,0.0127));
#6349=CARTESIAN_POINT('',(-0.0115626857995987,0.0578513443470001,0.005842));
#6350=CARTESIAN_POINT('',(-0.0097846857995987,0.0578513443470001,0.005842));
#6351=CARTESIAN_POINT('',(-0.0115626857995987,0.0578513443470001,0.0127));
#6352=CARTESIAN_POINT('',(-0.0097846857995987,0.0578513443470001,0.0127));
#6353=CARTESIAN_POINT('',(-0.0242626857995987,0.0578513443470001,0.0127));
#6354=CARTESIAN_POINT('',(-0.0327670656790734,0.0527282226830721,0.005842));
#6355=CARTESIAN_POINT('',(0.0262365302848817,0.0578513443470001,-0.00168446445238867));
#6356=CARTESIAN_POINT('',(-0.029191043227911,0.0222913417965174,0.0031999936));
#6357=CARTESIAN_POINT('',(-0.029191043227911,0.0222913417965174,0.0031999936));
#6358=CARTESIAN_POINT('',(-0.026791048027911,0.0222913417965174,0.0031999936));
#6359=CARTESIAN_POINT('',(-0.029191043227911,0.0222913417965174,0.));
#6360=CARTESIAN_POINT('',(-0.026791048027911,0.0222913417965174,0.));
#6361=CARTESIAN_POINT('',(-0.029191043227911,0.0222913417965174,0.0031999936));
#6362=CARTESIAN_POINT('',(-0.029191043227911,0.0222913417965174,0.));
#6363=CARTESIAN_POINT('',(0.0695543621144106,0.0016168605562944,-0.0316937233192494));
#6364=CARTESIAN_POINT('',(0.,0.,0.013719636015594));
#6365=CARTESIAN_POINT('',(-0.00143657663393399,0.0227127885273307,0.106607221939278));
#6366=CARTESIAN_POINT('',(-0.00143657663393399,0.0227127885273307,0.106794455180845));
#6367=CARTESIAN_POINT('',(-0.00127078811995966,0.0227234390380089,0.106962821939278));
#6368=CARTESIAN_POINT('',(-0.00108373325016072,0.0227323566168337,0.106962821939278));
#6369=CARTESIAN_POINT('',(-0.00143657663393399,0.0227127885273307,0.106607221939278));
#6370=CARTESIAN_POINT('',(-0.00108373325016073,0.0227323566168337,0.106962821939278));
#6371=CARTESIAN_POINT('',(-0.00143657663393399,0.0227127885273307,0.013719636015594));
#6372=CARTESIAN_POINT('',(-0.00143657663393399,0.0227127885273307,0.101882821939278));
#6373=CARTESIAN_POINT('',(-0.00108373325016073,0.0227323566168337,0.101527221939278));
#6374=CARTESIAN_POINT('',(-0.00127077807100854,0.0227234395170785,0.101527221939278));
#6375=CARTESIAN_POINT('',(-0.00143657663393399,0.0227127885273307,0.101695597843979));
#6376=CARTESIAN_POINT('',(-0.00143657663393399,0.0227127885273307,0.101882821939278));
#6377=CARTESIAN_POINT('',(-0.00108373325016073,0.0227323566168337,0.101527221939278));
#6378=CARTESIAN_POINT('',(0.,0.,0.101527221939278));
#6379=CARTESIAN_POINT('',(0.00108373325016073,0.0227323566168337,0.101527221939278));
#6380=CARTESIAN_POINT('',(0.00143657663393399,0.0227127885273307,0.101882821939278));
#6381=CARTESIAN_POINT('',(0.00143657663393399,0.0227127885273307,0.10169558869771));
#6382=CARTESIAN_POINT('',(0.00127078811995966,0.0227234390380089,0.101527221939278));
#6383=CARTESIAN_POINT('',(0.00108373325016072,0.0227323566168337,0.101527221939278));
#6384=CARTESIAN_POINT('',(0.00143657663393399,0.0227127885273307,0.101882821939278));
#6385=CARTESIAN_POINT('',(0.00143657663393399,0.0227127885273307,0.013719636015594));
#6386=CARTESIAN_POINT('',(0.00143657663393399,0.0227127885273307,0.106607221939278));
#6387=CARTESIAN_POINT('',(0.00108373325016073,0.0227323566168337,0.106962821939278));
#6388=CARTESIAN_POINT('',(0.00127077807100854,0.0227234395170785,0.106962821939278));
#6389=CARTESIAN_POINT('',(0.00143657663393399,0.0227127885273307,0.106794446034576));
#6390=CARTESIAN_POINT('',(0.00143657663393399,0.0227127885273307,0.106607221939278));
#6391=CARTESIAN_POINT('',(0.00108373325016073,0.0227323566168337,0.106962821939278));
#6392=CARTESIAN_POINT('',(0.,0.,0.106962821939278));
#6393=CARTESIAN_POINT('',(-0.0227127885273307,0.00143657663393399,0.013719636015594));
#6394=CARTESIAN_POINT('',(-0.0227127885273307,0.00143657663393399,0.0133902798996747));
#6395=CARTESIAN_POINT('',(-0.0227127885273307,0.00143657663393399,0.0181146798996746));
#6396=CARTESIAN_POINT('',(-0.0227127885273307,0.00143657663393399,0.0181146798996746));
#6397=CARTESIAN_POINT('',(-0.0227127885273307,0.00143657663393399,0.0182706196987406));
#6398=CARTESIAN_POINT('',(-0.0227280988490582,0.00120471025970028,0.0185669333454236));
#6399=CARTESIAN_POINT('',(-0.0227422153599622,0.000855669369893786,0.0184277755612217));
#6400=CARTESIAN_POINT('',(-0.0227448670944566,0.000778161916255821,0.0182924798996747));
#6401=CARTESIAN_POINT('',(-0.0227448670944566,0.000778161916255822,0.0182924798996747));
#6402=CARTESIAN_POINT('',(0.,0.,0.0182924798996747));
#6403=CARTESIAN_POINT('',(-0.0227448670944566,-0.000778161916255824,0.0182924798996747));
#6404=CARTESIAN_POINT('',(-0.0227448670944567,-0.000778161916255823,0.0182924798996747));
#6405=CARTESIAN_POINT('',(-0.0227422147336524,-0.000855687676278245,0.0184278075165277));
#6406=CARTESIAN_POINT('',(-0.0227280482577991,-0.00120568518532723,0.018566632604945));
#6407=CARTESIAN_POINT('',(-0.0227127885273307,-0.00143657663393399,0.0182706539500542));
#6408=CARTESIAN_POINT('',(-0.0227127885273307,-0.00143657663393399,0.0181146798996747));
#6409=CARTESIAN_POINT('',(-0.0227127885273307,-0.00143657663393399,0.0181146798996746));
#6410=CARTESIAN_POINT('',(-0.0227127885273307,-0.00143657663393399,0.013719636015594));
#6411=CARTESIAN_POINT('',(-0.0227127885273307,-0.00143657663393399,0.0133902798996747));
#6412=CARTESIAN_POINT('',(-0.0227127885273307,-0.00143657663393399,0.0133902798996747));
#6413=CARTESIAN_POINT('',(-0.0227127885273307,-0.00143657663393399,0.0132343401006087));
#6414=CARTESIAN_POINT('',(-0.0227280988490582,-0.00120471025970029,0.0129380264539257));
#6415=CARTESIAN_POINT('',(-0.0227422153599622,-0.000855669369893793,0.0130771842381276));
#6416=CARTESIAN_POINT('',(-0.0227448670944567,-0.000778161916255822,0.0132124798996746));
#6417=CARTESIAN_POINT('',(-0.0227448670944566,-0.000778161916255822,0.0132124798996746));
#6418=CARTESIAN_POINT('',(0.,0.,0.0132124798996746));
#6419=CARTESIAN_POINT('',(-0.0227448670944566,0.000778161916255823,0.0132124798996746));
#6420=CARTESIAN_POINT('',(-0.0227448670944567,0.000778161916255823,0.0132124798996746));
#6421=CARTESIAN_POINT('',(-0.0227422147336524,0.000855687676278252,0.0130771522828216));
#6422=CARTESIAN_POINT('',(-0.0227280482577991,0.00120568518532724,0.0129383271944044));
#6423=CARTESIAN_POINT('',(-0.0227127885273307,0.00143657663393398,0.0132343058492951));
#6424=CARTESIAN_POINT('',(-0.0227127885273307,0.00143657663393399,0.0133902798996746));
#6425=CARTESIAN_POINT('',(0.,0.,0.00358668994158506));
#6426=CARTESIAN_POINT('',(-0.022758174687624,0.,0.00358668994158506));
#6427=CARTESIAN_POINT('',(0.,0.,0.113293468952179));
#6428=CARTESIAN_POINT('',(-0.022758174687624,0.,0.113293468952179));
#6429=CARTESIAN_POINT('',(0.,0.,0.106988221939278));
#6430=CARTESIAN_POINT('',(-0.000201401752266067,-0.0227572835032346,0.106988221939278));
#6431=CARTESIAN_POINT('',(-0.00231612015105978,-0.0226400110988989,0.106988221939278));
#6432=CARTESIAN_POINT('',(-0.000201401752266068,-0.0227572835032346,0.106988221939278));
#6433=CARTESIAN_POINT('',(-0.000130493751043478,-0.0227579110384013,0.106988221939278));
#6434=CARTESIAN_POINT('',(-6.09393580066047E-5,-0.022758174687624,0.106969272158331));
#6435=CARTESIAN_POINT('',(-1.77698138051167E-17,-0.022758174687624,0.106933774663376));
#6436=CARTESIAN_POINT('',(-1.68111685280118E-17,-0.022758174687624,0.106933774663376));
#6437=CARTESIAN_POINT('',(0.000201401752266068,-0.0227572835032346,0.106988221939278));
#6438=CARTESIAN_POINT('',(0.000130493751043467,-0.0227579110384013,0.106988221939278));
#6439=CARTESIAN_POINT('',(6.09393580065839E-5,-0.022758174687624,0.106969272158331));
#6440=CARTESIAN_POINT('',(-1.04603222297222E-17,-0.022758174687624,0.106933774663376));
#6441=CARTESIAN_POINT('',(0.000201401752266068,-0.0227572835032346,0.106988221939278));
#6442=CARTESIAN_POINT('',(0.,0.,0.106988221939278));
#6443=CARTESIAN_POINT('',(0.00231612015105978,-0.0226400110988989,0.106988221939278));
#6444=CARTESIAN_POINT('',(0.00271892365559191,-0.0225951757963391,0.106581821939278));
#6445=CARTESIAN_POINT('',(0.00271892365559191,-0.0225951757963391,0.106796189993544));
#6446=CARTESIAN_POINT('',(0.00252939428200581,-0.0226181927124049,0.106988221939278));
#6447=CARTESIAN_POINT('',(0.00231612015105978,-0.0226400110988989,0.106988221939278));
#6448=CARTESIAN_POINT('',(0.00271892365559191,-0.0225951757963391,0.106581821939278));
#6449=CARTESIAN_POINT('',(0.00271892365559191,-0.0225951757963392,0.013719636015594));
#6450=CARTESIAN_POINT('',(0.00271892365559191,-0.0225951757963391,0.101908221939278));
#6451=CARTESIAN_POINT('',(0.00231612015105978,-0.0226400110988989,0.101501821939278));
#6452=CARTESIAN_POINT('',(0.00252936387113305,-0.0226181958235003,0.101501821939278));
#6453=CARTESIAN_POINT('',(0.00271892365559191,-0.0225951757963391,0.101693882223413));
#6454=CARTESIAN_POINT('',(0.00271892365559191,-0.0225951757963391,0.101908221939278));
#6455=CARTESIAN_POINT('',(0.00231612015105978,-0.0226400110988989,0.101501821939278));
#6456=CARTESIAN_POINT('',(0.,0.,0.101501821939278));
#6457=CARTESIAN_POINT('',(0.000201401752266068,-0.0227572835032346,0.101501821939278));
#6458=CARTESIAN_POINT('',(-2.74695307695438E-18,-0.0227581746876241,0.10155626921518));
#6459=CARTESIAN_POINT('',(6.05247081958456E-5,-0.0227581746876241,0.101521013255909));
#6460=CARTESIAN_POINT('',(0.00013034870737858,-0.0227579123220364,0.101501821939278));
#6461=CARTESIAN_POINT('',(0.000201401752266069,-0.0227572835032346,0.101501821939278));
#6462=CARTESIAN_POINT('',(-2.61729838408364E-18,-0.022758174687624,0.10155626921518));
#6463=CARTESIAN_POINT('',(-9.85513300873819E-18,-0.0227581746876241,0.10155626921518));
#6464=CARTESIAN_POINT('',(-6.05247081958568E-5,-0.0227581746876241,0.101521013255909));
#6465=CARTESIAN_POINT('',(-0.000130348707378584,-0.0227579123220364,0.101501821939278));
#6466=CARTESIAN_POINT('',(-0.000201401752266069,-0.0227572835032346,0.101501821939278));
#6467=CARTESIAN_POINT('',(-0.000201401752266068,-0.0227572835032346,0.101501821939278));
#6468=CARTESIAN_POINT('',(0.,0.,0.101501821939278));
#6469=CARTESIAN_POINT('',(-0.00231612015105978,-0.0226400110988989,0.101501821939278));
#6470=CARTESIAN_POINT('',(-0.00231612015105978,-0.0226400110988989,0.101501821939278));
#6471=CARTESIAN_POINT('',(-0.00252936387113305,-0.0226181958235003,0.101501821939278));
#6472=CARTESIAN_POINT('',(-0.00271892365559191,-0.0225951757963391,0.101693882223413));
#6473=CARTESIAN_POINT('',(-0.00271892365559191,-0.0225951757963391,0.101908221939278));
#6474=CARTESIAN_POINT('',(-0.00271892365559191,-0.0225951757963391,0.101908221939278));
#6475=CARTESIAN_POINT('',(-0.00271892365559191,-0.0225951757963392,0.013719636015594));
#6476=CARTESIAN_POINT('',(-0.00271892365559192,-0.0225951757963393,0.106581821939278));
#6477=CARTESIAN_POINT('',(-0.00271892365559191,-0.0225951757963391,0.106581821939278));
#6478=CARTESIAN_POINT('',(-0.00271892365559191,-0.0225951757963391,0.106796189993544));
#6479=CARTESIAN_POINT('',(-0.00252939428200581,-0.0226181927124049,0.106988221939278));
#6480=CARTESIAN_POINT('',(-0.00231612015105978,-0.0226400110988989,0.106988221939278));
#6481=CARTESIAN_POINT('',(0.0227448670944567,0.000778161916255823,0.0132124798996746));
#6482=CARTESIAN_POINT('',(0.0227422147336524,0.000855687676278252,0.0130771522828216));
#6483=CARTESIAN_POINT('',(0.0227280482577991,0.00120568518532724,0.0129383271944044));
#6484=CARTESIAN_POINT('',(0.0227127885273307,0.00143657663393398,0.0132343058492951));
#6485=CARTESIAN_POINT('',(0.0227127885273307,0.00143657663393399,0.0133902798996746));
#6486=CARTESIAN_POINT('',(0.0227448670944566,0.000778161916255823,0.0132124798996746));
#6487=CARTESIAN_POINT('',(0.0227127885273307,0.00143657663393399,0.0133902798996747));
#6488=CARTESIAN_POINT('',(0.,0.,0.0132124798996746));
#6489=CARTESIAN_POINT('',(0.0227448670944567,-0.000778161916255822,0.0132124798996746));
#6490=CARTESIAN_POINT('',(0.0227127885273307,-0.00143657663393399,0.0133902798996747));
#6491=CARTESIAN_POINT('',(0.0227127885273307,-0.00143657663393399,0.0132343401006087));
#6492=CARTESIAN_POINT('',(0.0227280988490582,-0.00120471025970029,0.0129380264539257));
#6493=CARTESIAN_POINT('',(0.0227422153599622,-0.000855669369893793,0.0130771842381276));
#6494=CARTESIAN_POINT('',(0.0227448670944566,-0.000778161916255822,0.0132124798996746));
#6495=CARTESIAN_POINT('',(0.0227127885273307,-0.00143657663393399,0.0133902798996747));
#6496=CARTESIAN_POINT('',(0.0227127885273307,-0.00143657663393399,0.013719636015594));
#6497=CARTESIAN_POINT('',(0.0227127885273307,-0.00143657663393399,0.0181146798996746));
#6498=CARTESIAN_POINT('',(0.0227448670944566,-0.000778161916255823,0.0182924798996747));
#6499=CARTESIAN_POINT('',(0.0227422147336524,-0.000855687676278245,0.0184278075165277));
#6500=CARTESIAN_POINT('',(0.0227280482577991,-0.00120568518532723,0.018566632604945));
#6501=CARTESIAN_POINT('',(0.0227127885273307,-0.00143657663393399,0.0182706539500542));
#6502=CARTESIAN_POINT('',(0.0227127885273307,-0.00143657663393399,0.0181146798996746));
#6503=CARTESIAN_POINT('',(0.0227448670944567,-0.000778161916255819,0.0182924798996747));
#6504=CARTESIAN_POINT('',(0.,0.,0.0182924798996747));
#6505=CARTESIAN_POINT('',(0.0227448670944567,0.000778161916255821,0.0182924798996747));
#6506=CARTESIAN_POINT('',(0.0227127885273307,0.00143657663393399,0.0181146798996747));
#6507=CARTESIAN_POINT('',(0.0227127885273307,0.00143657663393399,0.0182706196987406));
#6508=CARTESIAN_POINT('',(0.0227280988490582,0.00120471025970028,0.0185669333454236));
#6509=CARTESIAN_POINT('',(0.0227422153599622,0.000855669369893786,0.0184277755612217));
#6510=CARTESIAN_POINT('',(0.0227448670944567,0.000778161916255821,0.0182924798996747));
#6511=CARTESIAN_POINT('',(0.0227127885273307,0.00143657663393399,0.0181146798996746));
#6512=CARTESIAN_POINT('',(0.0227127885273307,0.00143657663393399,0.013719636015594));
#6513=CARTESIAN_POINT('',(-0.000201383541160975,-0.0227572836643954,0.106577957510403));
#6514=CARTESIAN_POINT('',(9.34800932801271E-9,-0.0227590658284614,0.106579872777705));
#6515=CARTESIAN_POINT('',(9.18685292712585E-9,-0.0229604757087521,0.10657988972484));
#6516=CARTESIAN_POINT('',(-0.000203417748561877,-0.0227572656633064,0.106793761496533));
#6517=CARTESIAN_POINT('',(-1.0347676509727E-6,-0.0227590745910167,0.106688713700524));
#6518=CARTESIAN_POINT('',(-1.01689197183521E-6,-0.022960457546758,0.106687791718916));
#6519=CARTESIAN_POINT('',(-1.00834852590135E-5,-0.0227591551456656,0.106988221873768));
#6520=CARTESIAN_POINT('',(9.63509017739225E-5,-0.0227582132021108,0.106784075560611));
#6521=CARTESIAN_POINT('',(9.65132413602878E-5,-0.0229623638986352,0.10678502193928));
#6522=CARTESIAN_POINT('',(0.000201401752275186,-0.0227572835032345,0.106988221939278));
#6523=CARTESIAN_POINT('',(0.000201401752270587,-0.0227572835032346,0.106785021939278));
#6524=CARTESIAN_POINT('',(0.0002032000000046,-0.0229604755461523,0.106785021939278));
#6525=CARTESIAN_POINT('',(-1.01310673749992E-16,-0.022758174687624,0.106933774663376));
#6526=CARTESIAN_POINT('',(2.53533177389642E-15,-0.022758174687624,0.106795270657965));
#6527=CARTESIAN_POINT('',(-1.48869274060098E-21,-0.0228619172377886,0.106680380283076));
#6528=CARTESIAN_POINT('',(-1.48869274060098E-21,-0.0229604703544984,0.106581827130933));
#6529=CARTESIAN_POINT('',(0.,-0.0229604755461524,0.106581821939278));
#6530=CARTESIAN_POINT('',(0.,-0.0229604755461524,0.106581821939278));
#6531=CARTESIAN_POINT('',(0.,-0.0229604755461524,0.106689158479201));
#6532=CARTESIAN_POINT('',(9.58799615933365E-5,-0.0229623751088824,0.106785021939278));
#6533=CARTESIAN_POINT('',(0.000203199999999786,-0.0229604755461525,0.106785021939279));
#6534=CARTESIAN_POINT('',(0.0002032,-0.0229604755461524,0.106785021939278));
#6535=CARTESIAN_POINT('',(0.0002032,-0.0229604755461524,0.106988221939278));
#6536=CARTESIAN_POINT('',(0.000201401752266067,-0.0227572835032346,0.101501821939278));
#6537=CARTESIAN_POINT('',(0.000201401752266067,-0.0227572835032346,0.101705021939278));
#6538=CARTESIAN_POINT('',(0.0002032,-0.0229604755461524,0.101705021939278));
#6539=CARTESIAN_POINT('',(-1.28304121955015E-5,-0.0227591794559439,0.101501822159195));
#6540=CARTESIAN_POINT('',(9.49832075689286E-5,-0.0227582253062208,0.101705980713443));
#6541=CARTESIAN_POINT('',(9.51275146918595E-5,-0.0229623884232386,0.101705021939278));
#6542=CARTESIAN_POINT('',(-0.000203372359314584,-0.0227572660649272,0.101698552817413));
#6543=CARTESIAN_POINT('',(-1.01147194072476E-6,-0.0227590743955116,0.101802475102472));
#6544=CARTESIAN_POINT('',(-9.94139974323846E-7,-0.0229604579519708,0.101803387378714));
#6545=CARTESIAN_POINT('',(-0.000201383967589219,-0.0227572836606219,0.101912040856741));
#6546=CARTESIAN_POINT('',(9.12911829012192E-9,-0.0227590658302984,0.101910148145611));
#6547=CARTESIAN_POINT('',(8.97173508873422E-9,-0.0229604757049449,0.101910131398009));
#6548=CARTESIAN_POINT('',(-1.57504198002622E-18,-0.022758174687624,0.10155626921518));
#6549=CARTESIAN_POINT('',(9.24055814526899E-17,-0.0227581746876241,0.101694817866345));
#6550=CARTESIAN_POINT('',(2.76159417379657E-21,-0.022862512041427,0.101810251146016));
#6551=CARTESIAN_POINT('',(2.76159417379657E-21,-0.0229604755461524,0.101908221939278));
#6552=CARTESIAN_POINT('',(0.,-0.0229604755461524,0.101908221939278));
#6553=CARTESIAN_POINT('',(0.0002032,-0.0229604755461524,0.101501821939278));
#6554=CARTESIAN_POINT('',(0.0002032,-0.0229604755461524,0.101705021939278));
#6555=CARTESIAN_POINT('',(0.0002032,-0.0229604755461524,0.101705021939278));
#6556=CARTESIAN_POINT('',(9.58801223352732E-5,-0.0229623751060371,0.101705021939278));
#6557=CARTESIAN_POINT('',(-8.59945305784473E-16,-0.0229604755461525,0.101800885460469));
#6558=CARTESIAN_POINT('',(-9.62574736281957E-16,-0.0229604755461525,0.101908221939277));
#6559=CARTESIAN_POINT('',(0.011379087343812,0.,0.00358668994158506));
#6560=CARTESIAN_POINT('',(0.020904087343812,0.,0.113293468952179));
#6561=CARTESIAN_POINT('',(0.,0.,0.113293468952179));
#6562=CARTESIAN_POINT('',(-0.01905,0.,0.113293468952179));
#6563=CARTESIAN_POINT('',(0.,0.,0.013719636015594));
#6564=CARTESIAN_POINT('',(0.0190076195248117,-0.00127,0.013719636015594));
#6565=CARTESIAN_POINT('',(0.0190076195248117,-0.00127,0.0132124798996746));
#6566=CARTESIAN_POINT('',(0.0190076195248117,-0.00127,0.0182924798996747));
#6567=CARTESIAN_POINT('',(0.,0.,0.0132124798996746));
#6568=CARTESIAN_POINT('',(0.0190076195248117,0.00127,0.0132124798996746));
#6569=CARTESIAN_POINT('',(0.0190076195248117,0.00127,0.013719636015594));
#6570=CARTESIAN_POINT('',(0.0190076195248117,0.00127,0.0182924798996747));
#6571=CARTESIAN_POINT('',(0.,0.,0.0182924798996747));
#6572=CARTESIAN_POINT('',(0.,0.,0.0132124798996746));
#6573=CARTESIAN_POINT('',(-0.0190076195248117,-0.00127,0.0132124798996746));
#6574=CARTESIAN_POINT('',(-0.0190076195248117,0.00127,0.0132124798996746));
#6575=CARTESIAN_POINT('',(-0.0190076195248117,-0.00127,0.013719636015594));
#6576=CARTESIAN_POINT('',(-0.0190076195248117,-0.00127,0.0182924798996747));
#6577=CARTESIAN_POINT('',(0.,0.,0.0182924798996747));
#6578=CARTESIAN_POINT('',(-0.0190076195248117,0.00127,0.0182924798996747));
#6579=CARTESIAN_POINT('',(-0.0190076195248117,0.00127,0.013719636015594));
#6580=CARTESIAN_POINT('',(0.,0.,0.00691810775897992));
#6581=CARTESIAN_POINT('',(-0.01905,0.,0.00691810775897992));
#6582=CARTESIAN_POINT('',(0.009525,0.,0.00691810775897992));
#6583=CARTESIAN_POINT('',(-0.0186908111592931,-0.00127,0.0157524798996747));
#6584=CARTESIAN_POINT('',(-0.0186908111592931,0.00127,0.0157524798996747));
#6585=CARTESIAN_POINT('',(-0.0186908111592931,0.00127,0.0182924798996747));
#6586=CARTESIAN_POINT('',(-0.0186908111592931,0.00127,0.0132124798996746));
#6587=CARTESIAN_POINT('',(-0.0186908111592931,-0.00127,0.0182924798996747));
#6588=CARTESIAN_POINT('',(-0.0186908111592931,-0.00127,0.0182924798996747));
#6589=CARTESIAN_POINT('',(-0.0186908111592931,-0.00127,0.0157524798996747));
#6590=CARTESIAN_POINT('',(-0.0186908111592931,-0.00127,0.0132124798996746));
#6591=CARTESIAN_POINT('',(-0.0186908111592931,-0.00127,0.0132124798996746));
#6592=CARTESIAN_POINT('',(-0.0226515159010887,0.00127,0.0157524798996747));
#6593=CARTESIAN_POINT('',(-0.0226515159010887,0.00127,0.0132124798996746));
#6594=CARTESIAN_POINT('',(-0.0226515159010887,0.00127,0.0182924798996747));
#6595=CARTESIAN_POINT('',(-0.0226515159010887,-0.00127,0.0157524798996747));
#6596=CARTESIAN_POINT('',(-0.0226515159010887,-0.00127,0.0132124798996746));
#6597=CARTESIAN_POINT('',(-0.0226515159010887,-0.00127,0.0182924798996747));
#6598=CARTESIAN_POINT('',(-0.0226515159010887,-0.00127,0.0132124798996746));
#6599=CARTESIAN_POINT('',(-0.0226515159010887,-0.00127,0.0182924798996747));
#6600=CARTESIAN_POINT('',(-0.0226515159010887,-0.00127,0.0182924798996747));
#6601=CARTESIAN_POINT('',(-0.0227448670944566,0.000778161916255822,0.0182924798996747));
#6602=CARTESIAN_POINT('',(-0.0227406657902063,0.000900961689415563,0.0182924798996747));
#6603=CARTESIAN_POINT('',(-0.0228286869737892,0.00100260457854444,0.0182924798996747));
#6604=CARTESIAN_POINT('',(-0.0229099549111588,0.00109219999999991,0.0182924798996747));
#6605=CARTESIAN_POINT('',(-0.0229099549111588,0.0010922,0.0182924798996747));
#6606=CARTESIAN_POINT('',(-0.0239754165900604,0.0010922,0.0182924798996747));
#6607=CARTESIAN_POINT('',(-0.0239754165900604,0.0010922,0.0182924798996747));
#6608=CARTESIAN_POINT('',(-0.0239754165900604,-0.00127,0.0182924798996747));
#6609=CARTESIAN_POINT('',(-0.0239754165900604,-0.0010922,0.0182924798996747));
#6610=CARTESIAN_POINT('',(-0.0226515159010887,-0.0010922,0.0182924798996747));
#6611=CARTESIAN_POINT('',(-0.0229099549111588,-0.0010922,0.0182924798996747));
#6612=CARTESIAN_POINT('',(-0.0227448670944566,-0.000778161916255823,0.0182924798996747));
#6613=CARTESIAN_POINT('',(-0.0227406657902064,-0.000900961689418033,0.0182924798996747));
#6614=CARTESIAN_POINT('',(-0.0228286869795712,-0.00100260457329654,0.0182924798996747));
#6615=CARTESIAN_POINT('',(-0.0229099549111588,-0.0010922,0.0182924798996747));
#6616=CARTESIAN_POINT('',(-0.0226515159010887,-0.00127,0.0132124798996746));
#6617=CARTESIAN_POINT('',(-0.0253422206428843,-0.00127,0.0132124798996746));
#6618=CARTESIAN_POINT('',(-0.0253422206428843,-0.0010922,0.0132124798996746));
#6619=CARTESIAN_POINT('',(-0.0253422206428843,0.0010922,0.0132124798996746));
#6620=CARTESIAN_POINT('',(-0.0226515159010887,0.0010922,0.0132124798996746));
#6621=CARTESIAN_POINT('',(-0.0229099549111588,0.0010922,0.0132124798996746));
#6622=CARTESIAN_POINT('',(-0.0227448670944566,0.000778161916255823,0.0132124798996746));
#6623=CARTESIAN_POINT('',(-0.0227406657902064,0.000900961689418035,0.0132124798996746));
#6624=CARTESIAN_POINT('',(-0.0228286869795679,0.00100260457329959,0.0132124798996746));
#6625=CARTESIAN_POINT('',(-0.0229099549111588,0.0010922,0.0132124798996746));
#6626=CARTESIAN_POINT('',(-0.0227448670944566,-0.000778161916255822,0.0132124798996747));
#6627=CARTESIAN_POINT('',(-0.0227406657902063,-0.000900961689415566,0.0132124798996747));
#6628=CARTESIAN_POINT('',(-0.0228286869737885,-0.0010026045785451,0.0132124798996746));
#6629=CARTESIAN_POINT('',(-0.0229099549111588,-0.00109219999999991,0.0132124798996746));
#6630=CARTESIAN_POINT('',(-0.0229099549111588,-0.0010922,0.0132124798996746));
#6631=CARTESIAN_POINT('',(-0.0253422206428843,-0.0010922,0.0132124798996746));
#6632=CARTESIAN_POINT('',(-0.0226515159010887,-0.00127,0.0157524798996747));
#6633=CARTESIAN_POINT('',(-0.0226515159010887,-0.00127,0.0181146798996746));
#6634=CARTESIAN_POINT('',(-0.022890233944443,-0.00127,0.0181146798996746));
#6635=CARTESIAN_POINT('',(-0.0239754165900604,-0.00127,0.0181146798996746));
#6636=CARTESIAN_POINT('',(-0.0239754165900604,-0.00127,0.0156556758468508));
#6637=CARTESIAN_POINT('',(-0.0264344206428844,-0.00127,0.0156556758468508));
#6638=CARTESIAN_POINT('',(-0.0264344206428844,-0.00127,0.0144824798996746));
#6639=CARTESIAN_POINT('',(-0.0264344206428844,-0.00127,0.0144824798996746));
#6640=CARTESIAN_POINT('',(-0.0253422206428843,-0.00127,0.0144824798996746));
#6641=CARTESIAN_POINT('',(-0.0253422206428843,-0.00127,0.0133902798996747));
#6642=CARTESIAN_POINT('',(-0.0227227114383915,-0.00127,0.0133902798996747));
#6643=CARTESIAN_POINT('',(-0.022890233944443,-0.00127,0.0133902798996747));
#6644=CARTESIAN_POINT('',(-0.022890233944443,-0.00127,0.0157524798996747));
#6645=CARTESIAN_POINT('',(-0.0245404676450552,-0.00127,0.015938977977645));
#6646=CARTESIAN_POINT('',(-0.0245404676450552,-0.00127,0.0142962269075331));
#6647=CARTESIAN_POINT('',(-0.0226515159010887,0.00127,0.0157524798996747));
#6648=CARTESIAN_POINT('',(-0.0264344206428844,0.00127,0.0157524798996747));
#6649=CARTESIAN_POINT('',(-0.0264344206428844,0.00127,0.0144824798996746));
#6650=CARTESIAN_POINT('',(-0.0264344206428844,0.00127,0.0156556758468508));
#6651=CARTESIAN_POINT('',(-0.0239754165900604,0.00127,0.0156556758468508));
#6652=CARTESIAN_POINT('',(-0.0239754165900604,0.00127,0.0181146798996746));
#6653=CARTESIAN_POINT('',(-0.0227227114383915,0.00127,0.0181146798996746));
#6654=CARTESIAN_POINT('',(-0.022890233944443,0.00127,0.0181146798996746));
#6655=CARTESIAN_POINT('',(-0.022890233944443,0.00127,0.0132124798996746));
#6656=CARTESIAN_POINT('',(-0.022890233944443,0.00127,0.0133902798996747));
#6657=CARTESIAN_POINT('',(-0.0226515159010887,0.00127,0.0133902798996747));
#6658=CARTESIAN_POINT('',(-0.0253422206428843,0.00127,0.0133902798996747));
#6659=CARTESIAN_POINT('',(-0.0253422206428843,0.00127,0.0144824798996746));
#6660=CARTESIAN_POINT('',(-0.0245404676450552,0.00127,0.015938977977645));
#6661=CARTESIAN_POINT('',(-0.0245404676450552,0.00127,0.0142962269075331));
#6662=CARTESIAN_POINT('',(-0.0266122206428843,-0.00127,0.0157524798996747));
#6663=CARTESIAN_POINT('',(-0.0266122206428843,0.00127,0.0156556758468508));
#6664=CARTESIAN_POINT('',(-0.0266122206428843,-0.0010922,0.0156556758468508));
#6665=CARTESIAN_POINT('',(-0.0266122206428843,0.0010922,0.0156556758468508));
#6666=CARTESIAN_POINT('',(-0.0266122206428843,0.0010922,0.0157524798996747));
#6667=CARTESIAN_POINT('',(-0.0266122206428843,0.0010922,0.0144824798996746));
#6668=CARTESIAN_POINT('',(-0.0266122206428843,-0.00127,0.0144824798996746));
#6669=CARTESIAN_POINT('',(-0.0266122206428843,-0.0010922,0.0144824798996746));
#6670=CARTESIAN_POINT('',(-0.0266122206428843,-0.0010922,0.0156556758468508));
#6671=CARTESIAN_POINT('',(-0.0245404676450552,-0.00127,0.015938977977645));
#6672=CARTESIAN_POINT('',(-0.0245404676450552,0.0010922,0.015938977977645));
#6673=CARTESIAN_POINT('',(-0.0245404676450552,0.0010922,0.0144740269075331));
#6674=CARTESIAN_POINT('',(-0.0245404676450552,-0.0010922,0.015938977977645));
#6675=CARTESIAN_POINT('',(-0.0245404676450552,-0.0010922,0.0144740269075331));
#6676=CARTESIAN_POINT('',(-0.0253422206428843,-0.00127,0.0144824798996746));
#6677=CARTESIAN_POINT('',(-0.0253422206428843,0.0010922,0.0144824798996746));
#6678=CARTESIAN_POINT('',(-0.0253422206428843,-0.0010922,0.0144824798996746));
#6679=CARTESIAN_POINT('',(-0.0239754165900604,-0.00127,0.0156556758468508));
#6680=CARTESIAN_POINT('',(-0.0239754165900604,0.0010922,0.0156556758468508));
#6681=CARTESIAN_POINT('',(-0.0239754165900604,-0.0010922,0.0156556758468508));
#6682=CARTESIAN_POINT('',(0.00254,0.,0.0675747096538544));
#6683=CARTESIAN_POINT('',(0.00254,-0.024505622612351,0.104245021939278));
#6684=CARTESIAN_POINT('',(0.00254,-0.0260151431379562,0.104474613113272));
#6685=CARTESIAN_POINT('',(0.00254,-0.0260151431379562,0.104015430765283));
#6686=CARTESIAN_POINT('',(0.00254,-0.0260151431379562,0.101705021939278));
#6687=CARTESIAN_POINT('',(0.00254,-0.0260151431379562,0.101908221939278));
#6688=CARTESIAN_POINT('',(0.00254,-0.0226159880419231,0.101908221939278));
#6689=CARTESIAN_POINT('',(0.00254,-0.0227969204346872,0.101908221939278));
#6690=CARTESIAN_POINT('',(0.00254,-0.0227969204346872,0.0675747096538544));
#6691=CARTESIAN_POINT('',(0.00254,-0.0227969204346872,0.106581821939278));
#6692=CARTESIAN_POINT('',(0.00254,0.,0.106581821939278));
#6693=CARTESIAN_POINT('',(0.00254,-0.0260151431379562,0.106581821939278));
#6694=CARTESIAN_POINT('',(0.00254,-0.0260151431379562,0.101705021939278));
#6695=CARTESIAN_POINT('',(0.00254,-0.0228397715836764,0.106785021939278));
#6696=CARTESIAN_POINT('',(0.00254,-0.0260151431379562,0.106785021939278));
#6697=CARTESIAN_POINT('',(0.0002032,-0.0260151431379562,0.106785021939278));
#6698=CARTESIAN_POINT('',(0.0023368,-0.0260151431379562,0.106785021939278));
#6699=CARTESIAN_POINT('',(0.0023368,-0.0228397715836764,0.106785021939278));
#6700=CARTESIAN_POINT('',(0.0023368,-0.0228421560564115,0.106785021939278));
#6701=CARTESIAN_POINT('',(0.,0.,0.106785021939278));
#6702=CARTESIAN_POINT('',(0.0002032,-0.0262183431379562,0.106785021939278));
#6703=CARTESIAN_POINT('',(0.00254,-0.0262183431379562,0.104245021939278));
#6704=CARTESIAN_POINT('',(0.0002032,-0.0262183431379562,0.104245021939278));
#6705=CARTESIAN_POINT('',(0.0002032,-0.0262183431379562,0.106581821939278));
#6706=CARTESIAN_POINT('',(0.0002032,-0.0262183431379562,0.101908221939278));
#6707=CARTESIAN_POINT('',(0.00254,-0.0262183431379562,0.101908221939278));
#6708=CARTESIAN_POINT('',(0.0023368,-0.0262183431379562,0.101908221939278));
#6709=CARTESIAN_POINT('',(0.0023368,-0.0262183431379562,0.106785021939278));
#6710=CARTESIAN_POINT('',(0.0023368,-0.0262183431379562,0.106581821939278));
#6711=CARTESIAN_POINT('',(0.,-0.0262183431379562,0.106581821939278));
#6712=CARTESIAN_POINT('',(0.00254,-0.0228397715836764,0.101705021939278));
#6713=CARTESIAN_POINT('',(0.,0.,0.101705021939278));
#6714=CARTESIAN_POINT('',(0.0023368,-0.0228421560564115,0.101705021939278));
#6715=CARTESIAN_POINT('',(0.0023368,-0.0262183431379562,0.101705021939278));
#6716=CARTESIAN_POINT('',(0.0023368,-0.0260151431379562,0.101705021939278));
#6717=CARTESIAN_POINT('',(0.00254,-0.0260151431379562,0.101705021939278));
#6718=CARTESIAN_POINT('',(0.0002032,-0.0260151431379562,0.101705021939278));
#6719=CARTESIAN_POINT('',(0.0002032,-0.0228397715836764,0.101705021939278));
#6720=CARTESIAN_POINT('',(0.00254,-0.024505622612351,0.104245021939278));
#6721=CARTESIAN_POINT('',(0.0023368,-0.024505622612351,0.104245021939278));
#6722=CARTESIAN_POINT('',(0.0023368,-0.024505622612351,0.102921341353115));
#6723=CARTESIAN_POINT('',(0.0002032,-0.024505622612351,0.104245021939278));
#6724=CARTESIAN_POINT('',(0.0002032,-0.024505622612351,0.102921341353115));
#6725=CARTESIAN_POINT('',(0.0002032,-0.024505622612351,0.104245021939278));
#6726=CARTESIAN_POINT('',(0.,-0.024505622612351,0.104245021939278));
#6727=CARTESIAN_POINT('',(0.,-0.0260151431379562,0.104015430765283));
#6728=CARTESIAN_POINT('',(0.,-0.0260151431379562,0.104474613113272));
#6729=CARTESIAN_POINT('',(-7.01024220610301E-18,-0.0260151431379562,0.104015430765283));
#6730=CARTESIAN_POINT('',(-7.52317659197061E-18,-0.0260265013237086,0.104168083087357));
#6731=CARTESIAN_POINT('',(-3.71960726299604E-19,-0.0260265013237086,0.104321960791198));
#6732=CARTESIAN_POINT('',(1.40973659567088E-19,-0.0260151431379562,0.104474613113272));
#6733=CARTESIAN_POINT('',(0.00254,-0.0260151431379562,0.106581821939278));
#6734=CARTESIAN_POINT('',(0.0002032,-0.0260151431379562,0.106581821939278));
#6735=CARTESIAN_POINT('',(0.0023368,-0.0260151431379562,0.106581821939278));
#6736=CARTESIAN_POINT('',(0.0023368,-0.024505622612351,0.104245021939278));
#6737=CARTESIAN_POINT('',(0.00254,-0.0260151431379562,0.104474613113272));
#6738=CARTESIAN_POINT('',(0.00254,-0.0260265013237086,0.104321960791198));
#6739=CARTESIAN_POINT('',(0.00254,-0.0260265013237086,0.104168083087357));
#6740=CARTESIAN_POINT('',(0.00254,-0.0260151431379562,0.104015430765283));
#6741=CARTESIAN_POINT('',(0.0002032,-0.0260151431379562,0.106581821939278));
#6742=CARTESIAN_POINT('',(0.0002032,-0.0260151431379562,0.106581821939278));
#6743=CARTESIAN_POINT('',(0.,-0.0260151431379562,0.106581821939278));
#6744=CARTESIAN_POINT('',(0.0002032,-0.0260151431379562,0.106581821939278));
#6745=CARTESIAN_POINT('',(0.0023368,-0.0260151431379562,0.106581821939278));
#6746=CARTESIAN_POINT('',(0.0023368,-0.0260151431379562,0.106581821939278));
#6747=CARTESIAN_POINT('',(0.0023368,-0.0260151431379562,0.106581821939278));
#6748=CARTESIAN_POINT('',(0.0002032,0.,0.106581821939278));
#6749=CARTESIAN_POINT('',(0.,-0.022758174687624,0.106581821939278));
#6750=CARTESIAN_POINT('',(0.0002032,-0.0260151431379562,0.104245021939278));
#6751=CARTESIAN_POINT('',(0.,-0.0260151431379562,0.0675747096538544));
#6752=CARTESIAN_POINT('',(0.,-0.0260151431379562,0.101908221939278));
#6753=CARTESIAN_POINT('',(0.0002032,-0.0260151431379562,0.101908221939278));
#6754=CARTESIAN_POINT('',(0.,-0.0260151431379562,0.0675747096538544));
#6755=CARTESIAN_POINT('',(0.00254,-0.0260151431379562,0.101908221939278));
#6756=CARTESIAN_POINT('',(0.0023368,-0.0260151431379562,0.101908221939278));
#6757=CARTESIAN_POINT('',(0.0002032,-0.0260151431379562,0.101908221939278));
#6758=CARTESIAN_POINT('',(0.0023368,-0.0260151431379562,0.0675747096538544));
#6759=CARTESIAN_POINT('',(0.0023368,-0.0260151431379562,0.101908221939278));
#6760=CARTESIAN_POINT('',(0.0023368,-0.0228397715836764,0.106581821939278));
#6761=CARTESIAN_POINT('',(0.0023368,-0.0228421560564115,0.106785021939278));
#6762=CARTESIAN_POINT('',(0.00244319238874028,-0.0228203877317933,0.106785021939278));
#6763=CARTESIAN_POINT('',(0.00254000000000072,-0.0227969204346872,0.106690488741362));
#6764=CARTESIAN_POINT('',(0.00254000000000083,-0.0227969204346871,0.106581821939278));
#6765=CARTESIAN_POINT('',(0.,0.,0.106988221939278));
#6766=CARTESIAN_POINT('',(0.0023368,-0.0228421560564115,0.106988221939278));
#6767=CARTESIAN_POINT('',(0.0002032,-0.0260151431379562,0.101908221939278));
#6768=CARTESIAN_POINT('',(0.0002032,-0.0260151431379562,0.101908221939278));
#6769=CARTESIAN_POINT('',(0.0023368,-0.0260151431379562,0.101908221939278));
#6770=CARTESIAN_POINT('',(0.0023368,-0.0260151431379562,0.101908221939278));
#6771=CARTESIAN_POINT('',(0.00231612015105977,-0.0226400110988989,0.106988221939278));
#6772=CARTESIAN_POINT('',(0.00231612015105977,-0.0226400110988989,0.106785021939278));
#6773=CARTESIAN_POINT('',(0.0023368,-0.0228421560564115,0.106785021939278));
#6774=CARTESIAN_POINT('',(0.00252861255588056,-0.0226182726846109,0.106988221722053));
#6775=CARTESIAN_POINT('',(0.00241974625791639,-0.0226294099352997,0.10679564605773));
#6776=CARTESIAN_POINT('',(0.00244399483841215,-0.0228202235433614,0.106785021939278));
#6777=CARTESIAN_POINT('',(0.00271892359691289,-0.0225951758034002,0.106794524966562));
#6778=CARTESIAN_POINT('',(0.00253999996364037,-0.0226167060491869,0.106699523433823));
#6779=CARTESIAN_POINT('',(0.00254000000000035,-0.0227969204418528,0.106688173452921));
#6780=CARTESIAN_POINT('',(0.00271892365559191,-0.0225951757963392,0.106581821939276));
#6781=CARTESIAN_POINT('',(0.00254,-0.022616706045279,0.106581821939277));
#6782=CARTESIAN_POINT('',(0.00254,-0.0227969204346872,0.106581821939277));
#6783=CARTESIAN_POINT('',(0.0027432,-0.0227969204346872,0.106581821939278));
#6784=CARTESIAN_POINT('',(0.0002032,-0.0228397715836764,0.101908221939278));
#6785=CARTESIAN_POINT('',(0.,0.,0.101908221939278));
#6786=CARTESIAN_POINT('',(0.0023368,0.,0.101908221939278));
#6787=CARTESIAN_POINT('',(0.00254,-0.0227969204346872,0.101908221939278));
#6788=CARTESIAN_POINT('',(0.00254,-0.0227969204346872,0.101799560426584));
#6789=CARTESIAN_POINT('',(0.00244318474300816,-0.0228203892961416,0.101705021939278));
#6790=CARTESIAN_POINT('',(0.00233679999999996,-0.0228421560564114,0.101705021939278));
#6791=CARTESIAN_POINT('',(0.0027432,-0.0227969204346872,0.013719636015594));
#6792=CARTESIAN_POINT('',(0.0027432,-0.0227969204346872,0.101908221939278));
#6793=CARTESIAN_POINT('',(0.00271892365559191,-0.0225951757963392,0.101908221939278));
#6794=CARTESIAN_POINT('',(0.00254,-0.022616706045279,0.101908221939278));
#6795=CARTESIAN_POINT('',(0.00254,-0.0227969204346872,0.101908221939278));
#6796=CARTESIAN_POINT('',(0.00271892343609631,-0.0225951758227515,0.10169269944938));
#6797=CARTESIAN_POINT('',(0.00253999986519366,-0.0226167060597511,0.101788960262177));
#6798=CARTESIAN_POINT('',(0.00254,-0.0227969204613854,0.101800460694328));
#6799=CARTESIAN_POINT('',(0.00252592910178987,-0.0226185472075371,0.101501822012065));
#6800=CARTESIAN_POINT('',(0.00241847138755478,-0.0226295403571515,0.101694528455482));
#6801=CARTESIAN_POINT('',(0.00244264113167352,-0.0228205005199705,0.101705021939276));
#6802=CARTESIAN_POINT('',(0.00231612015105326,-0.0226400110988995,0.101501821939278));
#6803=CARTESIAN_POINT('',(0.00231612015105651,-0.0226400110988992,0.101705021939278));
#6804=CARTESIAN_POINT('',(0.00233679999999671,-0.0228421560564122,0.101705021939278));
#6805=CARTESIAN_POINT('',(0.0023368,-0.0228421560564115,0.101501821939278));
#6806=CARTESIAN_POINT('',(0.,0.,0.101501821939278));
#6807=CARTESIAN_POINT('',(-0.0226515159010887,0.0010922,0.0181146798996746));
#6808=CARTESIAN_POINT('',(-0.022890233944443,0.00127,0.0181146798996746));
#6809=CARTESIAN_POINT('',(-0.022890233944443,0.00127,0.0182088947028284));
#6810=CARTESIAN_POINT('',(-0.0229010137120363,0.0011859751642316,0.0182924798996747));
#6811=CARTESIAN_POINT('',(-0.0229099549111588,0.0010922,0.0182924798996747));
#6812=CARTESIAN_POINT('',(-0.0239754165900604,0.0010922,0.0181146798996746));
#6813=CARTESIAN_POINT('',(-0.0239754165900604,0.0010922,0.0156556758468508));
#6814=CARTESIAN_POINT('',(-0.0264344206428844,0.0010922,0.0156556758468508));
#6815=CARTESIAN_POINT('',(-0.0229226573905381,0.000936840651627161,0.0182011455742118));
#6816=CARTESIAN_POINT('',(-0.0227395079125146,0.000935363982250791,0.0181984923318321));
#6817=CARTESIAN_POINT('',(-0.0227449606264134,0.000775423249144524,0.018287611248749));
#6818=CARTESIAN_POINT('',(-0.0229200667905978,0.000974834987751131,0.0182694128413519));
#6819=CARTESIAN_POINT('',(-0.0227377698790616,0.000970809470877328,0.0182649175254721));
#6820=CARTESIAN_POINT('',(-0.0227423901002316,0.00085082273820966,0.0184241458490066));
#6821=CARTESIAN_POINT('',(-0.0229059204983327,0.00115104509676441,0.0183421768625924));
#6822=CARTESIAN_POINT('',(-0.0227300742372413,0.00113288579852981,0.0183475101829349));
#6823=CARTESIAN_POINT('',(-0.0227283534831588,0.00120051123080373,0.0185696737925215));
#6824=CARTESIAN_POINT('',(-0.0228902339526707,0.00127,0.0181934854277642));
#6825=CARTESIAN_POINT('',(-0.0227233244499846,0.00126999992730155,0.0181981646180419));
#6826=CARTESIAN_POINT('',(-0.0227127885354516,0.00143657650553918,0.0182722909558538));
#6827=CARTESIAN_POINT('',(-0.022890233944443,0.00127,0.0181146798996747));
#6828=CARTESIAN_POINT('',(-0.0227233244463254,0.00127,0.0181146798996746));
#6829=CARTESIAN_POINT('',(-0.0227127885273307,0.00143657663393399,0.0181146798996747));
#6830=CARTESIAN_POINT('',(-0.022890233944443,0.0014478,0.0181146798996746));
#6831=CARTESIAN_POINT('',(-0.0264344206428844,0.0010922,0.0157524798996747));
#6832=CARTESIAN_POINT('',(-0.0264344206428844,0.0010922,0.0144824798996746));
#6833=CARTESIAN_POINT('',(-0.022890233944443,0.0014478,0.013719636015594));
#6834=CARTESIAN_POINT('',(-0.022890233944443,0.0014478,0.0133902798996747));
#6835=CARTESIAN_POINT('',(-0.0253422206428843,0.0010922,0.0144824798996746));
#6836=CARTESIAN_POINT('',(-0.0253422206428843,0.0010922,0.0133902798996747));
#6837=CARTESIAN_POINT('',(-0.022890233944443,0.00127,0.0133902798996747));
#6838=CARTESIAN_POINT('',(-0.0227233244463254,0.00127,0.0133902798996747));
#6839=CARTESIAN_POINT('',(-0.0227127885273307,0.00143657663393399,0.0133902798996747));
#6840=CARTESIAN_POINT('',(-0.0228902339577645,0.00127,0.0133114203549598));
#6841=CARTESIAN_POINT('',(-0.0227233244522458,0.00126999988224824,0.0133067379567245));
#6842=CARTESIAN_POINT('',(-0.0227127885405064,0.00143657642562176,0.0132325608102449));
#6843=CARTESIAN_POINT('',(-0.0229058931389996,0.00115130823967251,0.0131628894639462));
#6844=CARTESIAN_POINT('',(-0.0227300614368167,0.00113315376542592,0.0131575474491936));
#6845=CARTESIAN_POINT('',(-0.0227283263354277,0.0012010333630511,0.0129354989974104));
#6846=CARTESIAN_POINT('',(-0.0229200658977539,0.000974847764574858,0.0132355276023867));
#6847=CARTESIAN_POINT('',(-0.0227377692908296,0.000970821485536194,0.0132400234750651));
#6848=CARTESIAN_POINT('',(-0.0227423892152845,0.000850848321269801,0.0130807753667132));
#6849=CARTESIAN_POINT('',(-0.0229226572584074,0.00093684258947319,0.0133038107433563));
#6850=CARTESIAN_POINT('',(-0.0227395078236682,0.000935365794186507,0.0133064640720273));
#6851=CARTESIAN_POINT('',(-0.0227449604953069,0.000775427094792162,0.013217341587038));
#6852=CARTESIAN_POINT('',(-0.022890233944443,0.00127,0.0133902798996747));
#6853=CARTESIAN_POINT('',(-0.022890233944443,0.00127,0.0132960759701229));
#6854=CARTESIAN_POINT('',(-0.0229010148777865,0.00118596293785774,0.0132124798996741));
#6855=CARTESIAN_POINT('',(-0.0229099549111585,0.00109220000000011,0.013212479899674));
#6856=CARTESIAN_POINT('',(-0.0226515159010887,0.0010922,0.0133902798996747));
#6857=CARTESIAN_POINT('',(-0.0245404676450552,0.0010922,0.015938977977645));
#6858=CARTESIAN_POINT('',(-0.0226515159010887,-0.0010922,0.0133902798996747));
#6859=CARTESIAN_POINT('',(-0.022890233944443,-0.00127,0.0133902798996747));
#6860=CARTESIAN_POINT('',(-0.022890233944443,-0.00127,0.0132960650965209));
#6861=CARTESIAN_POINT('',(-0.0229010137120363,-0.00118597516423161,0.0132124798996746));
#6862=CARTESIAN_POINT('',(-0.0229099549111588,-0.0010922,0.0132124798996746));
#6863=CARTESIAN_POINT('',(-0.0253422206428843,-0.0010922,0.0133902798996747));
#6864=CARTESIAN_POINT('',(-0.0253422206428843,-0.0010922,0.0144824798996746));
#6865=CARTESIAN_POINT('',(-0.0264344206428844,-0.0010922,0.0144824798996746));
#6866=CARTESIAN_POINT('',(-0.0229226573905381,-0.000936840651627166,0.0133038142251375));
#6867=CARTESIAN_POINT('',(-0.0227395079125146,-0.000935363982250792,0.0133064674675172));
#6868=CARTESIAN_POINT('',(-0.0227449606264134,-0.000775423249144532,0.0132173485506003));
#6869=CARTESIAN_POINT('',(-0.022920066790597,-0.000974834987751294,0.0132355469579971));
#6870=CARTESIAN_POINT('',(-0.0227377698790606,-0.000970809470877873,0.0132400422738767));
#6871=CARTESIAN_POINT('',(-0.0227423901002316,-0.000850822738209483,0.0130808139503422));
#6872=CARTESIAN_POINT('',(-0.0229059204983331,-0.00115104509676433,0.013162782936757));
#6873=CARTESIAN_POINT('',(-0.0227300742372418,-0.00113288579852936,0.0131574496164141));
#6874=CARTESIAN_POINT('',(-0.0227283534831588,-0.00120051123080384,0.0129352860068282));
#6875=CARTESIAN_POINT('',(-0.0228902339526707,-0.00127,0.0133114743715852));
#6876=CARTESIAN_POINT('',(-0.0227233244499846,-0.00126999992730155,0.0133067951813086));
#6877=CARTESIAN_POINT('',(-0.0227127885354516,-0.00143657650553918,0.0132326688434953));
#6878=CARTESIAN_POINT('',(-0.022890233944443,-0.00127,0.0133902798996747));
#6879=CARTESIAN_POINT('',(-0.0227233244463254,-0.00127,0.0133902798996747));
#6880=CARTESIAN_POINT('',(-0.0227127885273307,-0.00143657663393399,0.0133902798996747));
#6881=CARTESIAN_POINT('',(-0.022890233944443,-0.0014478,0.0133902798996747));
#6882=CARTESIAN_POINT('',(-0.0264344206428844,-0.0010922,0.0157524798996747));
#6883=CARTESIAN_POINT('',(-0.0264344206428844,-0.0010922,0.0156556758468508));
#6884=CARTESIAN_POINT('',(-0.022890233944443,-0.0014478,0.013719636015594));
#6885=CARTESIAN_POINT('',(-0.022890233944443,-0.0014478,0.0181146798996746));
#6886=CARTESIAN_POINT('',(-0.0239754165900604,-0.0010922,0.0156556758468508));
#6887=CARTESIAN_POINT('',(-0.0239754165900604,-0.0010922,0.0181146798996746));
#6888=CARTESIAN_POINT('',(-0.022890233944443,-0.00127,0.0181146798996747));
#6889=CARTESIAN_POINT('',(-0.0227233244463254,-0.00127,0.0181146798996746));
#6890=CARTESIAN_POINT('',(-0.0227127885273307,-0.00143657663393399,0.0181146798996747));
#6891=CARTESIAN_POINT('',(-0.0228902339577645,-0.00127,0.018193539444389));
#6892=CARTESIAN_POINT('',(-0.0227233244522458,-0.00126999988224824,0.0181982218426248));
#6893=CARTESIAN_POINT('',(-0.0227127885405064,-0.00143657642562176,0.018272398989103));
#6894=CARTESIAN_POINT('',(-0.0229058931389996,-0.00115130823967236,0.0183420703354031));
#6895=CARTESIAN_POINT('',(-0.0227300614368162,-0.00113315376542599,0.0183474123501551));
#6896=CARTESIAN_POINT('',(-0.0227283263354277,-0.0012010333630511,0.0185694608019391));
#6897=CARTESIAN_POINT('',(-0.0229200658977539,-0.000974847764575172,0.0182694321969632));
#6898=CARTESIAN_POINT('',(-0.0227377692908307,-0.000970821485536062,0.0182649363242854));
#6899=CARTESIAN_POINT('',(-0.0227423892152844,-0.00085084832126983,0.018424184432637));
#6900=CARTESIAN_POINT('',(-0.0229226572584074,-0.000936842589473193,0.018201149055993));
#6901=CARTESIAN_POINT('',(-0.0227395078236682,-0.00093536579418651,0.018198495727322));
#6902=CARTESIAN_POINT('',(-0.0227449604953069,-0.000775427094792166,0.0182876182123113));
#6903=CARTESIAN_POINT('',(-0.022890233944443,-0.00127,0.0181146798996746));
#6904=CARTESIAN_POINT('',(-0.022890233944443,-0.00127,0.0182088838292264));
#6905=CARTESIAN_POINT('',(-0.0229010148777865,-0.00118596293785775,0.0182924798996752));
#6906=CARTESIAN_POINT('',(-0.0229099549111585,-0.00109220000000011,0.0182924798996753));
#6907=CARTESIAN_POINT('',(-0.0226515159010887,-0.0010922,0.0181146798996746));
#6908=CARTESIAN_POINT('',(-0.0245404676450552,-0.0010922,0.015938977977645));
#6909=CARTESIAN_POINT('',(0.00127,0.,0.0675747096538544));
#6910=CARTESIAN_POINT('',(0.00127,0.024505622612351,0.104245021939278));
#6911=CARTESIAN_POINT('',(0.00127,0.024505622612351,0.102743541353115));
#6912=CARTESIAN_POINT('',(0.00127,0.0227227114383915,0.106607221939278));
#6913=CARTESIAN_POINT('',(0.00127,0.0260405431379562,0.106607221939278));
#6914=CARTESIAN_POINT('',(0.00127,0.022890233944443,0.106607221939278));
#6915=CARTESIAN_POINT('',(0.00127,0.022890233944443,0.0675747096538544));
#6916=CARTESIAN_POINT('',(0.00127,0.022890233944443,0.101882821939278));
#6917=CARTESIAN_POINT('',(0.00127,0.,0.101882821939278));
#6918=CARTESIAN_POINT('',(0.00127,0.0260405431379562,0.101882821939278));
#6919=CARTESIAN_POINT('',(0.00127,0.0260405431379562,0.0675747096538544));
#6920=CARTESIAN_POINT('',(-0.00127,0.,0.0675747096538544));
#6921=CARTESIAN_POINT('',(-0.00127,0.024505622612351,0.104245021939278));
#6922=CARTESIAN_POINT('',(-0.00127,0.024505622612351,0.102743541353115));
#6923=CARTESIAN_POINT('',(-0.00127,0.0227227114383915,0.101882821939278));
#6924=CARTESIAN_POINT('',(-0.00127,0.0260405431379562,0.101882821939278));
#6925=CARTESIAN_POINT('',(-0.00127,0.022890233944443,0.101882821939278));
#6926=CARTESIAN_POINT('',(-0.00127,0.022890233944443,0.106785021939278));
#6927=CARTESIAN_POINT('',(-0.00127,0.022890233944443,0.106607221939278));
#6928=CARTESIAN_POINT('',(-0.00127,0.,0.106607221939278));
#6929=CARTESIAN_POINT('',(-0.00127,0.0260405431379562,0.106607221939278));
#6930=CARTESIAN_POINT('',(-0.00127,0.0260405431379562,0.101705021939278));
#6931=CARTESIAN_POINT('',(0.00127,0.0228397715836764,0.101705021939278));
#6932=CARTESIAN_POINT('',(0.,0.,0.101705021939278));
#6933=CARTESIAN_POINT('',(0.0010922,0.0229099549111588,0.101705021939278));
#6934=CARTESIAN_POINT('',(-0.0010922,0.0229099549111588,0.101705021939278));
#6935=CARTESIAN_POINT('',(-0.0010922,0.0262183431379562,0.101705021939278));
#6936=CARTESIAN_POINT('',(-0.0010922,0.0260405431379562,0.101705021939278));
#6937=CARTESIAN_POINT('',(0.00127,0.0260405431379562,0.101705021939278));
#6938=CARTESIAN_POINT('',(0.0010922,0.0260405431379562,0.101705021939278));
#6939=CARTESIAN_POINT('',(0.0010922,0.0228397715836764,0.101705021939278));
#6940=CARTESIAN_POINT('',(0.00127,0.0262183431379562,0.104245021939278));
#6941=CARTESIAN_POINT('',(0.00127,0.0262183431379562,0.101882821939278));
#6942=CARTESIAN_POINT('',(0.0010922,0.0262183431379562,0.101882821939278));
#6943=CARTESIAN_POINT('',(-0.0010922,0.0262183431379562,0.101882821939278));
#6944=CARTESIAN_POINT('',(-0.0010922,0.0262183431379562,0.106785021939278));
#6945=CARTESIAN_POINT('',(-0.0010922,0.0262183431379562,0.106607221939278));
#6946=CARTESIAN_POINT('',(0.00127,0.0262183431379562,0.106607221939278));
#6947=CARTESIAN_POINT('',(0.0010922,0.0262183431379562,0.106607221939278));
#6948=CARTESIAN_POINT('',(0.0010922,0.0262183431379562,0.104245021939278));
#6949=CARTESIAN_POINT('',(0.00127,0.0228397715836764,0.106785021939278));
#6950=CARTESIAN_POINT('',(-0.00127,0.0260405431379562,0.106785021939278));
#6951=CARTESIAN_POINT('',(0.0010922,0.0260405431379562,0.106785021939278));
#6952=CARTESIAN_POINT('',(-0.0010922,0.0260405431379562,0.106785021939278));
#6953=CARTESIAN_POINT('',(-0.0010922,0.0228397715836764,0.106785021939278));
#6954=CARTESIAN_POINT('',(-0.0010922,0.0229099549111588,0.106785021939278));
#6955=CARTESIAN_POINT('',(0.,0.,0.106785021939278));
#6956=CARTESIAN_POINT('',(0.0010922,0.0229099549111588,0.106785021939278));
#6957=CARTESIAN_POINT('',(0.0010922,0.0262183431379562,0.106785021939278));
#6958=CARTESIAN_POINT('',(0.00127,0.024505622612351,0.104245021939278));
#6959=CARTESIAN_POINT('',(-0.0010922,0.024505622612351,0.104245021939278));
#6960=CARTESIAN_POINT('',(-0.0010922,0.024505622612351,0.102921341353115));
#6961=CARTESIAN_POINT('',(0.0010922,0.024505622612351,0.104245021939278));
#6962=CARTESIAN_POINT('',(0.0010922,0.024505622612351,0.102921341353115));
#6963=CARTESIAN_POINT('',(0.00127,0.0260405431379562,0.106607221939278));
#6964=CARTESIAN_POINT('',(-0.0010922,0.0260405431379562,0.106607221939278));
#6965=CARTESIAN_POINT('',(0.0010922,0.0260405431379562,0.106607221939278));
#6966=CARTESIAN_POINT('',(-0.0010922,0.0260405431379562,0.106607221939278));
#6967=CARTESIAN_POINT('',(-0.0010922,0.0260405431379562,0.106607221939278));
#6968=CARTESIAN_POINT('',(-0.0010922,0.0260405431379562,0.106607221939278));
#6969=CARTESIAN_POINT('',(0.0010922,0.0260405431379562,0.106607221939278));
#6970=CARTESIAN_POINT('',(0.0010922,0.0260405431379562,0.106607221939278));
#6971=CARTESIAN_POINT('',(0.0010922,0.0260405431379562,0.106607221939278));
#6972=CARTESIAN_POINT('',(-0.0010922,0.0260405431379562,0.0675747096538544));
#6973=CARTESIAN_POINT('',(-0.0010922,0.0260405431379562,0.101882821939278));
#6974=CARTESIAN_POINT('',(-0.0010922,0.0228397715836764,0.106607221939278));
#6975=CARTESIAN_POINT('',(-0.0010922,0.0229099549111588,0.106785021939278));
#6976=CARTESIAN_POINT('',(-0.00118596510884761,0.022901014670789,0.106785021939278));
#6977=CARTESIAN_POINT('',(-0.00127000000000069,0.022890233944443,0.106701426690007));
#6978=CARTESIAN_POINT('',(-0.0012700000000008,0.022890233944443,0.106607221939278));
#6979=CARTESIAN_POINT('',(0.,0.,0.106962821939278));
#6980=CARTESIAN_POINT('',(0.0010922,0.0229099549111588,0.106962821939278));
#6981=CARTESIAN_POINT('',(-0.0010922,0.0229099549111588,0.106962821939278));
#6982=CARTESIAN_POINT('',(0.0010922,0.,0.106607221939278));
#6983=CARTESIAN_POINT('',(0.00127,0.022890233944443,0.106607221939278));
#6984=CARTESIAN_POINT('',(0.00127,0.022890233944443,0.106701425868829));
#6985=CARTESIAN_POINT('',(0.00118596293785773,0.0229010148777865,0.106785021939278));
#6986=CARTESIAN_POINT('',(0.00109220000000011,0.0229099549111585,0.106785021939278));
#6987=CARTESIAN_POINT('',(0.0010922,0.0260405431379562,0.104245021939278));
#6988=CARTESIAN_POINT('',(0.0010922,0.0260405431379562,0.101882821939278));
#6989=CARTESIAN_POINT('',(0.00127,0.0260405431379562,0.101882821939278));
#6990=CARTESIAN_POINT('',(-0.0010922,0.0260405431379562,0.101882821939278));
#6991=CARTESIAN_POINT('',(0.0010922,0.0260405431379562,0.101882821939278));
#6992=CARTESIAN_POINT('',(-0.0010922,0.0260405431379562,0.101882821939278));
#6993=CARTESIAN_POINT('',(-0.0010922,0.0260405431379562,0.101882821939278));
#6994=CARTESIAN_POINT('',(-0.00108373325016073,0.0227323566168337,0.106962821939278));
#6995=CARTESIAN_POINT('',(-0.00108373325016073,0.0227323566168337,0.106785021939278));
#6996=CARTESIAN_POINT('',(-0.0010922,0.0229099549111588,0.106785021939278));
#6997=CARTESIAN_POINT('',(-0.00127020723725643,0.0227234667307778,0.106962821689462));
#6998=CARTESIAN_POINT('',(-0.00117530264843237,0.0227279911752148,0.106789440855356));
#6999=CARTESIAN_POINT('',(-0.00118616541467852,0.0229009955682813,0.106785021939278));
#7000=CARTESIAN_POINT('',(-0.00143657656194534,0.0227127885318839,0.106792942547712));
#7001=CARTESIAN_POINT('',(-0.00126999995904217,0.0227233244483895,0.106705595955563));
#7002=CARTESIAN_POINT('',(-0.00127000000000023,0.022890233949079,0.106700082243495));
#7003=CARTESIAN_POINT('',(-0.00143657663393399,0.0227127885273307,0.106607221939277));
#7004=CARTESIAN_POINT('',(-0.00127,0.0227233244463254,0.106607221939277));
#7005=CARTESIAN_POINT('',(-0.00127,0.022890233944443,0.106607221939277));
#7006=CARTESIAN_POINT('',(-0.0014478,0.022890233944443,0.106607221939278));
#7007=CARTESIAN_POINT('',(0.00143657663393399,0.0227127885273307,0.106607221939278));
#7008=CARTESIAN_POINT('',(0.00127,0.0227233244463254,0.106607221939278));
#7009=CARTESIAN_POINT('',(0.00127,0.022890233944443,0.106607221939278));
#7010=CARTESIAN_POINT('',(0.00143657638543318,0.0227127885430483,0.106795368940651));
#7011=CARTESIAN_POINT('',(0.00126999985953102,0.022723324453388,0.106706881189013));
#7012=CARTESIAN_POINT('',(0.00127,0.0228902339603345,0.106701295439964));
#7013=CARTESIAN_POINT('',(0.00126782244418784,0.022723580422446,0.106962821862419));
#7014=CARTESIAN_POINT('',(0.00117414593594554,0.0227280463198212,0.106789385117329));
#7015=CARTESIAN_POINT('',(0.00118496370251786,0.0229011101508496,0.106785021939279));
#7016=CARTESIAN_POINT('',(0.00108373325015475,0.022732356616834,0.106962821939278));
#7017=CARTESIAN_POINT('',(0.00108373325015775,0.0227323566168339,0.106785021939277));
#7018=CARTESIAN_POINT('',(0.00109219999999699,0.0229099549111591,0.106785021939278));
#7019=CARTESIAN_POINT('',(0.0014478,0.022890233944443,0.106607221939278));
#7020=CARTESIAN_POINT('',(0.0010922,0.0260405431379562,0.101882821939278));
#7021=CARTESIAN_POINT('',(0.0010922,0.0260405431379562,0.101882821939278));
#7022=CARTESIAN_POINT('',(-0.0010922,0.,0.101882821939278));
#7023=CARTESIAN_POINT('',(-0.00127,0.022890233944443,0.101882821939278));
#7024=CARTESIAN_POINT('',(-0.00127,0.022890233944443,0.101788618009726));
#7025=CARTESIAN_POINT('',(-0.00118596293785772,0.0229010148777865,0.101705021939277));
#7026=CARTESIAN_POINT('',(-0.00109220000000011,0.0229099549111585,0.101705021939277));
#7027=CARTESIAN_POINT('',(-0.0014478,0.022890233944443,0.013719636015594));
#7028=CARTESIAN_POINT('',(-0.0014478,0.022890233944443,0.101882821939278));
#7029=CARTESIAN_POINT('',(0.0014478,0.022890233944443,0.013719636015594));
#7030=CARTESIAN_POINT('',(0.0014478,0.022890233944443,0.101882821939278));
#7031=CARTESIAN_POINT('',(0.0010922,0.0228397715836764,0.101882821939278));
#7032=CARTESIAN_POINT('',(0.0010922,0.0229099549111588,0.101705021939278));
#7033=CARTESIAN_POINT('',(0.00118596510884761,0.022901014670789,0.101705021939278));
#7034=CARTESIAN_POINT('',(0.0012700000000007,0.022890233944443,0.101788617188548));
#7035=CARTESIAN_POINT('',(0.0012700000000008,0.022890233944443,0.101882821939277));
#7036=CARTESIAN_POINT('',(-0.00143657663393399,0.0227127885273307,0.101882821939278));
#7037=CARTESIAN_POINT('',(-0.00127,0.0227233244463254,0.101882821939278));
#7038=CARTESIAN_POINT('',(-0.00127,0.022890233944443,0.101882821939278));
#7039=CARTESIAN_POINT('',(-0.00143657638543318,0.0227127885430483,0.101694674937904));
#7040=CARTESIAN_POINT('',(-0.00126999985953102,0.022723324453388,0.101783162689547));
#7041=CARTESIAN_POINT('',(-0.00127,0.0228902339603345,0.101788748438591));
#7042=CARTESIAN_POINT('',(-0.001267822444188,0.022723580422446,0.101527222016136));
#7043=CARTESIAN_POINT('',(-0.0011741459359456,0.0227280463198216,0.101700658761228));
#7044=CARTESIAN_POINT('',(-0.00118496370251795,0.0229011101508496,0.101705021939276));
#7045=CARTESIAN_POINT('',(-0.00108373325015474,0.022732356616834,0.101527221939278));
#7046=CARTESIAN_POINT('',(-0.00108373325015775,0.0227323566168339,0.101705021939278));
#7047=CARTESIAN_POINT('',(-0.00109219999999699,0.0229099549111591,0.101705021939278));
#7048=CARTESIAN_POINT('',(-0.0010922,0.0229099549111588,0.101527221939278));
#7049=CARTESIAN_POINT('',(0.00108373325016073,0.0227323566168337,0.101527221939278));
#7050=CARTESIAN_POINT('',(0.00108373325016073,0.0227323566168337,0.101705021939278));
#7051=CARTESIAN_POINT('',(0.0010922,0.0229099549111588,0.101705021939278));
#7052=CARTESIAN_POINT('',(0.00127020723725705,0.0227234667307778,0.101527222189089));
#7053=CARTESIAN_POINT('',(0.00117530264843267,0.0227279911752156,0.101700603023196));
#7054=CARTESIAN_POINT('',(0.00118616541467884,0.0229009955682813,0.101705021939278));
#7055=CARTESIAN_POINT('',(0.00143657656194526,0.022712788531884,0.101697101330843));
#7056=CARTESIAN_POINT('',(0.0012699999590434,0.02272332444839,0.101784447923001));
#7057=CARTESIAN_POINT('',(0.00127000000000023,0.0228902339490803,0.101789961635065));
#7058=CARTESIAN_POINT('',(0.00143657663393399,0.0227127885273307,0.101882821939278));
#7059=CARTESIAN_POINT('',(0.00127,0.0227233244463254,0.101882821939278));
#7060=CARTESIAN_POINT('',(0.00127,0.022890233944443,0.101882821939278));
#7061=CARTESIAN_POINT('',(0.0010922,0.0229099549111588,0.101527221939278));
#7062=CARTESIAN_POINT('',(0.,0.,0.101527221939278));
#7063=CARTESIAN_POINT('',(-0.0010922,0.024505622612351,0.104245021939278));
#7064=CARTESIAN_POINT('',(0.0010922,0.024505622612351,0.104245021939278));
#7065=CARTESIAN_POINT('',(-0.0023368,-0.0260151431379562,0.106581821939278));
#7066=CARTESIAN_POINT('',(-0.0023368,-0.0260151431379562,0.106581821939278));
#7067=CARTESIAN_POINT('',(-0.0023368,-0.0260151431379562,0.106785021939278));
#7068=CARTESIAN_POINT('',(-0.00254,-0.0260151431379562,0.106581821939278));
#7069=CARTESIAN_POINT('',(-0.0023368,-0.0260151431379562,0.106581821939278));
#7070=CARTESIAN_POINT('',(-0.0023368,-0.0262183431379562,0.106581821939278));
#7071=CARTESIAN_POINT('',(-0.0023368,-0.0260151431379562,0.106581821939278));
#7072=CARTESIAN_POINT('',(-0.00254,-0.0260151431379562,0.106581821939278));
#7073=CARTESIAN_POINT('',(-0.0002032,-0.0260151431379562,0.106581821939278));
#7074=CARTESIAN_POINT('',(-0.0002032,-0.0262183431379562,0.106581821939278));
#7075=CARTESIAN_POINT('',(-0.0002032,-0.0260151431379562,0.106785021939278));
#7076=CARTESIAN_POINT('',(-0.00254,-0.0260151431379562,0.106785021939278));
#7077=CARTESIAN_POINT('',(0.,-0.0262183431379562,0.106581821939278));
#7078=CARTESIAN_POINT('',(-0.00254,-0.0260151431379562,0.101908221939278));
#7079=CARTESIAN_POINT('',(-0.0023368,-0.0260151431379562,0.101908221939278));
#7080=CARTESIAN_POINT('',(-0.0023368,-0.0262183431379562,0.101908221939278));
#7081=CARTESIAN_POINT('',(-0.0023368,-0.0260151431379562,0.101705021939278));
#7082=CARTESIAN_POINT('',(-0.00254,-0.0260151431379562,0.101705021939278));
#7083=CARTESIAN_POINT('',(-0.0002032,-0.0260151431379562,0.101705021939278));
#7084=CARTESIAN_POINT('',(-0.0002032,-0.0260151431379562,0.101908221939278));
#7085=CARTESIAN_POINT('',(-0.0002032,-0.0262183431379562,0.101908221939278));
#7086=CARTESIAN_POINT('',(-0.00254,-0.0262183431379562,0.101908221939278));
#7087=CARTESIAN_POINT('',(-0.0023368,-0.0260151431379562,0.101908221939278));
#7088=CARTESIAN_POINT('',(-0.0023368,-0.0260151431379562,0.101908221939278));
#7089=CARTESIAN_POINT('',(-0.00254,-0.0260151431379562,0.101908221939278));
#7090=CARTESIAN_POINT('',(-0.0023368,-0.0260151431379562,0.101908221939278));
#7091=CARTESIAN_POINT('',(-0.0023368,-0.0260151431379562,0.0675747096538544));
#7092=CARTESIAN_POINT('',(-0.00254,-0.0260151431379562,0.101705021939278));
#7093=CARTESIAN_POINT('',(-0.00254,-0.0260151431379562,0.104474613113272));
#7094=CARTESIAN_POINT('',(-0.00254,-0.0260151431379562,0.104474613113272));
#7095=CARTESIAN_POINT('',(-0.00254,-0.0260265013237086,0.104321960791198));
#7096=CARTESIAN_POINT('',(-0.00254,-0.0260265013237086,0.104168083087357));
#7097=CARTESIAN_POINT('',(-0.00254,-0.0260151431379562,0.104015430765283));
#7098=CARTESIAN_POINT('',(-0.00254,-0.0260151431379562,0.104015430765283));
#7099=CARTESIAN_POINT('',(-0.00254,-0.0260151431379562,0.101705021939278));
#7100=CARTESIAN_POINT('',(-0.0023368,-0.0262183431379562,0.106785021939278));
#7101=CARTESIAN_POINT('',(-0.0023368,-0.024505622612351,0.104245021939278));
#7102=CARTESIAN_POINT('',(-0.0023368,-0.024505622612351,0.104245021939278));
#7103=CARTESIAN_POINT('',(-0.0023368,-0.024505622612351,0.102921341353115));
#7104=CARTESIAN_POINT('',(-0.00254,-0.024505622612351,0.104245021939278));
#7105=CARTESIAN_POINT('',(-0.00254,-0.024505622612351,0.104245021939278));
#7106=CARTESIAN_POINT('',(-0.0002032,-0.024505622612351,0.104245021939278));
#7107=CARTESIAN_POINT('',(-0.0002032,-0.024505622612351,0.102921341353115));
#7108=CARTESIAN_POINT('',(-0.0002032,-0.0260151431379562,0.101908221939278));
#7109=CARTESIAN_POINT('',(-0.0002032,-0.0260151431379562,0.101908221939278));
#7110=CARTESIAN_POINT('',(-0.0002032,-0.0260151431379562,0.101908221939278));
#7111=CARTESIAN_POINT('',(-0.00254,-0.0262183431379562,0.104245021939278));
#7112=CARTESIAN_POINT('',(-0.0002032,-0.0262183431379562,0.104245021939278));
#7113=CARTESIAN_POINT('',(-0.0002032,-0.0260151431379562,0.104245021939278));
#7114=CARTESIAN_POINT('',(7.01024220610301E-18,-0.0260151431379562,0.104015430765283));
#7115=CARTESIAN_POINT('',(7.52317659197061E-18,-0.0260265013237086,0.104168083087357));
#7116=CARTESIAN_POINT('',(3.71960726299604E-19,-0.0260265013237086,0.104321960791198));
#7117=CARTESIAN_POINT('',(-1.40973659567088E-19,-0.0260151431379562,0.104474613113272));
#7118=CARTESIAN_POINT('',(-0.0002032,-0.0260151431379562,0.106581821939278));
#7119=CARTESIAN_POINT('',(-0.0002032,-0.024505622612351,0.104245021939278));
#7120=CARTESIAN_POINT('',(-0.0002032,-0.0260151431379562,0.106581821939278));
#7121=CARTESIAN_POINT('',(-0.0002032,-0.0260151431379562,0.106581821939278));
#7122=CARTESIAN_POINT('',(-0.0023368,-0.0228397715836764,0.106581821939278));
#7123=CARTESIAN_POINT('',(-0.0023368,-0.0228397715836764,0.106785021939278));
#7124=CARTESIAN_POINT('',(-0.0023368,-0.0228421560564115,0.106785021939278));
#7125=CARTESIAN_POINT('',(-0.0023368,-0.0228421560564115,0.106785021939278));
#7126=CARTESIAN_POINT('',(-0.00244319238874028,-0.0228203877317933,0.106785021939278));
#7127=CARTESIAN_POINT('',(-0.00254000000000072,-0.0227969204346872,0.106690488741362));
#7128=CARTESIAN_POINT('',(-0.00254000000000083,-0.0227969204346871,0.106581821939278));
#7129=CARTESIAN_POINT('',(-0.00254,-0.0227969204346872,0.106581821939278));
#7130=CARTESIAN_POINT('',(-0.00254,0.,0.106581821939278));
#7131=CARTESIAN_POINT('',(-0.00254,-0.0228397715836764,0.106785021939278));
#7132=CARTESIAN_POINT('',(-0.0002032,-0.0262183431379562,0.106785021939278));
#7133=CARTESIAN_POINT('',(-0.0002032,-0.0229604755461524,0.106785021939278));
#7134=CARTESIAN_POINT('',(0.,0.,0.106785021939278));
#7135=CARTESIAN_POINT('',(-0.00254,-0.0228397715836764,0.101705021939278));
#7136=CARTESIAN_POINT('',(0.,0.,0.101705021939278));
#7137=CARTESIAN_POINT('',(-0.0002032,-0.0229604755461524,0.101705021939278));
#7138=CARTESIAN_POINT('',(-0.0023368,-0.0228421560564115,0.101705021939278));
#7139=CARTESIAN_POINT('',(-0.0002032,-0.0228397715836764,0.101705021939278));
#7140=CARTESIAN_POINT('',(-0.0023368,-0.0262183431379562,0.101705021939278));
#7141=CARTESIAN_POINT('',(-0.0023368,0.,0.101908221939278));
#7142=CARTESIAN_POINT('',(-0.00254,-0.0226159880419231,0.101908221939278));
#7143=CARTESIAN_POINT('',(-0.00254,-0.0227969204346872,0.101908221939278));
#7144=CARTESIAN_POINT('',(-0.00254,-0.0227969204346872,0.101908221939278));
#7145=CARTESIAN_POINT('',(-0.00254,-0.0227969204346872,0.101799560426584));
#7146=CARTESIAN_POINT('',(-0.00244318474300816,-0.0228203892961416,0.101705021939278));
#7147=CARTESIAN_POINT('',(-0.00233679999999996,-0.0228421560564114,0.101705021939278));
#7148=CARTESIAN_POINT('',(-0.00254,0.,0.0675747096538544));
#7149=CARTESIAN_POINT('',(-0.00254,-0.0227969204346872,0.0675747096538544));
#7150=CARTESIAN_POINT('',(-0.0027432,-0.0227969204346872,0.013719636015594));
#7151=CARTESIAN_POINT('',(-0.0027432,-0.0227969204346872,0.106581821939278));
#7152=CARTESIAN_POINT('',(-0.0027432,-0.0227969204346872,0.101908221939278));
#7153=CARTESIAN_POINT('',(-0.00254,-0.0227969204346872,0.101908221939278));
#7154=CARTESIAN_POINT('',(-0.00254,-0.022616706045279,0.101908221939278));
#7155=CARTESIAN_POINT('',(-0.00271892365559191,-0.0225951757963392,0.101908221939278));
#7156=CARTESIAN_POINT('',(-0.00254,-0.0227969204613854,0.101800460694328));
#7157=CARTESIAN_POINT('',(-0.00253999986519366,-0.0226167060597511,0.101788960262177));
#7158=CARTESIAN_POINT('',(-0.00271892343609631,-0.0225951758227515,0.10169269944938));
#7159=CARTESIAN_POINT('',(-0.00244264113167352,-0.0228205005199705,0.101705021939276));
#7160=CARTESIAN_POINT('',(-0.00241847138755478,-0.0226295403571515,0.101694528455482));
#7161=CARTESIAN_POINT('',(-0.00252592910178987,-0.0226185472075371,0.101501822012065));
#7162=CARTESIAN_POINT('',(-0.00233679999999671,-0.0228421560564122,0.101705021939278));
#7163=CARTESIAN_POINT('',(-0.00231612015105651,-0.0226400110988992,0.101705021939278));
#7164=CARTESIAN_POINT('',(-0.00231612015105326,-0.0226400110988995,0.101501821939278));
#7165=CARTESIAN_POINT('',(-0.0023368,-0.0228421560564115,0.101501821939278));
#7166=CARTESIAN_POINT('',(-0.0002032,-0.0229604755461524,0.101705021939278));
#7167=CARTESIAN_POINT('',(-0.000201401752266067,-0.0227572835032346,0.101705021939278));
#7168=CARTESIAN_POINT('',(-0.000201401752266067,-0.0227572835032346,0.101501821939278));
#7169=CARTESIAN_POINT('',(-9.51275146918595E-5,-0.0229623884232386,0.101705021939278));
#7170=CARTESIAN_POINT('',(-9.49832075689286E-5,-0.0227582253062208,0.101705980713443));
#7171=CARTESIAN_POINT('',(1.28304121955015E-5,-0.0227591794559439,0.101501822159195));
#7172=CARTESIAN_POINT('',(9.94139974323846E-7,-0.0229604579519708,0.101803387378714));
#7173=CARTESIAN_POINT('',(1.0114719407251E-6,-0.0227590743955116,0.101802475102472));
#7174=CARTESIAN_POINT('',(0.000203372359314584,-0.0227572660649272,0.101698552817413));
#7175=CARTESIAN_POINT('',(-8.97173508873422E-9,-0.0229604757049449,0.101910131398009));
#7176=CARTESIAN_POINT('',(-9.12911829011747E-9,-0.0227590658302984,0.101910148145611));
#7177=CARTESIAN_POINT('',(0.000201383967589219,-0.0227572836606219,0.101912040856741));
#7178=CARTESIAN_POINT('',(-0.0002032,-0.0229604755461524,0.101705021939278));
#7179=CARTESIAN_POINT('',(-9.58801223352732E-5,-0.0229623751060371,0.101705021939278));
#7180=CARTESIAN_POINT('',(8.59945305784473E-16,-0.0229604755461525,0.101800885460469));
#7181=CARTESIAN_POINT('',(9.62574736281957E-16,-0.0229604755461525,0.101908221939277));
#7182=CARTESIAN_POINT('',(-0.0002032,-0.0229604755461524,0.101501821939278));
#7183=CARTESIAN_POINT('',(0.,0.,0.101501821939278));
#7184=CARTESIAN_POINT('',(-9.18685292712585E-9,-0.0229604757087521,0.10657988972484));
#7185=CARTESIAN_POINT('',(-9.34800932801567E-9,-0.0227590658284614,0.106579872777705));
#7186=CARTESIAN_POINT('',(0.000201383541160975,-0.0227572836643954,0.106577957510403));
#7187=CARTESIAN_POINT('',(1.01689197183521E-6,-0.022960457546758,0.106687791718916));
#7188=CARTESIAN_POINT('',(1.03476765097107E-6,-0.0227590745910167,0.106688713700524));
#7189=CARTESIAN_POINT('',(0.000203417748561877,-0.0227572656633064,0.106793761496533));
#7190=CARTESIAN_POINT('',(-9.65132413602874E-5,-0.0229623638986352,0.10678502193928));
#7191=CARTESIAN_POINT('',(-9.63509017739246E-5,-0.0227582132021124,0.10678407556061));
#7192=CARTESIAN_POINT('',(1.00834852590171E-5,-0.0227591551456656,0.106988221873768));
#7193=CARTESIAN_POINT('',(-0.0002032000000046,-0.0229604755461523,0.106785021939278));
#7194=CARTESIAN_POINT('',(-0.000201401752270586,-0.0227572835032346,0.106785021939278));
#7195=CARTESIAN_POINT('',(-0.000201401752275185,-0.0227572835032345,0.106988221939278));
#7196=CARTESIAN_POINT('',(0.,-0.0229604755461524,0.106581821939278));
#7197=CARTESIAN_POINT('',(0.,-0.0229604755461524,0.106689158479201));
#7198=CARTESIAN_POINT('',(-9.58799615933365E-5,-0.0229623751088824,0.106785021939278));
#7199=CARTESIAN_POINT('',(-0.000203199999999786,-0.0229604755461525,0.106785021939279));
#7200=CARTESIAN_POINT('',(-0.0002032,-0.0229604755461524,0.106988221939278));
#7201=CARTESIAN_POINT('',(0.,0.,0.106988221939278));
#7202=CARTESIAN_POINT('',(-0.0023368,-0.0228421560564115,0.106988221939278));
#7203=CARTESIAN_POINT('',(-0.0023368,-0.0228421560564115,0.106785021939278));
#7204=CARTESIAN_POINT('',(-0.00231612015105977,-0.0226400110988989,0.106785021939278));
#7205=CARTESIAN_POINT('',(-0.00231612015105977,-0.0226400110988989,0.106988221939278));
#7206=CARTESIAN_POINT('',(-0.00244399483841215,-0.0228202235433614,0.106785021939278));
#7207=CARTESIAN_POINT('',(-0.00241974625791639,-0.0226294099352997,0.10679564605773));
#7208=CARTESIAN_POINT('',(-0.00252861255588056,-0.0226182726846109,0.106988221722053));
#7209=CARTESIAN_POINT('',(-0.00254000000000035,-0.0227969204418528,0.106688173452921));
#7210=CARTESIAN_POINT('',(-0.00253999996364037,-0.0226167060491869,0.106699523433823));
#7211=CARTESIAN_POINT('',(-0.00271892359691289,-0.0225951758034002,0.106794524966562));
#7212=CARTESIAN_POINT('',(-0.00254,-0.0227969204346872,0.106581821939277));
#7213=CARTESIAN_POINT('',(-0.00254,-0.022616706045279,0.106581821939277));
#7214=CARTESIAN_POINT('',(-0.00271892365559191,-0.0225951757963392,0.106581821939276));
#7215=CARTESIAN_POINT('',(-0.0002032,0.,0.106581821939278));
#7216=CARTESIAN_POINT('',(-0.0002032,-0.0228397715836764,0.101908221939278));
#7217=CARTESIAN_POINT('',(0.0186908111592931,-0.00127,0.0157524798996747));
#7218=CARTESIAN_POINT('',(0.0186908111592931,0.00127,0.0157524798996747));
#7219=CARTESIAN_POINT('',(0.0186908111592931,0.00127,0.0182924798996747));
#7220=CARTESIAN_POINT('',(0.0186908111592931,0.00127,0.0132124798996746));
#7221=CARTESIAN_POINT('',(0.0186908111592931,-0.00127,0.0132124798996746));
#7222=CARTESIAN_POINT('',(0.0186908111592931,-0.00127,0.0132124798996746));
#7223=CARTESIAN_POINT('',(0.0186908111592931,-0.00127,0.0157524798996747));
#7224=CARTESIAN_POINT('',(0.0186908111592931,-0.00127,0.0182924798996747));
#7225=CARTESIAN_POINT('',(0.0186908111592931,-0.00127,0.0182924798996747));
#7226=CARTESIAN_POINT('',(0.0226515159010887,-0.00127,0.0132124798996746));
#7227=CARTESIAN_POINT('',(0.0226515159010887,-0.00127,0.0132124798996746));
#7228=CARTESIAN_POINT('',(0.0226515159010887,0.00127,0.0132124798996746));
#7229=CARTESIAN_POINT('',(0.0226515159010887,-0.00127,0.0182924798996747));
#7230=CARTESIAN_POINT('',(0.0226515159010887,0.00127,0.0182924798996747));
#7231=CARTESIAN_POINT('',(0.0226515159010887,-0.00127,0.0182924798996747));
#7232=CARTESIAN_POINT('',(0.0226515159010887,-0.00127,0.0157524798996747));
#7233=CARTESIAN_POINT('',(0.0226515159010887,0.00127,0.0157524798996747));
#7234=CARTESIAN_POINT('',(0.0226515159010887,-0.00127,0.0182924798996747));
#7235=CARTESIAN_POINT('',(0.0227448670944566,0.000778161916255822,0.0182924798996747));
#7236=CARTESIAN_POINT('',(0.0227406657902063,0.000900961689415561,0.0182924798996747));
#7237=CARTESIAN_POINT('',(0.0228286869737892,0.00100260457854444,0.0182924798996747));
#7238=CARTESIAN_POINT('',(0.0229099549111588,0.00109219999999991,0.0182924798996747));
#7239=CARTESIAN_POINT('',(0.0229099549111588,0.0010922,0.0182924798996747));
#7240=CARTESIAN_POINT('',(0.0227448670944566,-0.000778161916255823,0.0182924798996747));
#7241=CARTESIAN_POINT('',(0.0227406657902064,-0.000900961689418032,0.0182924798996747));
#7242=CARTESIAN_POINT('',(0.0228286869795712,-0.00100260457329654,0.0182924798996747));
#7243=CARTESIAN_POINT('',(0.0229099549111588,-0.0010922,0.0182924798996747));
#7244=CARTESIAN_POINT('',(0.0229099549111588,-0.0010922,0.0182924798996747));
#7245=CARTESIAN_POINT('',(0.0226515159010887,-0.0010922,0.0182924798996747));
#7246=CARTESIAN_POINT('',(0.0239754165900604,-0.0010922,0.0182924798996747));
#7247=CARTESIAN_POINT('',(0.0239754165900604,-0.00127,0.0182924798996747));
#7248=CARTESIAN_POINT('',(0.0239754165900604,0.0010922,0.0182924798996747));
#7249=CARTESIAN_POINT('',(0.0239754165900604,0.0010922,0.0182924798996747));
#7250=CARTESIAN_POINT('',(0.0226515159010887,-0.00127,0.0132124798996746));
#7251=CARTESIAN_POINT('',(0.0253422206428843,-0.00127,0.0132124798996746));
#7252=CARTESIAN_POINT('',(0.0253422206428843,-0.0010922,0.0132124798996746));
#7253=CARTESIAN_POINT('',(0.0253422206428843,0.0010922,0.0132124798996746));
#7254=CARTESIAN_POINT('',(0.0253422206428843,-0.0010922,0.0132124798996746));
#7255=CARTESIAN_POINT('',(0.0229099549111588,-0.0010922,0.0132124798996746));
#7256=CARTESIAN_POINT('',(0.0227448670944566,-0.000778161916255822,0.0132124798996747));
#7257=CARTESIAN_POINT('',(0.0227406657902063,-0.000900961689415564,0.0132124798996747));
#7258=CARTESIAN_POINT('',(0.0228286869737885,-0.0010026045785451,0.0132124798996746));
#7259=CARTESIAN_POINT('',(0.0229099549111588,-0.00109219999999991,0.0132124798996746));
#7260=CARTESIAN_POINT('',(0.0227448670944566,0.000778161916255823,0.0132124798996746));
#7261=CARTESIAN_POINT('',(0.0227406657902064,0.000900961689418035,0.0132124798996746));
#7262=CARTESIAN_POINT('',(0.0228286869795679,0.00100260457329959,0.0132124798996746));
#7263=CARTESIAN_POINT('',(0.0229099549111588,0.0010922,0.0132124798996746));
#7264=CARTESIAN_POINT('',(0.0229099549111588,0.0010922,0.0132124798996746));
#7265=CARTESIAN_POINT('',(0.0226515159010887,0.0010922,0.0132124798996746));
#7266=CARTESIAN_POINT('',(0.0226515159010887,-0.00127,0.0157524798996747));
#7267=CARTESIAN_POINT('',(0.0226515159010887,-0.00127,0.0181146798996746));
#7268=CARTESIAN_POINT('',(0.022890233944443,-0.00127,0.0181146798996746));
#7269=CARTESIAN_POINT('',(0.0239754165900604,-0.00127,0.0181146798996746));
#7270=CARTESIAN_POINT('',(0.022890233944443,-0.00127,0.0157524798996747));
#7271=CARTESIAN_POINT('',(0.022890233944443,-0.00127,0.0133902798996747));
#7272=CARTESIAN_POINT('',(0.0227227114383915,-0.00127,0.0133902798996747));
#7273=CARTESIAN_POINT('',(0.0253422206428843,-0.00127,0.0133902798996747));
#7274=CARTESIAN_POINT('',(0.0253422206428843,-0.00127,0.0144824798996746));
#7275=CARTESIAN_POINT('',(0.0264344206428844,-0.00127,0.0144824798996746));
#7276=CARTESIAN_POINT('',(0.0264344206428844,-0.00127,0.0144824798996746));
#7277=CARTESIAN_POINT('',(0.0264344206428844,-0.00127,0.0156556758468508));
#7278=CARTESIAN_POINT('',(0.0239754165900604,-0.00127,0.0156556758468508));
#7279=CARTESIAN_POINT('',(0.0245404676450552,-0.00127,0.015938977977645));
#7280=CARTESIAN_POINT('',(0.0245404676450552,-0.00127,0.0142962269075331));
#7281=CARTESIAN_POINT('',(0.0226515159010887,0.00127,0.0157524798996747));
#7282=CARTESIAN_POINT('',(0.0264344206428844,0.00127,0.0157524798996747));
#7283=CARTESIAN_POINT('',(0.0264344206428844,0.00127,0.0144824798996746));
#7284=CARTESIAN_POINT('',(0.0264344206428844,0.00127,0.0156556758468508));
#7285=CARTESIAN_POINT('',(0.0253422206428843,0.00127,0.0144824798996746));
#7286=CARTESIAN_POINT('',(0.0253422206428843,0.00127,0.0133902798996747));
#7287=CARTESIAN_POINT('',(0.0226515159010887,0.00127,0.0133902798996747));
#7288=CARTESIAN_POINT('',(0.022890233944443,0.00127,0.0133902798996747));
#7289=CARTESIAN_POINT('',(0.022890233944443,0.00127,0.0132124798996746));
#7290=CARTESIAN_POINT('',(0.022890233944443,0.00127,0.0181146798996746));
#7291=CARTESIAN_POINT('',(0.0227227114383915,0.00127,0.0181146798996746));
#7292=CARTESIAN_POINT('',(0.0239754165900604,0.00127,0.0181146798996746));
#7293=CARTESIAN_POINT('',(0.0239754165900604,0.00127,0.0156556758468508));
#7294=CARTESIAN_POINT('',(0.0245404676450552,0.00127,0.015938977977645));
#7295=CARTESIAN_POINT('',(0.0245404676450552,0.00127,0.0142962269075331));
#7296=CARTESIAN_POINT('',(0.0266122206428843,-0.00127,0.0157524798996747));
#7297=CARTESIAN_POINT('',(0.0266122206428843,0.00127,0.0156556758468508));
#7298=CARTESIAN_POINT('',(0.0266122206428843,-0.0010922,0.0156556758468508));
#7299=CARTESIAN_POINT('',(0.0266122206428843,0.0010922,0.0156556758468508));
#7300=CARTESIAN_POINT('',(0.0266122206428843,-0.0010922,0.0156556758468508));
#7301=CARTESIAN_POINT('',(0.0266122206428843,-0.0010922,0.0144824798996746));
#7302=CARTESIAN_POINT('',(0.0266122206428843,-0.00127,0.0144824798996746));
#7303=CARTESIAN_POINT('',(0.0266122206428843,0.0010922,0.0144824798996746));
#7304=CARTESIAN_POINT('',(0.0266122206428843,0.0010922,0.0157524798996747));
#7305=CARTESIAN_POINT('',(0.0245404676450552,-0.00127,0.015938977977645));
#7306=CARTESIAN_POINT('',(0.0245404676450552,0.0010922,0.015938977977645));
#7307=CARTESIAN_POINT('',(0.0245404676450552,0.0010922,0.0144740269075331));
#7308=CARTESIAN_POINT('',(0.0245404676450552,-0.0010922,0.015938977977645));
#7309=CARTESIAN_POINT('',(0.0245404676450552,-0.0010922,0.0144740269075331));
#7310=CARTESIAN_POINT('',(0.0253422206428843,-0.00127,0.0144824798996746));
#7311=CARTESIAN_POINT('',(0.0253422206428843,-0.0010922,0.0144824798996746));
#7312=CARTESIAN_POINT('',(0.0253422206428843,0.0010922,0.0144824798996746));
#7313=CARTESIAN_POINT('',(0.0239754165900604,-0.00127,0.0156556758468508));
#7314=CARTESIAN_POINT('',(0.0239754165900604,-0.0010922,0.0156556758468508));
#7315=CARTESIAN_POINT('',(0.0239754165900604,0.0010922,0.0156556758468508));
#7316=CARTESIAN_POINT('',(0.0226515159010887,0.0010922,0.0181146798996746));
#7317=CARTESIAN_POINT('',(0.022890233944443,0.00127,0.0181146798996746));
#7318=CARTESIAN_POINT('',(0.022890233944443,0.00127,0.0182088947028284));
#7319=CARTESIAN_POINT('',(0.0229010137120363,0.0011859751642316,0.0182924798996747));
#7320=CARTESIAN_POINT('',(0.0229099549111588,0.0010922,0.0182924798996747));
#7321=CARTESIAN_POINT('',(0.0239754165900604,0.0010922,0.0181146798996746));
#7322=CARTESIAN_POINT('',(0.0239754165900604,0.0010922,0.0156556758468508));
#7323=CARTESIAN_POINT('',(0.0264344206428844,0.0010922,0.0156556758468508));
#7324=CARTESIAN_POINT('',(0.0227449606264134,0.000775423249144524,0.018287611248749));
#7325=CARTESIAN_POINT('',(0.0227395079125146,0.000935363982250791,0.0181984923318321));
#7326=CARTESIAN_POINT('',(0.0229226573905381,0.000936840651627161,0.0182011455742118));
#7327=CARTESIAN_POINT('',(0.0227423901002316,0.00085082273820966,0.0184241458490066));
#7328=CARTESIAN_POINT('',(0.0227377698790616,0.000970809470877328,0.0182649175254721));
#7329=CARTESIAN_POINT('',(0.0229200667905978,0.000974834987751131,0.0182694128413519));
#7330=CARTESIAN_POINT('',(0.0227283534831588,0.00120051123080373,0.0185696737925215));
#7331=CARTESIAN_POINT('',(0.0227300742372413,0.00113288579852981,0.0183475101829349));
#7332=CARTESIAN_POINT('',(0.0229059204983327,0.00115104509676441,0.0183421768625924));
#7333=CARTESIAN_POINT('',(0.0227127885354516,0.00143657650553918,0.0182722909558538));
#7334=CARTESIAN_POINT('',(0.0227233244499846,0.00126999992730155,0.0181981646180419));
#7335=CARTESIAN_POINT('',(0.0228902339526707,0.00127,0.0181934854277642));
#7336=CARTESIAN_POINT('',(0.0227127885273307,0.00143657663393399,0.0181146798996747));
#7337=CARTESIAN_POINT('',(0.0227233244463254,0.00127,0.0181146798996746));
#7338=CARTESIAN_POINT('',(0.022890233944443,0.00127,0.0181146798996747));
#7339=CARTESIAN_POINT('',(0.022890233944443,0.0014478,0.0181146798996746));
#7340=CARTESIAN_POINT('',(0.0264344206428844,0.0010922,0.0157524798996747));
#7341=CARTESIAN_POINT('',(0.0264344206428844,0.0010922,0.0144824798996746));
#7342=CARTESIAN_POINT('',(0.022890233944443,0.0014478,0.013719636015594));
#7343=CARTESIAN_POINT('',(0.022890233944443,0.0014478,0.0133902798996747));
#7344=CARTESIAN_POINT('',(0.0253422206428843,0.0010922,0.0144824798996746));
#7345=CARTESIAN_POINT('',(0.0253422206428843,0.0010922,0.0133902798996747));
#7346=CARTESIAN_POINT('',(0.0227127885273307,0.00143657663393399,0.0133902798996747));
#7347=CARTESIAN_POINT('',(0.0227233244463254,0.00127,0.0133902798996747));
#7348=CARTESIAN_POINT('',(0.022890233944443,0.00127,0.0133902798996747));
#7349=CARTESIAN_POINT('',(0.0227127885405064,0.00143657642562176,0.0132325608102449));
#7350=CARTESIAN_POINT('',(0.0227233244522458,0.00126999988224824,0.0133067379567245));
#7351=CARTESIAN_POINT('',(0.0228902339577645,0.00127,0.0133114203549598));
#7352=CARTESIAN_POINT('',(0.0227283263354277,0.0012010333630511,0.0129354989974104));
#7353=CARTESIAN_POINT('',(0.0227300614368167,0.00113315376542592,0.0131575474491936));
#7354=CARTESIAN_POINT('',(0.0229058931389996,0.00115130823967251,0.0131628894639462));
#7355=CARTESIAN_POINT('',(0.0227423892152845,0.000850848321269801,0.0130807753667132));
#7356=CARTESIAN_POINT('',(0.0227377692908296,0.000970821485536194,0.0132400234750651));
#7357=CARTESIAN_POINT('',(0.0229200658977539,0.000974847764574858,0.0132355276023867));
#7358=CARTESIAN_POINT('',(0.0227449604953069,0.000775427094792162,0.013217341587038));
#7359=CARTESIAN_POINT('',(0.0227395078236682,0.000935365794186507,0.0133064640720273));
#7360=CARTESIAN_POINT('',(0.0229226572584074,0.00093684258947319,0.0133038107433563));
#7361=CARTESIAN_POINT('',(0.022890233944443,0.00127,0.0133902798996747));
#7362=CARTESIAN_POINT('',(0.022890233944443,0.00127,0.0132960759701229));
#7363=CARTESIAN_POINT('',(0.0229010148777865,0.00118596293785774,0.0132124798996741));
#7364=CARTESIAN_POINT('',(0.0229099549111585,0.00109220000000011,0.013212479899674));
#7365=CARTESIAN_POINT('',(0.0226515159010887,0.0010922,0.0133902798996747));
#7366=CARTESIAN_POINT('',(0.0245404676450552,0.0010922,0.015938977977645));
#7367=CARTESIAN_POINT('',(0.0226515159010887,-0.0010922,0.0133902798996747));
#7368=CARTESIAN_POINT('',(0.022890233944443,-0.00127,0.0133902798996747));
#7369=CARTESIAN_POINT('',(0.022890233944443,-0.00127,0.0132960650965209));
#7370=CARTESIAN_POINT('',(0.0229010137120363,-0.00118597516423161,0.0132124798996746));
#7371=CARTESIAN_POINT('',(0.0229099549111588,-0.0010922,0.0132124798996746));
#7372=CARTESIAN_POINT('',(0.0253422206428843,-0.0010922,0.0133902798996747));
#7373=CARTESIAN_POINT('',(0.0253422206428843,-0.0010922,0.0144824798996746));
#7374=CARTESIAN_POINT('',(0.0264344206428844,-0.0010922,0.0144824798996746));
#7375=CARTESIAN_POINT('',(0.0227449606264134,-0.000775423249144532,0.0132173485506003));
#7376=CARTESIAN_POINT('',(0.0227395079125146,-0.000935363982250792,0.0133064674675172));
#7377=CARTESIAN_POINT('',(0.0229226573905381,-0.000936840651627166,0.0133038142251375));
#7378=CARTESIAN_POINT('',(0.0227423901002316,-0.000850822738209483,0.0130808139503422));
#7379=CARTESIAN_POINT('',(0.0227377698790606,-0.000970809470877873,0.0132400422738767));
#7380=CARTESIAN_POINT('',(0.022920066790597,-0.000974834987751294,0.0132355469579971));
#7381=CARTESIAN_POINT('',(0.0227283534831588,-0.00120051123080384,0.0129352860068282));
#7382=CARTESIAN_POINT('',(0.0227300742372418,-0.00113288579852936,0.0131574496164141));
#7383=CARTESIAN_POINT('',(0.0229059204983331,-0.00115104509676433,0.013162782936757));
#7384=CARTESIAN_POINT('',(0.0227127885354516,-0.00143657650553918,0.0132326688434953));
#7385=CARTESIAN_POINT('',(0.0227233244499846,-0.00126999992730155,0.0133067951813086));
#7386=CARTESIAN_POINT('',(0.0228902339526707,-0.00127,0.0133114743715852));
#7387=CARTESIAN_POINT('',(0.0227127885273307,-0.00143657663393399,0.0133902798996747));
#7388=CARTESIAN_POINT('',(0.0227233244463254,-0.00127,0.0133902798996747));
#7389=CARTESIAN_POINT('',(0.022890233944443,-0.00127,0.0133902798996747));
#7390=CARTESIAN_POINT('',(0.022890233944443,-0.0014478,0.0133902798996747));
#7391=CARTESIAN_POINT('',(0.0264344206428844,-0.0010922,0.0157524798996747));
#7392=CARTESIAN_POINT('',(0.0264344206428844,-0.0010922,0.0156556758468508));
#7393=CARTESIAN_POINT('',(0.022890233944443,-0.0014478,0.013719636015594));
#7394=CARTESIAN_POINT('',(0.022890233944443,-0.0014478,0.0181146798996746));
#7395=CARTESIAN_POINT('',(0.0239754165900604,-0.0010922,0.0156556758468508));
#7396=CARTESIAN_POINT('',(0.0239754165900604,-0.0010922,0.0181146798996746));
#7397=CARTESIAN_POINT('',(0.0227127885273307,-0.00143657663393399,0.0181146798996747));
#7398=CARTESIAN_POINT('',(0.0227233244463254,-0.00127,0.0181146798996746));
#7399=CARTESIAN_POINT('',(0.022890233944443,-0.00127,0.0181146798996747));
#7400=CARTESIAN_POINT('',(0.0227127885405064,-0.00143657642562176,0.018272398989103));
#7401=CARTESIAN_POINT('',(0.0227233244522458,-0.00126999988224824,0.0181982218426248));
#7402=CARTESIAN_POINT('',(0.0228902339577645,-0.00127,0.018193539444389));
#7403=CARTESIAN_POINT('',(0.0227283263354277,-0.0012010333630511,0.0185694608019391));
#7404=CARTESIAN_POINT('',(0.0227300614368162,-0.00113315376542599,0.0183474123501551));
#7405=CARTESIAN_POINT('',(0.0229058931389996,-0.00115130823967236,0.0183420703354031));
#7406=CARTESIAN_POINT('',(0.0227423892152844,-0.00085084832126983,0.018424184432637));
#7407=CARTESIAN_POINT('',(0.0227377692908307,-0.000970821485536062,0.0182649363242854));
#7408=CARTESIAN_POINT('',(0.0229200658977539,-0.000974847764575172,0.0182694321969632));
#7409=CARTESIAN_POINT('',(0.0227449604953069,-0.000775427094792166,0.0182876182123113));
#7410=CARTESIAN_POINT('',(0.0227395078236682,-0.00093536579418651,0.018198495727322));
#7411=CARTESIAN_POINT('',(0.0229226572584074,-0.000936842589473193,0.018201149055993));
#7412=CARTESIAN_POINT('',(0.022890233944443,-0.00127,0.0181146798996746));
#7413=CARTESIAN_POINT('',(0.022890233944443,-0.00127,0.0182088838292264));
#7414=CARTESIAN_POINT('',(0.0229010148777865,-0.00118596293785775,0.0182924798996752));
#7415=CARTESIAN_POINT('',(0.0229099549111585,-0.00109220000000011,0.0182924798996753));
#7416=CARTESIAN_POINT('',(0.0226515159010887,-0.0010922,0.0181146798996746));
#7417=CARTESIAN_POINT('',(0.0245404676450552,-0.0010922,0.015938977977645));
#7418=CARTESIAN_POINT('',(-2.2576398773119E-19,3.0467808606987E-19,-0.0712889485407482));
#7419=CARTESIAN_POINT('',(1.53416767716408E-5,-0.0060000007,0.02289998468));
#7420=CARTESIAN_POINT('',(-0.00518128555268049,3.67394082606844E-19,0.02289998468));
#7421=CARTESIAN_POINT('',(-0.00518128555268049,0.0060000007,0.02289998468));
#7422=CARTESIAN_POINT('',(-0.00518128555268049,-0.0060000007,0.02289998468));
#7423=CARTESIAN_POINT('',(1.53416767716408E-5,0.0060000007,0.02289998468));
#7424=CARTESIAN_POINT('',(-0.011454114690423,0.0060000007,0.02289998468));
#7425=CARTESIAN_POINT('',(-0.011454114690423,-0.0060000007,0.02289998468));
#7426=CARTESIAN_POINT('',(-0.011454114690423,-0.0060000007,0.02289998468));
#7427=CARTESIAN_POINT('',(1.53416767716408E-5,-0.0060000007,0.02289998468));
#7428=CARTESIAN_POINT('',(0.,-0.0060000007,0.));
#7429=CARTESIAN_POINT('',(0.,0.0060000007,0.));
#7430=CARTESIAN_POINT('',(0.0115000024,0.0060000007,0.));
#7431=CARTESIAN_POINT('',(-0.0115000024,0.0060000007,0.));
#7432=CARTESIAN_POINT('',(0.0115000024,-0.0060000007,0.));
#7433=CARTESIAN_POINT('',(0.0115000024,-0.0060000007,0.));
#7434=CARTESIAN_POINT('',(0.,-0.0060000007,0.));
#7435=CARTESIAN_POINT('',(-0.0115000024,-0.0060000007,0.));
#7436=CARTESIAN_POINT('',(-0.0115000024,-0.0060000007,0.));
#7437=CARTESIAN_POINT('',(0.0115000024,-0.0060000007,0.0079999967));
#7438=CARTESIAN_POINT('',(0.0115000024,0.0060000007,0.0079999967));
#7439=CARTESIAN_POINT('',(0.0115000024,0.0060000007,0.0159999934));
#7440=CARTESIAN_POINT('',(0.0115000024,-0.0060000007,0.0159999934));
#7441=CARTESIAN_POINT('',(0.0115000024,-0.0060000007,0.0159999934));
#7442=CARTESIAN_POINT('',(0.0115000024,-0.0060000007,0.0079999967));
#7443=CARTESIAN_POINT('',(0.0139999974,-0.0060000007,0.0159999934));
#7444=CARTESIAN_POINT('',(0.0139999974,0.0060000007,0.0159999934));
#7445=CARTESIAN_POINT('',(0.0164999924,0.0060000007,0.0159999934));
#7446=CARTESIAN_POINT('',(0.0164999924,-0.0060000007,0.0159999934));
#7447=CARTESIAN_POINT('',(0.0164999924,-0.0060000007,0.0159999934));
#7448=CARTESIAN_POINT('',(0.0139999974,-0.0060000007,0.0159999934));
#7449=CARTESIAN_POINT('',(0.0164999924,-0.0060000007,0.01724999344));
#7450=CARTESIAN_POINT('',(0.0164999924,0.0060000007,0.01724999344));
#7451=CARTESIAN_POINT('',(0.0164999924,0.0060000007,0.01849999348));
#7452=CARTESIAN_POINT('',(0.0164999924,-0.0060000007,0.01849999348));
#7453=CARTESIAN_POINT('',(0.0164999924,-0.0060000007,0.01849999348));
#7454=CARTESIAN_POINT('',(0.0164999924,-0.0060000007,0.01724999344));
#7455=CARTESIAN_POINT('',(0.0139923952219831,-0.0060000007,0.01849999348));
#7456=CARTESIAN_POINT('',(0.0139923952219831,0.0060000007,0.01849999348));
#7457=CARTESIAN_POINT('',(0.0114847980439663,0.0060000007,0.01849999348));
#7458=CARTESIAN_POINT('',(0.0114847980439663,-0.0060000007,0.01849999348));
#7459=CARTESIAN_POINT('',(0.0114847980439663,-0.0060000007,0.01849999348));
#7460=CARTESIAN_POINT('',(0.0139923952219831,-0.0060000007,0.01849999348));
#7461=CARTESIAN_POINT('',(0.0114847980439663,-0.0060000007,0.02069998908));
#7462=CARTESIAN_POINT('',(0.0114847980439663,0.0060000007,0.02069998908));
#7463=CARTESIAN_POINT('',(0.0114847980439663,0.0060000007,0.02289998468));
#7464=CARTESIAN_POINT('',(0.0114847980439663,-0.0060000007,0.02289998468));
#7465=CARTESIAN_POINT('',(0.0114847980439663,-0.0060000007,0.02289998468));
#7466=CARTESIAN_POINT('',(0.0114847980439663,-0.0060000007,0.02069998908));
#7467=CARTESIAN_POINT('',(1.53416767716408E-5,-0.0060000007,0.02289998468));
#7468=CARTESIAN_POINT('',(-0.00518128555268049,3.67394082606844E-19,0.02289998468));
#7469=CARTESIAN_POINT('',(1.53416767716408E-5,-0.0060000007,0.02289998468));
#7470=CARTESIAN_POINT('',(1.53416767716408E-5,0.0060000007,0.02289998468));
#7471=CARTESIAN_POINT('',(-0.011454114690423,-0.0060000007,0.02069998908));
#7472=CARTESIAN_POINT('',(-0.011454114690423,0.0060000007,0.02069998908));
#7473=CARTESIAN_POINT('',(-0.011454114690423,0.0060000007,0.01849999348));
#7474=CARTESIAN_POINT('',(-0.011454114690423,-0.0060000007,0.01849999348));
#7475=CARTESIAN_POINT('',(-0.011454114690423,-0.0060000007,0.01849999348));
#7476=CARTESIAN_POINT('',(-0.011454114690423,-0.0060000007,0.02069998908));
#7477=CARTESIAN_POINT('',(-0.0139770535452115,-0.0060000007,0.01849999348));
#7478=CARTESIAN_POINT('',(-0.0139770535452115,0.0060000007,0.01849999348));
#7479=CARTESIAN_POINT('',(-0.0164999924,0.0060000007,0.01849999348));
#7480=CARTESIAN_POINT('',(-0.0164999924,-0.0060000007,0.01849999348));
#7481=CARTESIAN_POINT('',(-0.0164999924,-0.0060000007,0.01849999348));
#7482=CARTESIAN_POINT('',(-0.0139770535452115,-0.0060000007,0.01849999348));
#7483=CARTESIAN_POINT('',(-0.0164999924,-0.0060000007,0.01724999344));
#7484=CARTESIAN_POINT('',(-0.0164999924,0.0060000007,0.01724999344));
#7485=CARTESIAN_POINT('',(-0.0164999924,0.0060000007,0.0159999934));
#7486=CARTESIAN_POINT('',(-0.0164999924,-0.0060000007,0.0159999934));
#7487=CARTESIAN_POINT('',(-0.0164999924,-0.0060000007,0.0159999934));
#7488=CARTESIAN_POINT('',(-0.0164999924,-0.0060000007,0.01724999344));
#7489=CARTESIAN_POINT('',(-0.0139999974,-0.0060000007,0.0159999934));
#7490=CARTESIAN_POINT('',(-0.0139999974,0.0060000007,0.0159999934));
#7491=CARTESIAN_POINT('',(-0.0115000024,0.0060000007,0.0159999934));
#7492=CARTESIAN_POINT('',(-0.0115000024,-0.0060000007,0.0159999934));
#7493=CARTESIAN_POINT('',(-0.0115000024,-0.0060000007,0.0159999934));
#7494=CARTESIAN_POINT('',(-0.0139999974,-0.0060000007,0.0159999934));
#7495=CARTESIAN_POINT('',(-0.0115000024,-0.0060000007,0.0079999967));
#7496=CARTESIAN_POINT('',(-0.0115000024,0.0060000007,0.0079999967));
#7497=CARTESIAN_POINT('',(-0.0115000024,-0.0060000007,0.0079999967));
#7498=CARTESIAN_POINT('',(0.,-0.0060000007,0.01144999234));
#7499=CARTESIAN_POINT('',(0.,0.0060000007,0.01144999234));
#7500=CARTESIAN_POINT('',(-0.00518128555268049,3.67394082606844E-19,0.02739997568));
#7501=CARTESIAN_POINT('',(-0.00518128555268049,3.67394082606844E-19,0.02739997568));
#7502=CARTESIAN_POINT('',(0.000818715147319509,3.67394082606844E-19,0.02739997568));
#7503=CARTESIAN_POINT('',(1.53416767716421E-5,0.,0.02739997568));
#7504=CARTESIAN_POINT('',(-0.0304967382658166,-0.0468411914965195,0.0316250157793733));
#7505=CARTESIAN_POINT('',(0.000103231014183545,-0.0697078273425016,0.00791141147641305));
#7506=CARTESIAN_POINT('',(0.00634776928491198,0.,0.0490994531141246));
#7507=CARTESIAN_POINT('',(0.0361165040177601,-0.0219816403501277,0.0490994531141246));
#7508=CARTESIAN_POINT('',(0.0383711285844443,-0.0168462141808252,0.0490994531141246));
#7509=CARTESIAN_POINT('',(0.033861879451076,-0.0271170665194303,0.0490994531141246));
#7510=CARTESIAN_POINT('',(0.0340483748381336,-0.0271170665194303,0.0490994531141246));
#7511=CARTESIAN_POINT('',(0.0342348702251911,-0.0271170665194303,0.0490994531141246));
#7512=CARTESIAN_POINT('',(0.0342348702251911,-0.0288408698821917,0.0490994531141246));
#7513=CARTESIAN_POINT('',(0.0342348702251911,-0.0305646732449531,0.0490994531141246));
#7514=CARTESIAN_POINT('',(0.0459067039191723,-0.0305646732449531,0.0490994531141246));
#7515=CARTESIAN_POINT('',(0.0575785376131535,-0.0305646732449531,0.0490994531141246));
#7516=CARTESIAN_POINT('',(0.0575785376131535,-0.0227459720335901,0.0490994531141246));
#7517=CARTESIAN_POINT('',(0.0575785376131535,-0.014927270822227,0.0490994531141246));
#7518=CARTESIAN_POINT('',(0.0579951908439398,-0.014927270822227,0.0490994531141246));
#7519=CARTESIAN_POINT('',(0.0584118440747261,-0.014927270822227,0.0490994531141246));
#7520=CARTESIAN_POINT('',(0.0584118440747261,-0.0190069538075477,0.0490994531141246));
#7521=CARTESIAN_POINT('',(0.0584118440747261,-0.00666077295318246,0.0490994531141246));
#7522=CARTESIAN_POINT('',(0.0523558259010315,-0.00666077295318246,0.0490994531141246));
#7523=CARTESIAN_POINT('',(0.0462998077273369,-0.00666077295318246,0.0490994531141246));
#7524=CARTESIAN_POINT('',(0.046084209389927,-0.0036046059877038,0.0490994531141246));
#7525=CARTESIAN_POINT('',(0.0458686110525171,-0.000548439022225148,0.0490994531141246));
#7526=CARTESIAN_POINT('',(0.0449136865357831,-0.000548439022225148,0.0490994531141246));
#7527=CARTESIAN_POINT('',(0.0439587620190491,-0.000548439022225148,0.0490994531141246));
#7528=CARTESIAN_POINT('',(0.0430161946556677,-0.00464656463924498,0.0490994531141246));
#7529=CARTESIAN_POINT('',(0.0420736272922863,-0.00874469025626481,0.0490994531141246));
#7530=CARTESIAN_POINT('',(0.0402223779383653,-0.012795452218545,0.0490994531141246));
#7531=CARTESIAN_POINT('',(-0.0312008168548345,0.0469757691025734,-0.023876));
#7532=CARTESIAN_POINT('',(-0.0312008168548345,0.0469757691025734,-0.0214088298380375));
#7533=CARTESIAN_POINT('',(-0.0312008168548345,0.062061283737421,-0.0214088298380375));
#7534=CARTESIAN_POINT('',(-0.0312008168548345,0.0518042859303951,-0.0214088298380375));
#7535=CARTESIAN_POINT('',(-0.0312008168548345,0.062061283737421,-0.023876));
#7536=CARTESIAN_POINT('',(-0.0312008168548345,0.062061283737421,-0.038481));
#7537=CARTESIAN_POINT('',(-0.0312008168548345,0.0469757691025734,-0.038481));
#7538=CARTESIAN_POINT('',(-0.0312008168548345,0.0318902544677257,-0.038481));
#7539=CARTESIAN_POINT('',(-0.0312008168548345,0.0318902544677257,-0.037211));
#7540=CARTESIAN_POINT('',(-0.0312008168548345,0.0318902544677257,-0.023876));
#7541=CARTESIAN_POINT('',(-0.0312008168548345,0.0318902544677257,-0.023876));
#7542=CARTESIAN_POINT('',(-0.0312008168548345,0.0318902544677257,-0.000144477242633126));
#7543=CARTESIAN_POINT('',(-0.0312008168548345,0.0469757691025734,-0.000144477242633126));
#7544=CARTESIAN_POINT('',(-0.0312008168548345,0.0334139135183028,-0.000144477242633126));
#7545=CARTESIAN_POINT('',(-0.0312008168548345,0.0334139135183028,0.0256977381877331));
#7546=CARTESIAN_POINT('',(-0.0312008168548345,0.0334139135183028,0.005842));
#7547=CARTESIAN_POINT('',(-0.0312008168548345,0.0469757691025734,0.005842));
#7548=CARTESIAN_POINT('',(-0.0312008168548345,0.0467242859303951,0.005842));
#7549=CARTESIAN_POINT('',(-0.0312008168548345,0.0467242859303951,-0.023876));
#7550=CARTESIAN_POINT('',(-0.0312008168548345,0.0467242859303951,-0.0163288298380375));
#7551=CARTESIAN_POINT('',(-0.0312008168548345,0.0518042859303951,-0.0163288298380375));
#7552=CARTESIAN_POINT('',(-0.00584306567907333,0.0527282226830721,-0.023876));
#7553=CARTESIAN_POINT('',(-0.00584306567907333,0.062061283737421,-0.023876));
#7554=CARTESIAN_POINT('',(-0.00584306567907333,0.062061283737421,-0.023876));
#7555=CARTESIAN_POINT('',(-0.00584306567907333,0.062061283737421,-0.0214088298380375));
#7556=CARTESIAN_POINT('',(-0.00584306567907333,0.0543927848339081,-0.0214088298380375));
#7557=CARTESIAN_POINT('',(-0.00584306567907333,0.0518042859303951,-0.0214088298380375));
#7558=CARTESIAN_POINT('',(-0.00584306567907333,0.0518042859303951,-0.0163288298380375));
#7559=CARTESIAN_POINT('',(-0.00584306567907333,0.0467242859303951,-0.0163288298380375));
#7560=CARTESIAN_POINT('',(-0.00584306567907333,0.0467242859303951,-0.00778341491901875));
#7561=CARTESIAN_POINT('',(-0.00584306567907333,0.0467242859303951,0.005842));
#7562=CARTESIAN_POINT('',(-0.00584306567907333,0.0527282226830721,0.005842));
#7563=CARTESIAN_POINT('',(-0.00584306567907333,0.0453413627109683,0.005842));
#7564=CARTESIAN_POINT('',(-0.00584306567907333,0.0453413627109683,0.0256977381877331));
#7565=CARTESIAN_POINT('',(-0.00584306567907333,0.0453413627109683,-0.000144477242633126));
#7566=CARTESIAN_POINT('',(-0.00584306567907333,0.0527282226830721,-0.000144477242633126));
#7567=CARTESIAN_POINT('',(-0.00584306567907333,0.0433951616287232,-0.000144477242633126));
#7568=CARTESIAN_POINT('',(-0.00584306567907333,0.0433951616287232,-0.023876));
#7569=CARTESIAN_POINT('',(-0.00584306567907333,0.0433951616287232,-0.023876));
#7570=CARTESIAN_POINT('',(-0.00584306567907333,0.0527282226830721,-0.023876));
#7571=CARTESIAN_POINT('',(-0.0149413328617811,0.0401080455631018,-0.023876));
#7572=CARTESIAN_POINT('',(-0.0149413328617811,0.0401080455631018,-0.000144477242633126));
#7573=CARTESIAN_POINT('',(-0.0240396000444889,0.0368209294974804,-0.000144477242633126));
#7574=CARTESIAN_POINT('',(-0.0240396000444889,0.0368209294974804,-0.023876));
#7575=CARTESIAN_POINT('',(-0.0240396000444889,0.0368209294974804,-0.038481));
#7576=CARTESIAN_POINT('',(-0.0149413328617811,0.0401080455631018,-0.038481));
#7577=CARTESIAN_POINT('',(-0.0239197226311908,0.036864240049176,-0.038481));
#7578=CARTESIAN_POINT('',(-0.0239197226311908,0.036864240049176,-0.038481));
#7579=CARTESIAN_POINT('',(-0.0239197226311908,0.036864240049176,-0.037211));
#7580=CARTESIAN_POINT('',(-0.0239197226311908,0.036864240049176,-0.037211));
#7581=CARTESIAN_POINT('',(-0.0239197226311908,0.036864240049176,-0.023876));
#7582=CARTESIAN_POINT('',(-0.0149413328617811,0.0401080455631018,-0.023876));
#7583=CARTESIAN_POINT('',(-0.0276202084496617,0.0343555919826031,-0.023876));
#7584=CARTESIAN_POINT('',(-0.0276202084496617,0.0343555919826031,-0.000144477242633126));
#7585=CARTESIAN_POINT('',(-0.0276202084496617,0.0343555919826031,-0.023876));
#7586=CARTESIAN_POINT('',(-0.0248054593242484,0.0362936164266681,-0.023876));
#7587=CARTESIAN_POINT('',(-0.0248054593242484,0.0362936164266681,-0.037211));
#7588=CARTESIAN_POINT('',(-0.0248054593242484,0.0362936164266681,-0.038481));
#7589=CARTESIAN_POINT('',(-0.0276202084496617,0.0343555919826031,-0.038481));
#7590=CARTESIAN_POINT('',(-0.018521941266954,0.0469757691025734,-0.023876));
#7591=CARTESIAN_POINT('',(-0.0254458840936422,0.0368539951741696,-0.023876));
#7592=CARTESIAN_POINT('',(-0.0303716212511063,0.0368209294974804,-0.023876));
#7593=CARTESIAN_POINT('',(-0.0303716212511063,0.0486877933144569,-0.023876));
#7594=CARTESIAN_POINT('',(-0.0303716212511063,0.0605546571314335,-0.023876));
#7595=CARTESIAN_POINT('',(-0.0223450143821537,0.0605546571314335,-0.023876));
#7596=CARTESIAN_POINT('',(-0.0143184075132012,0.0605546571314335,-0.023876));
#7597=CARTESIAN_POINT('',(-0.0143184075132012,0.0613079704344273,-0.023876));
#7598=CARTESIAN_POINT('',(-0.0143184075132012,0.062061283737421,-0.023876));
#7599=CARTESIAN_POINT('',(-0.018521941266954,0.062061283737421,-0.023876));
#7600=CARTESIAN_POINT('',(-0.018521941266954,0.062061283737421,-0.023876));
#7601=CARTESIAN_POINT('',(-0.0327670656790734,0.062061283737421,-0.0214088298380375));
#7602=CARTESIAN_POINT('',(-0.0143184075132012,0.062061283737421,-0.037211));
#7603=CARTESIAN_POINT('',(-0.0143184075132012,0.062061283737421,-0.037211));
#7604=CARTESIAN_POINT('',(-0.0185323155019433,0.062061283737421,-0.037211));
#7605=CARTESIAN_POINT('',(-0.00586381414905191,0.062061283737421,-0.037211));
#7606=CARTESIAN_POINT('',(-0.00586381414905191,0.062061283737421,-0.038481));
#7607=CARTESIAN_POINT('',(-0.00586381414905191,0.062061283737421,-0.038481));
#7608=CARTESIAN_POINT('',(-0.0185323155019433,0.062061283737421,-0.038481));
#7609=CARTESIAN_POINT('',(-0.018521941266954,0.0469757691025734,-0.023876));
#7610=CARTESIAN_POINT('',(-0.0289082163944841,0.0339665971696377,-0.023876));
#7611=CARTESIAN_POINT('',(-0.0266156159341336,0.0360429398715496,-0.023876));
#7612=CARTESIAN_POINT('',(-0.0235678814351559,0.0364650003612042,-0.023876));
#7613=CARTESIAN_POINT('',(-0.0254458840936422,0.0368539951741696,-0.037211));
#7614=CARTESIAN_POINT('',(-0.0254458840936422,0.0368539951741696,-0.037211));
#7615=CARTESIAN_POINT('',(-0.0303716212511063,0.0368209294974804,-0.037211));
#7616=CARTESIAN_POINT('',(-0.0303716212511063,0.0368209294974804,-0.037211));
#7617=CARTESIAN_POINT('',(-0.0235678814351559,0.0364650003612042,-0.037211));
#7618=CARTESIAN_POINT('',(-0.0266156159341336,0.0360429398715496,-0.037211));
#7619=CARTESIAN_POINT('',(-0.0266156159341336,0.0360429398715496,-0.038481));
#7620=CARTESIAN_POINT('',(-0.0235678814351559,0.0364650003612042,-0.038481));
#7621=CARTESIAN_POINT('',(-0.0289082163944841,0.0339665971696377,-0.037211));
#7622=CARTESIAN_POINT('',(-0.0289082163944841,0.0339665971696377,-0.038481));
#7623=CARTESIAN_POINT('',(-0.0143184075132012,0.0613079704344273,-0.037211));
#7624=CARTESIAN_POINT('',(-0.0143184075132012,0.0605546571314335,-0.037211));
#7625=CARTESIAN_POINT('',(-0.0143184075132012,0.0605546571314335,-0.037211));
#7626=CARTESIAN_POINT('',(-0.0143184075132012,0.0613079704344273,-0.037211));
#7627=CARTESIAN_POINT('',(-0.0223450143821537,0.0605546571314335,-0.037211));
#7628=CARTESIAN_POINT('',(-0.0303716212511063,0.0605546571314335,-0.037211));
#7629=CARTESIAN_POINT('',(-0.0303716212511063,0.0605546571314335,-0.037211));
#7630=CARTESIAN_POINT('',(-0.0223450143821537,0.0605546571314335,-0.037211));
#7631=CARTESIAN_POINT('',(-0.0303716212511063,0.0486877933144569,-0.037211));
#7632=CARTESIAN_POINT('',(-0.0303716212511063,0.0486877933144569,-0.037211));
#7633=CARTESIAN_POINT('',(0.0438113055049021,0.,-0.000144477242633126));
#7634=CARTESIAN_POINT('',(0.,0.,-0.000144477242633126));
#7635=CARTESIAN_POINT('',(-0.0419063055049021,0.,-0.000144477242633126));
#7636=CARTESIAN_POINT('',(0.,0.,-0.000144477242633126));
#7637=CARTESIAN_POINT('',(0.,0.,0.0256977381877331));
#7638=CARTESIAN_POINT('',(0.,0.,0.0250456531141245));
#7639=CARTESIAN_POINT('',(0.033861879451076,-0.0307140637014763,0.0250456531141245));
#7640=CARTESIAN_POINT('',(0.0457130156919935,-0.000548439022225148,0.0250456531141245));
#7641=CARTESIAN_POINT('',(0.0457130156919935,-0.000548439022225148,0.0438416531141246));
#7642=CARTESIAN_POINT('',(0.0457130156919935,-0.000548439022225148,0.0438416531141246));
#7643=CARTESIAN_POINT('',(0.,0.,0.0438416531141246));
#7644=CARTESIAN_POINT('',(0.033861879451076,-0.0307140637014763,0.0438416531141246));
#7645=CARTESIAN_POINT('',(0.033861879451076,-0.0307140637014763,0.0438416531141246));
#7646=CARTESIAN_POINT('',(0.00149447267456766,-0.0456964093259482,0.0148874730552005));
#7647=CARTESIAN_POINT('',(-3.82257331834333E-7,-0.0457262439052173,0.015507437769931));
#7648=CARTESIAN_POINT('',(-0.00149294364524032,-0.0456964480825959,0.0148879517881846));
#7649=CARTESIAN_POINT('',(-0.00211081600292486,-0.0456666769327995,0.0133974191089586));
#7650=CARTESIAN_POINT('',(-0.0014937907153869,-0.0456964295720131,0.0119036475851077));
#7651=CARTESIAN_POINT('',(-2.8936783580055E-7,-0.0457262207773821,0.011284975706279));
#7652=CARTESIAN_POINT('',(0.00149088004252199,-0.0456965203177043,0.0119016262368486));
#7653=CARTESIAN_POINT('',(0.00211116036318923,-0.045666663979356,0.0133936330133439));
#7654=CARTESIAN_POINT('',(0.00149447267456766,-0.0456964093259482,0.0148874730552005));
#7655=CARTESIAN_POINT('',(-3.82257331834333E-7,-0.0457262439052173,0.015507437769931));
#7656=CARTESIAN_POINT('',(-0.00149294364524032,-0.0456964480825959,0.0148879517881846));
#7657=CARTESIAN_POINT('',(-4.33982726751521E-19,-0.0457163055049022,0.0153008626538515));
#7658=CARTESIAN_POINT('',(0.00149698625839622,0.0456963423420948,0.0118892721483538));
#7659=CARTESIAN_POINT('',(-3.8289436094389E-7,0.0457262773646756,0.0112682646628191));
#7660=CARTESIAN_POINT('',(-0.00149545468095244,0.045696381228616,0.011888792623918));
#7661=CARTESIAN_POINT('',(-0.0021143662729969,0.0456665097607,0.0133818321762168));
#7662=CARTESIAN_POINT('',(-0.00149630305257405,0.0456963626590415,0.0148781163010954));
#7663=CARTESIAN_POINT('',(-2.89912074420974E-7,0.0457262541582105,0.0154978285866656));
#7664=CARTESIAN_POINT('',(0.00149338762038788,0.045696453707259,0.0148801409625373));
#7665=CARTESIAN_POINT('',(0.0021147111844172,0.0456664967642359,0.0133856245840126));
#7666=CARTESIAN_POINT('',(0.00149698625839622,0.0456963423420948,0.0118892721483538));
#7667=CARTESIAN_POINT('',(-3.8289436094389E-7,0.0457262773646756,0.0112682646628191));
#7668=CARTESIAN_POINT('',(-0.00149545468095244,0.045696381228616,0.011888792623918));
#7669=CARTESIAN_POINT('',(-2.1345276195411E-19,0.0457163055049022,0.0114751872372581));
#7670=CARTESIAN_POINT('',(0.,0.,0.005842));
#7671=CARTESIAN_POINT('',(-0.018521941266954,0.0469757691025734,0.005842));
#7672=CARTESIAN_POINT('',(-0.0327670656790734,0.0467242859303951,0.005842));
#7673=CARTESIAN_POINT('',(0.,0.,0.0256977381877331));
#7674=CARTESIAN_POINT('',(0.0014944718836831,-0.0418846004461642,0.0148874719063895));
#7675=CARTESIAN_POINT('',(-3.8192517443959E-7,-0.0419171474735196,0.0155074385364415));
#7676=CARTESIAN_POINT('',(-0.00149294418298535,-0.0418846426891703,0.0148879498709535));
#7677=CARTESIAN_POINT('',(-0.00211081747126848,-0.0418521594327067,0.0133974227236008));
#7678=CARTESIAN_POINT('',(-0.00149378430113407,-0.0418846227000967,0.0119036409122448));
#7679=CARTESIAN_POINT('',(-2.92615542012648E-7,-0.0419171221959943,0.0112849778212423));
#7680=CARTESIAN_POINT('',(0.0014908813233303,-0.0418847215123427,0.0119016244517444));
#7681=CARTESIAN_POINT('',(0.00211116024681023,-0.0418521453378924,0.0133936397945379));
#7682=CARTESIAN_POINT('',(0.0014944718836831,-0.0418846004461642,0.0148874719063895));
#7683=CARTESIAN_POINT('',(-3.8192517443959E-7,-0.0419171474735196,0.0155074385364415));
#7684=CARTESIAN_POINT('',(-0.00149294418298535,-0.0418846426891703,0.0148879498709535));
#7685=CARTESIAN_POINT('',(-2.36971916485438E-20,-0.0419063055049021,0.0153008626538515));
#7686=CARTESIAN_POINT('',(0.,0.,0.0250456531141245));
#7687=CARTESIAN_POINT('',(0.0383711285844442,-0.0168462141808253,0.0250456531141245));
#7688=CARTESIAN_POINT('',(0.00149698546363512,0.041884527372491,0.0118892733033307));
#7689=CARTESIAN_POINT('',(-3.82560543329334E-7,0.0419171839749983,0.0112682638923171));
#7690=CARTESIAN_POINT('',(-0.0014954552214618,0.0418845697569286,0.0118887945509491));
#7691=CARTESIAN_POINT('',(-0.00211436774878914,0.0418519770252503,0.0133818285432149));
#7692=CARTESIAN_POINT('',(-0.00149629660574641,0.0418845497048845,0.0148781230078142));
#7693=CARTESIAN_POINT('',(-2.93176355499062E-7,0.0419171586113788,0.0154978264610182));
#7694=CARTESIAN_POINT('',(0.00149338890814908,0.041884648845904,0.0148801427565125));
#7695=CARTESIAN_POINT('',(0.00211471106730068,0.041851962883754,0.0133856177675395));
#7696=CARTESIAN_POINT('',(0.00149698546363512,0.041884527372491,0.0118892733033307));
#7697=CARTESIAN_POINT('',(-3.82560543329334E-7,0.0419171839749983,0.0112682638923171));
#7698=CARTESIAN_POINT('',(-0.0014954552214618,0.0418845697569286,0.0118887945509491));
#7699=CARTESIAN_POINT('',(-3.95257112579003E-19,0.0419063055049021,0.0114751872372581));
#7700=CARTESIAN_POINT('',(0.0438113055049021,0.,0.0250456531141245));
#7701=CARTESIAN_POINT('',(0.0449136865357831,-0.000548439022225148,0.0250456531141245));
#7702=CARTESIAN_POINT('',(0.0439587620190491,-0.000548439022225148,0.0250456531141245));
#7703=CARTESIAN_POINT('',(0.033861879451076,-0.0292351005906716,0.0250456531141245));
#7704=CARTESIAN_POINT('',(0.033861879451076,-0.0271170665194303,0.0250456531141245));
#7705=CARTESIAN_POINT('',(0.0361165040177601,-0.0219816403501277,0.0250456531141245));
#7706=CARTESIAN_POINT('',(0.0402223779383653,-0.012795452218545,0.0250456531141245));
#7707=CARTESIAN_POINT('',(0.0420736272922863,-0.00874469025626481,0.0250456531141245));
#7708=CARTESIAN_POINT('',(0.0430161946556677,-0.00464656463924498,0.0250456531141245));
#7709=CARTESIAN_POINT('',(0.,-0.0625805280447006,0.0133958626538515));
#7710=CARTESIAN_POINT('',(0.,0.0625805280447006,0.0133833913132548));
#7711=CARTESIAN_POINT('',(-0.00586381414905191,0.0526770353317261,-0.038481));
#7712=CARTESIAN_POINT('',(-0.00586381414905191,0.0526770353317261,-0.037211));
#7713=CARTESIAN_POINT('',(-0.00586381414905191,0.0432927869260311,-0.037211));
#7714=CARTESIAN_POINT('',(-0.00586381414905191,0.0432927869260311,-0.038481));
#7715=CARTESIAN_POINT('',(-0.00586381414905191,0.0432927869260311,-0.038481));
#7716=CARTESIAN_POINT('',(-0.00586381414905191,0.0526770353317261,-0.038481));
#7717=CARTESIAN_POINT('',(-0.0148917683901214,0.0400785134876036,-0.038481));
#7718=CARTESIAN_POINT('',(-0.0148917683901214,0.0400785134876036,-0.037211));
#7719=CARTESIAN_POINT('',(-0.0148917683901214,0.0400785134876036,-0.038481));
#7720=CARTESIAN_POINT('',(-0.0185323155019433,0.0469757691025734,-0.038481));
#7721=CARTESIAN_POINT('',(-0.0185323155019433,0.0469757691025734,-0.037211));
#7722=CARTESIAN_POINT('',(-0.0327670656790734,0.0543927848339081,-0.0214088298380375));
#7723=CARTESIAN_POINT('',(-0.0327670656790734,0.0518042859303951,-0.0214088298380375));
#7724=CARTESIAN_POINT('',(-0.0327670656790734,0.0467242859303951,-0.00778341491901875));
#7725=CARTESIAN_POINT('',(-0.0327670656790734,0.0467242859303951,-0.0163288298380375));
#7726=CARTESIAN_POINT('',(-0.0327670656790734,0.0518042859303951,-0.0163288298380375));
#7727=CARTESIAN_POINT('',(0.0449136865357831,-0.000548439022225148,0.0490994531141246));
#7728=CARTESIAN_POINT('',(0.0449136865357831,-0.000548439022225148,0.0438416531141246));
#7729=CARTESIAN_POINT('',(0.0458686110525171,-0.000548439022225148,0.0438416531141246));
#7730=CARTESIAN_POINT('',(0.0439587620190491,-0.000548439022225148,0.0490994531141246));
#7731=CARTESIAN_POINT('',(0.0458686110525171,-0.000548439022225148,0.0490994531141246));
#7732=CARTESIAN_POINT('',(0.0430161946556677,-0.00464656463924498,0.0490994531141246));
#7733=CARTESIAN_POINT('',(0.0420736272922863,-0.00874469025626481,0.0490994531141246));
#7734=CARTESIAN_POINT('',(0.0402223779383653,-0.012795452218545,0.0490994531141246));
#7735=CARTESIAN_POINT('',(0.0383711285844443,-0.0168462141808252,0.0490994531141246));
#7736=CARTESIAN_POINT('',(0.0361165040177601,-0.0219816403501277,0.0490994531141246));
#7737=CARTESIAN_POINT('',(0.033861879451076,-0.0271170665194303,0.0490994531141246));
#7738=CARTESIAN_POINT('',(0.033861879451076,-0.0292351005906716,0.0490994531141246));
#7739=CARTESIAN_POINT('',(0.033861879451076,-0.0292351005906716,0.0438416531141246));
#7740=CARTESIAN_POINT('',(0.033861879451076,-0.0313531346619129,0.0438416531141246));
#7741=CARTESIAN_POINT('',(0.033861879451076,-0.0313531346619129,0.0490994531141246));
#7742=CARTESIAN_POINT('',(0.033861879451076,-0.0313531346619129,0.0619518531141246));
#7743=CARTESIAN_POINT('',(0.033861879451076,-0.0292351005906716,0.0619518531141246));
#7744=CARTESIAN_POINT('',(0.033861879451076,-0.0271170665194303,0.0619518531141246));
#7745=CARTESIAN_POINT('',(0.033861879451076,-0.0271170665194303,0.0619518531141246));
#7746=CARTESIAN_POINT('',(0.046136861762901,-0.0313531346619129,0.0490994531141246));
#7747=CARTESIAN_POINT('',(0.046136861762901,-0.0313531346619129,0.0438416531141246));
#7748=CARTESIAN_POINT('',(0.0584118440747261,-0.0313531346619129,0.0438416531141246));
#7749=CARTESIAN_POINT('',(0.0584118440747261,-0.0313531346619129,0.0490994531141246));
#7750=CARTESIAN_POINT('',(0.0584118440747261,-0.0313531346619129,0.0642378531141246));
#7751=CARTESIAN_POINT('',(0.046136861762901,-0.0313531346619129,0.0642378531141246));
#7752=CARTESIAN_POINT('',(0.0337205864489079,-0.0313531346619129,0.0642378531141246));
#7753=CARTESIAN_POINT('',(0.0337205864489079,-0.0313531346619129,0.0642378531141246));
#7754=CARTESIAN_POINT('',(0.0337205864489079,-0.0313531346619129,0.0619518531141246));
#7755=CARTESIAN_POINT('',(0.046136861762901,-0.0313531346619129,0.0619518531141246));
#7756=CARTESIAN_POINT('',(0.0584118440747261,-0.0190069538075477,0.0490994531141246));
#7757=CARTESIAN_POINT('',(0.0584118440747261,-0.0190069538075477,0.0438416531141246));
#7758=CARTESIAN_POINT('',(0.0584118440747261,-0.00666077295318246,0.0438416531141246));
#7759=CARTESIAN_POINT('',(0.0584118440747261,-0.00666077295318246,0.0490994531141246));
#7760=CARTESIAN_POINT('',(0.0584118440747261,-0.014927270822227,0.0619518531141246));
#7761=CARTESIAN_POINT('',(0.0584118440747261,-0.014927270822227,0.0619518531141246));
#7762=CARTESIAN_POINT('',(0.0584118440747261,-0.0190069538075477,0.0619518531141246));
#7763=CARTESIAN_POINT('',(0.0584118440747261,-0.00811745040118694,0.0619518531141246));
#7764=CARTESIAN_POINT('',(0.0584118440747261,-0.00811745040118694,0.0642378531141246));
#7765=CARTESIAN_POINT('',(0.0584118440747261,-0.00811745040118694,0.0642378531141246));
#7766=CARTESIAN_POINT('',(0.0584118440747261,-0.0190069538075477,0.0642378531141246));
#7767=CARTESIAN_POINT('',(0.0523558259010315,-0.00666077295318246,0.0490994531141246));
#7768=CARTESIAN_POINT('',(0.0523558259010315,-0.00666077295318246,0.0438416531141246));
#7769=CARTESIAN_POINT('',(0.0462998077273369,-0.00666077295318246,0.0438416531141246));
#7770=CARTESIAN_POINT('',(0.0462998077273369,-0.00666077295318246,0.0490994531141246));
#7771=CARTESIAN_POINT('',(0.046084209389927,-0.0036046059877038,0.0490994531141246));
#7772=CARTESIAN_POINT('',(0.046084209389927,-0.0036046059877038,0.0438416531141246));
#7773=CARTESIAN_POINT('',(0.00634776928491198,0.,0.0438416531141246));
#7774=CARTESIAN_POINT('',(0.0340483748381336,-0.0271170665194303,0.0619518531141246));
#7775=CARTESIAN_POINT('',(0.0340483748381336,-0.0271170665194303,0.0619518531141246));
#7776=CARTESIAN_POINT('',(0.0342348702251911,-0.0271170665194303,0.0619518531141246));
#7777=CARTESIAN_POINT('',(0.0342348702251911,-0.0271170665194303,0.0619518531141246));
#7778=CARTESIAN_POINT('',(0.0579951908439398,-0.014927270822227,0.0619518531141246));
#7779=CARTESIAN_POINT('',(0.0575785376131535,-0.014927270822227,0.0619518531141246));
#7780=CARTESIAN_POINT('',(0.0575785376131535,-0.014927270822227,0.0619518531141246));
#7781=CARTESIAN_POINT('',(0.0579951908439398,-0.014927270822227,0.0619518531141246));
#7782=CARTESIAN_POINT('',(0.0575785376131535,-0.0227459720335901,0.0619518531141246));
#7783=CARTESIAN_POINT('',(0.0575785376131535,-0.0305646732449531,0.0619518531141246));
#7784=CARTESIAN_POINT('',(0.0575785376131535,-0.0305646732449531,0.0619518531141246));
#7785=CARTESIAN_POINT('',(0.0575785376131535,-0.0227459720335901,0.0619518531141246));
#7786=CARTESIAN_POINT('',(0.0459067039191723,-0.0305646732449531,0.0619518531141246));
#7787=CARTESIAN_POINT('',(0.0342348702251911,-0.0305646732449531,0.0619518531141246));
#7788=CARTESIAN_POINT('',(0.0342348702251911,-0.0305646732449531,0.0619518531141246));
#7789=CARTESIAN_POINT('',(0.0459067039191723,-0.0305646732449531,0.0619518531141246));
#7790=CARTESIAN_POINT('',(0.0342348702251911,-0.0288408698821917,0.0619518531141246));
#7791=CARTESIAN_POINT('',(0.0342348702251911,-0.0288408698821917,0.0619518531141246));
#7792=CARTESIAN_POINT('',(0.046066215261817,-0.01973529253155,0.0619518531141246));
#7793=CARTESIAN_POINT('',(0.0337205864489079,-0.0287450272589922,0.0619518531141246));
#7794=CARTESIAN_POINT('',(0.0337205864489079,-0.0261369198560714,0.0619518531141246));
#7795=CARTESIAN_POINT('',(0.0381557196378708,-0.0171271851286292,0.0619518531141246));
#7796=CARTESIAN_POINT('',(0.0425908528268338,-0.00811745040118694,0.0619518531141246));
#7797=CARTESIAN_POINT('',(0.0505013484507799,-0.00811745040118694,0.0619518531141246));
#7798=CARTESIAN_POINT('',(0.0337205864489079,-0.0287450272589922,0.0642378531141246));
#7799=CARTESIAN_POINT('',(0.0337205864489079,-0.0287450272589922,0.0642378531141246));
#7800=CARTESIAN_POINT('',(0.0337205864489079,-0.0261369198560714,0.0642378531141246));
#7801=CARTESIAN_POINT('',(0.0337205864489079,-0.0261369198560714,0.0642378531141246));
#7802=CARTESIAN_POINT('',(0.0505013484507799,-0.00811745040118694,0.0642378531141246));
#7803=CARTESIAN_POINT('',(0.0425908528268338,-0.00811745040118694,0.0642378531141246));
#7804=CARTESIAN_POINT('',(0.0425908528268338,-0.00811745040118694,0.0642378531141246));
#7805=CARTESIAN_POINT('',(0.0505013484507799,-0.00811745040118694,0.0642378531141246));
#7806=CARTESIAN_POINT('',(0.0381557196378708,-0.0171271851286292,0.0642378531141246));
#7807=CARTESIAN_POINT('',(0.0381557196378708,-0.0171271851286292,0.0642378531141246));
#7808=CARTESIAN_POINT('',(0.046066215261817,-0.01973529253155,0.0642378531141246));
#7809=CARTESIAN_POINT('',(-0.000125117014710255,0.00184660181793753,0.00108151577937328));
#7810=CARTESIAN_POINT('',(0.,0.,-0.000152306631207466));
#7811=CARTESIAN_POINT('',(0.,0.,0.0256977381877331));
#7812=CARTESIAN_POINT('',(0.0270067287256516,0.,0.0256977381877331));
#7813=CARTESIAN_POINT('',(0.,0.,0.0254));
#7814=CARTESIAN_POINT('',(0.0268480741621222,0.0029230652141409,0.0254));
#7815=CARTESIAN_POINT('',(0.0268480741621222,-0.0029230652141409,0.0254));
#7816=CARTESIAN_POINT('',(0.0268480741621222,0.0029230652141409,-0.000152306631207466));
#7817=CARTESIAN_POINT('',(0.0268480741621222,0.0029230652141409,0.));
#7818=CARTESIAN_POINT('',(0.,0.,0.));
#7819=CARTESIAN_POINT('',(-0.0268480741621222,0.0029230652141409,0.));
#7820=CARTESIAN_POINT('',(-0.0268480741621222,0.0029230652141409,-0.000152306631207466));
#7821=CARTESIAN_POINT('',(-0.0268480741621222,0.0029230652141409,0.0254));
#7822=CARTESIAN_POINT('',(0.,0.,0.0254));
#7823=CARTESIAN_POINT('',(-0.0268480741621222,-0.0029230652141409,0.0254));
#7824=CARTESIAN_POINT('',(-0.0268480741621222,-0.0029230652141409,-0.000152306631207466));
#7825=CARTESIAN_POINT('',(-0.0268480741621222,-0.0029230652141409,0.));
#7826=CARTESIAN_POINT('',(0.,0.,0.));
#7827=CARTESIAN_POINT('',(0.0268480741621222,-0.0029230652141409,0.));
#7828=CARTESIAN_POINT('',(0.0268480741621222,-0.0029230652141409,-0.000152306631207466));
#7829=CARTESIAN_POINT('',(0.,-0.0250603643628258,0.));
#7830=CARTESIAN_POINT('',(0.0270067287256516,0.0029230652141409,0.));
#7831=CARTESIAN_POINT('',(0.0275065302848817,0.0029230652141409,0.));
#7832=CARTESIAN_POINT('',(0.0275065302848817,4.33680868994202E-19,0.));
#7833=CARTESIAN_POINT('',(0.0275065302848817,-0.0029230652141409,0.));
#7834=CARTESIAN_POINT('',(0.0270067287256516,-0.0029230652141409,0.));
#7835=CARTESIAN_POINT('',(-0.0270067287256516,-0.0029230652141409,0.));
#7836=CARTESIAN_POINT('',(-0.0275065302848817,-0.0029230652141409,0.));
#7837=CARTESIAN_POINT('',(-0.0275065302848817,4.33680868994202E-19,0.));
#7838=CARTESIAN_POINT('',(-0.0275065302848817,0.0029230652141409,0.));
#7839=CARTESIAN_POINT('',(-0.0270067287256516,0.0029230652141409,0.));
#7840=CARTESIAN_POINT('',(0.,0.,0.));
#7841=CARTESIAN_POINT('',(0.023114,0.,0.));
#7842=CARTESIAN_POINT('',(0.,0.,-0.000152306631207466));
#7843=CARTESIAN_POINT('',(0.,0.,0.0256977381877331));
#7844=CARTESIAN_POINT('',(0.023114,0.,0.0256977381877331));
#7845=CARTESIAN_POINT('',(0.,-0.0250603643628258,0.0256977381877331));
#7846=CARTESIAN_POINT('',(-0.0270067287256516,0.0029230652141409,0.0254));
#7847=CARTESIAN_POINT('',(-0.0270067287256516,0.0029230652141409,0.0254));
#7848=CARTESIAN_POINT('',(-0.0275065302848817,0.0029230652141409,0.0254));
#7849=CARTESIAN_POINT('',(-0.0275065302848817,0.0029230652141409,0.0254));
#7850=CARTESIAN_POINT('',(-0.0275065302848817,4.33680868994202E-19,0.0254));
#7851=CARTESIAN_POINT('',(-0.0275065302848817,0.,0.012425683226311));
#7852=CARTESIAN_POINT('',(-0.0275065302848817,0.,0.014330683226311));
#7853=CARTESIAN_POINT('',(-0.0275065302848817,-0.0029230652141409,0.0254));
#7854=CARTESIAN_POINT('',(-0.0275065302848817,-0.0029230652141409,0.0254));
#7855=CARTESIAN_POINT('',(-0.0275065302848817,4.33680868994202E-19,0.0254));
#7856=CARTESIAN_POINT('',(-0.0270067287256516,-0.0029230652141409,0.0254));
#7857=CARTESIAN_POINT('',(-0.0270067287256516,-0.0029230652141409,0.0254));
#7858=CARTESIAN_POINT('',(0.,8.67361737988404E-19,0.0254));
#7859=CARTESIAN_POINT('',(0.0275065302848817,4.33680868994202E-19,0.0254));
#7860=CARTESIAN_POINT('',(0.0275065302848817,0.,0.0124505879357457));
#7861=CARTESIAN_POINT('',(0.0275065302848817,0.,0.0106033367071404));
#7862=CARTESIAN_POINT('',(0.0275065302848817,0.0029230652141409,0.0254));
#7863=CARTESIAN_POINT('',(0.0275065302848817,0.0029230652141409,0.0254));
#7864=CARTESIAN_POINT('',(0.0275065302848817,4.33680868994202E-19,0.0254));
#7865=CARTESIAN_POINT('',(0.0275065302848817,-0.0029230652141409,0.0254));
#7866=CARTESIAN_POINT('',(0.0275065302848817,-0.0029230652141409,0.0254));
#7867=CARTESIAN_POINT('',(0.0270067287256516,0.0029230652141409,0.0254));
#7868=CARTESIAN_POINT('',(0.0270067287256516,0.0029230652141409,0.0254));
#7869=CARTESIAN_POINT('',(0.0270067287256516,-0.0029230652141409,0.0254));
#7870=CARTESIAN_POINT('',(0.0270067287256516,-0.0029230652141409,0.0254));
#7871=CARTESIAN_POINT('',(0.,8.67361737988404E-19,0.0254));
#7872=CARTESIAN_POINT('',(-0.0262365302848817,0.,0.012425683226311));
#7873=CARTESIAN_POINT('',(-0.0262365302848817,0.,0.012425683226311));
#7874=CARTESIAN_POINT('',(-0.0262365302848817,0.,0.014330683226311));
#7875=CARTESIAN_POINT('',(-0.0262365302848817,8.67361737988404E-19,0.0127));
#7876=CARTESIAN_POINT('',(0.0262365302848817,0.,0.0124505879357457));
#7877=CARTESIAN_POINT('',(0.0262365302848817,0.,0.0124505879357457));
#7878=CARTESIAN_POINT('',(0.0262365302848817,0.,0.0106033367071404));
#7879=CARTESIAN_POINT('',(0.0262365302848817,8.67361737988404E-19,0.0127));
#7880=CARTESIAN_POINT('',(0.,0.,-0.0256977381877331));
#7881=CARTESIAN_POINT('',(0.,0.,0.0126052238047123));
#7882=CARTESIAN_POINT('',(0.,0.,0.0256406851112843));
#7883=CARTESIAN_POINT('',(-0.0361622571945189,0.,0.0256406851112843));
#7884=CARTESIAN_POINT('',(0.,0.,0.));
#7885=CARTESIAN_POINT('',(0.00291536399163306,0.036044548800045,0.));
#7886=CARTESIAN_POINT('',(0.00291536399163306,-0.036044548800045,0.));
#7887=CARTESIAN_POINT('',(0.00291536399163305,0.036044548800045,0.0126052238047123));
#7888=CARTESIAN_POINT('',(0.00291536399163306,0.036044548800045,0.0254));
#7889=CARTESIAN_POINT('',(0.,0.,0.0254));
#7890=CARTESIAN_POINT('',(-0.00291536399163306,0.036044548800045,0.0254));
#7891=CARTESIAN_POINT('',(-0.00291536399163305,0.036044548800045,0.0126052238047123));
#7892=CARTESIAN_POINT('',(-0.00291536399163306,0.036044548800045,0.));
#7893=CARTESIAN_POINT('',(0.,0.,0.));
#7894=CARTESIAN_POINT('',(-0.00291536399163306,-0.036044548800045,0.));
#7895=CARTESIAN_POINT('',(-0.00291536399163305,-0.036044548800045,0.0126052238047123));
#7896=CARTESIAN_POINT('',(-0.00291536399163306,-0.036044548800045,0.0254));
#7897=CARTESIAN_POINT('',(0.,0.,0.0254));
#7898=CARTESIAN_POINT('',(0.00291536399163306,-0.036044548800045,0.0254));
#7899=CARTESIAN_POINT('',(0.00291536399163305,-0.036044548800045,0.0126052238047123));
#7900=CARTESIAN_POINT('',(-0.0361371045411463,-0.00149447020619552,0.0139172899508023));
#7901=CARTESIAN_POINT('',(-0.0361748213060782,3.81215167809875E-7,0.0145372607746306));
#7902=CARTESIAN_POINT('',(-0.0361371534016543,0.00149294534552428,0.0139177663085416));
#7903=CARTESIAN_POINT('',(-0.0360994970310193,0.0021108206281586,0.0124272510714615));
#7904=CARTESIAN_POINT('',(-0.0361371307472238,0.00149377050428668,0.0109334471371832));
#7905=CARTESIAN_POINT('',(-0.0361747918968501,2.99615243510339E-7,0.0103148029330452));
#7906=CARTESIAN_POINT('',(-0.0361372447940384,-0.00149088415616745,0.0109314412184086));
#7907=CARTESIAN_POINT('',(-0.0360994807887158,-0.00211115997119513,0.0124234750990143));
#7908=CARTESIAN_POINT('',(-0.0361371045411463,-0.00149447020619552,0.0139172899508023));
#7909=CARTESIAN_POINT('',(-0.0361748213060782,3.81215167809875E-7,0.0145372607746306));
#7910=CARTESIAN_POINT('',(-0.0361371534016543,0.00149294534552428,0.0139177663085416));
#7911=CARTESIAN_POINT('',(-0.0361622571945189,6.30210977613758E-20,0.014330683226311));
#7912=CARTESIAN_POINT('',(0.0361386063850445,0.00144916674259361,0.0138969782035947));
#7913=CARTESIAN_POINT('',(0.0361740711084193,-3.69819540083376E-7,0.014498154075577));
#7914=CARTESIAN_POINT('',(0.0361386523483919,-0.00144768746443328,0.0138974404802036));
#7915=CARTESIAN_POINT('',(0.0361032473838258,-0.00204683182889693,0.012452106487854));
#7916=CARTESIAN_POINT('',(0.0361386309344442,-0.00144849100523046,0.0110035912184257));
#7917=CARTESIAN_POINT('',(0.0361740434808117,-2.88942191208393E-7,0.0104036965049209));
#7918=CARTESIAN_POINT('',(0.0361387382733146,0.00144568837097306,0.0110016437115918));
#7919=CARTESIAN_POINT('',(0.0361032320911469,0.00204716166688811,0.0124484433851884));
#7920=CARTESIAN_POINT('',(0.0361386063850445,0.00144916674259361,0.0138969782035947));
#7921=CARTESIAN_POINT('',(0.0361740711084193,-3.69819540083376E-7,0.014498154075577));
#7922=CARTESIAN_POINT('',(0.0361386523483919,-0.00144768746443328,0.0138974404802036));
#7923=CARTESIAN_POINT('',(0.0361622571945189,-5.37814716791642E-20,0.0142978391643511));
#7924=CARTESIAN_POINT('',(0.,0.,0.0126052238047123));
#7925=CARTESIAN_POINT('',(0.,0.,0.0256406851112843));
#7926=CARTESIAN_POINT('',(-0.0330889038741589,0.,0.0256406851112843));
#7927=CARTESIAN_POINT('',(0.,0.,0.));
#7928=CARTESIAN_POINT('',(-0.0330889038741589,0.,0.));
#7929=CARTESIAN_POINT('',(-0.0330614150485996,0.00149446894680951,0.0139172879705438));
#7930=CARTESIAN_POINT('',(-0.0331026349563987,-3.80677175442667E-7,0.0145372620609857));
#7931=CARTESIAN_POINT('',(-0.0330614683707588,-0.00149294623810774,0.0139177631433794));
#7932=CARTESIAN_POINT('',(-0.0330203032210599,-0.00211082303568819,0.012427257004867));
#7933=CARTESIAN_POINT('',(-0.0330614440373682,-0.00149375997642836,0.0109334361942172));
#7934=CARTESIAN_POINT('',(-0.0331026027188634,-3.04969042175558E-7,0.0103148063877597));
#7935=CARTESIAN_POINT('',(-0.0330615682899309,0.00149088638917405,0.0109314383456131));
#7936=CARTESIAN_POINT('',(-0.0330202855471278,0.00211115973796724,0.0124234864740084));
#7937=CARTESIAN_POINT('',(-0.0330614150485996,0.00149446894680951,0.0139172879705438));
#7938=CARTESIAN_POINT('',(-0.0331026349563987,-3.80677175442667E-7,0.0145372620609857));
#7939=CARTESIAN_POINT('',(-0.0330614683707588,-0.00149294623810774,0.0139177631433794));
#7940=CARTESIAN_POINT('',(-0.0330889038741589,-2.97418341411758E-19,0.014330683226311));
#7941=CARTESIAN_POINT('',(0.0330630563805364,-0.00144916558973851,0.0138969764127263));
#7942=CARTESIAN_POINT('',(0.0331018150797931,3.69328372515359E-7,0.0144981552436261));
#7943=CARTESIAN_POINT('',(0.0330631065452444,0.00144768827624845,0.013897437598876));
#7944=CARTESIAN_POINT('',(0.0330244032147604,0.00204683402291432,0.0124521118940818));
#7945=CARTESIAN_POINT('',(0.0330630835179971,0.00144848141264925,0.0110035812462664));
#7946=CARTESIAN_POINT('',(0.0331017848004917,2.93817054197755E-7,0.0104036996551423));
#7947=CARTESIAN_POINT('',(0.0330632004853701,-0.00144569038665196,0.0110016410856869));
#7948=CARTESIAN_POINT('',(0.0330243865694831,-0.00204716146043214,0.0124484537142129));
#7949=CARTESIAN_POINT('',(0.0330630563805364,-0.00144916558973851,0.0138969764127263));
#7950=CARTESIAN_POINT('',(0.0331018150797931,3.69328372515359E-7,0.0144981552436261));
#7951=CARTESIAN_POINT('',(0.0330631065452444,0.00144768827624845,0.013897437598876));
#7952=CARTESIAN_POINT('',(0.0330889038741589,1.80250884683533E-19,0.0142978391643511));
#7953=CARTESIAN_POINT('',(0.,0.0346255805343389,0.));
#7954=CARTESIAN_POINT('',(0.00291536399163306,-0.0361622571945189,0.));
#7955=CARTESIAN_POINT('',(0.00291536399163306,-0.0371805280447007,0.));
#7956=CARTESIAN_POINT('',(0.,-0.0371805280447007,0.));
#7957=CARTESIAN_POINT('',(-0.00291536399163306,-0.0371805280447007,0.));
#7958=CARTESIAN_POINT('',(-0.00291536399163306,-0.0361622571945189,0.));
#7959=CARTESIAN_POINT('',(-0.00291536399163306,0.0361622571945189,0.));
#7960=CARTESIAN_POINT('',(-0.00291536399163306,0.0371805280447007,0.));
#7961=CARTESIAN_POINT('',(0.,0.0371805280447007,0.));
#7962=CARTESIAN_POINT('',(0.00291536399163306,0.0371805280447007,0.));
#7963=CARTESIAN_POINT('',(0.00291536399163306,0.0361622571945189,0.));
#7964=CARTESIAN_POINT('',(0.,0.0346255805343389,0.0256406851112843));
#7965=CARTESIAN_POINT('',(0.00291536399163306,-0.0361622571945189,0.0254));
#7966=CARTESIAN_POINT('',(0.00291536399163306,-0.0361622571945189,0.0254));
#7967=CARTESIAN_POINT('',(0.00291536399163306,-0.0371805280447007,0.0254));
#7968=CARTESIAN_POINT('',(0.00291536399163306,-0.0371805280447007,0.0254));
#7969=CARTESIAN_POINT('',(-0.00291536399163306,-0.0361622571945189,0.0254));
#7970=CARTESIAN_POINT('',(-0.00291536399163306,-0.0371805280447007,0.0254));
#7971=CARTESIAN_POINT('',(-0.00291536399163306,-0.0371805280447007,0.0254));
#7972=CARTESIAN_POINT('',(-0.00291536399163306,-0.0361622571945189,0.0254));
#7973=CARTESIAN_POINT('',(0.,-0.0371805280447007,0.0254));
#7974=CARTESIAN_POINT('',(0.,-0.0371805280447007,0.0133958626538515));
#7975=CARTESIAN_POINT('',(0.,-0.0371805280447007,0.0114908626538515));
#7976=CARTESIAN_POINT('',(0.,-0.0371805280447007,0.0254));
#7977=CARTESIAN_POINT('',(0.,0.,0.0254));
#7978=CARTESIAN_POINT('',(0.00291536399163306,0.0361622571945189,0.0254));
#7979=CARTESIAN_POINT('',(0.00291536399163306,0.0371805280447007,0.0254));
#7980=CARTESIAN_POINT('',(0.00291536399163306,0.0371805280447007,0.0254));
#7981=CARTESIAN_POINT('',(0.00291536399163306,0.0361622571945189,0.0254));
#7982=CARTESIAN_POINT('',(-0.00291536399163306,0.0361622571945189,0.0254));
#7983=CARTESIAN_POINT('',(-0.00291536399163306,0.0361622571945189,0.0254));
#7984=CARTESIAN_POINT('',(-0.00291536399163306,0.0371805280447007,0.0254));
#7985=CARTESIAN_POINT('',(-0.00291536399163306,0.0371805280447007,0.0254));
#7986=CARTESIAN_POINT('',(0.,0.0371805280447007,0.0254));
#7987=CARTESIAN_POINT('',(0.,0.0371805280447007,0.0133833913132548));
#7988=CARTESIAN_POINT('',(0.,0.0371805280447007,0.0152915953892516));
#7989=CARTESIAN_POINT('',(0.,0.0371805280447007,0.0254));
#7990=CARTESIAN_POINT('',(0.,0.,0.0254));
#7991=CARTESIAN_POINT('',(-0.0529065302848817,0.,0.012425683226311));
#7992=CARTESIAN_POINT('',(0.0529065302848817,0.,0.0124505879357457));
#7993=CARTESIAN_POINT('',(0.,-0.0359105280447006,0.0133958626538515));
#7994=CARTESIAN_POINT('',(0.,-0.0359105280447006,0.0133958626538515));
#7995=CARTESIAN_POINT('',(0.,-0.0359105280447006,0.0114908626538515));
#7996=CARTESIAN_POINT('',(0.,-0.0359105280447006,0.0127));
#7997=CARTESIAN_POINT('',(0.,0.0359105280447006,0.0133833913132548));
#7998=CARTESIAN_POINT('',(0.,0.0359105280447006,0.0133833913132548));
#7999=CARTESIAN_POINT('',(0.,0.0359105280447006,0.0152915953892516));
#8000=CARTESIAN_POINT('',(0.,0.0359105280447006,0.0127));
#8001=CARTESIAN_POINT('',(-0.000125117014710259,0.,-0.0256977381877331));
#8002=CARTESIAN_POINT('',(0.040409936583412,0.000346860556294444,-0.0372791854209361));
#8003=CARTESIAN_POINT('',(0.0138373142004013,0.0578513443470001,0.0127));
#8004=CARTESIAN_POINT('',(0.0138373142004013,0.0578513443470001,0.0127));
#8005=CARTESIAN_POINT('',(0.0156153142004013,0.0578513443470001,0.0127));
#8006=CARTESIAN_POINT('',(0.0138373142004013,0.0578513443470001,0.));
#8007=CARTESIAN_POINT('',(0.0156153142004013,0.0578513443470001,0.));
#8008=CARTESIAN_POINT('',(-0.0242626857995987,0.0578513443470001,0.0127));
#8009=CARTESIAN_POINT('',(-0.0242626857995987,0.0578513443470001,0.));
#8010=CARTESIAN_POINT('',(-0.0139624312151115,0.0359105280447006,0.0455369974725219));
#8011=CARTESIAN_POINT('',(-0.0623626857995987,0.0578513443470001,0.0127));
#8012=CARTESIAN_POINT('',(-0.0623626857995987,0.0578513443470001,0.0127));
#8013=CARTESIAN_POINT('',(-0.0605846857995987,0.0578513443470001,0.0127));
#8014=CARTESIAN_POINT('',(-0.0623626857995987,0.0578513443470001,0.));
#8015=CARTESIAN_POINT('',(-0.0605846857995987,0.0578513443470001,0.));
#8016=CARTESIAN_POINT('',(-0.0242626857995987,0.0578513443470001,0.0127));
#8017=CARTESIAN_POINT('',(-0.0242626857995987,0.0578513443470001,0.));
#8018=CARTESIAN_POINT('',(-0.0262365302848817,0.0578513443470001,-0.0756347407610207));
#8019=CARTESIAN_POINT('',(0.0457359552402112,0.0322168298362944,-0.0542334385563436));
#8020=MECHANICAL_DESIGN_GEOMETRIC_PRESENTATION_REPRESENTATION('',(#4413,
#4414,#4415,#4416,#4417,#4418,#4419,#4420,#4421,#4422,#4423),#8021);
#8021=(
GEOMETRIC_REPRESENTATION_CONTEXT(3)
GLOBAL_UNCERTAINTY_ASSIGNED_CONTEXT((#8033))
GLOBAL_UNIT_ASSIGNED_CONTEXT((#8047,#8046,#8045))
REPRESENTATION_CONTEXT('tvc build','TOP_LEVEL_ASSEMBLY_PART')
);
#8022=(
GEOMETRIC_REPRESENTATION_CONTEXT(3)
GLOBAL_UNCERTAINTY_ASSIGNED_CONTEXT((#8034))
GLOBAL_UNIT_ASSIGNED_CONTEXT((#8047,#8046,#8045))
REPRESENTATION_CONTEXT('Part 4','COMPONENT_PART')
);
#8023=(
GEOMETRIC_REPRESENTATION_CONTEXT(3)
GLOBAL_UNCERTAINTY_ASSIGNED_CONTEXT((#8035))
GLOBAL_UNIT_ASSIGNED_CONTEXT((#8047,#8046,#8045))
REPRESENTATION_CONTEXT('Part 1','COMPONENT_PART')
);
#8024=(
GEOMETRIC_REPRESENTATION_CONTEXT(3)
GLOBAL_UNCERTAINTY_ASSIGNED_CONTEXT((#8036))
GLOBAL_UNIT_ASSIGNED_CONTEXT((#8047,#8046,#8045))
REPRESENTATION_CONTEXT('Part 5','COMPONENT_PART')
);
#8025=(
GEOMETRIC_REPRESENTATION_CONTEXT(3)
GLOBAL_UNCERTAINTY_ASSIGNED_CONTEXT((#8037))
GLOBAL_UNIT_ASSIGNED_CONTEXT((#8047,#8046,#8045))
REPRESENTATION_CONTEXT('Part 2','COMPONENT_PART')
);
#8026=(
GEOMETRIC_REPRESENTATION_CONTEXT(3)
GLOBAL_UNCERTAINTY_ASSIGNED_CONTEXT((#8038))
GLOBAL_UNIT_ASSIGNED_CONTEXT((#8047,#8046,#8045))
REPRESENTATION_CONTEXT('Part 1','COMPONENT_PART')
);
#8027=(
GEOMETRIC_REPRESENTATION_CONTEXT(3)
GLOBAL_UNCERTAINTY_ASSIGNED_CONTEXT((#8039))
GLOBAL_UNIT_ASSIGNED_CONTEXT((#8047,#8046,#8045))
REPRESENTATION_CONTEXT('Part 1','COMPONENT_PART')
);
#8028=(
GEOMETRIC_REPRESENTATION_CONTEXT(3)
GLOBAL_UNCERTAINTY_ASSIGNED_CONTEXT((#8040))
GLOBAL_UNIT_ASSIGNED_CONTEXT((#8047,#8046,#8045))
REPRESENTATION_CONTEXT('Part 7','COMPONENT_PART')
);
#8029=(
GEOMETRIC_REPRESENTATION_CONTEXT(3)
GLOBAL_UNCERTAINTY_ASSIGNED_CONTEXT((#8041))
GLOBAL_UNIT_ASSIGNED_CONTEXT((#8047,#8046,#8045))
REPRESENTATION_CONTEXT('Part 1','COMPONENT_PART')
);
#8030=(
GEOMETRIC_REPRESENTATION_CONTEXT(3)
GLOBAL_UNCERTAINTY_ASSIGNED_CONTEXT((#8042))
GLOBAL_UNIT_ASSIGNED_CONTEXT((#8047,#8046,#8045))
REPRESENTATION_CONTEXT('Part 2','COMPONENT_PART')
);
#8031=(
GEOMETRIC_REPRESENTATION_CONTEXT(3)
GLOBAL_UNCERTAINTY_ASSIGNED_CONTEXT((#8043))
GLOBAL_UNIT_ASSIGNED_CONTEXT((#8047,#8046,#8045))
REPRESENTATION_CONTEXT('Part 6','COMPONENT_PART')
);
#8032=(
GEOMETRIC_REPRESENTATION_CONTEXT(3)
GLOBAL_UNCERTAINTY_ASSIGNED_CONTEXT((#8044))
GLOBAL_UNIT_ASSIGNED_CONTEXT((#8047,#8046,#8045))
REPRESENTATION_CONTEXT('Part 3','COMPONENT_PART')
);
#8033=UNCERTAINTY_MEASURE_WITH_UNIT(LENGTH_MEASURE(1.E-8),#8047,
'DISTANCE_ACCURACY_VALUE','Maximum Tolerance applied to model');
#8034=UNCERTAINTY_MEASURE_WITH_UNIT(LENGTH_MEASURE(1.E-8),#8047,
'DISTANCE_ACCURACY_VALUE','Maximum Tolerance applied to model');
#8035=UNCERTAINTY_MEASURE_WITH_UNIT(LENGTH_MEASURE(2.E-5),#8047,
'DISTANCE_ACCURACY_VALUE','Maximum Tolerance applied to model');
#8036=UNCERTAINTY_MEASURE_WITH_UNIT(LENGTH_MEASURE(1.E-8),#8047,
'DISTANCE_ACCURACY_VALUE','Maximum Tolerance applied to model');
#8037=UNCERTAINTY_MEASURE_WITH_UNIT(LENGTH_MEASURE(1.E-8),#8047,
'DISTANCE_ACCURACY_VALUE','Maximum Tolerance applied to model');
#8038=UNCERTAINTY_MEASURE_WITH_UNIT(LENGTH_MEASURE(2.E-5),#8047,
'DISTANCE_ACCURACY_VALUE','Maximum Tolerance applied to model');
#8039=UNCERTAINTY_MEASURE_WITH_UNIT(LENGTH_MEASURE(1.E-8),#8047,
'DISTANCE_ACCURACY_VALUE','Maximum Tolerance applied to model');
#8040=UNCERTAINTY_MEASURE_WITH_UNIT(LENGTH_MEASURE(2.E-5),#8047,
'DISTANCE_ACCURACY_VALUE','Maximum Tolerance applied to model');
#8041=UNCERTAINTY_MEASURE_WITH_UNIT(LENGTH_MEASURE(1.E-8),#8047,
'DISTANCE_ACCURACY_VALUE','Maximum Tolerance applied to model');
#8042=UNCERTAINTY_MEASURE_WITH_UNIT(LENGTH_MEASURE(2.E-5),#8047,
'DISTANCE_ACCURACY_VALUE','Maximum Tolerance applied to model');
#8043=UNCERTAINTY_MEASURE_WITH_UNIT(LENGTH_MEASURE(1.E-8),#8047,
'DISTANCE_ACCURACY_VALUE','Maximum Tolerance applied to model');
#8044=UNCERTAINTY_MEASURE_WITH_UNIT(LENGTH_MEASURE(1.E-8),#8047,
'DISTANCE_ACCURACY_VALUE','Maximum Tolerance applied to model');
#8045=(
NAMED_UNIT(*)
SI_UNIT($,.STERADIAN.)
SOLID_ANGLE_UNIT()
);
#8046=(
NAMED_UNIT(*)
PLANE_ANGLE_UNIT()
SI_UNIT($,.RADIAN.)
);
#8047=(
LENGTH_UNIT()
NAMED_UNIT(*)
SI_UNIT($,.METRE.)
);
#8048=PRODUCT_DEFINITION_SHAPE('','',#8074);
#8049=PRODUCT_DEFINITION_SHAPE('','',#8075);
#8050=PRODUCT_DEFINITION_SHAPE(' ','NAUO PRDDFN',#789);
#8051=PRODUCT_DEFINITION_SHAPE('','',#8076);
#8052=PRODUCT_DEFINITION_SHAPE(' ','NAUO PRDDFN',#790);
#8053=PRODUCT_DEFINITION_SHAPE('','',#8077);
#8054=PRODUCT_DEFINITION_SHAPE(' ','NAUO PRDDFN',#791);
#8055=PRODUCT_DEFINITION_SHAPE('','',#8078);
#8056=PRODUCT_DEFINITION_SHAPE(' ','NAUO PRDDFN',#792);
#8057=PRODUCT_DEFINITION_SHAPE('','',#8079);
#8058=PRODUCT_DEFINITION_SHAPE(' ','NAUO PRDDFN',#793);
#8059=PRODUCT_DEFINITION_SHAPE('','',#8080);
#8060=PRODUCT_DEFINITION_SHAPE(' ','NAUO PRDDFN',#794);
#8061=PRODUCT_DEFINITION_SHAPE(' ','NAUO PRDDFN',#795);
#8062=PRODUCT_DEFINITION_SHAPE('','',#8081);
#8063=PRODUCT_DEFINITION_SHAPE(' ','NAUO PRDDFN',#796);
#8064=PRODUCT_DEFINITION_SHAPE('','',#8082);
#8065=PRODUCT_DEFINITION_SHAPE(' ','NAUO PRDDFN',#797);
#8066=PRODUCT_DEFINITION_SHAPE('','',#8083);
#8067=PRODUCT_DEFINITION_SHAPE(' ','NAUO PRDDFN',#798);
#8068=PRODUCT_DEFINITION_SHAPE(' ','NAUO PRDDFN',#799);
#8069=PRODUCT_DEFINITION_SHAPE('','',#8084);
#8070=PRODUCT_DEFINITION_SHAPE(' ','NAUO PRDDFN',#800);
#8071=PRODUCT_DEFINITION_SHAPE('','',#8085);
#8072=PRODUCT_DEFINITION_SHAPE(' ','NAUO PRDDFN',#801);
#8073=PRODUCT_DEFINITION_SHAPE(' ','NAUO PRDDFN',#802);
#8074=PRODUCT_DEFINITION('','',#8098,#8086);
#8075=PRODUCT_DEFINITION('','',#8099,#8087);
#8076=PRODUCT_DEFINITION('','',#8100,#8088);
#8077=PRODUCT_DEFINITION('','',#8101,#8089);
#8078=PRODUCT_DEFINITION('','',#8102,#8090);
#8079=PRODUCT_DEFINITION('','',#8103,#8091);
#8080=PRODUCT_DEFINITION('','',#8104,#8092);
#8081=PRODUCT_DEFINITION('','',#8105,#8093);
#8082=PRODUCT_DEFINITION('','',#8106,#8094);
#8083=PRODUCT_DEFINITION('','',#8107,#8095);
#8084=PRODUCT_DEFINITION('','',#8108,#8096);
#8085=PRODUCT_DEFINITION('','',#8109,#8097);
#8086=PRODUCT_DEFINITION_CONTEXT('',#8159,'design');
#8087=PRODUCT_DEFINITION_CONTEXT('',#8159,'design');
#8088=PRODUCT_DEFINITION_CONTEXT('',#8159,'design');
#8089=PRODUCT_DEFINITION_CONTEXT('',#8159,'design');
#8090=PRODUCT_DEFINITION_CONTEXT('',#8159,'design');
#8091=PRODUCT_DEFINITION_CONTEXT('',#8159,'design');
#8092=PRODUCT_DEFINITION_CONTEXT('',#8159,'design');
#8093=PRODUCT_DEFINITION_CONTEXT('',#8159,'design');
#8094=PRODUCT_DEFINITION_CONTEXT('',#8159,'design');
#8095=PRODUCT_DEFINITION_CONTEXT('',#8159,'design');
#8096=PRODUCT_DEFINITION_CONTEXT('',#8159,'design');
#8097=PRODUCT_DEFINITION_CONTEXT('',#8159,'design');
#8098=PRODUCT_DEFINITION_FORMATION_WITH_SPECIFIED_SOURCE('','',#8122,
 .NOT_KNOWN.);
#8099=PRODUCT_DEFINITION_FORMATION_WITH_SPECIFIED_SOURCE('','',#8123,
 .NOT_KNOWN.);
#8100=PRODUCT_DEFINITION_FORMATION_WITH_SPECIFIED_SOURCE('','',#8124,
 .NOT_KNOWN.);
#8101=PRODUCT_DEFINITION_FORMATION_WITH_SPECIFIED_SOURCE('','',#8125,
 .NOT_KNOWN.);
#8102=PRODUCT_DEFINITION_FORMATION_WITH_SPECIFIED_SOURCE('','',#8126,
 .NOT_KNOWN.);
#8103=PRODUCT_DEFINITION_FORMATION_WITH_SPECIFIED_SOURCE('','',#8127,
 .NOT_KNOWN.);
#8104=PRODUCT_DEFINITION_FORMATION_WITH_SPECIFIED_SOURCE('','',#8128,
 .NOT_KNOWN.);
#8105=PRODUCT_DEFINITION_FORMATION_WITH_SPECIFIED_SOURCE('','',#8129,
 .NOT_KNOWN.);
#8106=PRODUCT_DEFINITION_FORMATION_WITH_SPECIFIED_SOURCE('','',#8130,
 .NOT_KNOWN.);
#8107=PRODUCT_DEFINITION_FORMATION_WITH_SPECIFIED_SOURCE('','',#8131,
 .NOT_KNOWN.);
#8108=PRODUCT_DEFINITION_FORMATION_WITH_SPECIFIED_SOURCE('','',#8132,
 .NOT_KNOWN.);
#8109=PRODUCT_DEFINITION_FORMATION_WITH_SPECIFIED_SOURCE('','',#8133,
 .NOT_KNOWN.);
#8110=PRODUCT_RELATED_PRODUCT_CATEGORY('','',(#8122));
#8111=PRODUCT_RELATED_PRODUCT_CATEGORY('','',(#8123));
#8112=PRODUCT_RELATED_PRODUCT_CATEGORY('','',(#8124));
#8113=PRODUCT_RELATED_PRODUCT_CATEGORY('','',(#8125));
#8114=PRODUCT_RELATED_PRODUCT_CATEGORY('','',(#8126));
#8115=PRODUCT_RELATED_PRODUCT_CATEGORY('','',(#8127));
#8116=PRODUCT_RELATED_PRODUCT_CATEGORY('','',(#8128));
#8117=PRODUCT_RELATED_PRODUCT_CATEGORY('','',(#8129));
#8118=PRODUCT_RELATED_PRODUCT_CATEGORY('','',(#8130));
#8119=PRODUCT_RELATED_PRODUCT_CATEGORY('','',(#8131));
#8120=PRODUCT_RELATED_PRODUCT_CATEGORY('','',(#8132));
#8121=PRODUCT_RELATED_PRODUCT_CATEGORY('','',(#8133));
#8122=PRODUCT('tvc build','tvc build','tvc build',(#8146));
#8123=PRODUCT('Part 4','Part 4','Part 4',(#8147));
#8124=PRODUCT('Part 1','Part 1','Part 1',(#8148));
#8125=PRODUCT('Part 5','Part 5','Part 5',(#8149));
#8126=PRODUCT('Part 2','Part 2','Part 2',(#8150));
#8127=PRODUCT('Part 1','Part 1','Part 1',(#8151));
#8128=PRODUCT('Part 1','Part 1','Part 1',(#8152));
#8129=PRODUCT('Part 7','Part 7','Part 7',(#8153));
#8130=PRODUCT('Part 1','Part 1','Part 1',(#8154));
#8131=PRODUCT('Part 2','Part 2','Part 2',(#8155));
#8132=PRODUCT('Part 6','Part 6','Part 6',(#8156));
#8133=PRODUCT('Part 3','Part 3','Part 3',(#8157));
#8134=PRODUCT_CATEGORY('','');
#8135=PRODUCT_CATEGORY('','');
#8136=PRODUCT_CATEGORY('','');
#8137=PRODUCT_CATEGORY('','');
#8138=PRODUCT_CATEGORY('','');
#8139=PRODUCT_CATEGORY('','');
#8140=PRODUCT_CATEGORY('','');
#8141=PRODUCT_CATEGORY('','');
#8142=PRODUCT_CATEGORY('','');
#8143=PRODUCT_CATEGORY('','');
#8144=PRODUCT_CATEGORY('','');
#8145=PRODUCT_CATEGORY('','');
#8146=PRODUCT_CONTEXT('',#8159,'mechanical');
#8147=PRODUCT_CONTEXT('',#8159,'mechanical');
#8148=PRODUCT_CONTEXT('',#8159,'mechanical');
#8149=PRODUCT_CONTEXT('',#8159,'mechanical');
#8150=PRODUCT_CONTEXT('',#8159,'mechanical');
#8151=PRODUCT_CONTEXT('',#8159,'mechanical');
#8152=PRODUCT_CONTEXT('',#8159,'mechanical');
#8153=PRODUCT_CONTEXT('',#8159,'mechanical');
#8154=PRODUCT_CONTEXT('',#8159,'mechanical');
#8155=PRODUCT_CONTEXT('',#8159,'mechanical');
#8156=PRODUCT_CONTEXT('',#8159,'mechanical');
#8157=PRODUCT_CONTEXT('',#8159,'mechanical');
#8158=APPLICATION_PROTOCOL_DEFINITION('international standard',
'ap242_managed_model_based_3d_engineering',2020,#8159);
#8159=APPLICATION_CONTEXT('managed model based 3d engineering');
ENDSEC;
END-ISO-10303-21;
